split,seed,candidate,checkpoint,window_id,doc_id,document_token_start,labels,nll
S,17,a08,0,0,71ff58ca29d05bef3a99fb59512ec09404e49be906888dc3ea5409ce8a54beea,0,511,2.3833231925964355
S,17,a08,0,1,47ab999a2c488609314576fac2048b7f2a92afad8f7ca0326f23f648d515f167,1536,511,2.317190170288086
S,17,a08,0,2,c6ff7382a150214656a5c5d777769384c99d3ce7764110fc98e07e5e48fddc7e,1024,511,2.5983500480651855
S,17,a08,0,3,8739f77bc09e02e5783efc804080eff63b9ae7da7008a0e4c6412b47aa6da1c2,2048,511,2.634059429168701
S,17,a08,0,4,a7f7a2250dd6f72080e21112d92bdfd639fcbe8a5a9effd80028c67d5dddd416,0,511,2.555880308151245
S,17,a08,0,5,06cd6da2c73e993c43345dad24088c06b24d496ffc56f5f460b58cfa49d0f3df,0,511,1.72637939453125
S,17,a08,0,6,3adf36bb00be5fa07541f544ce8642a56fcd3a01d456650deaabc83e91d791a1,1024,511,2.8504114151000977
S,17,a08,0,7,34c9eb07c804b8ee651c4da1ac1dd801fec51c064819632bd8f4f36bd685b8a1,1024,511,3.188112258911133
S,17,a08,0,8,dcd008e03034d7dcffb4b6abd6aa6f0bfdf0a28ddd0b53dd37784e7c055f10bb,1536,511,2.507798194885254
S,17,a08,0,9,4f58c96286c7c0f0417ea817ca24cf1c2db4ad3d19fdcdcf46124511fbf05b3e,512,511,2.872406244277954
S,17,a08,0,10,7c5e18ef30b2c1c37d722f19397ccdf563e0428cdde5ff6b99a902d67975541f,5120,511,2.684760093688965
S,17,a08,0,11,47344d32192263b566ca14f66ce20553a4c76ff30204fae6639d7c1dde9a1f11,0,511,2.088167428970337
S,17,a08,0,12,98aa6addc6d0697baff9ad72065efe34b866fb27cb0c3e094c328bb57b98cf2b,512,511,2.603023052215576
S,17,a08,0,13,d6b58a86755a3af1a5a75d162cfd31bceb70ebe76d43dfd2b64d95def0331c1b,0,511,1.967951774597168
S,17,a08,0,14,c724dc11dc74fa10b6309922c9d014e010a88079d4ca2e3ca96ab091459b166e,0,511,2.398230791091919
S,17,a08,0,15,aad6037cda830ea2edaf38a004ae82825aa4d21585b2c0f33197a34583613c19,3072,511,2.6800122261047363
S,17,a08,0,16,b7140ecf1283718c8b44dd77fefc16ef15f5d7579ad3d6f1da94324d11081ab5,0,511,2.6475813388824463
S,17,a08,0,17,7c0883960fcd42892f41d565a6eb8675b26e6a7b184fa795ec1dea269c0d78f7,2560,511,3.1576600074768066
S,17,a08,0,18,e461497c8cf9867275c7b0ab55899126e69b01926436f58a64e902baf22ad1d8,1024,511,2.9699547290802
S,17,a08,0,19,d236bd424f8c1de8ba7570984678d98d021bd9f796117156ee8c848d8b9e20df,512,511,2.151249885559082
S,17,a08,0,20,b124bcdac530f87fa8b20ed6ba5af0bdc6e2e14fe6348e8e8d9aae3bbb14d7bf,1536,511,2.617276191711426
S,17,a08,0,21,398d9a5e65eb510a4b2165e08da91bc2e7a46f651fd4c2a7c82baca0e3f7c6f7,512,511,3.2150795459747314
S,17,a08,0,22,398d4136fe8a7fe859af6d03e3be3e80b0a4a081aa81cad5dad14be6152fbb07,1024,511,2.8091840744018555
S,17,a08,0,23,27c7a212b1dd328e6abafa8ce17f190f047ff7bf7b13546651705123022fac2b,2048,511,2.7200207710266113
S,17,a08,0,24,27e29aeb84cb9b2f80dc9061f35e33eb4710e31a4bda2e0ce985e2cb4c4af0d4,512,511,2.507611036300659
S,17,a08,0,25,a7ab0eebec8ed5155f1c0b6b257ae3e70464155e9540fc6cb19d9b21ce07adbe,0,511,2.240413188934326
S,17,a08,0,26,87c73475752c7552f1b2dfb6631350662bd4d2392ea692266f7fd8d9d49255e6,5120,511,2.7590043544769287
S,17,a08,0,27,4dfcff9cdf6a84e7dc2d2f41f4beeb5bd4a850251f084dbb833319624ea2ba03,1536,511,2.964038610458374
S,17,a08,0,28,c6a6c920ad14f9ced5cbb1a81a695ee0d1e0cec0886071763eca3b7609793f9a,512,511,2.965548038482666
S,17,a08,0,29,602491df734b58909d0bdd64c12964094178660aa935fe328832f5ac7c783ce5,6656,511,3.138765335083008
S,17,a08,0,30,3d3334d8bb76a4a5d2667fcaaf08e5519258c23da3c0ed35b0fb51ab7750456a,512,511,2.6398847103118896
S,17,a08,0,31,a5c6bb2784e438e57e6c21063b5631ad6159e98fd0fdde6f0f393b1a6ad1ec91,0,511,2.7505295276641846
S,17,a08,0,32,a75479aadac4ab0e14588bb3dbab971354b70cbb22f67008de6af0b25ce850de,6144,511,3.21120548248291
S,17,a08,0,33,81985a3b78086a93d7e6ae3ddda453bf5a959744e65bc05418fc1b56f5ec10ca,512,511,2.4646549224853516
S,17,a08,0,34,2362e3d4278d695e409c7b7ff1512062454f8d035bc9076dff42c632a29fb2ee,0,511,2.1883609294891357
S,17,a08,0,35,85cb58452e909342c236fc118e084fa9adcfddffc1ee3968baed9838eae6ef37,0,511,2.0938777923583984
S,17,a08,0,36,da80b33b4eb70c8d7b4c6a0fc009cedf34a39859057eb8700df906c788e6a4c8,0,511,2.41151762008667
S,17,a08,0,37,2e3ac91c014b25eebddbb443aa8850683dfc0675b9fed2dc40ec8d5f64ec60d4,0,511,2.3150362968444824
S,17,a08,0,38,3210f7ea4f8c2a390b5fc7a519a58dd185dc01a5700b89f95e427e52d0e581c9,512,511,2.9826414585113525
S,17,a08,0,39,f5e1818470b34abce111d71989de48dff1e3e4ef0271749d38438e1b6693f635,1536,511,2.363557815551758
S,17,a08,0,40,3ce4586556ea72a70c76b9203dca8969adc500af610389007ec255f56b1e169e,1024,511,2.7851929664611816
S,17,a08,0,41,7b804a7a99e4de2942ef98de42165dacd3e16b944e6a538d55df1f634a23d48e,4096,511,2.8827736377716064
S,17,a08,0,42,f6dd4f9c768666495fe711e166071758aa6c2d321def74a3ae211027ce199501,512,511,3.301063060760498
S,17,a08,0,43,31ed14bec015eaaefb165002eb17b020eeb35031b1a592aff7d981de7c6899b3,0,511,2.393047332763672
S,17,a08,0,44,b3ff1454cd3a072b015b88f94f6d6889d9c0bd745fc7a5433df7c0d43151854e,512,511,2.6543750762939453
S,17,a08,0,45,3ee074eadb149c8da6002c76352f4113d1c896c63c6c090fd621092749233d6a,8704,511,3.1828744411468506
S,17,a08,0,46,5682e8596b594de16f03e38329a00d1bff4adee96204668f946a90f5292c8136,1024,511,2.901897430419922
S,17,a08,0,47,127630e33620c4206cd0e7ad6622f66b144b669ddf653964e56ce6654a7b32f0,3072,511,2.545839786529541
S,17,a08,0,48,320f1288c0a9e6e7a3def263d7abab684526479abb06fc68e069fc1a9937c71d,1024,511,2.8026270866394043
S,17,a08,0,49,58ac024cd69aa321476709f7b1742c6523bf4fb12233b5b6f60d680c8fca8e8e,1536,511,2.707465887069702
S,17,a08,0,50,4f84e7678dedadbb233b28e11c014c0798eadf77020a5a8fb4d017d12c99e86d,2560,511,2.251084089279175
S,17,a08,0,51,99db37e631f9ef519733c8a72d003864c2701de3091cf19e9eba387054fdacac,512,511,3.1324620246887207
S,17,a08,0,52,0627479429bdaca6ad2b61ecd03d5b65cd330b0351b5ff8f878978d7b00c4ab2,0,511,2.609330654144287
S,17,a08,0,53,c1e3085f9b150f54416c89fdea9cdb29ceef7e5050e94af9eafe2053fffe3e64,3584,511,2.325810432434082
S,17,a08,0,54,0e6b290375d52c7b5c4cd74b4c7348611213caa15ca0e87d7f6426f9e0f86e04,2048,511,2.6834566593170166
S,17,a08,0,55,16f297fd545d4a150c1908347430e076e51e3560238877a2eec2ac020b7d3bc9,3584,511,2.6252529621124268
S,17,a08,0,56,243408a375c7d0c1fda52538ba71d700e4d403fd2764c7491c7c1a9b7d7fd7a9,0,511,2.669572114944458
S,17,a08,0,57,93133535594204a5a3625fc7b90ff6ad027dca329f0359370d232d4135e91bc1,512,511,2.443157196044922
S,17,a08,0,58,7c74fa4376b1168685d5d288b916d3317d340aad3044f88d5ca673b76d875d1c,1536,511,2.4133219718933105
S,17,a08,0,59,447ea32f527637dcb6ef068962a2fabe21ec283698e144c45ed42c46e1b27772,0,511,2.7479777336120605
S,17,a08,0,60,6db7dd742bd03a22121dc39ee8773c9afa1462f4efce21abbe54dc33c4285b1f,0,511,2.458348274230957
S,17,a08,0,61,dc8a961be5dc24fc777b38869adf84cfc37bbe2f28514ceb0e344d39b7e01906,512,511,2.7378129959106445
S,17,a08,0,62,3ca10415cf1f0bc4955c7ef0d186c8e93deb4aece0aaaa5fb553b43dfe5ad2aa,0,511,2.727374792098999
S,17,a08,0,63,6e5c6769277c87aeaf9a4fd680fad1720ce04660f567befd8a9f8c68dde50f64,0,511,2.494757652282715
S,17,a08,20,0,71ff58ca29d05bef3a99fb59512ec09404e49be906888dc3ea5409ce8a54beea,0,511,2.3495523929595947
S,17,a08,20,1,47ab999a2c488609314576fac2048b7f2a92afad8f7ca0326f23f648d515f167,1536,511,2.27571702003479
S,17,a08,20,2,c6ff7382a150214656a5c5d777769384c99d3ce7764110fc98e07e5e48fddc7e,1024,511,2.5512921810150146
S,17,a08,20,3,8739f77bc09e02e5783efc804080eff63b9ae7da7008a0e4c6412b47aa6da1c2,2048,511,2.5716428756713867
S,17,a08,20,4,a7f7a2250dd6f72080e21112d92bdfd639fcbe8a5a9effd80028c67d5dddd416,0,511,2.510377883911133
S,17,a08,20,5,06cd6da2c73e993c43345dad24088c06b24d496ffc56f5f460b58cfa49d0f3df,0,511,1.6773741245269775
S,17,a08,20,6,3adf36bb00be5fa07541f544ce8642a56fcd3a01d456650deaabc83e91d791a1,1024,511,2.7885055541992188
S,17,a08,20,7,34c9eb07c804b8ee651c4da1ac1dd801fec51c064819632bd8f4f36bd685b8a1,1024,511,3.1109602451324463
S,17,a08,20,8,dcd008e03034d7dcffb4b6abd6aa6f0bfdf0a28ddd0b53dd37784e7c055f10bb,1536,511,2.45806622505188
S,17,a08,20,9,4f58c96286c7c0f0417ea817ca24cf1c2db4ad3d19fdcdcf46124511fbf05b3e,512,511,2.8166162967681885
S,17,a08,20,10,7c5e18ef30b2c1c37d722f19397ccdf563e0428cdde5ff6b99a902d67975541f,5120,511,2.6421329975128174
S,17,a08,20,11,47344d32192263b566ca14f66ce20553a4c76ff30204fae6639d7c1dde9a1f11,0,511,2.047349214553833
S,17,a08,20,12,98aa6addc6d0697baff9ad72065efe34b866fb27cb0c3e094c328bb57b98cf2b,512,511,2.563231945037842
S,17,a08,20,13,d6b58a86755a3af1a5a75d162cfd31bceb70ebe76d43dfd2b64d95def0331c1b,0,511,1.9074145555496216
S,17,a08,20,14,c724dc11dc74fa10b6309922c9d014e010a88079d4ca2e3ca96ab091459b166e,0,511,2.3445029258728027
S,17,a08,20,15,aad6037cda830ea2edaf38a004ae82825aa4d21585b2c0f33197a34583613c19,3072,511,2.6464006900787354
S,17,a08,20,16,b7140ecf1283718c8b44dd77fefc16ef15f5d7579ad3d6f1da94324d11081ab5,0,511,2.5930676460266113
S,17,a08,20,17,7c0883960fcd42892f41d565a6eb8675b26e6a7b184fa795ec1dea269c0d78f7,2560,511,3.1033174991607666
S,17,a08,20,18,e461497c8cf9867275c7b0ab55899126e69b01926436f58a64e902baf22ad1d8,1024,511,2.9143033027648926
S,17,a08,20,19,d236bd424f8c1de8ba7570984678d98d021bd9f796117156ee8c848d8b9e20df,512,511,2.104159116744995
S,17,a08,20,20,b124bcdac530f87fa8b20ed6ba5af0bdc6e2e14fe6348e8e8d9aae3bbb14d7bf,1536,511,2.552528142929077
S,17,a08,20,21,398d9a5e65eb510a4b2165e08da91bc2e7a46f651fd4c2a7c82baca0e3f7c6f7,512,511,3.1603777408599854
S,17,a08,20,22,398d4136fe8a7fe859af6d03e3be3e80b0a4a081aa81cad5dad14be6152fbb07,1024,511,2.748581886291504
S,17,a08,20,23,27c7a212b1dd328e6abafa8ce17f190f047ff7bf7b13546651705123022fac2b,2048,511,2.6481821537017822
S,17,a08,20,24,27e29aeb84cb9b2f80dc9061f35e33eb4710e31a4bda2e0ce985e2cb4c4af0d4,512,511,2.458989381790161
S,17,a08,20,25,a7ab0eebec8ed5155f1c0b6b257ae3e70464155e9540fc6cb19d9b21ce07adbe,0,511,2.174311876296997
S,17,a08,20,26,87c73475752c7552f1b2dfb6631350662bd4d2392ea692266f7fd8d9d49255e6,5120,511,2.682887077331543
S,17,a08,20,27,4dfcff9cdf6a84e7dc2d2f41f4beeb5bd4a850251f084dbb833319624ea2ba03,1536,511,2.9104511737823486
S,17,a08,20,28,c6a6c920ad14f9ced5cbb1a81a695ee0d1e0cec0886071763eca3b7609793f9a,512,511,2.9096291065216064
S,17,a08,20,29,602491df734b58909d0bdd64c12964094178660aa935fe328832f5ac7c783ce5,6656,511,3.0833826065063477
S,17,a08,20,30,3d3334d8bb76a4a5d2667fcaaf08e5519258c23da3c0ed35b0fb51ab7750456a,512,511,2.5581507682800293
S,17,a08,20,31,a5c6bb2784e438e57e6c21063b5631ad6159e98fd0fdde6f0f393b1a6ad1ec91,0,511,2.694180965423584
S,17,a08,20,32,a75479aadac4ab0e14588bb3dbab971354b70cbb22f67008de6af0b25ce850de,6144,511,3.164489984512329
S,17,a08,20,33,81985a3b78086a93d7e6ae3ddda453bf5a959744e65bc05418fc1b56f5ec10ca,512,511,2.4058334827423096
S,17,a08,20,34,2362e3d4278d695e409c7b7ff1512062454f8d035bc9076dff42c632a29fb2ee,0,511,2.147963047027588
S,17,a08,20,35,85cb58452e909342c236fc118e084fa9adcfddffc1ee3968baed9838eae6ef37,0,511,2.0587503910064697
S,17,a08,20,36,da80b33b4eb70c8d7b4c6a0fc009cedf34a39859057eb8700df906c788e6a4c8,0,511,2.3711905479431152
S,17,a08,20,37,2e3ac91c014b25eebddbb443aa8850683dfc0675b9fed2dc40ec8d5f64ec60d4,0,511,2.2529945373535156
S,17,a08,20,38,3210f7ea4f8c2a390b5fc7a519a58dd185dc01a5700b89f95e427e52d0e581c9,512,511,2.922140598297119
S,17,a08,20,39,f5e1818470b34abce111d71989de48dff1e3e4ef0271749d38438e1b6693f635,1536,511,2.3256337642669678
S,17,a08,20,40,3ce4586556ea72a70c76b9203dca8969adc500af610389007ec255f56b1e169e,1024,511,2.7412431240081787
S,17,a08,20,41,7b804a7a99e4de2942ef98de42165dacd3e16b944e6a538d55df1f634a23d48e,4096,511,2.8423948287963867
S,17,a08,20,42,f6dd4f9c768666495fe711e166071758aa6c2d321def74a3ae211027ce199501,512,511,3.2249906063079834
S,17,a08,20,43,31ed14bec015eaaefb165002eb17b020eeb35031b1a592aff7d981de7c6899b3,0,511,2.3518574237823486
S,17,a08,20,44,b3ff1454cd3a072b015b88f94f6d6889d9c0bd745fc7a5433df7c0d43151854e,512,511,2.6195929050445557
S,17,a08,20,45,3ee074eadb149c8da6002c76352f4113d1c896c63c6c090fd621092749233d6a,8704,511,3.1482126712799072
S,17,a08,20,46,5682e8596b594de16f03e38329a00d1bff4adee96204668f946a90f5292c8136,1024,511,2.849632978439331
S,17,a08,20,47,127630e33620c4206cd0e7ad6622f66b144b669ddf653964e56ce6654a7b32f0,3072,511,2.481262445449829
S,17,a08,20,48,320f1288c0a9e6e7a3def263d7abab684526479abb06fc68e069fc1a9937c71d,1024,511,2.730947971343994
S,17,a08,20,49,58ac024cd69aa321476709f7b1742c6523bf4fb12233b5b6f60d680c8fca8e8e,1536,511,2.6697499752044678
S,17,a08,20,50,4f84e7678dedadbb233b28e11c014c0798eadf77020a5a8fb4d017d12c99e86d,2560,511,2.200129747390747
S,17,a08,20,51,99db37e631f9ef519733c8a72d003864c2701de3091cf19e9eba387054fdacac,512,511,3.0769872665405273
S,17,a08,20,52,0627479429bdaca6ad2b61ecd03d5b65cd330b0351b5ff8f878978d7b00c4ab2,0,511,2.5471084117889404
S,17,a08,20,53,c1e3085f9b150f54416c89fdea9cdb29ceef7e5050e94af9eafe2053fffe3e64,3584,511,2.2761547565460205
S,17,a08,20,54,0e6b290375d52c7b5c4cd74b4c7348611213caa15ca0e87d7f6426f9e0f86e04,2048,511,2.6208078861236572
S,17,a08,20,55,16f297fd545d4a150c1908347430e076e51e3560238877a2eec2ac020b7d3bc9,3584,511,2.5631496906280518
S,17,a08,20,56,243408a375c7d0c1fda52538ba71d700e4d403fd2764c7491c7c1a9b7d7fd7a9,0,511,2.6001617908477783
S,17,a08,20,57,93133535594204a5a3625fc7b90ff6ad027dca329f0359370d232d4135e91bc1,512,511,2.387169122695923
S,17,a08,20,58,7c74fa4376b1168685d5d288b916d3317d340aad3044f88d5ca673b76d875d1c,1536,511,2.3560640811920166
S,17,a08,20,59,447ea32f527637dcb6ef068962a2fabe21ec283698e144c45ed42c46e1b27772,0,511,2.6899352073669434
S,17,a08,20,60,6db7dd742bd03a22121dc39ee8773c9afa1462f4efce21abbe54dc33c4285b1f,0,511,2.4165546894073486
S,17,a08,20,61,dc8a961be5dc24fc777b38869adf84cfc37bbe2f28514ceb0e344d39b7e01906,512,511,2.689046621322632
S,17,a08,20,62,3ca10415cf1f0bc4955c7ef0d186c8e93deb4aece0aaaa5fb553b43dfe5ad2aa,0,511,2.6805002689361572
S,17,a08,20,63,6e5c6769277c87aeaf9a4fd680fad1720ce04660f567befd8a9f8c68dde50f64,0,511,2.450427532196045
S,17,a08,50,0,71ff58ca29d05bef3a99fb59512ec09404e49be906888dc3ea5409ce8a54beea,0,511,2.2804901599884033
S,17,a08,50,1,47ab999a2c488609314576fac2048b7f2a92afad8f7ca0326f23f648d515f167,1536,511,2.201882839202881
S,17,a08,50,2,c6ff7382a150214656a5c5d777769384c99d3ce7764110fc98e07e5e48fddc7e,1024,511,2.4873504638671875
S,17,a08,50,3,8739f77bc09e02e5783efc804080eff63b9ae7da7008a0e4c6412b47aa6da1c2,2048,511,2.466585636138916
S,17,a08,50,4,a7f7a2250dd6f72080e21112d92bdfd639fcbe8a5a9effd80028c67d5dddd416,0,511,2.4284145832061768
S,17,a08,50,5,06cd6da2c73e993c43345dad24088c06b24d496ffc56f5f460b58cfa49d0f3df,0,511,1.6020489931106567
S,17,a08,50,6,3adf36bb00be5fa07541f544ce8642a56fcd3a01d456650deaabc83e91d791a1,1024,511,2.6219522953033447
S,17,a08,50,7,34c9eb07c804b8ee651c4da1ac1dd801fec51c064819632bd8f4f36bd685b8a1,1024,511,3.0156021118164062
S,17,a08,50,8,dcd008e03034d7dcffb4b6abd6aa6f0bfdf0a28ddd0b53dd37784e7c055f10bb,1536,511,2.3500421047210693
S,17,a08,50,9,4f58c96286c7c0f0417ea817ca24cf1c2db4ad3d19fdcdcf46124511fbf05b3e,512,511,2.713883638381958
S,17,a08,50,10,7c5e18ef30b2c1c37d722f19397ccdf563e0428cdde5ff6b99a902d67975541f,5120,511,2.5527055263519287
S,17,a08,50,11,47344d32192263b566ca14f66ce20553a4c76ff30204fae6639d7c1dde9a1f11,0,511,1.9786735773086548
S,17,a08,50,12,98aa6addc6d0697baff9ad72065efe34b866fb27cb0c3e094c328bb57b98cf2b,512,511,2.498807907104492
S,17,a08,50,13,d6b58a86755a3af1a5a75d162cfd31bceb70ebe76d43dfd2b64d95def0331c1b,0,511,1.7918347120285034
S,17,a08,50,14,c724dc11dc74fa10b6309922c9d014e010a88079d4ca2e3ca96ab091459b166e,0,511,2.221121072769165
S,17,a08,50,15,aad6037cda830ea2edaf38a004ae82825aa4d21585b2c0f33197a34583613c19,3072,511,2.6051158905029297
S,17,a08,50,16,b7140ecf1283718c8b44dd77fefc16ef15f5d7579ad3d6f1da94324d11081ab5,0,511,2.4815266132354736
S,17,a08,50,17,7c0883960fcd42892f41d565a6eb8675b26e6a7b184fa795ec1dea269c0d78f7,2560,511,3.0290887355804443
S,17,a08,50,18,e461497c8cf9867275c7b0ab55899126e69b01926436f58a64e902baf22ad1d8,1024,511,2.810593605041504
S,17,a08,50,19,d236bd424f8c1de8ba7570984678d98d021bd9f796117156ee8c848d8b9e20df,512,511,2.025820016860962
S,17,a08,50,20,b124bcdac530f87fa8b20ed6ba5af0bdc6e2e14fe6348e8e8d9aae3bbb14d7bf,1536,511,2.43866229057312
S,17,a08,50,21,398d9a5e65eb510a4b2165e08da91bc2e7a46f651fd4c2a7c82baca0e3f7c6f7,512,511,3.0584044456481934
S,17,a08,50,22,398d4136fe8a7fe859af6d03e3be3e80b0a4a081aa81cad5dad14be6152fbb07,1024,511,2.590308904647827
S,17,a08,50,23,27c7a212b1dd328e6abafa8ce17f190f047ff7bf7b13546651705123022fac2b,2048,511,2.5377726554870605
S,17,a08,50,24,27e29aeb84cb9b2f80dc9061f35e33eb4710e31a4bda2e0ce985e2cb4c4af0d4,512,511,2.364204168319702
S,17,a08,50,25,a7ab0eebec8ed5155f1c0b6b257ae3e70464155e9540fc6cb19d9b21ce07adbe,0,511,2.0660507678985596
S,17,a08,50,26,87c73475752c7552f1b2dfb6631350662bd4d2392ea692266f7fd8d9d49255e6,5120,511,2.577645778656006
S,17,a08,50,27,4dfcff9cdf6a84e7dc2d2f41f4beeb5bd4a850251f084dbb833319624ea2ba03,1536,511,2.8318212032318115
S,17,a08,50,28,c6a6c920ad14f9ced5cbb1a81a695ee0d1e0cec0886071763eca3b7609793f9a,512,511,2.81575608253479
S,17,a08,50,29,602491df734b58909d0bdd64c12964094178660aa935fe328832f5ac7c783ce5,6656,511,2.9832873344421387
S,17,a08,50,30,3d3334d8bb76a4a5d2667fcaaf08e5519258c23da3c0ed35b0fb51ab7750456a,512,511,2.459221363067627
S,17,a08,50,31,a5c6bb2784e438e57e6c21063b5631ad6159e98fd0fdde6f0f393b1a6ad1ec91,0,511,2.5586817264556885
S,17,a08,50,32,a75479aadac4ab0e14588bb3dbab971354b70cbb22f67008de6af0b25ce850de,6144,511,3.069974660873413
S,17,a08,50,33,81985a3b78086a93d7e6ae3ddda453bf5a959744e65bc05418fc1b56f5ec10ca,512,511,2.3314733505249023
S,17,a08,50,34,2362e3d4278d695e409c7b7ff1512062454f8d035bc9076dff42c632a29fb2ee,0,511,2.0945801734924316
S,17,a08,50,35,85cb58452e909342c236fc118e084fa9adcfddffc1ee3968baed9838eae6ef37,0,511,1.9758027791976929
S,17,a08,50,36,da80b33b4eb70c8d7b4c6a0fc009cedf34a39859057eb8700df906c788e6a4c8,0,511,2.2984652519226074
S,17,a08,50,37,2e3ac91c014b25eebddbb443aa8850683dfc0675b9fed2dc40ec8d5f64ec60d4,0,511,2.1505253314971924
S,17,a08,50,38,3210f7ea4f8c2a390b5fc7a519a58dd185dc01a5700b89f95e427e52d0e581c9,512,511,2.824366807937622
S,17,a08,50,39,f5e1818470b34abce111d71989de48dff1e3e4ef0271749d38438e1b6693f635,1536,511,2.2496414184570312
S,17,a08,50,40,3ce4586556ea72a70c76b9203dca8969adc500af610389007ec255f56b1e169e,1024,511,2.6733109951019287
S,17,a08,50,41,7b804a7a99e4de2942ef98de42165dacd3e16b944e6a538d55df1f634a23d48e,4096,511,2.745148181915283
S,17,a08,50,42,f6dd4f9c768666495fe711e166071758aa6c2d321def74a3ae211027ce199501,512,511,3.0931556224823
S,17,a08,50,43,31ed14bec015eaaefb165002eb17b020eeb35031b1a592aff7d981de7c6899b3,0,511,2.2723166942596436
S,17,a08,50,44,b3ff1454cd3a072b015b88f94f6d6889d9c0bd745fc7a5433df7c0d43151854e,512,511,2.5353176593780518
S,17,a08,50,45,3ee074eadb149c8da6002c76352f4113d1c896c63c6c090fd621092749233d6a,8704,511,3.072580099105835
S,17,a08,50,46,5682e8596b594de16f03e38329a00d1bff4adee96204668f946a90f5292c8136,1024,511,2.757748603820801
S,17,a08,50,47,127630e33620c4206cd0e7ad6622f66b144b669ddf653964e56ce6654a7b32f0,3072,511,2.3718063831329346
S,17,a08,50,48,320f1288c0a9e6e7a3def263d7abab684526479abb06fc68e069fc1a9937c71d,1024,511,2.616834878921509
S,17,a08,50,49,58ac024cd69aa321476709f7b1742c6523bf4fb12233b5b6f60d680c8fca8e8e,1536,511,2.606009006500244
S,17,a08,50,50,4f84e7678dedadbb233b28e11c014c0798eadf77020a5a8fb4d017d12c99e86d,2560,511,2.1144049167633057
S,17,a08,50,51,99db37e631f9ef519733c8a72d003864c2701de3091cf19e9eba387054fdacac,512,511,2.984880208969116
S,17,a08,50,52,0627479429bdaca6ad2b61ecd03d5b65cd330b0351b5ff8f878978d7b00c4ab2,0,511,2.4332916736602783
S,17,a08,50,53,c1e3085f9b150f54416c89fdea9cdb29ceef7e5050e94af9eafe2053fffe3e64,3584,511,2.174715280532837
S,17,a08,50,54,0e6b290375d52c7b5c4cd74b4c7348611213caa15ca0e87d7f6426f9e0f86e04,2048,511,2.501533269882202
S,17,a08,50,55,16f297fd545d4a150c1908347430e076e51e3560238877a2eec2ac020b7d3bc9,3584,511,2.444615125656128
S,17,a08,50,56,243408a375c7d0c1fda52538ba71d700e4d403fd2764c7491c7c1a9b7d7fd7a9,0,511,2.4894449710845947
S,17,a08,50,57,93133535594204a5a3625fc7b90ff6ad027dca329f0359370d232d4135e91bc1,512,511,2.287550687789917
S,17,a08,50,58,7c74fa4376b1168685d5d288b916d3317d340aad3044f88d5ca673b76d875d1c,1536,511,2.2571911811828613
S,17,a08,50,59,447ea32f527637dcb6ef068962a2fabe21ec283698e144c45ed42c46e1b27772,0,511,2.566070318222046
S,17,a08,50,60,6db7dd742bd03a22121dc39ee8773c9afa1462f4efce21abbe54dc33c4285b1f,0,511,2.308985471725464
S,17,a08,50,61,dc8a961be5dc24fc777b38869adf84cfc37bbe2f28514ceb0e344d39b7e01906,512,511,2.5903432369232178
S,17,a08,50,62,3ca10415cf1f0bc4955c7ef0d186c8e93deb4aece0aaaa5fb553b43dfe5ad2aa,0,511,2.6000959873199463
S,17,a08,50,63,6e5c6769277c87aeaf9a4fd680fad1720ce04660f567befd8a9f8c68dde50f64,0,511,2.3679099082946777
S,17,a08,100,0,71ff58ca29d05bef3a99fb59512ec09404e49be906888dc3ea5409ce8a54beea,0,511,2.1885874271392822
S,17,a08,100,1,47ab999a2c488609314576fac2048b7f2a92afad8f7ca0326f23f648d515f167,1536,511,2.1383602619171143
S,17,a08,100,2,c6ff7382a150214656a5c5d777769384c99d3ce7764110fc98e07e5e48fddc7e,1024,511,2.4071507453918457
S,17,a08,100,3,8739f77bc09e02e5783efc804080eff63b9ae7da7008a0e4c6412b47aa6da1c2,2048,511,2.400052547454834
S,17,a08,100,4,a7f7a2250dd6f72080e21112d92bdfd639fcbe8a5a9effd80028c67d5dddd416,0,511,2.384861946105957
S,17,a08,100,5,06cd6da2c73e993c43345dad24088c06b24d496ffc56f5f460b58cfa49d0f3df,0,511,1.5433930158615112
S,17,a08,100,6,3adf36bb00be5fa07541f544ce8642a56fcd3a01d456650deaabc83e91d791a1,1024,511,2.460369825363159
S,17,a08,100,7,34c9eb07c804b8ee651c4da1ac1dd801fec51c064819632bd8f4f36bd685b8a1,1024,511,2.907268762588501
S,17,a08,100,8,dcd008e03034d7dcffb4b6abd6aa6f0bfdf0a28ddd0b53dd37784e7c055f10bb,1536,511,2.256113052368164
S,17,a08,100,9,4f58c96286c7c0f0417ea817ca24cf1c2db4ad3d19fdcdcf46124511fbf05b3e,512,511,2.5522658824920654
S,17,a08,100,10,7c5e18ef30b2c1c37d722f19397ccdf563e0428cdde5ff6b99a902d67975541f,5120,511,2.4763238430023193
S,17,a08,100,11,47344d32192263b566ca14f66ce20553a4c76ff30204fae6639d7c1dde9a1f11,0,511,1.9288129806518555
S,17,a08,100,12,98aa6addc6d0697baff9ad72065efe34b866fb27cb0c3e094c328bb57b98cf2b,512,511,2.489914655685425
S,17,a08,100,13,d6b58a86755a3af1a5a75d162cfd31bceb70ebe76d43dfd2b64d95def0331c1b,0,511,1.6723299026489258
S,17,a08,100,14,c724dc11dc74fa10b6309922c9d014e010a88079d4ca2e3ca96ab091459b166e,0,511,2.109133243560791
S,17,a08,100,15,aad6037cda830ea2edaf38a004ae82825aa4d21585b2c0f33197a34583613c19,3072,511,2.5321030616760254
S,17,a08,100,16,b7140ecf1283718c8b44dd77fefc16ef15f5d7579ad3d6f1da94324d11081ab5,0,511,2.387101411819458
S,17,a08,100,17,7c0883960fcd42892f41d565a6eb8675b26e6a7b184fa795ec1dea269c0d78f7,2560,511,2.9489786624908447
S,17,a08,100,18,e461497c8cf9867275c7b0ab55899126e69b01926436f58a64e902baf22ad1d8,1024,511,2.766265869140625
S,17,a08,100,19,d236bd424f8c1de8ba7570984678d98d021bd9f796117156ee8c848d8b9e20df,512,511,1.8798820972442627
S,17,a08,100,20,b124bcdac530f87fa8b20ed6ba5af0bdc6e2e14fe6348e8e8d9aae3bbb14d7bf,1536,511,2.3532114028930664
S,17,a08,100,21,398d9a5e65eb510a4b2165e08da91bc2e7a46f651fd4c2a7c82baca0e3f7c6f7,512,511,2.9732604026794434
S,17,a08,100,22,398d4136fe8a7fe859af6d03e3be3e80b0a4a081aa81cad5dad14be6152fbb07,1024,511,2.4851973056793213
S,17,a08,100,23,27c7a212b1dd328e6abafa8ce17f190f047ff7bf7b13546651705123022fac2b,2048,511,2.50072979927063
S,17,a08,100,24,27e29aeb84cb9b2f80dc9061f35e33eb4710e31a4bda2e0ce985e2cb4c4af0d4,512,511,2.272019863128662
S,17,a08,100,25,a7ab0eebec8ed5155f1c0b6b257ae3e70464155e9540fc6cb19d9b21ce07adbe,0,511,1.9746367931365967
S,17,a08,100,26,87c73475752c7552f1b2dfb6631350662bd4d2392ea692266f7fd8d9d49255e6,5120,511,2.495738983154297
S,17,a08,100,27,4dfcff9cdf6a84e7dc2d2f41f4beeb5bd4a850251f084dbb833319624ea2ba03,1536,511,2.684696674346924
S,17,a08,100,28,c6a6c920ad14f9ced5cbb1a81a695ee0d1e0cec0886071763eca3b7609793f9a,512,511,2.7414803504943848
S,17,a08,100,29,602491df734b58909d0bdd64c12964094178660aa935fe328832f5ac7c783ce5,6656,511,2.888531446456909
S,17,a08,100,30,3d3334d8bb76a4a5d2667fcaaf08e5519258c23da3c0ed35b0fb51ab7750456a,512,511,2.323887348175049
S,17,a08,100,31,a5c6bb2784e438e57e6c21063b5631ad6159e98fd0fdde6f0f393b1a6ad1ec91,0,511,2.4159045219421387
S,17,a08,100,32,a75479aadac4ab0e14588bb3dbab971354b70cbb22f67008de6af0b25ce850de,6144,511,3.0335447788238525
S,17,a08,100,33,81985a3b78086a93d7e6ae3ddda453bf5a959744e65bc05418fc1b56f5ec10ca,512,511,2.2501683235168457
S,17,a08,100,34,2362e3d4278d695e409c7b7ff1512062454f8d035bc9076dff42c632a29fb2ee,0,511,1.9823203086853027
S,17,a08,100,35,85cb58452e909342c236fc118e084fa9adcfddffc1ee3968baed9838eae6ef37,0,511,1.8802698850631714
S,17,a08,100,36,da80b33b4eb70c8d7b4c6a0fc009cedf34a39859057eb8700df906c788e6a4c8,0,511,2.2020905017852783
S,17,a08,100,37,2e3ac91c014b25eebddbb443aa8850683dfc0675b9fed2dc40ec8d5f64ec60d4,0,511,2.0457866191864014
S,17,a08,100,38,3210f7ea4f8c2a390b5fc7a519a58dd185dc01a5700b89f95e427e52d0e581c9,512,511,2.756260633468628
S,17,a08,100,39,f5e1818470b34abce111d71989de48dff1e3e4ef0271749d38438e1b6693f635,1536,511,2.166356325149536
S,17,a08,100,40,3ce4586556ea72a70c76b9203dca8969adc500af610389007ec255f56b1e169e,1024,511,2.554262638092041
S,17,a08,100,41,7b804a7a99e4de2942ef98de42165dacd3e16b944e6a538d55df1f634a23d48e,4096,511,2.674437999725342
S,17,a08,100,42,f6dd4f9c768666495fe711e166071758aa6c2d321def74a3ae211027ce199501,512,511,2.9908528327941895
S,17,a08,100,43,31ed14bec015eaaefb165002eb17b020eeb35031b1a592aff7d981de7c6899b3,0,511,2.1946303844451904
S,17,a08,100,44,b3ff1454cd3a072b015b88f94f6d6889d9c0bd745fc7a5433df7c0d43151854e,512,511,2.443310499191284
S,17,a08,100,45,3ee074eadb149c8da6002c76352f4113d1c896c63c6c090fd621092749233d6a,8704,511,2.9910340309143066
S,17,a08,100,46,5682e8596b594de16f03e38329a00d1bff4adee96204668f946a90f5292c8136,1024,511,2.683143138885498
S,17,a08,100,47,127630e33620c4206cd0e7ad6622f66b144b669ddf653964e56ce6654a7b32f0,3072,511,2.276094436645508
S,17,a08,100,48,320f1288c0a9e6e7a3def263d7abab684526479abb06fc68e069fc1a9937c71d,1024,511,2.497955799102783
S,17,a08,100,49,58ac024cd69aa321476709f7b1742c6523bf4fb12233b5b6f60d680c8fca8e8e,1536,511,2.5378518104553223
S,17,a08,100,50,4f84e7678dedadbb233b28e11c014c0798eadf77020a5a8fb4d017d12c99e86d,2560,511,2.0197484493255615
S,17,a08,100,51,99db37e631f9ef519733c8a72d003864c2701de3091cf19e9eba387054fdacac,512,511,2.9216465950012207
S,17,a08,100,52,0627479429bdaca6ad2b61ecd03d5b65cd330b0351b5ff8f878978d7b00c4ab2,0,511,2.3072524070739746
S,17,a08,100,53,c1e3085f9b150f54416c89fdea9cdb29ceef7e5050e94af9eafe2053fffe3e64,3584,511,2.0795693397521973
S,17,a08,100,54,0e6b290375d52c7b5c4cd74b4c7348611213caa15ca0e87d7f6426f9e0f86e04,2048,511,2.4051451683044434
S,17,a08,100,55,16f297fd545d4a150c1908347430e076e51e3560238877a2eec2ac020b7d3bc9,3584,511,2.3525800704956055
S,17,a08,100,56,243408a375c7d0c1fda52538ba71d700e4d403fd2764c7491c7c1a9b7d7fd7a9,0,511,2.3803884983062744
S,17,a08,100,57,93133535594204a5a3625fc7b90ff6ad027dca329f0359370d232d4135e91bc1,512,511,2.1137008666992188
S,17,a08,100,58,7c74fa4376b1168685d5d288b916d3317d340aad3044f88d5ca673b76d875d1c,1536,511,2.1640710830688477
S,17,a08,100,59,447ea32f527637dcb6ef068962a2fabe21ec283698e144c45ed42c46e1b27772,0,511,2.4815969467163086
S,17,a08,100,60,6db7dd742bd03a22121dc39ee8773c9afa1462f4efce21abbe54dc33c4285b1f,0,511,2.184353828430176
S,17,a08,100,61,dc8a961be5dc24fc777b38869adf84cfc37bbe2f28514ceb0e344d39b7e01906,512,511,2.4778263568878174
S,17,a08,100,62,3ca10415cf1f0bc4955c7ef0d186c8e93deb4aece0aaaa5fb553b43dfe5ad2aa,0,511,2.51531720161438
S,17,a08,100,63,6e5c6769277c87aeaf9a4fd680fad1720ce04660f567befd8a9f8c68dde50f64,0,511,2.253596305847168
S,17,a09,0,0,71ff58ca29d05bef3a99fb59512ec09404e49be906888dc3ea5409ce8a54beea,0,511,2.3739264011383057
S,17,a09,0,1,47ab999a2c488609314576fac2048b7f2a92afad8f7ca0326f23f648d515f167,1536,511,2.2803642749786377
S,17,a09,0,2,c6ff7382a150214656a5c5d777769384c99d3ce7764110fc98e07e5e48fddc7e,1024,511,2.616454601287842
S,17,a09,0,3,8739f77bc09e02e5783efc804080eff63b9ae7da7008a0e4c6412b47aa6da1c2,2048,511,2.622875213623047
S,17,a09,0,4,a7f7a2250dd6f72080e21112d92bdfd639fcbe8a5a9effd80028c67d5dddd416,0,511,2.567115306854248
S,17,a09,0,5,06cd6da2c73e993c43345dad24088c06b24d496ffc56f5f460b58cfa49d0f3df,0,511,1.78401517868042
S,17,a09,0,6,3adf36bb00be5fa07541f544ce8642a56fcd3a01d456650deaabc83e91d791a1,1024,511,2.8012032508850098
S,17,a09,0,7,34c9eb07c804b8ee651c4da1ac1dd801fec51c064819632bd8f4f36bd685b8a1,1024,511,3.1885013580322266
S,17,a09,0,8,dcd008e03034d7dcffb4b6abd6aa6f0bfdf0a28ddd0b53dd37784e7c055f10bb,1536,511,2.4676921367645264
S,17,a09,0,9,4f58c96286c7c0f0417ea817ca24cf1c2db4ad3d19fdcdcf46124511fbf05b3e,512,511,2.9181714057922363
S,17,a09,0,10,7c5e18ef30b2c1c37d722f19397ccdf563e0428cdde5ff6b99a902d67975541f,5120,511,2.7007226943969727
S,17,a09,0,11,47344d32192263b566ca14f66ce20553a4c76ff30204fae6639d7c1dde9a1f11,0,511,2.096127510070801
S,17,a09,0,12,98aa6addc6d0697baff9ad72065efe34b866fb27cb0c3e094c328bb57b98cf2b,512,511,2.612070322036743
S,17,a09,0,13,d6b58a86755a3af1a5a75d162cfd31bceb70ebe76d43dfd2b64d95def0331c1b,0,511,2.048203706741333
S,17,a09,0,14,c724dc11dc74fa10b6309922c9d014e010a88079d4ca2e3ca96ab091459b166e,0,511,2.3928723335266113
S,17,a09,0,15,aad6037cda830ea2edaf38a004ae82825aa4d21585b2c0f33197a34583613c19,3072,511,2.664421319961548
S,17,a09,0,16,b7140ecf1283718c8b44dd77fefc16ef15f5d7579ad3d6f1da94324d11081ab5,0,511,2.587048292160034
S,17,a09,0,17,7c0883960fcd42892f41d565a6eb8675b26e6a7b184fa795ec1dea269c0d78f7,2560,511,3.1892919540405273
S,17,a09,0,18,e461497c8cf9867275c7b0ab55899126e69b01926436f58a64e902baf22ad1d8,1024,511,2.9836089611053467
S,17,a09,0,19,d236bd424f8c1de8ba7570984678d98d021bd9f796117156ee8c848d8b9e20df,512,511,2.131913900375366
S,17,a09,0,20,b124bcdac530f87fa8b20ed6ba5af0bdc6e2e14fe6348e8e8d9aae3bbb14d7bf,1536,511,2.6041178703308105
S,17,a09,0,21,398d9a5e65eb510a4b2165e08da91bc2e7a46f651fd4c2a7c82baca0e3f7c6f7,512,511,3.2470836639404297
S,17,a09,0,22,398d4136fe8a7fe859af6d03e3be3e80b0a4a081aa81cad5dad14be6152fbb07,1024,511,2.803797483444214
S,17,a09,0,23,27c7a212b1dd328e6abafa8ce17f190f047ff7bf7b13546651705123022fac2b,2048,511,2.7398881912231445
S,17,a09,0,24,27e29aeb84cb9b2f80dc9061f35e33eb4710e31a4bda2e0ce985e2cb4c4af0d4,512,511,2.5281083583831787
S,17,a09,0,25,a7ab0eebec8ed5155f1c0b6b257ae3e70464155e9540fc6cb19d9b21ce07adbe,0,511,2.2723388671875
S,17,a09,0,26,87c73475752c7552f1b2dfb6631350662bd4d2392ea692266f7fd8d9d49255e6,5120,511,2.695802688598633
S,17,a09,0,27,4dfcff9cdf6a84e7dc2d2f41f4beeb5bd4a850251f084dbb833319624ea2ba03,1536,511,2.913785219192505
S,17,a09,0,28,c6a6c920ad14f9ced5cbb1a81a695ee0d1e0cec0886071763eca3b7609793f9a,512,511,3.0330283641815186
S,17,a09,0,29,602491df734b58909d0bdd64c12964094178660aa935fe328832f5ac7c783ce5,6656,511,3.1107547283172607
S,17,a09,0,30,3d3334d8bb76a4a5d2667fcaaf08e5519258c23da3c0ed35b0fb51ab7750456a,512,511,2.580338716506958
S,17,a09,0,31,a5c6bb2784e438e57e6c21063b5631ad6159e98fd0fdde6f0f393b1a6ad1ec91,0,511,2.748823404312134
S,17,a09,0,32,a75479aadac4ab0e14588bb3dbab971354b70cbb22f67008de6af0b25ce850de,6144,511,3.221877336502075
S,17,a09,0,33,81985a3b78086a93d7e6ae3ddda453bf5a959744e65bc05418fc1b56f5ec10ca,512,511,2.5105350017547607
S,17,a09,0,34,2362e3d4278d695e409c7b7ff1512062454f8d035bc9076dff42c632a29fb2ee,0,511,2.2741713523864746
S,17,a09,0,35,85cb58452e909342c236fc118e084fa9adcfddffc1ee3968baed9838eae6ef37,0,511,2.080672264099121
S,17,a09,0,36,da80b33b4eb70c8d7b4c6a0fc009cedf34a39859057eb8700df906c788e6a4c8,0,511,2.443516254425049
S,17,a09,0,37,2e3ac91c014b25eebddbb443aa8850683dfc0675b9fed2dc40ec8d5f64ec60d4,0,511,2.3258118629455566
S,17,a09,0,38,3210f7ea4f8c2a390b5fc7a519a58dd185dc01a5700b89f95e427e52d0e581c9,512,511,2.999429941177368
S,17,a09,0,39,f5e1818470b34abce111d71989de48dff1e3e4ef0271749d38438e1b6693f635,1536,511,2.3611016273498535
S,17,a09,0,40,3ce4586556ea72a70c76b9203dca8969adc500af610389007ec255f56b1e169e,1024,511,2.7580196857452393
S,17,a09,0,41,7b804a7a99e4de2942ef98de42165dacd3e16b944e6a538d55df1f634a23d48e,4096,511,2.871194362640381
S,17,a09,0,42,f6dd4f9c768666495fe711e166071758aa6c2d321def74a3ae211027ce199501,512,511,3.2525110244750977
S,17,a09,0,43,31ed14bec015eaaefb165002eb17b020eeb35031b1a592aff7d981de7c6899b3,0,511,2.419220447540283
S,17,a09,0,44,b3ff1454cd3a072b015b88f94f6d6889d9c0bd745fc7a5433df7c0d43151854e,512,511,2.643925428390503
S,17,a09,0,45,3ee074eadb149c8da6002c76352f4113d1c896c63c6c090fd621092749233d6a,8704,511,3.232903003692627
S,17,a09,0,46,5682e8596b594de16f03e38329a00d1bff4adee96204668f946a90f5292c8136,1024,511,2.8921666145324707
S,17,a09,0,47,127630e33620c4206cd0e7ad6622f66b144b669ddf653964e56ce6654a7b32f0,3072,511,2.503091335296631
S,17,a09,0,48,320f1288c0a9e6e7a3def263d7abab684526479abb06fc68e069fc1a9937c71d,1024,511,2.7953388690948486
S,17,a09,0,49,58ac024cd69aa321476709f7b1742c6523bf4fb12233b5b6f60d680c8fca8e8e,1536,511,2.7133820056915283
S,17,a09,0,50,4f84e7678dedadbb233b28e11c014c0798eadf77020a5a8fb4d017d12c99e86d,2560,511,2.247055768966675
S,17,a09,0,51,99db37e631f9ef519733c8a72d003864c2701de3091cf19e9eba387054fdacac,512,511,3.131499767303467
S,17,a09,0,52,0627479429bdaca6ad2b61ecd03d5b65cd330b0351b5ff8f878978d7b00c4ab2,0,511,2.6028053760528564
S,17,a09,0,53,c1e3085f9b150f54416c89fdea9cdb29ceef7e5050e94af9eafe2053fffe3e64,3584,511,2.3402397632598877
S,17,a09,0,54,0e6b290375d52c7b5c4cd74b4c7348611213caa15ca0e87d7f6426f9e0f86e04,2048,511,2.674361228942871
S,17,a09,0,55,16f297fd545d4a150c1908347430e076e51e3560238877a2eec2ac020b7d3bc9,3584,511,2.62857985496521
S,17,a09,0,56,243408a375c7d0c1fda52538ba71d700e4d403fd2764c7491c7c1a9b7d7fd7a9,0,511,2.694410562515259
S,17,a09,0,57,93133535594204a5a3625fc7b90ff6ad027dca329f0359370d232d4135e91bc1,512,511,2.4219839572906494
S,17,a09,0,58,7c74fa4376b1168685d5d288b916d3317d340aad3044f88d5ca673b76d875d1c,1536,511,2.4042696952819824
S,17,a09,0,59,447ea32f527637dcb6ef068962a2fabe21ec283698e144c45ed42c46e1b27772,0,511,2.707428216934204
S,17,a09,0,60,6db7dd742bd03a22121dc39ee8773c9afa1462f4efce21abbe54dc33c4285b1f,0,511,2.4599289894104004
S,17,a09,0,61,dc8a961be5dc24fc777b38869adf84cfc37bbe2f28514ceb0e344d39b7e01906,512,511,2.814065456390381
S,17,a09,0,62,3ca10415cf1f0bc4955c7ef0d186c8e93deb4aece0aaaa5fb553b43dfe5ad2aa,0,511,2.7157249450683594
S,17,a09,0,63,6e5c6769277c87aeaf9a4fd680fad1720ce04660f567befd8a9f8c68dde50f64,0,511,2.5237038135528564
S,17,a09,20,0,71ff58ca29d05bef3a99fb59512ec09404e49be906888dc3ea5409ce8a54beea,0,511,2.3414230346679688
S,17,a09,20,1,47ab999a2c488609314576fac2048b7f2a92afad8f7ca0326f23f648d515f167,1536,511,2.2513210773468018
S,17,a09,20,2,c6ff7382a150214656a5c5d777769384c99d3ce7764110fc98e07e5e48fddc7e,1024,511,2.537550687789917
S,17,a09,20,3,8739f77bc09e02e5783efc804080eff63b9ae7da7008a0e4c6412b47aa6da1c2,2048,511,2.546473503112793
S,17,a09,20,4,a7f7a2250dd6f72080e21112d92bdfd639fcbe8a5a9effd80028c67d5dddd416,0,511,2.5219712257385254
S,17,a09,20,5,06cd6da2c73e993c43345dad24088c06b24d496ffc56f5f460b58cfa49d0f3df,0,511,1.7262243032455444
S,17,a09,20,6,3adf36bb00be5fa07541f544ce8642a56fcd3a01d456650deaabc83e91d791a1,1024,511,2.740933895111084
S,17,a09,20,7,34c9eb07c804b8ee651c4da1ac1dd801fec51c064819632bd8f4f36bd685b8a1,1024,511,3.1142361164093018
S,17,a09,20,8,dcd008e03034d7dcffb4b6abd6aa6f0bfdf0a28ddd0b53dd37784e7c055f10bb,1536,511,2.421600580215454
S,17,a09,20,9,4f58c96286c7c0f0417ea817ca24cf1c2db4ad3d19fdcdcf46124511fbf05b3e,512,511,2.8439671993255615
S,17,a09,20,10,7c5e18ef30b2c1c37d722f19397ccdf563e0428cdde5ff6b99a902d67975541f,5120,511,2.6390182971954346
S,17,a09,20,11,47344d32192263b566ca14f66ce20553a4c76ff30204fae6639d7c1dde9a1f11,0,511,2.043868064880371
S,17,a09,20,12,98aa6addc6d0697baff9ad72065efe34b866fb27cb0c3e094c328bb57b98cf2b,512,511,2.5417065620422363
S,17,a09,20,13,d6b58a86755a3af1a5a75d162cfd31bceb70ebe76d43dfd2b64d95def0331c1b,0,511,1.9514020681381226
S,17,a09,20,14,c724dc11dc74fa10b6309922c9d014e010a88079d4ca2e3ca96ab091459b166e,0,511,2.3322627544403076
S,17,a09,20,15,aad6037cda830ea2edaf38a004ae82825aa4d21585b2c0f33197a34583613c19,3072,511,2.624847888946533
S,17,a09,20,16,b7140ecf1283718c8b44dd77fefc16ef15f5d7579ad3d6f1da94324d11081ab5,0,511,2.5440614223480225
S,17,a09,20,17,7c0883960fcd42892f41d565a6eb8675b26e6a7b184fa795ec1dea269c0d78f7,2560,511,3.1193881034851074
S,17,a09,20,18,e461497c8cf9867275c7b0ab55899126e69b01926436f58a64e902baf22ad1d8,1024,511,2.925112724304199
S,17,a09,20,19,d236bd424f8c1de8ba7570984678d98d021bd9f796117156ee8c848d8b9e20df,512,511,2.073338031768799
S,17,a09,20,20,b124bcdac530f87fa8b20ed6ba5af0bdc6e2e14fe6348e8e8d9aae3bbb14d7bf,1536,511,2.543551206588745
S,17,a09,20,21,398d9a5e65eb510a4b2165e08da91bc2e7a46f651fd4c2a7c82baca0e3f7c6f7,512,511,3.200321674346924
S,17,a09,20,22,398d4136fe8a7fe859af6d03e3be3e80b0a4a081aa81cad5dad14be6152fbb07,1024,511,2.7375216484069824
S,17,a09,20,23,27c7a212b1dd328e6abafa8ce17f190f047ff7bf7b13546651705123022fac2b,2048,511,2.6570568084716797
S,17,a09,20,24,27e29aeb84cb9b2f80dc9061f35e33eb4710e31a4bda2e0ce985e2cb4c4af0d4,512,511,2.4713211059570312
S,17,a09,20,25,a7ab0eebec8ed5155f1c0b6b257ae3e70464155e9540fc6cb19d9b21ce07adbe,0,511,2.2012369632720947
S,17,a09,20,26,87c73475752c7552f1b2dfb6631350662bd4d2392ea692266f7fd8d9d49255e6,5120,511,2.6293835639953613
S,17,a09,20,27,4dfcff9cdf6a84e7dc2d2f41f4beeb5bd4a850251f084dbb833319624ea2ba03,1536,511,2.869671583175659
S,17,a09,20,28,c6a6c920ad14f9ced5cbb1a81a695ee0d1e0cec0886071763eca3b7609793f9a,512,511,2.973444938659668
S,17,a09,20,29,602491df734b58909d0bdd64c12964094178660aa935fe328832f5ac7c783ce5,6656,511,3.0500431060791016
S,17,a09,20,30,3d3334d8bb76a4a5d2667fcaaf08e5519258c23da3c0ed35b0fb51ab7750456a,512,511,2.504803419113159
S,17,a09,20,31,a5c6bb2784e438e57e6c21063b5631ad6159e98fd0fdde6f0f393b1a6ad1ec91,0,511,2.6660616397857666
S,17,a09,20,32,a75479aadac4ab0e14588bb3dbab971354b70cbb22f67008de6af0b25ce850de,6144,511,3.1159958839416504
S,17,a09,20,33,81985a3b78086a93d7e6ae3ddda453bf5a959744e65bc05418fc1b56f5ec10ca,512,511,2.4423155784606934
S,17,a09,20,34,2362e3d4278d695e409c7b7ff1512062454f8d035bc9076dff42c632a29fb2ee,0,511,2.205155611038208
S,17,a09,20,35,85cb58452e909342c236fc118e084fa9adcfddffc1ee3968baed9838eae6ef37,0,511,2.035043954849243
S,17,a09,20,36,da80b33b4eb70c8d7b4c6a0fc009cedf34a39859057eb8700df906c788e6a4c8,0,511,2.380901336669922
S,17,a09,20,37,2e3ac91c014b25eebddbb443aa8850683dfc0675b9fed2dc40ec8d5f64ec60d4,0,511,2.261927843093872
S,17,a09,20,38,3210f7ea4f8c2a390b5fc7a519a58dd185dc01a5700b89f95e427e52d0e581c9,512,511,2.932941198348999
S,17,a09,20,39,f5e1818470b34abce111d71989de48dff1e3e4ef0271749d38438e1b6693f635,1536,511,2.313422918319702
S,17,a09,20,40,3ce4586556ea72a70c76b9203dca8969adc500af610389007ec255f56b1e169e,1024,511,2.726999521255493
S,17,a09,20,41,7b804a7a99e4de2942ef98de42165dacd3e16b944e6a538d55df1f634a23d48e,4096,511,2.8267464637756348
S,17,a09,20,42,f6dd4f9c768666495fe711e166071758aa6c2d321def74a3ae211027ce199501,512,511,3.202226400375366
S,17,a09,20,43,31ed14bec015eaaefb165002eb17b020eeb35031b1a592aff7d981de7c6899b3,0,511,2.3749163150787354
S,17,a09,20,44,b3ff1454cd3a072b015b88f94f6d6889d9c0bd745fc7a5433df7c0d43151854e,512,511,2.5969722270965576
S,17,a09,20,45,3ee074eadb149c8da6002c76352f4113d1c896c63c6c090fd621092749233d6a,8704,511,3.180734395980835
S,17,a09,20,46,5682e8596b594de16f03e38329a00d1bff4adee96204668f946a90f5292c8136,1024,511,2.824742078781128
S,17,a09,20,47,127630e33620c4206cd0e7ad6622f66b144b669ddf653964e56ce6654a7b32f0,3072,511,2.446481943130493
S,17,a09,20,48,320f1288c0a9e6e7a3def263d7abab684526479abb06fc68e069fc1a9937c71d,1024,511,2.731748342514038
S,17,a09,20,49,58ac024cd69aa321476709f7b1742c6523bf4fb12233b5b6f60d680c8fca8e8e,1536,511,2.674365520477295
S,17,a09,20,50,4f84e7678dedadbb233b28e11c014c0798eadf77020a5a8fb4d017d12c99e86d,2560,511,2.202714443206787
S,17,a09,20,51,99db37e631f9ef519733c8a72d003864c2701de3091cf19e9eba387054fdacac,512,511,3.0667920112609863
S,17,a09,20,52,0627479429bdaca6ad2b61ecd03d5b65cd330b0351b5ff8f878978d7b00c4ab2,0,511,2.5416030883789062
S,17,a09,20,53,c1e3085f9b150f54416c89fdea9cdb29ceef7e5050e94af9eafe2053fffe3e64,3584,511,2.2788445949554443
S,17,a09,20,54,0e6b290375d52c7b5c4cd74b4c7348611213caa15ca0e87d7f6426f9e0f86e04,2048,511,2.6362359523773193
S,17,a09,20,55,16f297fd545d4a150c1908347430e076e51e3560238877a2eec2ac020b7d3bc9,3584,511,2.572049856185913
S,17,a09,20,56,243408a375c7d0c1fda52538ba71d700e4d403fd2764c7491c7c1a9b7d7fd7a9,0,511,2.625872850418091
S,17,a09,20,57,93133535594204a5a3625fc7b90ff6ad027dca329f0359370d232d4135e91bc1,512,511,2.368165969848633
S,17,a09,20,58,7c74fa4376b1168685d5d288b916d3317d340aad3044f88d5ca673b76d875d1c,1536,511,2.353881597518921
S,17,a09,20,59,447ea32f527637dcb6ef068962a2fabe21ec283698e144c45ed42c46e1b27772,0,511,2.650217294692993
S,17,a09,20,60,6db7dd742bd03a22121dc39ee8773c9afa1462f4efce21abbe54dc33c4285b1f,0,511,2.4154179096221924
S,17,a09,20,61,dc8a961be5dc24fc777b38869adf84cfc37bbe2f28514ceb0e344d39b7e01906,512,511,2.739716053009033
S,17,a09,20,62,3ca10415cf1f0bc4955c7ef0d186c8e93deb4aece0aaaa5fb553b43dfe5ad2aa,0,511,2.657904863357544
S,17,a09,20,63,6e5c6769277c87aeaf9a4fd680fad1720ce04660f567befd8a9f8c68dde50f64,0,511,2.469902515411377
S,17,a09,50,0,71ff58ca29d05bef3a99fb59512ec09404e49be906888dc3ea5409ce8a54beea,0,511,2.2743301391601562
S,17,a09,50,1,47ab999a2c488609314576fac2048b7f2a92afad8f7ca0326f23f648d515f167,1536,511,2.198030471801758
S,17,a09,50,2,c6ff7382a150214656a5c5d777769384c99d3ce7764110fc98e07e5e48fddc7e,1024,511,2.432795286178589
S,17,a09,50,3,8739f77bc09e02e5783efc804080eff63b9ae7da7008a0e4c6412b47aa6da1c2,2048,511,2.431297779083252
S,17,a09,50,4,a7f7a2250dd6f72080e21112d92bdfd639fcbe8a5a9effd80028c67d5dddd416,0,511,2.436293125152588
S,17,a09,50,5,06cd6da2c73e993c43345dad24088c06b24d496ffc56f5f460b58cfa49d0f3df,0,511,1.6064881086349487
S,17,a09,50,6,3adf36bb00be5fa07541f544ce8642a56fcd3a01d456650deaabc83e91d791a1,1024,511,2.614900588989258
S,17,a09,50,7,34c9eb07c804b8ee651c4da1ac1dd801fec51c064819632bd8f4f36bd685b8a1,1024,511,3.0044915676116943
S,17,a09,50,8,dcd008e03034d7dcffb4b6abd6aa6f0bfdf0a28ddd0b53dd37784e7c055f10bb,1536,511,2.3092360496520996
S,17,a09,50,9,4f58c96286c7c0f0417ea817ca24cf1c2db4ad3d19fdcdcf46124511fbf05b3e,512,511,2.716557264328003
S,17,a09,50,10,7c5e18ef30b2c1c37d722f19397ccdf563e0428cdde5ff6b99a902d67975541f,5120,511,2.540809392929077
S,17,a09,50,11,47344d32192263b566ca14f66ce20553a4c76ff30204fae6639d7c1dde9a1f11,0,511,1.946337103843689
S,17,a09,50,12,98aa6addc6d0697baff9ad72065efe34b866fb27cb0c3e094c328bb57b98cf2b,512,511,2.4740803241729736
S,17,a09,50,13,d6b58a86755a3af1a5a75d162cfd31bceb70ebe76d43dfd2b64d95def0331c1b,0,511,1.8031445741653442
S,17,a09,50,14,c724dc11dc74fa10b6309922c9d014e010a88079d4ca2e3ca96ab091459b166e,0,511,2.2128379344940186
S,17,a09,50,15,aad6037cda830ea2edaf38a004ae82825aa4d21585b2c0f33197a34583613c19,3072,511,2.574676275253296
S,17,a09,50,16,b7140ecf1283718c8b44dd77fefc16ef15f5d7579ad3d6f1da94324d11081ab5,0,511,2.473092794418335
S,17,a09,50,17,7c0883960fcd42892f41d565a6eb8675b26e6a7b184fa795ec1dea269c0d78f7,2560,511,3.0204145908355713
S,17,a09,50,18,e461497c8cf9867275c7b0ab55899126e69b01926436f58a64e902baf22ad1d8,1024,511,2.802791118621826
S,17,a09,50,19,d236bd424f8c1de8ba7570984678d98d021bd9f796117156ee8c848d8b9e20df,512,511,1.9979491233825684
S,17,a09,50,20,b124bcdac530f87fa8b20ed6ba5af0bdc6e2e14fe6348e8e8d9aae3bbb14d7bf,1536,511,2.4194400310516357
S,17,a09,50,21,398d9a5e65eb510a4b2165e08da91bc2e7a46f651fd4c2a7c82baca0e3f7c6f7,512,511,3.1048059463500977
S,17,a09,50,22,398d4136fe8a7fe859af6d03e3be3e80b0a4a081aa81cad5dad14be6152fbb07,1024,511,2.5886940956115723
S,17,a09,50,23,27c7a212b1dd328e6abafa8ce17f190f047ff7bf7b13546651705123022fac2b,2048,511,2.5059876441955566
S,17,a09,50,24,27e29aeb84cb9b2f80dc9061f35e33eb4710e31a4bda2e0ce985e2cb4c4af0d4,512,511,2.386758804321289
S,17,a09,50,25,a7ab0eebec8ed5155f1c0b6b257ae3e70464155e9540fc6cb19d9b21ce07adbe,0,511,2.0630195140838623
S,17,a09,50,26,87c73475752c7552f1b2dfb6631350662bd4d2392ea692266f7fd8d9d49255e6,5120,511,2.5092363357543945
S,17,a09,50,27,4dfcff9cdf6a84e7dc2d2f41f4beeb5bd4a850251f084dbb833319624ea2ba03,1536,511,2.780751943588257
S,17,a09,50,28,c6a6c920ad14f9ced5cbb1a81a695ee0d1e0cec0886071763eca3b7609793f9a,512,511,2.8753225803375244
S,17,a09,50,29,602491df734b58909d0bdd64c12964094178660aa935fe328832f5ac7c783ce5,6656,511,2.964843273162842
S,17,a09,50,30,3d3334d8bb76a4a5d2667fcaaf08e5519258c23da3c0ed35b0fb51ab7750456a,512,511,2.4339942932128906
S,17,a09,50,31,a5c6bb2784e438e57e6c21063b5631ad6159e98fd0fdde6f0f393b1a6ad1ec91,0,511,2.5491607189178467
S,17,a09,50,32,a75479aadac4ab0e14588bb3dbab971354b70cbb22f67008de6af0b25ce850de,6144,511,3.0301833152770996
S,17,a09,50,33,81985a3b78086a93d7e6ae3ddda453bf5a959744e65bc05418fc1b56f5ec10ca,512,511,2.305245876312256
S,17,a09,50,34,2362e3d4278d695e409c7b7ff1512062454f8d035bc9076dff42c632a29fb2ee,0,511,2.115424394607544
S,17,a09,50,35,85cb58452e909342c236fc118e084fa9adcfddffc1ee3968baed9838eae6ef37,0,511,1.9534882307052612
S,17,a09,50,36,da80b33b4eb70c8d7b4c6a0fc009cedf34a39859057eb8700df906c788e6a4c8,0,511,2.284086227416992
S,17,a09,50,37,2e3ac91c014b25eebddbb443aa8850683dfc0675b9fed2dc40ec8d5f64ec60d4,0,511,2.1522927284240723
S,17,a09,50,38,3210f7ea4f8c2a390b5fc7a519a58dd185dc01a5700b89f95e427e52d0e581c9,512,511,2.8229658603668213
S,17,a09,50,39,f5e1818470b34abce111d71989de48dff1e3e4ef0271749d38438e1b6693f635,1536,511,2.226519823074341
S,17,a09,50,40,3ce4586556ea72a70c76b9203dca8969adc500af610389007ec255f56b1e169e,1024,511,2.650167465209961
S,17,a09,50,41,7b804a7a99e4de2942ef98de42165dacd3e16b944e6a538d55df1f634a23d48e,4096,511,2.749054431915283
S,17,a09,50,42,f6dd4f9c768666495fe711e166071758aa6c2d321def74a3ae211027ce199501,512,511,3.0732357501983643
S,17,a09,50,43,31ed14bec015eaaefb165002eb17b020eeb35031b1a592aff7d981de7c6899b3,0,511,2.2716829776763916
S,17,a09,50,44,b3ff1454cd3a072b015b88f94f6d6889d9c0bd745fc7a5433df7c0d43151854e,512,511,2.5146708488464355
S,17,a09,50,45,3ee074eadb149c8da6002c76352f4113d1c896c63c6c090fd621092749233d6a,8704,511,3.0973660945892334
S,17,a09,50,46,5682e8596b594de16f03e38329a00d1bff4adee96204668f946a90f5292c8136,1024,511,2.727677583694458
S,17,a09,50,47,127630e33620c4206cd0e7ad6622f66b144b669ddf653964e56ce6654a7b32f0,3072,511,2.3280625343322754
S,17,a09,50,48,320f1288c0a9e6e7a3def263d7abab684526479abb06fc68e069fc1a9937c71d,1024,511,2.6029956340789795
S,17,a09,50,49,58ac024cd69aa321476709f7b1742c6523bf4fb12233b5b6f60d680c8fca8e8e,1536,511,2.60180926322937
S,17,a09,50,50,4f84e7678dedadbb233b28e11c014c0798eadf77020a5a8fb4d017d12c99e86d,2560,511,2.1219398975372314
S,17,a09,50,51,99db37e631f9ef519733c8a72d003864c2701de3091cf19e9eba387054fdacac,512,511,2.9638118743896484
S,17,a09,50,52,0627479429bdaca6ad2b61ecd03d5b65cd330b0351b5ff8f878978d7b00c4ab2,0,511,2.404670000076294
S,17,a09,50,53,c1e3085f9b150f54416c89fdea9cdb29ceef7e5050e94af9eafe2053fffe3e64,3584,511,2.1308090686798096
S,17,a09,50,54,0e6b290375d52c7b5c4cd74b4c7348611213caa15ca0e87d7f6426f9e0f86e04,2048,511,2.528174638748169
S,17,a09,50,55,16f297fd545d4a150c1908347430e076e51e3560238877a2eec2ac020b7d3bc9,3584,511,2.4574718475341797
S,17,a09,50,56,243408a375c7d0c1fda52538ba71d700e4d403fd2764c7491c7c1a9b7d7fd7a9,0,511,2.514967203140259
S,17,a09,50,57,93133535594204a5a3625fc7b90ff6ad027dca329f0359370d232d4135e91bc1,512,511,2.253324508666992
S,17,a09,50,58,7c74fa4376b1168685d5d288b916d3317d340aad3044f88d5ca673b76d875d1c,1536,511,2.251709461212158
S,17,a09,50,59,447ea32f527637dcb6ef068962a2fabe21ec283698e144c45ed42c46e1b27772,0,511,2.532158613204956
S,17,a09,50,60,6db7dd742bd03a22121dc39ee8773c9afa1462f4efce21abbe54dc33c4285b1f,0,511,2.30367112159729
S,17,a09,50,61,dc8a961be5dc24fc777b38869adf84cfc37bbe2f28514ceb0e344d39b7e01906,512,511,2.602837324142456
S,17,a09,50,62,3ca10415cf1f0bc4955c7ef0d186c8e93deb4aece0aaaa5fb553b43dfe5ad2aa,0,511,2.5508790016174316
S,17,a09,50,63,6e5c6769277c87aeaf9a4fd680fad1720ce04660f567befd8a9f8c68dde50f64,0,511,2.361524820327759
S,17,a09,100,0,71ff58ca29d05bef3a99fb59512ec09404e49be906888dc3ea5409ce8a54beea,0,511,2.177558183670044
S,17,a09,100,1,47ab999a2c488609314576fac2048b7f2a92afad8f7ca0326f23f648d515f167,1536,511,2.116055965423584
S,17,a09,100,2,c6ff7382a150214656a5c5d777769384c99d3ce7764110fc98e07e5e48fddc7e,1024,511,2.3671562671661377
S,17,a09,100,3,8739f77bc09e02e5783efc804080eff63b9ae7da7008a0e4c6412b47aa6da1c2,2048,511,2.32083797454834
S,17,a09,100,4,a7f7a2250dd6f72080e21112d92bdfd639fcbe8a5a9effd80028c67d5dddd416,0,511,2.3566482067108154
S,17,a09,100,5,06cd6da2c73e993c43345dad24088c06b24d496ffc56f5f460b58cfa49d0f3df,0,511,1.511815071105957
S,17,a09,100,6,3adf36bb00be5fa07541f544ce8642a56fcd3a01d456650deaabc83e91d791a1,1024,511,2.4622833728790283
S,17,a09,100,7,34c9eb07c804b8ee651c4da1ac1dd801fec51c064819632bd8f4f36bd685b8a1,1024,511,2.8704800605773926
S,17,a09,100,8,dcd008e03034d7dcffb4b6abd6aa6f0bfdf0a28ddd0b53dd37784e7c055f10bb,1536,511,2.1745002269744873
S,17,a09,100,9,4f58c96286c7c0f0417ea817ca24cf1c2db4ad3d19fdcdcf46124511fbf05b3e,512,511,2.567690134048462
S,17,a09,100,10,7c5e18ef30b2c1c37d722f19397ccdf563e0428cdde5ff6b99a902d67975541f,5120,511,2.491650342941284
S,17,a09,100,11,47344d32192263b566ca14f66ce20553a4c76ff30204fae6639d7c1dde9a1f11,0,511,1.86149001121521
S,17,a09,100,12,98aa6addc6d0697baff9ad72065efe34b866fb27cb0c3e094c328bb57b98cf2b,512,511,2.4418888092041016
S,17,a09,100,13,d6b58a86755a3af1a5a75d162cfd31bceb70ebe76d43dfd2b64d95def0331c1b,0,511,1.6550705432891846
S,17,a09,100,14,c724dc11dc74fa10b6309922c9d014e010a88079d4ca2e3ca96ab091459b166e,0,511,2.07431697845459
S,17,a09,100,15,aad6037cda830ea2edaf38a004ae82825aa4d21585b2c0f33197a34583613c19,3072,511,2.497429609298706
S,17,a09,100,16,b7140ecf1283718c8b44dd77fefc16ef15f5d7579ad3d6f1da94324d11081ab5,0,511,2.3743391036987305
S,17,a09,100,17,7c0883960fcd42892f41d565a6eb8675b26e6a7b184fa795ec1dea269c0d78f7,2560,511,2.952547550201416
S,17,a09,100,18,e461497c8cf9867275c7b0ab55899126e69b01926436f58a64e902baf22ad1d8,1024,511,2.717268705368042
S,17,a09,100,19,d236bd424f8c1de8ba7570984678d98d021bd9f796117156ee8c848d8b9e20df,512,511,1.8446389436721802
S,17,a09,100,20,b124bcdac530f87fa8b20ed6ba5af0bdc6e2e14fe6348e8e8d9aae3bbb14d7bf,1536,511,2.3244564533233643
S,17,a09,100,21,398d9a5e65eb510a4b2165e08da91bc2e7a46f651fd4c2a7c82baca0e3f7c6f7,512,511,2.9995713233947754
S,17,a09,100,22,398d4136fe8a7fe859af6d03e3be3e80b0a4a081aa81cad5dad14be6152fbb07,1024,511,2.4576101303100586
S,17,a09,100,23,27c7a212b1dd328e6abafa8ce17f190f047ff7bf7b13546651705123022fac2b,2048,511,2.392364501953125
S,17,a09,100,24,27e29aeb84cb9b2f80dc9061f35e33eb4710e31a4bda2e0ce985e2cb4c4af0d4,512,511,2.274960517883301
S,17,a09,100,25,a7ab0eebec8ed5155f1c0b6b257ae3e70464155e9540fc6cb19d9b21ce07adbe,0,511,1.9481124877929688
S,17,a09,100,26,87c73475752c7552f1b2dfb6631350662bd4d2392ea692266f7fd8d9d49255e6,5120,511,2.421351194381714
S,17,a09,100,27,4dfcff9cdf6a84e7dc2d2f41f4beeb5bd4a850251f084dbb833319624ea2ba03,1536,511,2.6402952671051025
S,17,a09,100,28,c6a6c920ad14f9ced5cbb1a81a695ee0d1e0cec0886071763eca3b7609793f9a,512,511,2.7670576572418213
S,17,a09,100,29,602491df734b58909d0bdd64c12964094178660aa935fe328832f5ac7c783ce5,6656,511,2.8914668560028076
S,17,a09,100,30,3d3334d8bb76a4a5d2667fcaaf08e5519258c23da3c0ed35b0fb51ab7750456a,512,511,2.2937512397766113
S,17,a09,100,31,a5c6bb2784e438e57e6c21063b5631ad6159e98fd0fdde6f0f393b1a6ad1ec91,0,511,2.390554189682007
S,17,a09,100,32,a75479aadac4ab0e14588bb3dbab971354b70cbb22f67008de6af0b25ce850de,6144,511,2.9759867191314697
S,17,a09,100,33,81985a3b78086a93d7e6ae3ddda453bf5a959744e65bc05418fc1b56f5ec10ca,512,511,2.2298710346221924
S,17,a09,100,34,2362e3d4278d695e409c7b7ff1512062454f8d035bc9076dff42c632a29fb2ee,0,511,1.999036431312561
S,17,a09,100,35,85cb58452e909342c236fc118e084fa9adcfddffc1ee3968baed9838eae6ef37,0,511,1.8368769884109497
S,17,a09,100,36,da80b33b4eb70c8d7b4c6a0fc009cedf34a39859057eb8700df906c788e6a4c8,0,511,2.1542696952819824
S,17,a09,100,37,2e3ac91c014b25eebddbb443aa8850683dfc0675b9fed2dc40ec8d5f64ec60d4,0,511,2.015861749649048
S,17,a09,100,38,3210f7ea4f8c2a390b5fc7a519a58dd185dc01a5700b89f95e427e52d0e581c9,512,511,2.7166082859039307
S,17,a09,100,39,f5e1818470b34abce111d71989de48dff1e3e4ef0271749d38438e1b6693f635,1536,511,2.1451287269592285
S,17,a09,100,40,3ce4586556ea72a70c76b9203dca8969adc500af610389007ec255f56b1e169e,1024,511,2.558432102203369
S,17,a09,100,41,7b804a7a99e4de2942ef98de42165dacd3e16b944e6a538d55df1f634a23d48e,4096,511,2.6557698249816895
S,17,a09,100,42,f6dd4f9c768666495fe711e166071758aa6c2d321def74a3ae211027ce199501,512,511,2.96205472946167
S,17,a09,100,43,31ed14bec015eaaefb165002eb17b020eeb35031b1a592aff7d981de7c6899b3,0,511,2.175678253173828
S,17,a09,100,44,b3ff1454cd3a072b015b88f94f6d6889d9c0bd745fc7a5433df7c0d43151854e,512,511,2.407421827316284
S,17,a09,100,45,3ee074eadb149c8da6002c76352f4113d1c896c63c6c090fd621092749233d6a,8704,511,2.960930585861206
S,17,a09,100,46,5682e8596b594de16f03e38329a00d1bff4adee96204668f946a90f5292c8136,1024,511,2.6547632217407227
S,17,a09,100,47,127630e33620c4206cd0e7ad6622f66b144b669ddf653964e56ce6654a7b32f0,3072,511,2.207462787628174
S,17,a09,100,48,320f1288c0a9e6e7a3def263d7abab684526479abb06fc68e069fc1a9937c71d,1024,511,2.4737977981567383
S,17,a09,100,49,58ac024cd69aa321476709f7b1742c6523bf4fb12233b5b6f60d680c8fca8e8e,1536,511,2.539921522140503
S,17,a09,100,50,4f84e7678dedadbb233b28e11c014c0798eadf77020a5a8fb4d017d12c99e86d,2560,511,2.008057117462158
S,17,a09,100,51,99db37e631f9ef519733c8a72d003864c2701de3091cf19e9eba387054fdacac,512,511,2.8818612098693848
S,17,a09,100,52,0627479429bdaca6ad2b61ecd03d5b65cd330b0351b5ff8f878978d7b00c4ab2,0,511,2.288601875305176
S,17,a09,100,53,c1e3085f9b150f54416c89fdea9cdb29ceef7e5050e94af9eafe2053fffe3e64,3584,511,2.056000232696533
S,17,a09,100,54,0e6b290375d52c7b5c4cd74b4c7348611213caa15ca0e87d7f6426f9e0f86e04,2048,511,2.4281063079833984
S,17,a09,100,55,16f297fd545d4a150c1908347430e076e51e3560238877a2eec2ac020b7d3bc9,3584,511,2.3806097507476807
S,17,a09,100,56,243408a375c7d0c1fda52538ba71d700e4d403fd2764c7491c7c1a9b7d7fd7a9,0,511,2.353255033493042
S,17,a09,100,57,93133535594204a5a3625fc7b90ff6ad027dca329f0359370d232d4135e91bc1,512,511,2.113687038421631
S,17,a09,100,58,7c74fa4376b1168685d5d288b916d3317d340aad3044f88d5ca673b76d875d1c,1536,511,2.1700780391693115
S,17,a09,100,59,447ea32f527637dcb6ef068962a2fabe21ec283698e144c45ed42c46e1b27772,0,511,2.4283456802368164
S,17,a09,100,60,6db7dd742bd03a22121dc39ee8773c9afa1462f4efce21abbe54dc33c4285b1f,0,511,2.184659719467163
S,17,a09,100,61,dc8a961be5dc24fc777b38869adf84cfc37bbe2f28514ceb0e344d39b7e01906,512,511,2.482527494430542
S,17,a09,100,62,3ca10415cf1f0bc4955c7ef0d186c8e93deb4aece0aaaa5fb553b43dfe5ad2aa,0,511,2.4667646884918213
S,17,a09,100,63,6e5c6769277c87aeaf9a4fd680fad1720ce04660f567befd8a9f8c68dde50f64,0,511,2.2395479679107666
S,29,a08,0,0,71ff58ca29d05bef3a99fb59512ec09404e49be906888dc3ea5409ce8a54beea,0,511,2.3833231925964355
S,29,a08,0,1,47ab999a2c488609314576fac2048b7f2a92afad8f7ca0326f23f648d515f167,1536,511,2.317190170288086
S,29,a08,0,2,c6ff7382a150214656a5c5d777769384c99d3ce7764110fc98e07e5e48fddc7e,1024,511,2.5983500480651855
S,29,a08,0,3,8739f77bc09e02e5783efc804080eff63b9ae7da7008a0e4c6412b47aa6da1c2,2048,511,2.634059429168701
S,29,a08,0,4,a7f7a2250dd6f72080e21112d92bdfd639fcbe8a5a9effd80028c67d5dddd416,0,511,2.555880308151245
S,29,a08,0,5,06cd6da2c73e993c43345dad24088c06b24d496ffc56f5f460b58cfa49d0f3df,0,511,1.72637939453125
S,29,a08,0,6,3adf36bb00be5fa07541f544ce8642a56fcd3a01d456650deaabc83e91d791a1,1024,511,2.8504114151000977
S,29,a08,0,7,34c9eb07c804b8ee651c4da1ac1dd801fec51c064819632bd8f4f36bd685b8a1,1024,511,3.188112258911133
S,29,a08,0,8,dcd008e03034d7dcffb4b6abd6aa6f0bfdf0a28ddd0b53dd37784e7c055f10bb,1536,511,2.507798194885254
S,29,a08,0,9,4f58c96286c7c0f0417ea817ca24cf1c2db4ad3d19fdcdcf46124511fbf05b3e,512,511,2.872406244277954
S,29,a08,0,10,7c5e18ef30b2c1c37d722f19397ccdf563e0428cdde5ff6b99a902d67975541f,5120,511,2.684760093688965
S,29,a08,0,11,47344d32192263b566ca14f66ce20553a4c76ff30204fae6639d7c1dde9a1f11,0,511,2.088167428970337
S,29,a08,0,12,98aa6addc6d0697baff9ad72065efe34b866fb27cb0c3e094c328bb57b98cf2b,512,511,2.603023052215576
S,29,a08,0,13,d6b58a86755a3af1a5a75d162cfd31bceb70ebe76d43dfd2b64d95def0331c1b,0,511,1.967951774597168
S,29,a08,0,14,c724dc11dc74fa10b6309922c9d014e010a88079d4ca2e3ca96ab091459b166e,0,511,2.398230791091919
S,29,a08,0,15,aad6037cda830ea2edaf38a004ae82825aa4d21585b2c0f33197a34583613c19,3072,511,2.6800122261047363
S,29,a08,0,16,b7140ecf1283718c8b44dd77fefc16ef15f5d7579ad3d6f1da94324d11081ab5,0,511,2.6475813388824463
S,29,a08,0,17,7c0883960fcd42892f41d565a6eb8675b26e6a7b184fa795ec1dea269c0d78f7,2560,511,3.1576600074768066
S,29,a08,0,18,e461497c8cf9867275c7b0ab55899126e69b01926436f58a64e902baf22ad1d8,1024,511,2.9699547290802
S,29,a08,0,19,d236bd424f8c1de8ba7570984678d98d021bd9f796117156ee8c848d8b9e20df,512,511,2.151249885559082
S,29,a08,0,20,b124bcdac530f87fa8b20ed6ba5af0bdc6e2e14fe6348e8e8d9aae3bbb14d7bf,1536,511,2.617276191711426
S,29,a08,0,21,398d9a5e65eb510a4b2165e08da91bc2e7a46f651fd4c2a7c82baca0e3f7c6f7,512,511,3.2150795459747314
S,29,a08,0,22,398d4136fe8a7fe859af6d03e3be3e80b0a4a081aa81cad5dad14be6152fbb07,1024,511,2.8091840744018555
S,29,a08,0,23,27c7a212b1dd328e6abafa8ce17f190f047ff7bf7b13546651705123022fac2b,2048,511,2.7200207710266113
S,29,a08,0,24,27e29aeb84cb9b2f80dc9061f35e33eb4710e31a4bda2e0ce985e2cb4c4af0d4,512,511,2.507611036300659
S,29,a08,0,25,a7ab0eebec8ed5155f1c0b6b257ae3e70464155e9540fc6cb19d9b21ce07adbe,0,511,2.240413188934326
S,29,a08,0,26,87c73475752c7552f1b2dfb6631350662bd4d2392ea692266f7fd8d9d49255e6,5120,511,2.7590043544769287
S,29,a08,0,27,4dfcff9cdf6a84e7dc2d2f41f4beeb5bd4a850251f084dbb833319624ea2ba03,1536,511,2.964038610458374
S,29,a08,0,28,c6a6c920ad14f9ced5cbb1a81a695ee0d1e0cec0886071763eca3b7609793f9a,512,511,2.965548038482666
S,29,a08,0,29,602491df734b58909d0bdd64c12964094178660aa935fe328832f5ac7c783ce5,6656,511,3.138765335083008
S,29,a08,0,30,3d3334d8bb76a4a5d2667fcaaf08e5519258c23da3c0ed35b0fb51ab7750456a,512,511,2.6398847103118896
S,29,a08,0,31,a5c6bb2784e438e57e6c21063b5631ad6159e98fd0fdde6f0f393b1a6ad1ec91,0,511,2.7505295276641846
S,29,a08,0,32,a75479aadac4ab0e14588bb3dbab971354b70cbb22f67008de6af0b25ce850de,6144,511,3.21120548248291
S,29,a08,0,33,81985a3b78086a93d7e6ae3ddda453bf5a959744e65bc05418fc1b56f5ec10ca,512,511,2.4646549224853516
S,29,a08,0,34,2362e3d4278d695e409c7b7ff1512062454f8d035bc9076dff42c632a29fb2ee,0,511,2.1883609294891357
S,29,a08,0,35,85cb58452e909342c236fc118e084fa9adcfddffc1ee3968baed9838eae6ef37,0,511,2.0938777923583984
S,29,a08,0,36,da80b33b4eb70c8d7b4c6a0fc009cedf34a39859057eb8700df906c788e6a4c8,0,511,2.41151762008667
S,29,a08,0,37,2e3ac91c014b25eebddbb443aa8850683dfc0675b9fed2dc40ec8d5f64ec60d4,0,511,2.3150362968444824
S,29,a08,0,38,3210f7ea4f8c2a390b5fc7a519a58dd185dc01a5700b89f95e427e52d0e581c9,512,511,2.9826414585113525
S,29,a08,0,39,f5e1818470b34abce111d71989de48dff1e3e4ef0271749d38438e1b6693f635,1536,511,2.363557815551758
S,29,a08,0,40,3ce4586556ea72a70c76b9203dca8969adc500af610389007ec255f56b1e169e,1024,511,2.7851929664611816
S,29,a08,0,41,7b804a7a99e4de2942ef98de42165dacd3e16b944e6a538d55df1f634a23d48e,4096,511,2.8827736377716064
S,29,a08,0,42,f6dd4f9c768666495fe711e166071758aa6c2d321def74a3ae211027ce199501,512,511,3.301063060760498
S,29,a08,0,43,31ed14bec015eaaefb165002eb17b020eeb35031b1a592aff7d981de7c6899b3,0,511,2.393047332763672
S,29,a08,0,44,b3ff1454cd3a072b015b88f94f6d6889d9c0bd745fc7a5433df7c0d43151854e,512,511,2.6543750762939453
S,29,a08,0,45,3ee074eadb149c8da6002c76352f4113d1c896c63c6c090fd621092749233d6a,8704,511,3.1828744411468506
S,29,a08,0,46,5682e8596b594de16f03e38329a00d1bff4adee96204668f946a90f5292c8136,1024,511,2.901897430419922
S,29,a08,0,47,127630e33620c4206cd0e7ad6622f66b144b669ddf653964e56ce6654a7b32f0,3072,511,2.545839786529541
S,29,a08,0,48,320f1288c0a9e6e7a3def263d7abab684526479abb06fc68e069fc1a9937c71d,1024,511,2.8026270866394043
S,29,a08,0,49,58ac024cd69aa321476709f7b1742c6523bf4fb12233b5b6f60d680c8fca8e8e,1536,511,2.707465887069702
S,29,a08,0,50,4f84e7678dedadbb233b28e11c014c0798eadf77020a5a8fb4d017d12c99e86d,2560,511,2.251084089279175
S,29,a08,0,51,99db37e631f9ef519733c8a72d003864c2701de3091cf19e9eba387054fdacac,512,511,3.1324620246887207
S,29,a08,0,52,0627479429bdaca6ad2b61ecd03d5b65cd330b0351b5ff8f878978d7b00c4ab2,0,511,2.609330654144287
S,29,a08,0,53,c1e3085f9b150f54416c89fdea9cdb29ceef7e5050e94af9eafe2053fffe3e64,3584,511,2.325810432434082
S,29,a08,0,54,0e6b290375d52c7b5c4cd74b4c7348611213caa15ca0e87d7f6426f9e0f86e04,2048,511,2.6834566593170166
S,29,a08,0,55,16f297fd545d4a150c1908347430e076e51e3560238877a2eec2ac020b7d3bc9,3584,511,2.6252529621124268
S,29,a08,0,56,243408a375c7d0c1fda52538ba71d700e4d403fd2764c7491c7c1a9b7d7fd7a9,0,511,2.669572114944458
S,29,a08,0,57,93133535594204a5a3625fc7b90ff6ad027dca329f0359370d232d4135e91bc1,512,511,2.443157196044922
S,29,a08,0,58,7c74fa4376b1168685d5d288b916d3317d340aad3044f88d5ca673b76d875d1c,1536,511,2.4133219718933105
S,29,a08,0,59,447ea32f527637dcb6ef068962a2fabe21ec283698e144c45ed42c46e1b27772,0,511,2.7479777336120605
S,29,a08,0,60,6db7dd742bd03a22121dc39ee8773c9afa1462f4efce21abbe54dc33c4285b1f,0,511,2.458348274230957
S,29,a08,0,61,dc8a961be5dc24fc777b38869adf84cfc37bbe2f28514ceb0e344d39b7e01906,512,511,2.7378129959106445
S,29,a08,0,62,3ca10415cf1f0bc4955c7ef0d186c8e93deb4aece0aaaa5fb553b43dfe5ad2aa,0,511,2.727374792098999
S,29,a08,0,63,6e5c6769277c87aeaf9a4fd680fad1720ce04660f567befd8a9f8c68dde50f64,0,511,2.494757652282715
S,29,a08,20,0,71ff58ca29d05bef3a99fb59512ec09404e49be906888dc3ea5409ce8a54beea,0,511,2.351027250289917
S,29,a08,20,1,47ab999a2c488609314576fac2048b7f2a92afad8f7ca0326f23f648d515f167,1536,511,2.2755894660949707
S,29,a08,20,2,c6ff7382a150214656a5c5d777769384c99d3ce7764110fc98e07e5e48fddc7e,1024,511,2.5577406883239746
S,29,a08,20,3,8739f77bc09e02e5783efc804080eff63b9ae7da7008a0e4c6412b47aa6da1c2,2048,511,2.5497050285339355
S,29,a08,20,4,a7f7a2250dd6f72080e21112d92bdfd639fcbe8a5a9effd80028c67d5dddd416,0,511,2.5143730640411377
S,29,a08,20,5,06cd6da2c73e993c43345dad24088c06b24d496ffc56f5f460b58cfa49d0f3df,0,511,1.6734704971313477
S,29,a08,20,6,3adf36bb00be5fa07541f544ce8642a56fcd3a01d456650deaabc83e91d791a1,1024,511,2.7639873027801514
S,29,a08,20,7,34c9eb07c804b8ee651c4da1ac1dd801fec51c064819632bd8f4f36bd685b8a1,1024,511,3.1114304065704346
S,29,a08,20,8,dcd008e03034d7dcffb4b6abd6aa6f0bfdf0a28ddd0b53dd37784e7c055f10bb,1536,511,2.458292007446289
S,29,a08,20,9,4f58c96286c7c0f0417ea817ca24cf1c2db4ad3d19fdcdcf46124511fbf05b3e,512,511,2.8148534297943115
S,29,a08,20,10,7c5e18ef30b2c1c37d722f19397ccdf563e0428cdde5ff6b99a902d67975541f,5120,511,2.6251795291900635
S,29,a08,20,11,47344d32192263b566ca14f66ce20553a4c76ff30204fae6639d7c1dde9a1f11,0,511,2.0401813983917236
S,29,a08,20,12,98aa6addc6d0697baff9ad72065efe34b866fb27cb0c3e094c328bb57b98cf2b,512,511,2.560554265975952
S,29,a08,20,13,d6b58a86755a3af1a5a75d162cfd31bceb70ebe76d43dfd2b64d95def0331c1b,0,511,1.9012439250946045
S,29,a08,20,14,c724dc11dc74fa10b6309922c9d014e010a88079d4ca2e3ca96ab091459b166e,0,511,2.3441264629364014
S,29,a08,20,15,aad6037cda830ea2edaf38a004ae82825aa4d21585b2c0f33197a34583613c19,3072,511,2.6515283584594727
S,29,a08,20,16,b7140ecf1283718c8b44dd77fefc16ef15f5d7579ad3d6f1da94324d11081ab5,0,511,2.583134174346924
S,29,a08,20,17,7c0883960fcd42892f41d565a6eb8675b26e6a7b184fa795ec1dea269c0d78f7,2560,511,3.0937938690185547
S,29,a08,20,18,e461497c8cf9867275c7b0ab55899126e69b01926436f58a64e902baf22ad1d8,1024,511,2.9108998775482178
S,29,a08,20,19,d236bd424f8c1de8ba7570984678d98d021bd9f796117156ee8c848d8b9e20df,512,511,2.1124532222747803
S,29,a08,20,20,b124bcdac530f87fa8b20ed6ba5af0bdc6e2e14fe6348e8e8d9aae3bbb14d7bf,1536,511,2.5482089519500732
S,29,a08,20,21,398d9a5e65eb510a4b2165e08da91bc2e7a46f651fd4c2a7c82baca0e3f7c6f7,512,511,3.1591553688049316
S,29,a08,20,22,398d4136fe8a7fe859af6d03e3be3e80b0a4a081aa81cad5dad14be6152fbb07,1024,511,2.72617244720459
S,29,a08,20,23,27c7a212b1dd328e6abafa8ce17f190f047ff7bf7b13546651705123022fac2b,2048,511,2.6539549827575684
S,29,a08,20,24,27e29aeb84cb9b2f80dc9061f35e33eb4710e31a4bda2e0ce985e2cb4c4af0d4,512,511,2.457214593887329
S,29,a08,20,25,a7ab0eebec8ed5155f1c0b6b257ae3e70464155e9540fc6cb19d9b21ce07adbe,0,511,2.1619293689727783
S,29,a08,20,26,87c73475752c7552f1b2dfb6631350662bd4d2392ea692266f7fd8d9d49255e6,5120,511,2.665882110595703
S,29,a08,20,27,4dfcff9cdf6a84e7dc2d2f41f4beeb5bd4a850251f084dbb833319624ea2ba03,1536,511,2.91992449760437
S,29,a08,20,28,c6a6c920ad14f9ced5cbb1a81a695ee0d1e0cec0886071763eca3b7609793f9a,512,511,2.896571397781372
S,29,a08,20,29,602491df734b58909d0bdd64c12964094178660aa935fe328832f5ac7c783ce5,6656,511,3.0785129070281982
S,29,a08,20,30,3d3334d8bb76a4a5d2667fcaaf08e5519258c23da3c0ed35b0fb51ab7750456a,512,511,2.5457074642181396
S,29,a08,20,31,a5c6bb2784e438e57e6c21063b5631ad6159e98fd0fdde6f0f393b1a6ad1ec91,0,511,2.6714727878570557
S,29,a08,20,32,a75479aadac4ab0e14588bb3dbab971354b70cbb22f67008de6af0b25ce850de,6144,511,3.140948534011841
S,29,a08,20,33,81985a3b78086a93d7e6ae3ddda453bf5a959744e65bc05418fc1b56f5ec10ca,512,511,2.3923609256744385
S,29,a08,20,34,2362e3d4278d695e409c7b7ff1512062454f8d035bc9076dff42c632a29fb2ee,0,511,2.1473588943481445
S,29,a08,20,35,85cb58452e909342c236fc118e084fa9adcfddffc1ee3968baed9838eae6ef37,0,511,2.0546019077301025
S,29,a08,20,36,da80b33b4eb70c8d7b4c6a0fc009cedf34a39859057eb8700df906c788e6a4c8,0,511,2.3654067516326904
S,29,a08,20,37,2e3ac91c014b25eebddbb443aa8850683dfc0675b9fed2dc40ec8d5f64ec60d4,0,511,2.250267267227173
S,29,a08,20,38,3210f7ea4f8c2a390b5fc7a519a58dd185dc01a5700b89f95e427e52d0e581c9,512,511,2.9221808910369873
S,29,a08,20,39,f5e1818470b34abce111d71989de48dff1e3e4ef0271749d38438e1b6693f635,1536,511,2.3252274990081787
S,29,a08,20,40,3ce4586556ea72a70c76b9203dca8969adc500af610389007ec255f56b1e169e,1024,511,2.751530885696411
S,29,a08,20,41,7b804a7a99e4de2942ef98de42165dacd3e16b944e6a538d55df1f634a23d48e,4096,511,2.8316218852996826
S,29,a08,20,42,f6dd4f9c768666495fe711e166071758aa6c2d321def74a3ae211027ce199501,512,511,3.2250540256500244
S,29,a08,20,43,31ed14bec015eaaefb165002eb17b020eeb35031b1a592aff7d981de7c6899b3,0,511,2.347447395324707
S,29,a08,20,44,b3ff1454cd3a072b015b88f94f6d6889d9c0bd745fc7a5433df7c0d43151854e,512,511,2.6080667972564697
S,29,a08,20,45,3ee074eadb149c8da6002c76352f4113d1c896c63c6c090fd621092749233d6a,8704,511,3.144331455230713
S,29,a08,20,46,5682e8596b594de16f03e38329a00d1bff4adee96204668f946a90f5292c8136,1024,511,2.8488636016845703
S,29,a08,20,47,127630e33620c4206cd0e7ad6622f66b144b669ddf653964e56ce6654a7b32f0,3072,511,2.4782230854034424
S,29,a08,20,48,320f1288c0a9e6e7a3def263d7abab684526479abb06fc68e069fc1a9937c71d,1024,511,2.7348814010620117
S,29,a08,20,49,58ac024cd69aa321476709f7b1742c6523bf4fb12233b5b6f60d680c8fca8e8e,1536,511,2.674898386001587
S,29,a08,20,50,4f84e7678dedadbb233b28e11c014c0798eadf77020a5a8fb4d017d12c99e86d,2560,511,2.2010974884033203
S,29,a08,20,51,99db37e631f9ef519733c8a72d003864c2701de3091cf19e9eba387054fdacac,512,511,3.066380739212036
S,29,a08,20,52,0627479429bdaca6ad2b61ecd03d5b65cd330b0351b5ff8f878978d7b00c4ab2,0,511,2.5462803840637207
S,29,a08,20,53,c1e3085f9b150f54416c89fdea9cdb29ceef7e5050e94af9eafe2053fffe3e64,3584,511,2.2629618644714355
S,29,a08,20,54,0e6b290375d52c7b5c4cd74b4c7348611213caa15ca0e87d7f6426f9e0f86e04,2048,511,2.604776382446289
S,29,a08,20,55,16f297fd545d4a150c1908347430e076e51e3560238877a2eec2ac020b7d3bc9,3584,511,2.5563974380493164
S,29,a08,20,56,243408a375c7d0c1fda52538ba71d700e4d403fd2764c7491c7c1a9b7d7fd7a9,0,511,2.5954508781433105
S,29,a08,20,57,93133535594204a5a3625fc7b90ff6ad027dca329f0359370d232d4135e91bc1,512,511,2.3969931602478027
S,29,a08,20,58,7c74fa4376b1168685d5d288b916d3317d340aad3044f88d5ca673b76d875d1c,1536,511,2.3530657291412354
S,29,a08,20,59,447ea32f527637dcb6ef068962a2fabe21ec283698e144c45ed42c46e1b27772,0,511,2.6852951049804688
S,29,a08,20,60,6db7dd742bd03a22121dc39ee8773c9afa1462f4efce21abbe54dc33c4285b1f,0,511,2.414241313934326
S,29,a08,20,61,dc8a961be5dc24fc777b38869adf84cfc37bbe2f28514ceb0e344d39b7e01906,512,511,2.6833033561706543
S,29,a08,20,62,3ca10415cf1f0bc4955c7ef0d186c8e93deb4aece0aaaa5fb553b43dfe5ad2aa,0,511,2.680387258529663
S,29,a08,20,63,6e5c6769277c87aeaf9a4fd680fad1720ce04660f567befd8a9f8c68dde50f64,0,511,2.45124888420105
S,29,a08,50,0,71ff58ca29d05bef3a99fb59512ec09404e49be906888dc3ea5409ce8a54beea,0,511,2.2727878093719482
S,29,a08,50,1,47ab999a2c488609314576fac2048b7f2a92afad8f7ca0326f23f648d515f167,1536,511,2.2062103748321533
S,29,a08,50,2,c6ff7382a150214656a5c5d777769384c99d3ce7764110fc98e07e5e48fddc7e,1024,511,2.4857382774353027
S,29,a08,50,3,8739f77bc09e02e5783efc804080eff63b9ae7da7008a0e4c6412b47aa6da1c2,2048,511,2.469858407974243
S,29,a08,50,4,a7f7a2250dd6f72080e21112d92bdfd639fcbe8a5a9effd80028c67d5dddd416,0,511,2.4338204860687256
S,29,a08,50,5,06cd6da2c73e993c43345dad24088c06b24d496ffc56f5f460b58cfa49d0f3df,0,511,1.6039265394210815
S,29,a08,50,6,3adf36bb00be5fa07541f544ce8642a56fcd3a01d456650deaabc83e91d791a1,1024,511,2.618295669555664
S,29,a08,50,7,34c9eb07c804b8ee651c4da1ac1dd801fec51c064819632bd8f4f36bd685b8a1,1024,511,3.031637668609619
S,29,a08,50,8,dcd008e03034d7dcffb4b6abd6aa6f0bfdf0a28ddd0b53dd37784e7c055f10bb,1536,511,2.35109281539917
S,29,a08,50,9,4f58c96286c7c0f0417ea817ca24cf1c2db4ad3d19fdcdcf46124511fbf05b3e,512,511,2.693838119506836
S,29,a08,50,10,7c5e18ef30b2c1c37d722f19397ccdf563e0428cdde5ff6b99a902d67975541f,5120,511,2.5471086502075195
S,29,a08,50,11,47344d32192263b566ca14f66ce20553a4c76ff30204fae6639d7c1dde9a1f11,0,511,1.9741462469100952
S,29,a08,50,12,98aa6addc6d0697baff9ad72065efe34b866fb27cb0c3e094c328bb57b98cf2b,512,511,2.499082565307617
S,29,a08,50,13,d6b58a86755a3af1a5a75d162cfd31bceb70ebe76d43dfd2b64d95def0331c1b,0,511,1.7846975326538086
S,29,a08,50,14,c724dc11dc74fa10b6309922c9d014e010a88079d4ca2e3ca96ab091459b166e,0,511,2.222818374633789
S,29,a08,50,15,aad6037cda830ea2edaf38a004ae82825aa4d21585b2c0f33197a34583613c19,3072,511,2.5933821201324463
S,29,a08,50,16,b7140ecf1283718c8b44dd77fefc16ef15f5d7579ad3d6f1da94324d11081ab5,0,511,2.476513385772705
S,29,a08,50,17,7c0883960fcd42892f41d565a6eb8675b26e6a7b184fa795ec1dea269c0d78f7,2560,511,3.026519536972046
S,29,a08,50,18,e461497c8cf9867275c7b0ab55899126e69b01926436f58a64e902baf22ad1d8,1024,511,2.8167943954467773
S,29,a08,50,19,d236bd424f8c1de8ba7570984678d98d021bd9f796117156ee8c848d8b9e20df,512,511,2.028104782104492
S,29,a08,50,20,b124bcdac530f87fa8b20ed6ba5af0bdc6e2e14fe6348e8e8d9aae3bbb14d7bf,1536,511,2.4402968883514404
S,29,a08,50,21,398d9a5e65eb510a4b2165e08da91bc2e7a46f651fd4c2a7c82baca0e3f7c6f7,512,511,3.051464557647705
S,29,a08,50,22,398d4136fe8a7fe859af6d03e3be3e80b0a4a081aa81cad5dad14be6152fbb07,1024,511,2.5912153720855713
S,29,a08,50,23,27c7a212b1dd328e6abafa8ce17f190f047ff7bf7b13546651705123022fac2b,2048,511,2.5466830730438232
S,29,a08,50,24,27e29aeb84cb9b2f80dc9061f35e33eb4710e31a4bda2e0ce985e2cb4c4af0d4,512,511,2.3585715293884277
S,29,a08,50,25,a7ab0eebec8ed5155f1c0b6b257ae3e70464155e9540fc6cb19d9b21ce07adbe,0,511,2.0731024742126465
S,29,a08,50,26,87c73475752c7552f1b2dfb6631350662bd4d2392ea692266f7fd8d9d49255e6,5120,511,2.571014165878296
S,29,a08,50,27,4dfcff9cdf6a84e7dc2d2f41f4beeb5bd4a850251f084dbb833319624ea2ba03,1536,511,2.8359079360961914
S,29,a08,50,28,c6a6c920ad14f9ced5cbb1a81a695ee0d1e0cec0886071763eca3b7609793f9a,512,511,2.817115068435669
S,29,a08,50,29,602491df734b58909d0bdd64c12964094178660aa935fe328832f5ac7c783ce5,6656,511,2.9826536178588867
S,29,a08,50,30,3d3334d8bb76a4a5d2667fcaaf08e5519258c23da3c0ed35b0fb51ab7750456a,512,511,2.444047212600708
S,29,a08,50,31,a5c6bb2784e438e57e6c21063b5631ad6159e98fd0fdde6f0f393b1a6ad1ec91,0,511,2.5636515617370605
S,29,a08,50,32,a75479aadac4ab0e14588bb3dbab971354b70cbb22f67008de6af0b25ce850de,6144,511,3.0592164993286133
S,29,a08,50,33,81985a3b78086a93d7e6ae3ddda453bf5a959744e65bc05418fc1b56f5ec10ca,512,511,2.3391518592834473
S,29,a08,50,34,2362e3d4278d695e409c7b7ff1512062454f8d035bc9076dff42c632a29fb2ee,0,511,2.10203218460083
S,29,a08,50,35,85cb58452e909342c236fc118e084fa9adcfddffc1ee3968baed9838eae6ef37,0,511,1.9553213119506836
S,29,a08,50,36,da80b33b4eb70c8d7b4c6a0fc009cedf34a39859057eb8700df906c788e6a4c8,0,511,2.307203531265259
S,29,a08,50,37,2e3ac91c014b25eebddbb443aa8850683dfc0675b9fed2dc40ec8d5f64ec60d4,0,511,2.1696972846984863
S,29,a08,50,38,3210f7ea4f8c2a390b5fc7a519a58dd185dc01a5700b89f95e427e52d0e581c9,512,511,2.8327159881591797
S,29,a08,50,39,f5e1818470b34abce111d71989de48dff1e3e4ef0271749d38438e1b6693f635,1536,511,2.258729934692383
S,29,a08,50,40,3ce4586556ea72a70c76b9203dca8969adc500af610389007ec255f56b1e169e,1024,511,2.6643381118774414
S,29,a08,50,41,7b804a7a99e4de2942ef98de42165dacd3e16b944e6a538d55df1f634a23d48e,4096,511,2.74535870552063
S,29,a08,50,42,f6dd4f9c768666495fe711e166071758aa6c2d321def74a3ae211027ce199501,512,511,3.1100943088531494
S,29,a08,50,43,31ed14bec015eaaefb165002eb17b020eeb35031b1a592aff7d981de7c6899b3,0,511,2.2716920375823975
S,29,a08,50,44,b3ff1454cd3a072b015b88f94f6d6889d9c0bd745fc7a5433df7c0d43151854e,512,511,2.5414960384368896
S,29,a08,50,45,3ee074eadb149c8da6002c76352f4113d1c896c63c6c090fd621092749233d6a,8704,511,3.0665721893310547
S,29,a08,50,46,5682e8596b594de16f03e38329a00d1bff4adee96204668f946a90f5292c8136,1024,511,2.7404401302337646
S,29,a08,50,47,127630e33620c4206cd0e7ad6622f66b144b669ddf653964e56ce6654a7b32f0,3072,511,2.372295618057251
S,29,a08,50,48,320f1288c0a9e6e7a3def263d7abab684526479abb06fc68e069fc1a9937c71d,1024,511,2.6195383071899414
S,29,a08,50,49,58ac024cd69aa321476709f7b1742c6523bf4fb12233b5b6f60d680c8fca8e8e,1536,511,2.607802629470825
S,29,a08,50,50,4f84e7678dedadbb233b28e11c014c0798eadf77020a5a8fb4d017d12c99e86d,2560,511,2.108747959136963
S,29,a08,50,51,99db37e631f9ef519733c8a72d003864c2701de3091cf19e9eba387054fdacac,512,511,2.981563091278076
S,29,a08,50,52,0627479429bdaca6ad2b61ecd03d5b65cd330b0351b5ff8f878978d7b00c4ab2,0,511,2.43585467338562
S,29,a08,50,53,c1e3085f9b150f54416c89fdea9cdb29ceef7e5050e94af9eafe2053fffe3e64,3584,511,2.1723999977111816
S,29,a08,50,54,0e6b290375d52c7b5c4cd74b4c7348611213caa15ca0e87d7f6426f9e0f86e04,2048,511,2.4963324069976807
S,29,a08,50,55,16f297fd545d4a150c1908347430e076e51e3560238877a2eec2ac020b7d3bc9,3584,511,2.440760850906372
S,29,a08,50,56,243408a375c7d0c1fda52538ba71d700e4d403fd2764c7491c7c1a9b7d7fd7a9,0,511,2.483560085296631
S,29,a08,50,57,93133535594204a5a3625fc7b90ff6ad027dca329f0359370d232d4135e91bc1,512,511,2.2914063930511475
S,29,a08,50,58,7c74fa4376b1168685d5d288b916d3317d340aad3044f88d5ca673b76d875d1c,1536,511,2.2568230628967285
S,29,a08,50,59,447ea32f527637dcb6ef068962a2fabe21ec283698e144c45ed42c46e1b27772,0,511,2.5680229663848877
S,29,a08,50,60,6db7dd742bd03a22121dc39ee8773c9afa1462f4efce21abbe54dc33c4285b1f,0,511,2.3108062744140625
S,29,a08,50,61,dc8a961be5dc24fc777b38869adf84cfc37bbe2f28514ceb0e344d39b7e01906,512,511,2.605142593383789
S,29,a08,50,62,3ca10415cf1f0bc4955c7ef0d186c8e93deb4aece0aaaa5fb553b43dfe5ad2aa,0,511,2.615525960922241
S,29,a08,50,63,6e5c6769277c87aeaf9a4fd680fad1720ce04660f567befd8a9f8c68dde50f64,0,511,2.3603897094726562
S,29,a08,100,0,71ff58ca29d05bef3a99fb59512ec09404e49be906888dc3ea5409ce8a54beea,0,511,2.169363498687744
S,29,a08,100,1,47ab999a2c488609314576fac2048b7f2a92afad8f7ca0326f23f648d515f167,1536,511,2.120974063873291
S,29,a08,100,2,c6ff7382a150214656a5c5d777769384c99d3ce7764110fc98e07e5e48fddc7e,1024,511,2.4149723052978516
S,29,a08,100,3,8739f77bc09e02e5783efc804080eff63b9ae7da7008a0e4c6412b47aa6da1c2,2048,511,2.376451253890991
S,29,a08,100,4,a7f7a2250dd6f72080e21112d92bdfd639fcbe8a5a9effd80028c67d5dddd416,0,511,2.3429105281829834
S,29,a08,100,5,06cd6da2c73e993c43345dad24088c06b24d496ffc56f5f460b58cfa49d0f3df,0,511,1.5230289697647095
S,29,a08,100,6,3adf36bb00be5fa07541f544ce8642a56fcd3a01d456650deaabc83e91d791a1,1024,511,2.474064588546753
S,29,a08,100,7,34c9eb07c804b8ee651c4da1ac1dd801fec51c064819632bd8f4f36bd685b8a1,1024,511,2.895787000656128
S,29,a08,100,8,dcd008e03034d7dcffb4b6abd6aa6f0bfdf0a28ddd0b53dd37784e7c055f10bb,1536,511,2.225296974182129
S,29,a08,100,9,4f58c96286c7c0f0417ea817ca24cf1c2db4ad3d19fdcdcf46124511fbf05b3e,512,511,2.5474753379821777
S,29,a08,100,10,7c5e18ef30b2c1c37d722f19397ccdf563e0428cdde5ff6b99a902d67975541f,5120,511,2.4583520889282227
S,29,a08,100,11,47344d32192263b566ca14f66ce20553a4c76ff30204fae6639d7c1dde9a1f11,0,511,1.8843082189559937
S,29,a08,100,12,98aa6addc6d0697baff9ad72065efe34b866fb27cb0c3e094c328bb57b98cf2b,512,511,2.445244073867798
S,29,a08,100,13,d6b58a86755a3af1a5a75d162cfd31bceb70ebe76d43dfd2b64d95def0331c1b,0,511,1.631569266319275
S,29,a08,100,14,c724dc11dc74fa10b6309922c9d014e010a88079d4ca2e3ca96ab091459b166e,0,511,2.099069356918335
S,29,a08,100,15,aad6037cda830ea2edaf38a004ae82825aa4d21585b2c0f33197a34583613c19,3072,511,2.4994258880615234
S,29,a08,100,16,b7140ecf1283718c8b44dd77fefc16ef15f5d7579ad3d6f1da94324d11081ab5,0,511,2.3884050846099854
S,29,a08,100,17,7c0883960fcd42892f41d565a6eb8675b26e6a7b184fa795ec1dea269c0d78f7,2560,511,2.93949556350708
S,29,a08,100,18,e461497c8cf9867275c7b0ab55899126e69b01926436f58a64e902baf22ad1d8,1024,511,2.7383251190185547
S,29,a08,100,19,d236bd424f8c1de8ba7570984678d98d021bd9f796117156ee8c848d8b9e20df,512,511,1.8751230239868164
S,29,a08,100,20,b124bcdac530f87fa8b20ed6ba5af0bdc6e2e14fe6348e8e8d9aae3bbb14d7bf,1536,511,2.3387246131896973
S,29,a08,100,21,398d9a5e65eb510a4b2165e08da91bc2e7a46f651fd4c2a7c82baca0e3f7c6f7,512,511,2.9712936878204346
S,29,a08,100,22,398d4136fe8a7fe859af6d03e3be3e80b0a4a081aa81cad5dad14be6152fbb07,1024,511,2.4565510749816895
S,29,a08,100,23,27c7a212b1dd328e6abafa8ce17f190f047ff7bf7b13546651705123022fac2b,2048,511,2.429187059402466
S,29,a08,100,24,27e29aeb84cb9b2f80dc9061f35e33eb4710e31a4bda2e0ce985e2cb4c4af0d4,512,511,2.2607972621917725
S,29,a08,100,25,a7ab0eebec8ed5155f1c0b6b257ae3e70464155e9540fc6cb19d9b21ce07adbe,0,511,1.9690468311309814
S,29,a08,100,26,87c73475752c7552f1b2dfb6631350662bd4d2392ea692266f7fd8d9d49255e6,5120,511,2.481039047241211
S,29,a08,100,27,4dfcff9cdf6a84e7dc2d2f41f4beeb5bd4a850251f084dbb833319624ea2ba03,1536,511,2.6818289756774902
S,29,a08,100,28,c6a6c920ad14f9ced5cbb1a81a695ee0d1e0cec0886071763eca3b7609793f9a,512,511,2.7198498249053955
S,29,a08,100,29,602491df734b58909d0bdd64c12964094178660aa935fe328832f5ac7c783ce5,6656,511,2.8921875953674316
S,29,a08,100,30,3d3334d8bb76a4a5d2667fcaaf08e5519258c23da3c0ed35b0fb51ab7750456a,512,511,2.3207106590270996
S,29,a08,100,31,a5c6bb2784e438e57e6c21063b5631ad6159e98fd0fdde6f0f393b1a6ad1ec91,0,511,2.4034574031829834
S,29,a08,100,32,a75479aadac4ab0e14588bb3dbab971354b70cbb22f67008de6af0b25ce850de,6144,511,3.00138521194458
S,29,a08,100,33,81985a3b78086a93d7e6ae3ddda453bf5a959744e65bc05418fc1b56f5ec10ca,512,511,2.2334258556365967
S,29,a08,100,34,2362e3d4278d695e409c7b7ff1512062454f8d035bc9076dff42c632a29fb2ee,0,511,1.9884634017944336
S,29,a08,100,35,85cb58452e909342c236fc118e084fa9adcfddffc1ee3968baed9838eae6ef37,0,511,1.870774745941162
S,29,a08,100,36,da80b33b4eb70c8d7b4c6a0fc009cedf34a39859057eb8700df906c788e6a4c8,0,511,2.1965951919555664
S,29,a08,100,37,2e3ac91c014b25eebddbb443aa8850683dfc0675b9fed2dc40ec8d5f64ec60d4,0,511,2.0363597869873047
S,29,a08,100,38,3210f7ea4f8c2a390b5fc7a519a58dd185dc01a5700b89f95e427e52d0e581c9,512,511,2.7129743099212646
S,29,a08,100,39,f5e1818470b34abce111d71989de48dff1e3e4ef0271749d38438e1b6693f635,1536,511,2.153366804122925
S,29,a08,100,40,3ce4586556ea72a70c76b9203dca8969adc500af610389007ec255f56b1e169e,1024,511,2.5601179599761963
S,29,a08,100,41,7b804a7a99e4de2942ef98de42165dacd3e16b944e6a538d55df1f634a23d48e,4096,511,2.6592819690704346
S,29,a08,100,42,f6dd4f9c768666495fe711e166071758aa6c2d321def74a3ae211027ce199501,512,511,3.0067689418792725
S,29,a08,100,43,31ed14bec015eaaefb165002eb17b020eeb35031b1a592aff7d981de7c6899b3,0,511,2.1861767768859863
S,29,a08,100,44,b3ff1454cd3a072b015b88f94f6d6889d9c0bd745fc7a5433df7c0d43151854e,512,511,2.4272613525390625
S,29,a08,100,45,3ee074eadb149c8da6002c76352f4113d1c896c63c6c090fd621092749233d6a,8704,511,2.966392755508423
S,29,a08,100,46,5682e8596b594de16f03e38329a00d1bff4adee96204668f946a90f5292c8136,1024,511,2.671743154525757
S,29,a08,100,47,127630e33620c4206cd0e7ad6622f66b144b669ddf653964e56ce6654a7b32f0,3072,511,2.2561447620391846
S,29,a08,100,48,320f1288c0a9e6e7a3def263d7abab684526479abb06fc68e069fc1a9937c71d,1024,511,2.485119342803955
S,29,a08,100,49,58ac024cd69aa321476709f7b1742c6523bf4fb12233b5b6f60d680c8fca8e8e,1536,511,2.536381959915161
S,29,a08,100,50,4f84e7678dedadbb233b28e11c014c0798eadf77020a5a8fb4d017d12c99e86d,2560,511,2.0011181831359863
S,29,a08,100,51,99db37e631f9ef519733c8a72d003864c2701de3091cf19e9eba387054fdacac,512,511,2.8978748321533203
S,29,a08,100,52,0627479429bdaca6ad2b61ecd03d5b65cd330b0351b5ff8f878978d7b00c4ab2,0,511,2.3187992572784424
S,29,a08,100,53,c1e3085f9b150f54416c89fdea9cdb29ceef7e5050e94af9eafe2053fffe3e64,3584,511,2.076934814453125
S,29,a08,100,54,0e6b290375d52c7b5c4cd74b4c7348611213caa15ca0e87d7f6426f9e0f86e04,2048,511,2.398679494857788
S,29,a08,100,55,16f297fd545d4a150c1908347430e076e51e3560238877a2eec2ac020b7d3bc9,3584,511,2.3463947772979736
S,29,a08,100,56,243408a375c7d0c1fda52538ba71d700e4d403fd2764c7491c7c1a9b7d7fd7a9,0,511,2.33670711517334
S,29,a08,100,57,93133535594204a5a3625fc7b90ff6ad027dca329f0359370d232d4135e91bc1,512,511,2.110625743865967
S,29,a08,100,58,7c74fa4376b1168685d5d288b916d3317d340aad3044f88d5ca673b76d875d1c,1536,511,2.146627187728882
S,29,a08,100,59,447ea32f527637dcb6ef068962a2fabe21ec283698e144c45ed42c46e1b27772,0,511,2.4671061038970947
S,29,a08,100,60,6db7dd742bd03a22121dc39ee8773c9afa1462f4efce21abbe54dc33c4285b1f,0,511,2.1868059635162354
S,29,a08,100,61,dc8a961be5dc24fc777b38869adf84cfc37bbe2f28514ceb0e344d39b7e01906,512,511,2.473482847213745
S,29,a08,100,62,3ca10415cf1f0bc4955c7ef0d186c8e93deb4aece0aaaa5fb553b43dfe5ad2aa,0,511,2.506774663925171
S,29,a08,100,63,6e5c6769277c87aeaf9a4fd680fad1720ce04660f567befd8a9f8c68dde50f64,0,511,2.2403624057769775
S,29,a09,0,0,71ff58ca29d05bef3a99fb59512ec09404e49be906888dc3ea5409ce8a54beea,0,511,2.3739264011383057
S,29,a09,0,1,47ab999a2c488609314576fac2048b7f2a92afad8f7ca0326f23f648d515f167,1536,511,2.2803642749786377
S,29,a09,0,2,c6ff7382a150214656a5c5d777769384c99d3ce7764110fc98e07e5e48fddc7e,1024,511,2.616454601287842
S,29,a09,0,3,8739f77bc09e02e5783efc804080eff63b9ae7da7008a0e4c6412b47aa6da1c2,2048,511,2.622875213623047
S,29,a09,0,4,a7f7a2250dd6f72080e21112d92bdfd639fcbe8a5a9effd80028c67d5dddd416,0,511,2.567115306854248
S,29,a09,0,5,06cd6da2c73e993c43345dad24088c06b24d496ffc56f5f460b58cfa49d0f3df,0,511,1.78401517868042
S,29,a09,0,6,3adf36bb00be5fa07541f544ce8642a56fcd3a01d456650deaabc83e91d791a1,1024,511,2.8012032508850098
S,29,a09,0,7,34c9eb07c804b8ee651c4da1ac1dd801fec51c064819632bd8f4f36bd685b8a1,1024,511,3.1885013580322266
S,29,a09,0,8,dcd008e03034d7dcffb4b6abd6aa6f0bfdf0a28ddd0b53dd37784e7c055f10bb,1536,511,2.4676921367645264
S,29,a09,0,9,4f58c96286c7c0f0417ea817ca24cf1c2db4ad3d19fdcdcf46124511fbf05b3e,512,511,2.9181714057922363
S,29,a09,0,10,7c5e18ef30b2c1c37d722f19397ccdf563e0428cdde5ff6b99a902d67975541f,5120,511,2.7007226943969727
S,29,a09,0,11,47344d32192263b566ca14f66ce20553a4c76ff30204fae6639d7c1dde9a1f11,0,511,2.096127510070801
S,29,a09,0,12,98aa6addc6d0697baff9ad72065efe34b866fb27cb0c3e094c328bb57b98cf2b,512,511,2.612070322036743
S,29,a09,0,13,d6b58a86755a3af1a5a75d162cfd31bceb70ebe76d43dfd2b64d95def0331c1b,0,511,2.048203706741333
S,29,a09,0,14,c724dc11dc74fa10b6309922c9d014e010a88079d4ca2e3ca96ab091459b166e,0,511,2.3928723335266113
S,29,a09,0,15,aad6037cda830ea2edaf38a004ae82825aa4d21585b2c0f33197a34583613c19,3072,511,2.664421319961548
S,29,a09,0,16,b7140ecf1283718c8b44dd77fefc16ef15f5d7579ad3d6f1da94324d11081ab5,0,511,2.587048292160034
S,29,a09,0,17,7c0883960fcd42892f41d565a6eb8675b26e6a7b184fa795ec1dea269c0d78f7,2560,511,3.1892919540405273
S,29,a09,0,18,e461497c8cf9867275c7b0ab55899126e69b01926436f58a64e902baf22ad1d8,1024,511,2.9836089611053467
S,29,a09,0,19,d236bd424f8c1de8ba7570984678d98d021bd9f796117156ee8c848d8b9e20df,512,511,2.131913900375366
S,29,a09,0,20,b124bcdac530f87fa8b20ed6ba5af0bdc6e2e14fe6348e8e8d9aae3bbb14d7bf,1536,511,2.6041178703308105
S,29,a09,0,21,398d9a5e65eb510a4b2165e08da91bc2e7a46f651fd4c2a7c82baca0e3f7c6f7,512,511,3.2470836639404297
S,29,a09,0,22,398d4136fe8a7fe859af6d03e3be3e80b0a4a081aa81cad5dad14be6152fbb07,1024,511,2.803797483444214
S,29,a09,0,23,27c7a212b1dd328e6abafa8ce17f190f047ff7bf7b13546651705123022fac2b,2048,511,2.7398881912231445
S,29,a09,0,24,27e29aeb84cb9b2f80dc9061f35e33eb4710e31a4bda2e0ce985e2cb4c4af0d4,512,511,2.5281083583831787
S,29,a09,0,25,a7ab0eebec8ed5155f1c0b6b257ae3e70464155e9540fc6cb19d9b21ce07adbe,0,511,2.2723388671875
S,29,a09,0,26,87c73475752c7552f1b2dfb6631350662bd4d2392ea692266f7fd8d9d49255e6,5120,511,2.695802688598633
S,29,a09,0,27,4dfcff9cdf6a84e7dc2d2f41f4beeb5bd4a850251f084dbb833319624ea2ba03,1536,511,2.913785219192505
S,29,a09,0,28,c6a6c920ad14f9ced5cbb1a81a695ee0d1e0cec0886071763eca3b7609793f9a,512,511,3.0330283641815186
S,29,a09,0,29,602491df734b58909d0bdd64c12964094178660aa935fe328832f5ac7c783ce5,6656,511,3.1107547283172607
S,29,a09,0,30,3d3334d8bb76a4a5d2667fcaaf08e5519258c23da3c0ed35b0fb51ab7750456a,512,511,2.580338716506958
S,29,a09,0,31,a5c6bb2784e438e57e6c21063b5631ad6159e98fd0fdde6f0f393b1a6ad1ec91,0,511,2.748823404312134
S,29,a09,0,32,a75479aadac4ab0e14588bb3dbab971354b70cbb22f67008de6af0b25ce850de,6144,511,3.221877336502075
S,29,a09,0,33,81985a3b78086a93d7e6ae3ddda453bf5a959744e65bc05418fc1b56f5ec10ca,512,511,2.5105350017547607
S,29,a09,0,34,2362e3d4278d695e409c7b7ff1512062454f8d035bc9076dff42c632a29fb2ee,0,511,2.2741713523864746
S,29,a09,0,35,85cb58452e909342c236fc118e084fa9adcfddffc1ee3968baed9838eae6ef37,0,511,2.080672264099121
S,29,a09,0,36,da80b33b4eb70c8d7b4c6a0fc009cedf34a39859057eb8700df906c788e6a4c8,0,511,2.443516254425049
S,29,a09,0,37,2e3ac91c014b25eebddbb443aa8850683dfc0675b9fed2dc40ec8d5f64ec60d4,0,511,2.3258118629455566
S,29,a09,0,38,3210f7ea4f8c2a390b5fc7a519a58dd185dc01a5700b89f95e427e52d0e581c9,512,511,2.999429941177368
S,29,a09,0,39,f5e1818470b34abce111d71989de48dff1e3e4ef0271749d38438e1b6693f635,1536,511,2.3611016273498535
S,29,a09,0,40,3ce4586556ea72a70c76b9203dca8969adc500af610389007ec255f56b1e169e,1024,511,2.7580196857452393
S,29,a09,0,41,7b804a7a99e4de2942ef98de42165dacd3e16b944e6a538d55df1f634a23d48e,4096,511,2.871194362640381
S,29,a09,0,42,f6dd4f9c768666495fe711e166071758aa6c2d321def74a3ae211027ce199501,512,511,3.2525110244750977
S,29,a09,0,43,31ed14bec015eaaefb165002eb17b020eeb35031b1a592aff7d981de7c6899b3,0,511,2.419220447540283
S,29,a09,0,44,b3ff1454cd3a072b015b88f94f6d6889d9c0bd745fc7a5433df7c0d43151854e,512,511,2.643925428390503
S,29,a09,0,45,3ee074eadb149c8da6002c76352f4113d1c896c63c6c090fd621092749233d6a,8704,511,3.232903003692627
S,29,a09,0,46,5682e8596b594de16f03e38329a00d1bff4adee96204668f946a90f5292c8136,1024,511,2.8921666145324707
S,29,a09,0,47,127630e33620c4206cd0e7ad6622f66b144b669ddf653964e56ce6654a7b32f0,3072,511,2.503091335296631
S,29,a09,0,48,320f1288c0a9e6e7a3def263d7abab684526479abb06fc68e069fc1a9937c71d,1024,511,2.7953388690948486
S,29,a09,0,49,58ac024cd69aa321476709f7b1742c6523bf4fb12233b5b6f60d680c8fca8e8e,1536,511,2.7133820056915283
S,29,a09,0,50,4f84e7678dedadbb233b28e11c014c0798eadf77020a5a8fb4d017d12c99e86d,2560,511,2.247055768966675
S,29,a09,0,51,99db37e631f9ef519733c8a72d003864c2701de3091cf19e9eba387054fdacac,512,511,3.131499767303467
S,29,a09,0,52,0627479429bdaca6ad2b61ecd03d5b65cd330b0351b5ff8f878978d7b00c4ab2,0,511,2.6028053760528564
S,29,a09,0,53,c1e3085f9b150f54416c89fdea9cdb29ceef7e5050e94af9eafe2053fffe3e64,3584,511,2.3402397632598877
S,29,a09,0,54,0e6b290375d52c7b5c4cd74b4c7348611213caa15ca0e87d7f6426f9e0f86e04,2048,511,2.674361228942871
S,29,a09,0,55,16f297fd545d4a150c1908347430e076e51e3560238877a2eec2ac020b7d3bc9,3584,511,2.62857985496521
S,29,a09,0,56,243408a375c7d0c1fda52538ba71d700e4d403fd2764c7491c7c1a9b7d7fd7a9,0,511,2.694410562515259
S,29,a09,0,57,93133535594204a5a3625fc7b90ff6ad027dca329f0359370d232d4135e91bc1,512,511,2.4219839572906494
S,29,a09,0,58,7c74fa4376b1168685d5d288b916d3317d340aad3044f88d5ca673b76d875d1c,1536,511,2.4042696952819824
S,29,a09,0,59,447ea32f527637dcb6ef068962a2fabe21ec283698e144c45ed42c46e1b27772,0,511,2.707428216934204
S,29,a09,0,60,6db7dd742bd03a22121dc39ee8773c9afa1462f4efce21abbe54dc33c4285b1f,0,511,2.4599289894104004
S,29,a09,0,61,dc8a961be5dc24fc777b38869adf84cfc37bbe2f28514ceb0e344d39b7e01906,512,511,2.814065456390381
S,29,a09,0,62,3ca10415cf1f0bc4955c7ef0d186c8e93deb4aece0aaaa5fb553b43dfe5ad2aa,0,511,2.7157249450683594
S,29,a09,0,63,6e5c6769277c87aeaf9a4fd680fad1720ce04660f567befd8a9f8c68dde50f64,0,511,2.5237038135528564
S,29,a09,20,0,71ff58ca29d05bef3a99fb59512ec09404e49be906888dc3ea5409ce8a54beea,0,511,2.351428985595703
S,29,a09,20,1,47ab999a2c488609314576fac2048b7f2a92afad8f7ca0326f23f648d515f167,1536,511,2.2526066303253174
S,29,a09,20,2,c6ff7382a150214656a5c5d777769384c99d3ce7764110fc98e07e5e48fddc7e,1024,511,2.5457561016082764
S,29,a09,20,3,8739f77bc09e02e5783efc804080eff63b9ae7da7008a0e4c6412b47aa6da1c2,2048,511,2.563652992248535
S,29,a09,20,4,a7f7a2250dd6f72080e21112d92bdfd639fcbe8a5a9effd80028c67d5dddd416,0,511,2.5281636714935303
S,29,a09,20,5,06cd6da2c73e993c43345dad24088c06b24d496ffc56f5f460b58cfa49d0f3df,0,511,1.7425458431243896
S,29,a09,20,6,3adf36bb00be5fa07541f544ce8642a56fcd3a01d456650deaabc83e91d791a1,1024,511,2.751312732696533
S,29,a09,20,7,34c9eb07c804b8ee651c4da1ac1dd801fec51c064819632bd8f4f36bd685b8a1,1024,511,3.113389730453491
S,29,a09,20,8,dcd008e03034d7dcffb4b6abd6aa6f0bfdf0a28ddd0b53dd37784e7c055f10bb,1536,511,2.4390525817871094
S,29,a09,20,9,4f58c96286c7c0f0417ea817ca24cf1c2db4ad3d19fdcdcf46124511fbf05b3e,512,511,2.8558509349823
S,29,a09,20,10,7c5e18ef30b2c1c37d722f19397ccdf563e0428cdde5ff6b99a902d67975541f,5120,511,2.6645212173461914
S,29,a09,20,11,47344d32192263b566ca14f66ce20553a4c76ff30204fae6639d7c1dde9a1f11,0,511,2.0494539737701416
S,29,a09,20,12,98aa6addc6d0697baff9ad72065efe34b866fb27cb0c3e094c328bb57b98cf2b,512,511,2.5558297634124756
S,29,a09,20,13,d6b58a86755a3af1a5a75d162cfd31bceb70ebe76d43dfd2b64d95def0331c1b,0,511,1.9710501432418823
S,29,a09,20,14,c724dc11dc74fa10b6309922c9d014e010a88079d4ca2e3ca96ab091459b166e,0,511,2.328045606613159
S,29,a09,20,15,aad6037cda830ea2edaf38a004ae82825aa4d21585b2c0f33197a34583613c19,3072,511,2.6310031414031982
S,29,a09,20,16,b7140ecf1283718c8b44dd77fefc16ef15f5d7579ad3d6f1da94324d11081ab5,0,511,2.5563805103302
S,29,a09,20,17,7c0883960fcd42892f41d565a6eb8675b26e6a7b184fa795ec1dea269c0d78f7,2560,511,3.1404855251312256
S,29,a09,20,18,e461497c8cf9867275c7b0ab55899126e69b01926436f58a64e902baf22ad1d8,1024,511,2.9446818828582764
S,29,a09,20,19,d236bd424f8c1de8ba7570984678d98d021bd9f796117156ee8c848d8b9e20df,512,511,2.0987648963928223
S,29,a09,20,20,b124bcdac530f87fa8b20ed6ba5af0bdc6e2e14fe6348e8e8d9aae3bbb14d7bf,1536,511,2.542701482772827
S,29,a09,20,21,398d9a5e65eb510a4b2165e08da91bc2e7a46f651fd4c2a7c82baca0e3f7c6f7,512,511,3.2208383083343506
S,29,a09,20,22,398d4136fe8a7fe859af6d03e3be3e80b0a4a081aa81cad5dad14be6152fbb07,1024,511,2.7800261974334717
S,29,a09,20,23,27c7a212b1dd328e6abafa8ce17f190f047ff7bf7b13546651705123022fac2b,2048,511,2.651160478591919
S,29,a09,20,24,27e29aeb84cb9b2f80dc9061f35e33eb4710e31a4bda2e0ce985e2cb4c4af0d4,512,511,2.5075111389160156
S,29,a09,20,25,a7ab0eebec8ed5155f1c0b6b257ae3e70464155e9540fc6cb19d9b21ce07adbe,0,511,2.199101686477661
S,29,a09,20,26,87c73475752c7552f1b2dfb6631350662bd4d2392ea692266f7fd8d9d49255e6,5120,511,2.628284454345703
S,29,a09,20,27,4dfcff9cdf6a84e7dc2d2f41f4beeb5bd4a850251f084dbb833319624ea2ba03,1536,511,2.8839704990386963
S,29,a09,20,28,c6a6c920ad14f9ced5cbb1a81a695ee0d1e0cec0886071763eca3b7609793f9a,512,511,3.0112130641937256
S,29,a09,20,29,602491df734b58909d0bdd64c12964094178660aa935fe328832f5ac7c783ce5,6656,511,3.0664169788360596
S,29,a09,20,30,3d3334d8bb76a4a5d2667fcaaf08e5519258c23da3c0ed35b0fb51ab7750456a,512,511,2.5143308639526367
S,29,a09,20,31,a5c6bb2784e438e57e6c21063b5631ad6159e98fd0fdde6f0f393b1a6ad1ec91,0,511,2.6816954612731934
S,29,a09,20,32,a75479aadac4ab0e14588bb3dbab971354b70cbb22f67008de6af0b25ce850de,6144,511,3.1654813289642334
S,29,a09,20,33,81985a3b78086a93d7e6ae3ddda453bf5a959744e65bc05418fc1b56f5ec10ca,512,511,2.4428353309631348
S,29,a09,20,34,2362e3d4278d695e409c7b7ff1512062454f8d035bc9076dff42c632a29fb2ee,0,511,2.223182439804077
S,29,a09,20,35,85cb58452e909342c236fc118e084fa9adcfddffc1ee3968baed9838eae6ef37,0,511,2.0443685054779053
S,29,a09,20,36,da80b33b4eb70c8d7b4c6a0fc009cedf34a39859057eb8700df906c788e6a4c8,0,511,2.3946797847747803
S,29,a09,20,37,2e3ac91c014b25eebddbb443aa8850683dfc0675b9fed2dc40ec8d5f64ec60d4,0,511,2.290248394012451
S,29,a09,20,38,3210f7ea4f8c2a390b5fc7a519a58dd185dc01a5700b89f95e427e52d0e581c9,512,511,2.957077980041504
S,29,a09,20,39,f5e1818470b34abce111d71989de48dff1e3e4ef0271749d38438e1b6693f635,1536,511,2.33542537689209
S,29,a09,20,40,3ce4586556ea72a70c76b9203dca8969adc500af610389007ec255f56b1e169e,1024,511,2.7263541221618652
S,29,a09,20,41,7b804a7a99e4de2942ef98de42165dacd3e16b944e6a538d55df1f634a23d48e,4096,511,2.853717803955078
S,29,a09,20,42,f6dd4f9c768666495fe711e166071758aa6c2d321def74a3ae211027ce199501,512,511,3.2124714851379395
S,29,a09,20,43,31ed14bec015eaaefb165002eb17b020eeb35031b1a592aff7d981de7c6899b3,0,511,2.374796152114868
S,29,a09,20,44,b3ff1454cd3a072b015b88f94f6d6889d9c0bd745fc7a5433df7c0d43151854e,512,511,2.615030527114868
S,29,a09,20,45,3ee074eadb149c8da6002c76352f4113d1c896c63c6c090fd621092749233d6a,8704,511,3.178837537765503
S,29,a09,20,46,5682e8596b594de16f03e38329a00d1bff4adee96204668f946a90f5292c8136,1024,511,2.824192523956299
S,29,a09,20,47,127630e33620c4206cd0e7ad6622f66b144b669ddf653964e56ce6654a7b32f0,3072,511,2.4638946056365967
S,29,a09,20,48,320f1288c0a9e6e7a3def263d7abab684526479abb06fc68e069fc1a9937c71d,1024,511,2.7546539306640625
S,29,a09,20,49,58ac024cd69aa321476709f7b1742c6523bf4fb12233b5b6f60d680c8fca8e8e,1536,511,2.6720163822174072
S,29,a09,20,50,4f84e7678dedadbb233b28e11c014c0798eadf77020a5a8fb4d017d12c99e86d,2560,511,2.2107908725738525
S,29,a09,20,51,99db37e631f9ef519733c8a72d003864c2701de3091cf19e9eba387054fdacac,512,511,3.1133012771606445
S,29,a09,20,52,0627479429bdaca6ad2b61ecd03d5b65cd330b0351b5ff8f878978d7b00c4ab2,0,511,2.5534889698028564
S,29,a09,20,53,c1e3085f9b150f54416c89fdea9cdb29ceef7e5050e94af9eafe2053fffe3e64,3584,511,2.2752182483673096
S,29,a09,20,54,0e6b290375d52c7b5c4cd74b4c7348611213caa15ca0e87d7f6426f9e0f86e04,2048,511,2.6406466960906982
S,29,a09,20,55,16f297fd545d4a150c1908347430e076e51e3560238877a2eec2ac020b7d3bc9,3584,511,2.585263729095459
S,29,a09,20,56,243408a375c7d0c1fda52538ba71d700e4d403fd2764c7491c7c1a9b7d7fd7a9,0,511,2.6485183238983154
S,29,a09,20,57,93133535594204a5a3625fc7b90ff6ad027dca329f0359370d232d4135e91bc1,512,511,2.390693426132202
S,29,a09,20,58,7c74fa4376b1168685d5d288b916d3317d340aad3044f88d5ca673b76d875d1c,1536,511,2.3729424476623535
S,29,a09,20,59,447ea32f527637dcb6ef068962a2fabe21ec283698e144c45ed42c46e1b27772,0,511,2.6557435989379883
S,29,a09,20,60,6db7dd742bd03a22121dc39ee8773c9afa1462f4efce21abbe54dc33c4285b1f,0,511,2.4298157691955566
S,29,a09,20,61,dc8a961be5dc24fc777b38869adf84cfc37bbe2f28514ceb0e344d39b7e01906,512,511,2.74086332321167
S,29,a09,20,62,3ca10415cf1f0bc4955c7ef0d186c8e93deb4aece0aaaa5fb553b43dfe5ad2aa,0,511,2.6715736389160156
S,29,a09,20,63,6e5c6769277c87aeaf9a4fd680fad1720ce04660f567befd8a9f8c68dde50f64,0,511,2.481586217880249
S,29,a09,50,0,71ff58ca29d05bef3a99fb59512ec09404e49be906888dc3ea5409ce8a54beea,0,511,2.278700590133667
S,29,a09,50,1,47ab999a2c488609314576fac2048b7f2a92afad8f7ca0326f23f648d515f167,1536,511,2.2028465270996094
S,29,a09,50,2,c6ff7382a150214656a5c5d777769384c99d3ce7764110fc98e07e5e48fddc7e,1024,511,2.4371938705444336
S,29,a09,50,3,8739f77bc09e02e5783efc804080eff63b9ae7da7008a0e4c6412b47aa6da1c2,2048,511,2.4283392429351807
S,29,a09,50,4,a7f7a2250dd6f72080e21112d92bdfd639fcbe8a5a9effd80028c67d5dddd416,0,511,2.4555258750915527
S,29,a09,50,5,06cd6da2c73e993c43345dad24088c06b24d496ffc56f5f460b58cfa49d0f3df,0,511,1.607408046722412
S,29,a09,50,6,3adf36bb00be5fa07541f544ce8642a56fcd3a01d456650deaabc83e91d791a1,1024,511,2.6062307357788086
S,29,a09,50,7,34c9eb07c804b8ee651c4da1ac1dd801fec51c064819632bd8f4f36bd685b8a1,1024,511,2.9964640140533447
S,29,a09,50,8,dcd008e03034d7dcffb4b6abd6aa6f0bfdf0a28ddd0b53dd37784e7c055f10bb,1536,511,2.3069090843200684
S,29,a09,50,9,4f58c96286c7c0f0417ea817ca24cf1c2db4ad3d19fdcdcf46124511fbf05b3e,512,511,2.712139844894409
S,29,a09,50,10,7c5e18ef30b2c1c37d722f19397ccdf563e0428cdde5ff6b99a902d67975541f,5120,511,2.5518815517425537
S,29,a09,50,11,47344d32192263b566ca14f66ce20553a4c76ff30204fae6639d7c1dde9a1f11,0,511,1.9541926383972168
S,29,a09,50,12,98aa6addc6d0697baff9ad72065efe34b866fb27cb0c3e094c328bb57b98cf2b,512,511,2.4822959899902344
S,29,a09,50,13,d6b58a86755a3af1a5a75d162cfd31bceb70ebe76d43dfd2b64d95def0331c1b,0,511,1.7971594333648682
S,29,a09,50,14,c724dc11dc74fa10b6309922c9d014e010a88079d4ca2e3ca96ab091459b166e,0,511,2.223906993865967
S,29,a09,50,15,aad6037cda830ea2edaf38a004ae82825aa4d21585b2c0f33197a34583613c19,3072,511,2.565809965133667
S,29,a09,50,16,b7140ecf1283718c8b44dd77fefc16ef15f5d7579ad3d6f1da94324d11081ab5,0,511,2.4718680381774902
S,29,a09,50,17,7c0883960fcd42892f41d565a6eb8675b26e6a7b184fa795ec1dea269c0d78f7,2560,511,3.029466152191162
S,29,a09,50,18,e461497c8cf9867275c7b0ab55899126e69b01926436f58a64e902baf22ad1d8,1024,511,2.811591148376465
S,29,a09,50,19,d236bd424f8c1de8ba7570984678d98d021bd9f796117156ee8c848d8b9e20df,512,511,1.9875980615615845
S,29,a09,50,20,b124bcdac530f87fa8b20ed6ba5af0bdc6e2e14fe6348e8e8d9aae3bbb14d7bf,1536,511,2.4269707202911377
S,29,a09,50,21,398d9a5e65eb510a4b2165e08da91bc2e7a46f651fd4c2a7c82baca0e3f7c6f7,512,511,3.1347999572753906
S,29,a09,50,22,398d4136fe8a7fe859af6d03e3be3e80b0a4a081aa81cad5dad14be6152fbb07,1024,511,2.5958609580993652
S,29,a09,50,23,27c7a212b1dd328e6abafa8ce17f190f047ff7bf7b13546651705123022fac2b,2048,511,2.5154027938842773
S,29,a09,50,24,27e29aeb84cb9b2f80dc9061f35e33eb4710e31a4bda2e0ce985e2cb4c4af0d4,512,511,2.37860369682312
S,29,a09,50,25,a7ab0eebec8ed5155f1c0b6b257ae3e70464155e9540fc6cb19d9b21ce07adbe,0,511,2.0768942832946777
S,29,a09,50,26,87c73475752c7552f1b2dfb6631350662bd4d2392ea692266f7fd8d9d49255e6,5120,511,2.5254158973693848
S,29,a09,50,27,4dfcff9cdf6a84e7dc2d2f41f4beeb5bd4a850251f084dbb833319624ea2ba03,1536,511,2.787518262863159
S,29,a09,50,28,c6a6c920ad14f9ced5cbb1a81a695ee0d1e0cec0886071763eca3b7609793f9a,512,511,2.8630177974700928
S,29,a09,50,29,602491df734b58909d0bdd64c12964094178660aa935fe328832f5ac7c783ce5,6656,511,2.9610159397125244
S,29,a09,50,30,3d3334d8bb76a4a5d2667fcaaf08e5519258c23da3c0ed35b0fb51ab7750456a,512,511,2.449300765991211
S,29,a09,50,31,a5c6bb2784e438e57e6c21063b5631ad6159e98fd0fdde6f0f393b1a6ad1ec91,0,511,2.552884817123413
S,29,a09,50,32,a75479aadac4ab0e14588bb3dbab971354b70cbb22f67008de6af0b25ce850de,6144,511,3.027836799621582
S,29,a09,50,33,81985a3b78086a93d7e6ae3ddda453bf5a959744e65bc05418fc1b56f5ec10ca,512,511,2.3071107864379883
S,29,a09,50,34,2362e3d4278d695e409c7b7ff1512062454f8d035bc9076dff42c632a29fb2ee,0,511,2.1201155185699463
S,29,a09,50,35,85cb58452e909342c236fc118e084fa9adcfddffc1ee3968baed9838eae6ef37,0,511,1.9407668113708496
S,29,a09,50,36,da80b33b4eb70c8d7b4c6a0fc009cedf34a39859057eb8700df906c788e6a4c8,0,511,2.289019823074341
S,29,a09,50,37,2e3ac91c014b25eebddbb443aa8850683dfc0675b9fed2dc40ec8d5f64ec60d4,0,511,2.1505887508392334
S,29,a09,50,38,3210f7ea4f8c2a390b5fc7a519a58dd185dc01a5700b89f95e427e52d0e581c9,512,511,2.8225390911102295
S,29,a09,50,39,f5e1818470b34abce111d71989de48dff1e3e4ef0271749d38438e1b6693f635,1536,511,2.2388224601745605
S,29,a09,50,40,3ce4586556ea72a70c76b9203dca8969adc500af610389007ec255f56b1e169e,1024,511,2.6674015522003174
S,29,a09,50,41,7b804a7a99e4de2942ef98de42165dacd3e16b944e6a538d55df1f634a23d48e,4096,511,2.7453880310058594
S,29,a09,50,42,f6dd4f9c768666495fe711e166071758aa6c2d321def74a3ae211027ce199501,512,511,3.0646984577178955
S,29,a09,50,43,31ed14bec015eaaefb165002eb17b020eeb35031b1a592aff7d981de7c6899b3,0,511,2.2715847492218018
S,29,a09,50,44,b3ff1454cd3a072b015b88f94f6d6889d9c0bd745fc7a5433df7c0d43151854e,512,511,2.51830792427063
S,29,a09,50,45,3ee074eadb149c8da6002c76352f4113d1c896c63c6c090fd621092749233d6a,8704,511,3.0989270210266113
S,29,a09,50,46,5682e8596b594de16f03e38329a00d1bff4adee96204668f946a90f5292c8136,1024,511,2.7177600860595703
S,29,a09,50,47,127630e33620c4206cd0e7ad6622f66b144b669ddf653964e56ce6654a7b32f0,3072,511,2.3376474380493164
S,29,a09,50,48,320f1288c0a9e6e7a3def263d7abab684526479abb06fc68e069fc1a9937c71d,1024,511,2.609600067138672
S,29,a09,50,49,58ac024cd69aa321476709f7b1742c6523bf4fb12233b5b6f60d680c8fca8e8e,1536,511,2.5989246368408203
S,29,a09,50,50,4f84e7678dedadbb233b28e11c014c0798eadf77020a5a8fb4d017d12c99e86d,2560,511,2.118316650390625
S,29,a09,50,51,99db37e631f9ef519733c8a72d003864c2701de3091cf19e9eba387054fdacac,512,511,2.9690685272216797
S,29,a09,50,52,0627479429bdaca6ad2b61ecd03d5b65cd330b0351b5ff8f878978d7b00c4ab2,0,511,2.411771535873413
S,29,a09,50,53,c1e3085f9b150f54416c89fdea9cdb29ceef7e5050e94af9eafe2053fffe3e64,3584,511,2.154527187347412
S,29,a09,50,54,0e6b290375d52c7b5c4cd74b4c7348611213caa15ca0e87d7f6426f9e0f86e04,2048,511,2.532376527786255
S,29,a09,50,55,16f297fd545d4a150c1908347430e076e51e3560238877a2eec2ac020b7d3bc9,3584,511,2.44936203956604
S,29,a09,50,56,243408a375c7d0c1fda52538ba71d700e4d403fd2764c7491c7c1a9b7d7fd7a9,0,511,2.525738477706909
S,29,a09,50,57,93133535594204a5a3625fc7b90ff6ad027dca329f0359370d232d4135e91bc1,512,511,2.2599477767944336
S,29,a09,50,58,7c74fa4376b1168685d5d288b916d3317d340aad3044f88d5ca673b76d875d1c,1536,511,2.2715961933135986
S,29,a09,50,59,447ea32f527637dcb6ef068962a2fabe21ec283698e144c45ed42c46e1b27772,0,511,2.533473253250122
S,29,a09,50,60,6db7dd742bd03a22121dc39ee8773c9afa1462f4efce21abbe54dc33c4285b1f,0,511,2.318451166152954
S,29,a09,50,61,dc8a961be5dc24fc777b38869adf84cfc37bbe2f28514ceb0e344d39b7e01906,512,511,2.607822895050049
S,29,a09,50,62,3ca10415cf1f0bc4955c7ef0d186c8e93deb4aece0aaaa5fb553b43dfe5ad2aa,0,511,2.5718698501586914
S,29,a09,50,63,6e5c6769277c87aeaf9a4fd680fad1720ce04660f567befd8a9f8c68dde50f64,0,511,2.384326934814453
S,29,a09,100,0,71ff58ca29d05bef3a99fb59512ec09404e49be906888dc3ea5409ce8a54beea,0,511,2.190328359603882
S,29,a09,100,1,47ab999a2c488609314576fac2048b7f2a92afad8f7ca0326f23f648d515f167,1536,511,2.107834815979004
S,29,a09,100,2,c6ff7382a150214656a5c5d777769384c99d3ce7764110fc98e07e5e48fddc7e,1024,511,2.3572680950164795
S,29,a09,100,3,8739f77bc09e02e5783efc804080eff63b9ae7da7008a0e4c6412b47aa6da1c2,2048,511,2.3505940437316895
S,29,a09,100,4,a7f7a2250dd6f72080e21112d92bdfd639fcbe8a5a9effd80028c67d5dddd416,0,511,2.3914339542388916
S,29,a09,100,5,06cd6da2c73e993c43345dad24088c06b24d496ffc56f5f460b58cfa49d0f3df,0,511,1.5435415506362915
S,29,a09,100,6,3adf36bb00be5fa07541f544ce8642a56fcd3a01d456650deaabc83e91d791a1,1024,511,2.464874267578125
S,29,a09,100,7,34c9eb07c804b8ee651c4da1ac1dd801fec51c064819632bd8f4f36bd685b8a1,1024,511,2.874011278152466
S,29,a09,100,8,dcd008e03034d7dcffb4b6abd6aa6f0bfdf0a28ddd0b53dd37784e7c055f10bb,1536,511,2.1969544887542725
S,29,a09,100,9,4f58c96286c7c0f0417ea817ca24cf1c2db4ad3d19fdcdcf46124511fbf05b3e,512,511,2.581737756729126
S,29,a09,100,10,7c5e18ef30b2c1c37d722f19397ccdf563e0428cdde5ff6b99a902d67975541f,5120,511,2.4498181343078613
S,29,a09,100,11,47344d32192263b566ca14f66ce20553a4c76ff30204fae6639d7c1dde9a1f11,0,511,1.8769670724868774
S,29,a09,100,12,98aa6addc6d0697baff9ad72065efe34b866fb27cb0c3e094c328bb57b98cf2b,512,511,2.432001829147339
S,29,a09,100,13,d6b58a86755a3af1a5a75d162cfd31bceb70ebe76d43dfd2b64d95def0331c1b,0,511,1.6894621849060059
S,29,a09,100,14,c724dc11dc74fa10b6309922c9d014e010a88079d4ca2e3ca96ab091459b166e,0,511,2.060404062271118
S,29,a09,100,15,aad6037cda830ea2edaf38a004ae82825aa4d21585b2c0f33197a34583613c19,3072,511,2.4949491024017334
S,29,a09,100,16,b7140ecf1283718c8b44dd77fefc16ef15f5d7579ad3d6f1da94324d11081ab5,0,511,2.384075403213501
S,29,a09,100,17,7c0883960fcd42892f41d565a6eb8675b26e6a7b184fa795ec1dea269c0d78f7,2560,511,2.945934534072876
S,29,a09,100,18,e461497c8cf9867275c7b0ab55899126e69b01926436f58a64e902baf22ad1d8,1024,511,2.7331669330596924
S,29,a09,100,19,d236bd424f8c1de8ba7570984678d98d021bd9f796117156ee8c848d8b9e20df,512,511,1.8361808061599731
S,29,a09,100,20,b124bcdac530f87fa8b20ed6ba5af0bdc6e2e14fe6348e8e8d9aae3bbb14d7bf,1536,511,2.3398516178131104
S,29,a09,100,21,398d9a5e65eb510a4b2165e08da91bc2e7a46f651fd4c2a7c82baca0e3f7c6f7,512,511,3.000941753387451
S,29,a09,100,22,398d4136fe8a7fe859af6d03e3be3e80b0a4a081aa81cad5dad14be6152fbb07,1024,511,2.4548261165618896
S,29,a09,100,23,27c7a212b1dd328e6abafa8ce17f190f047ff7bf7b13546651705123022fac2b,2048,511,2.4430148601531982
S,29,a09,100,24,27e29aeb84cb9b2f80dc9061f35e33eb4710e31a4bda2e0ce985e2cb4c4af0d4,512,511,2.2838544845581055
S,29,a09,100,25,a7ab0eebec8ed5155f1c0b6b257ae3e70464155e9540fc6cb19d9b21ce07adbe,0,511,1.9428380727767944
S,29,a09,100,26,87c73475752c7552f1b2dfb6631350662bd4d2392ea692266f7fd8d9d49255e6,5120,511,2.432593584060669
S,29,a09,100,27,4dfcff9cdf6a84e7dc2d2f41f4beeb5bd4a850251f084dbb833319624ea2ba03,1536,511,2.642892599105835
S,29,a09,100,28,c6a6c920ad14f9ced5cbb1a81a695ee0d1e0cec0886071763eca3b7609793f9a,512,511,2.7759227752685547
S,29,a09,100,29,602491df734b58909d0bdd64c12964094178660aa935fe328832f5ac7c783ce5,6656,511,2.892991781234741
S,29,a09,100,30,3d3334d8bb76a4a5d2667fcaaf08e5519258c23da3c0ed35b0fb51ab7750456a,512,511,2.326760768890381
S,29,a09,100,31,a5c6bb2784e438e57e6c21063b5631ad6159e98fd0fdde6f0f393b1a6ad1ec91,0,511,2.4134936332702637
S,29,a09,100,32,a75479aadac4ab0e14588bb3dbab971354b70cbb22f67008de6af0b25ce850de,6144,511,3.0014326572418213
S,29,a09,100,33,81985a3b78086a93d7e6ae3ddda453bf5a959744e65bc05418fc1b56f5ec10ca,512,511,2.2285571098327637
S,29,a09,100,34,2362e3d4278d695e409c7b7ff1512062454f8d035bc9076dff42c632a29fb2ee,0,511,2.0202465057373047
S,29,a09,100,35,85cb58452e909342c236fc118e084fa9adcfddffc1ee3968baed9838eae6ef37,0,511,1.8594111204147339
S,29,a09,100,36,da80b33b4eb70c8d7b4c6a0fc009cedf34a39859057eb8700df906c788e6a4c8,0,511,2.1624276638031006
S,29,a09,100,37,2e3ac91c014b25eebddbb443aa8850683dfc0675b9fed2dc40ec8d5f64ec60d4,0,511,2.039818525314331
S,29,a09,100,38,3210f7ea4f8c2a390b5fc7a519a58dd185dc01a5700b89f95e427e52d0e581c9,512,511,2.7300004959106445
S,29,a09,100,39,f5e1818470b34abce111d71989de48dff1e3e4ef0271749d38438e1b6693f635,1536,511,2.161881446838379
S,29,a09,100,40,3ce4586556ea72a70c76b9203dca8969adc500af610389007ec255f56b1e169e,1024,511,2.5598065853118896
S,29,a09,100,41,7b804a7a99e4de2942ef98de42165dacd3e16b944e6a538d55df1f634a23d48e,4096,511,2.6624231338500977
S,29,a09,100,42,f6dd4f9c768666495fe711e166071758aa6c2d321def74a3ae211027ce199501,512,511,2.9678843021392822
S,29,a09,100,43,31ed14bec015eaaefb165002eb17b020eeb35031b1a592aff7d981de7c6899b3,0,511,2.1838910579681396
S,29,a09,100,44,b3ff1454cd3a072b015b88f94f6d6889d9c0bd745fc7a5433df7c0d43151854e,512,511,2.4197840690612793
S,29,a09,100,45,3ee074eadb149c8da6002c76352f4113d1c896c63c6c090fd621092749233d6a,8704,511,3.0039143562316895
S,29,a09,100,46,5682e8596b594de16f03e38329a00d1bff4adee96204668f946a90f5292c8136,1024,511,2.6624834537506104
S,29,a09,100,47,127630e33620c4206cd0e7ad6622f66b144b669ddf653964e56ce6654a7b32f0,3072,511,2.2374799251556396
S,29,a09,100,48,320f1288c0a9e6e7a3def263d7abab684526479abb06fc68e069fc1a9937c71d,1024,511,2.479569435119629
S,29,a09,100,49,58ac024cd69aa321476709f7b1742c6523bf4fb12233b5b6f60d680c8fca8e8e,1536,511,2.5388615131378174
S,29,a09,100,50,4f84e7678dedadbb233b28e11c014c0798eadf77020a5a8fb4d017d12c99e86d,2560,511,2.0106825828552246
S,29,a09,100,51,99db37e631f9ef519733c8a72d003864c2701de3091cf19e9eba387054fdacac,512,511,2.9025509357452393
S,29,a09,100,52,0627479429bdaca6ad2b61ecd03d5b65cd330b0351b5ff8f878978d7b00c4ab2,0,511,2.2993226051330566
S,29,a09,100,53,c1e3085f9b150f54416c89fdea9cdb29ceef7e5050e94af9eafe2053fffe3e64,3584,511,2.0566303730010986
S,29,a09,100,54,0e6b290375d52c7b5c4cd74b4c7348611213caa15ca0e87d7f6426f9e0f86e04,2048,511,2.422714948654175
S,29,a09,100,55,16f297fd545d4a150c1908347430e076e51e3560238877a2eec2ac020b7d3bc9,3584,511,2.382071018218994
S,29,a09,100,56,243408a375c7d0c1fda52538ba71d700e4d403fd2764c7491c7c1a9b7d7fd7a9,0,511,2.365097761154175
S,29,a09,100,57,93133535594204a5a3625fc7b90ff6ad027dca329f0359370d232d4135e91bc1,512,511,2.103795289993286
S,29,a09,100,58,7c74fa4376b1168685d5d288b916d3317d340aad3044f88d5ca673b76d875d1c,1536,511,2.168586254119873
S,29,a09,100,59,447ea32f527637dcb6ef068962a2fabe21ec283698e144c45ed42c46e1b27772,0,511,2.445307493209839
S,29,a09,100,60,6db7dd742bd03a22121dc39ee8773c9afa1462f4efce21abbe54dc33c4285b1f,0,511,2.199730396270752
S,29,a09,100,61,dc8a961be5dc24fc777b38869adf84cfc37bbe2f28514ceb0e344d39b7e01906,512,511,2.4917664527893066
S,29,a09,100,62,3ca10415cf1f0bc4955c7ef0d186c8e93deb4aece0aaaa5fb553b43dfe5ad2aa,0,511,2.4557924270629883
S,29,a09,100,63,6e5c6769277c87aeaf9a4fd680fad1720ce04660f567befd8a9f8c68dde50f64,0,511,2.245194435119629
E,17,a08,100,0,df3305d3c1efe89104be4ad8527fb07ba5605a836d990031c89eb0b2533b41ab,512,511,2.444673776626587
E,17,a08,100,1,57e758e9ccc13d36db25081d7608e96b58ce07adce66d57aede2a47b90ef2128,1536,511,2.4877853393554688
E,17,a08,100,2,b9c168c32403a785cfd74718826a7d3435e8da2ea5590b50f7b9383381ceee58,512,511,2.6102864742279053
E,17,a08,100,3,909fd9bbc00c2ce37ed48c52ece9b921295e588f1e75e891a69fbb1f7bb2f56f,8192,511,2.554319143295288
E,17,a08,100,4,17249b7e503c3cb40aa9978e58217fc24d6e9813c8f2863a8e28af153e7b1605,3584,511,2.721872091293335
E,17,a08,100,5,1498e3fa4882ad211de574fba67f15f597e97623a0a4026d0cf91fd972c8cb1f,2048,511,2.704845666885376
E,17,a08,100,6,5671f56c83661b02a4e9b0e3f5666121601d3796daaf7b9b3ba9e1c2c8d1e159,7168,511,2.4662795066833496
E,17,a08,100,7,eb3b7559065564c1b02d00ba0dfdbc44c2295bbff1106cfb3958a90a24084588,512,511,2.627871513366699
E,17,a08,100,8,d6a1096ebd0ff82276e90c0a136cfcc37e73f2dee858508a3deba7cc22cd4c27,9216,511,2.124603748321533
E,17,a08,100,9,8c16089493008fe5b445fcef0c54b5f9ae247f6a640391a3d574d969be08df56,1536,511,2.672159194946289
E,17,a08,100,10,f861b8f4f1dc215e899fce14a74ecd8c8b799195704111d0c3563850d0430340,2048,511,2.507643938064575
E,17,a08,100,11,1202f2c85983ad618a286718bd4a3932be53e588423ec000327fbbfa7d66e535,3584,511,2.468045949935913
E,17,a08,100,12,a67e755faea05d6ca837fe044b98214900aec9322050808d94f1963df5ca2e85,512,511,2.553438425064087
E,17,a08,100,13,d9e42c96070c5efbbaf425e17f23a5b1a0b1e0404e271ea160d824fb7d2f256a,1536,511,3.14729905128479
E,17,a08,100,14,c9573c7b74221b0da1642a0c92448dc77cc4a23923c69288d3f26f2f2be086d4,1024,511,2.838430643081665
E,17,a08,100,15,64a74ab03ef783d2ba19cb9b89fe10f140e1c6fa0d57889e5dfa96324bbed610,0,511,2.061281681060791
E,17,a08,100,16,1b03f1cd9a1f9f37a3f55981c9272522ae0075f6fb08b6190e7e2591773583f1,512,511,2.243195056915283
E,17,a08,100,17,e0d87dc6c183a32c3e59afc1e1cd42f927e90df51a0ff754e44ceeb76f89fe72,1024,511,1.831076979637146
E,17,a08,100,18,1063d77dff6bb7cd10daadeaeec2e8850c4f63386f515ece9b10be818faf7d33,2048,511,3.0982136726379395
E,17,a08,100,19,49d8ed4909c242814839e82dffaee9ae5ec6fda9bdbaacbaf6d98f4a407fa88f,5120,511,2.341468572616577
E,17,a08,100,20,458761ef690ad92a02d167ea2644e9eb6055daae0ff5e8934b7097c9c0a94fb6,1536,511,2.0946195125579834
E,17,a08,100,21,efa67b013c4515340d8305facfe6fabb04b013596d505ec162f1459967c6c02b,1536,511,2.695117712020874
E,17,a08,100,22,430b207f11cc9fca2e6abfdfad0058d641efa06b03c188327525beae3bff09b4,1536,511,2.689586639404297
E,17,a08,100,23,10224e7ae1df610ffebc972b484a683b41029bdce6b35466d1b699827e35bb53,2048,511,2.3208112716674805
E,17,a08,100,24,f8da226fe39d295e2366279e9de00641e698745ba6b6d161f584a8a1f2b8d6a0,2048,511,3.14330792427063
E,17,a08,100,25,d6f01c7164f64f27c4ded075d175f71a1e7f3005d7302c0edf2fa8ca51e1ffea,1024,511,2.57655930519104
E,17,a08,100,26,70826fed1eeac5c7e500a9f722b33f1885417135f36afce17930fc4bbd18c2b4,4096,511,2.588031768798828
E,17,a08,100,27,676d464a4eaec6f643f16db5c78aed26a34ee406cc7a9c6ebe76515e8c563ccc,0,511,2.371373176574707
E,17,a08,100,28,9dc7a64f95a7b3099d2db5301a45fdefe4d867ea15cbadc926fd1cfd118c4744,3072,511,2.6459083557128906
E,17,a08,100,29,7105c481f704788c4b2f679abca882f01b30dd018e40b562b7656ca759cf8a4e,5120,511,2.365189552307129
E,17,a08,100,30,0285c42e46acc57bf27c926840015d9800201644cc96d69d7e7253bf28eb2e90,1536,511,3.025310516357422
E,17,a08,100,31,32081ed1efc15f763e694901af2b1f9765bd8ef20aafb787d1d6bf1592e0410a,5120,511,2.6234583854675293
E,17,a08,100,32,2c4f27b502f2d3480e963e4a68311f6df355d3559167705870bd294dcfc00d1a,1024,511,3.272615909576416
E,17,a08,100,33,9ddab433dc39ac5eefa8432eb0082882c365e23a5c29249687198b3e58fdad1f,2560,511,2.804222822189331
E,17,a08,100,34,01fcc1a24c865e3d204b244a2d227ec365ccc5f611f550d43105b6277c9e6f63,1536,511,3.041442632675171
E,17,a08,100,35,aaad1a5cbffc9e125db9a05d2807a9d0651040104d25cfa7ce7f2a5b2e2086e1,1024,511,2.3760595321655273
E,17,a08,100,36,e25ac06e37522f0957c2cb0806eecc34da2f8db10ae8cc115af7d20b874f6224,512,511,1.718808650970459
E,17,a08,100,37,d5da7bd0121663b6edf61237e56b4dc90a59bdd3f836f7723a5ab5c34d6c1be0,0,511,2.242532730102539
E,17,a08,100,38,7feabb41bc4116cf9ddd1e08b238a70de3437ffb60232618ab6fafc22543b1c5,1536,511,1.8905553817749023
E,17,a08,100,39,7f4e6f225b82734ac97fb72b7bdd5ed77208044ed363817bd00fab38bed6084c,1536,511,2.4417529106140137
E,17,a08,100,40,a3d4b60ea8383ab5f2fb9d3b104cdbb89651a6f572ad663056678887b4d2d667,1024,511,2.8449225425720215
E,17,a08,100,41,35f8ba2251973d2f837378c101accd0e649b67dd402c4509b78f0452dca80482,0,511,1.8185298442840576
E,17,a08,100,42,6f7c52dd830f9adb55b5052564b6027331257cbe7a337dcbe4369b86109ac557,0,511,2.186549663543701
E,17,a08,100,43,874b7f0c28c1c112d38da2ce3e6603b817d2afb1a423dcfc6718c9fb1ebd2ddb,5632,511,2.4717295169830322
E,17,a08,100,44,4499f41f572afda80045cc7b149c7c01bfa99b3e546ec3778b65f776f3e67154,9216,511,2.637035369873047
E,17,a08,100,45,4579f5dba0662d35270215ad56a6c07ddb54396f3023949a7493da7b33cf5bc2,1536,511,2.7825183868408203
E,17,a08,100,46,67ea63e2020d3fa3821782867a7afa97fa78e1be3c6ff97d8b950377a01f7a3b,0,511,2.0399999618530273
E,17,a08,100,47,8b72b1ba0b72e1faa8368d573546ed7a9a6b2b44e81edb8057bd7a04f5e9c933,1536,511,2.9401111602783203
E,17,a08,100,48,14aa9ebe6121a5c3d38160d97ff19328e466813462beeee68d1391cf6905193c,3072,511,2.6368157863616943
E,17,a08,100,49,85278703ca1d3bc269d096d5572de636a703a6998b4327bdc5b444d334b9c177,1536,511,2.798168659210205
E,17,a08,100,50,f966fdde40abae385bfe799dfdfab537c886e427ab20a5dc4097d3becb2ce351,2048,511,3.173307180404663
E,17,a08,100,51,c3fe0e54525739db453e760ca0e48da11ae8bc3ebe14a350d8e5709ed5c926bf,1536,511,2.3754937648773193
E,17,a08,100,52,0d7214d0d360077352f26a7670f062fc711d3b8163f0d76a786fbafde55ef3ca,1024,511,2.4485666751861572
E,17,a08,100,53,44567cca0f7ed6f2624dc6a03f0d5223a54d32a432071040c4cf7173ff6b4231,0,511,2.0569355487823486
E,17,a08,100,54,5842cd9af7d81dbe22877345606428b7fc7244c00fd6f0061f0170601e9afd33,0,511,2.306403875350952
E,17,a08,100,55,0e1af7f1246327ef5559369dd3d8df7eae7e903f55d6595189ec64c10782ad5f,512,511,2.1165771484375
E,17,a08,100,56,25049dea6f5fe73b549fbd902d603a133a5e454b227c3c9fe568c7880ed6618b,0,511,2.0283658504486084
E,17,a08,100,57,37dc34e7b9bd72d359cfc00f2e49990acde101b903d19eaa4a6da82b714493e0,1024,511,2.1763315200805664
E,17,a08,100,58,3938d05f4a501977d2521a921da001aea27c460a9983f6fdbf4d35be7018e9f7,0,511,2.5169386863708496
E,17,a08,100,59,26b08f01fa673793dfa66415e2960b999caa2e5e047ef2891bf76514e38116e2,512,511,2.5482332706451416
E,17,a08,100,60,c836ab3d06550b3a257eb0fb619f87c62b989ab156526f2b7472af4524155b1f,2560,511,2.3959121704101562
E,17,a08,100,61,e0a01a0175937971f62066d3ad8e84e0abf622e70cd6650f70734459ec923be2,512,511,2.70988392829895
E,17,a08,100,62,3d13a708d985d25d78c1c15ea62a30c860c3d822f652f490e34509b522b27d75,0,511,1.9979749917984009
E,17,a08,100,63,3b4ad5d4faaf9898e388ae94680869597d2e442f7b436d89ff3225802a7275fc,0,511,2.2772436141967773
E,17,a09,100,0,df3305d3c1efe89104be4ad8527fb07ba5605a836d990031c89eb0b2533b41ab,512,511,2.4372522830963135
E,17,a09,100,1,57e758e9ccc13d36db25081d7608e96b58ce07adce66d57aede2a47b90ef2128,1536,511,2.468719959259033
E,17,a09,100,2,b9c168c32403a785cfd74718826a7d3435e8da2ea5590b50f7b9383381ceee58,512,511,2.6127007007598877
E,17,a09,100,3,909fd9bbc00c2ce37ed48c52ece9b921295e588f1e75e891a69fbb1f7bb2f56f,8192,511,2.5422327518463135
E,17,a09,100,4,17249b7e503c3cb40aa9978e58217fc24d6e9813c8f2863a8e28af153e7b1605,3584,511,2.721449613571167
E,17,a09,100,5,1498e3fa4882ad211de574fba67f15f597e97623a0a4026d0cf91fd972c8cb1f,2048,511,2.6973984241485596
E,17,a09,100,6,5671f56c83661b02a4e9b0e3f5666121601d3796daaf7b9b3ba9e1c2c8d1e159,7168,511,2.4860966205596924
E,17,a09,100,7,eb3b7559065564c1b02d00ba0dfdbc44c2295bbff1106cfb3958a90a24084588,512,511,2.6390480995178223
E,17,a09,100,8,d6a1096ebd0ff82276e90c0a136cfcc37e73f2dee858508a3deba7cc22cd4c27,9216,511,2.081326723098755
E,17,a09,100,9,8c16089493008fe5b445fcef0c54b5f9ae247f6a640391a3d574d969be08df56,1536,511,2.710437297821045
E,17,a09,100,10,f861b8f4f1dc215e899fce14a74ecd8c8b799195704111d0c3563850d0430340,2048,511,2.45827054977417
E,17,a09,100,11,1202f2c85983ad618a286718bd4a3932be53e588423ec000327fbbfa7d66e535,3584,511,2.418863296508789
E,17,a09,100,12,a67e755faea05d6ca837fe044b98214900aec9322050808d94f1963df5ca2e85,512,511,2.488389730453491
E,17,a09,100,13,d9e42c96070c5efbbaf425e17f23a5b1a0b1e0404e271ea160d824fb7d2f256a,1536,511,3.148401975631714
E,17,a09,100,14,c9573c7b74221b0da1642a0c92448dc77cc4a23923c69288d3f26f2f2be086d4,1024,511,2.8541481494903564
E,17,a09,100,15,64a74ab03ef783d2ba19cb9b89fe10f140e1c6fa0d57889e5dfa96324bbed610,0,511,2.0232832431793213
E,17,a09,100,16,1b03f1cd9a1f9f37a3f55981c9272522ae0075f6fb08b6190e7e2591773583f1,512,511,2.241764783859253
E,17,a09,100,17,e0d87dc6c183a32c3e59afc1e1cd42f927e90df51a0ff754e44ceeb76f89fe72,1024,511,1.8050661087036133
E,17,a09,100,18,1063d77dff6bb7cd10daadeaeec2e8850c4f63386f515ece9b10be818faf7d33,2048,511,3.094926357269287
E,17,a09,100,19,49d8ed4909c242814839e82dffaee9ae5ec6fda9bdbaacbaf6d98f4a407fa88f,5120,511,2.3323090076446533
E,17,a09,100,20,458761ef690ad92a02d167ea2644e9eb6055daae0ff5e8934b7097c9c0a94fb6,1536,511,2.0942542552948
E,17,a09,100,21,efa67b013c4515340d8305facfe6fabb04b013596d505ec162f1459967c6c02b,1536,511,2.680227041244507
E,17,a09,100,22,430b207f11cc9fca2e6abfdfad0058d641efa06b03c188327525beae3bff09b4,1536,511,2.7086455821990967
E,17,a09,100,23,10224e7ae1df610ffebc972b484a683b41029bdce6b35466d1b699827e35bb53,2048,511,2.282467842102051
E,17,a09,100,24,f8da226fe39d295e2366279e9de00641e698745ba6b6d161f584a8a1f2b8d6a0,2048,511,3.1354215145111084
E,17,a09,100,25,d6f01c7164f64f27c4ded075d175f71a1e7f3005d7302c0edf2fa8ca51e1ffea,1024,511,2.560635566711426
E,17,a09,100,26,70826fed1eeac5c7e500a9f722b33f1885417135f36afce17930fc4bbd18c2b4,4096,511,2.6049764156341553
E,17,a09,100,27,676d464a4eaec6f643f16db5c78aed26a34ee406cc7a9c6ebe76515e8c563ccc,0,511,2.3703157901763916
E,17,a09,100,28,9dc7a64f95a7b3099d2db5301a45fdefe4d867ea15cbadc926fd1cfd118c4744,3072,511,2.598139524459839
E,17,a09,100,29,7105c481f704788c4b2f679abca882f01b30dd018e40b562b7656ca759cf8a4e,5120,511,2.348848342895508
E,17,a09,100,30,0285c42e46acc57bf27c926840015d9800201644cc96d69d7e7253bf28eb2e90,1536,511,3.0476388931274414
E,17,a09,100,31,32081ed1efc15f763e694901af2b1f9765bd8ef20aafb787d1d6bf1592e0410a,5120,511,2.612112522125244
E,17,a09,100,32,2c4f27b502f2d3480e963e4a68311f6df355d3559167705870bd294dcfc00d1a,1024,511,3.2627439498901367
E,17,a09,100,33,9ddab433dc39ac5eefa8432eb0082882c365e23a5c29249687198b3e58fdad1f,2560,511,2.771059274673462
E,17,a09,100,34,01fcc1a24c865e3d204b244a2d227ec365ccc5f611f550d43105b6277c9e6f63,1536,511,3.0489306449890137
E,17,a09,100,35,aaad1a5cbffc9e125db9a05d2807a9d0651040104d25cfa7ce7f2a5b2e2086e1,1024,511,2.3535101413726807
E,17,a09,100,36,e25ac06e37522f0957c2cb0806eecc34da2f8db10ae8cc115af7d20b874f6224,512,511,1.687593936920166
E,17,a09,100,37,d5da7bd0121663b6edf61237e56b4dc90a59bdd3f836f7723a5ab5c34d6c1be0,0,511,2.2292065620422363
E,17,a09,100,38,7feabb41bc4116cf9ddd1e08b238a70de3437ffb60232618ab6fafc22543b1c5,1536,511,1.8512274026870728
E,17,a09,100,39,7f4e6f225b82734ac97fb72b7bdd5ed77208044ed363817bd00fab38bed6084c,1536,511,2.4338364601135254
E,17,a09,100,40,a3d4b60ea8383ab5f2fb9d3b104cdbb89651a6f572ad663056678887b4d2d667,1024,511,2.8463399410247803
E,17,a09,100,41,35f8ba2251973d2f837378c101accd0e649b67dd402c4509b78f0452dca80482,0,511,1.8053447008132935
E,17,a09,100,42,6f7c52dd830f9adb55b5052564b6027331257cbe7a337dcbe4369b86109ac557,0,511,2.187239646911621
E,17,a09,100,43,874b7f0c28c1c112d38da2ce3e6603b817d2afb1a423dcfc6718c9fb1ebd2ddb,5632,511,2.453972101211548
E,17,a09,100,44,4499f41f572afda80045cc7b149c7c01bfa99b3e546ec3778b65f776f3e67154,9216,511,2.5985586643218994
E,17,a09,100,45,4579f5dba0662d35270215ad56a6c07ddb54396f3023949a7493da7b33cf5bc2,1536,511,2.752088785171509
E,17,a09,100,46,67ea63e2020d3fa3821782867a7afa97fa78e1be3c6ff97d8b950377a01f7a3b,0,511,2.0155797004699707
E,17,a09,100,47,8b72b1ba0b72e1faa8368d573546ed7a9a6b2b44e81edb8057bd7a04f5e9c933,1536,511,2.9040675163269043
E,17,a09,100,48,14aa9ebe6121a5c3d38160d97ff19328e466813462beeee68d1391cf6905193c,3072,511,2.6838419437408447
E,17,a09,100,49,85278703ca1d3bc269d096d5572de636a703a6998b4327bdc5b444d334b9c177,1536,511,2.720510959625244
E,17,a09,100,50,f966fdde40abae385bfe799dfdfab537c886e427ab20a5dc4097d3becb2ce351,2048,511,3.193495273590088
E,17,a09,100,51,c3fe0e54525739db453e760ca0e48da11ae8bc3ebe14a350d8e5709ed5c926bf,1536,511,2.315823793411255
E,17,a09,100,52,0d7214d0d360077352f26a7670f062fc711d3b8163f0d76a786fbafde55ef3ca,1024,511,2.38753080368042
E,17,a09,100,53,44567cca0f7ed6f2624dc6a03f0d5223a54d32a432071040c4cf7173ff6b4231,0,511,2.05226469039917
E,17,a09,100,54,5842cd9af7d81dbe22877345606428b7fc7244c00fd6f0061f0170601e9afd33,0,511,2.3058552742004395
E,17,a09,100,55,0e1af7f1246327ef5559369dd3d8df7eae7e903f55d6595189ec64c10782ad5f,512,511,2.124037742614746
E,17,a09,100,56,25049dea6f5fe73b549fbd902d603a133a5e454b227c3c9fe568c7880ed6618b,0,511,2.0538454055786133
E,17,a09,100,57,37dc34e7b9bd72d359cfc00f2e49990acde101b903d19eaa4a6da82b714493e0,1024,511,2.225027084350586
E,17,a09,100,58,3938d05f4a501977d2521a921da001aea27c460a9983f6fdbf4d35be7018e9f7,0,511,2.479006290435791
E,17,a09,100,59,26b08f01fa673793dfa66415e2960b999caa2e5e047ef2891bf76514e38116e2,512,511,2.528395414352417
E,17,a09,100,60,c836ab3d06550b3a257eb0fb619f87c62b989ab156526f2b7472af4524155b1f,2560,511,2.337907075881958
E,17,a09,100,61,e0a01a0175937971f62066d3ad8e84e0abf622e70cd6650f70734459ec923be2,512,511,2.6695899963378906
E,17,a09,100,62,3d13a708d985d25d78c1c15ea62a30c860c3d822f652f490e34509b522b27d75,0,511,1.9455175399780273
E,17,a09,100,63,3b4ad5d4faaf9898e388ae94680869597d2e442f7b436d89ff3225802a7275fc,0,511,2.224919080734253
E,29,a08,100,0,df3305d3c1efe89104be4ad8527fb07ba5605a836d990031c89eb0b2533b41ab,512,511,2.449143409729004
E,29,a08,100,1,57e758e9ccc13d36db25081d7608e96b58ce07adce66d57aede2a47b90ef2128,1536,511,2.4983487129211426
E,29,a08,100,2,b9c168c32403a785cfd74718826a7d3435e8da2ea5590b50f7b9383381ceee58,512,511,2.6109166145324707
E,29,a08,100,3,909fd9bbc00c2ce37ed48c52ece9b921295e588f1e75e891a69fbb1f7bb2f56f,8192,511,2.5536792278289795
E,29,a08,100,4,17249b7e503c3cb40aa9978e58217fc24d6e9813c8f2863a8e28af153e7b1605,3584,511,2.7356457710266113
E,29,a08,100,5,1498e3fa4882ad211de574fba67f15f597e97623a0a4026d0cf91fd972c8cb1f,2048,511,2.7010369300842285
E,29,a08,100,6,5671f56c83661b02a4e9b0e3f5666121601d3796daaf7b9b3ba9e1c2c8d1e159,7168,511,2.466996192932129
E,29,a08,100,7,eb3b7559065564c1b02d00ba0dfdbc44c2295bbff1106cfb3958a90a24084588,512,511,2.6259562969207764
E,29,a08,100,8,d6a1096ebd0ff82276e90c0a136cfcc37e73f2dee858508a3deba7cc22cd4c27,9216,511,2.1171019077301025
E,29,a08,100,9,8c16089493008fe5b445fcef0c54b5f9ae247f6a640391a3d574d969be08df56,1536,511,2.6551930904388428
E,29,a08,100,10,f861b8f4f1dc215e899fce14a74ecd8c8b799195704111d0c3563850d0430340,2048,511,2.4506373405456543
E,29,a08,100,11,1202f2c85983ad618a286718bd4a3932be53e588423ec000327fbbfa7d66e535,3584,511,2.435436487197876
E,29,a08,100,12,a67e755faea05d6ca837fe044b98214900aec9322050808d94f1963df5ca2e85,512,511,2.5201354026794434
E,29,a08,100,13,d9e42c96070c5efbbaf425e17f23a5b1a0b1e0404e271ea160d824fb7d2f256a,1536,511,3.1459004878997803
E,29,a08,100,14,c9573c7b74221b0da1642a0c92448dc77cc4a23923c69288d3f26f2f2be086d4,1024,511,2.8565468788146973
E,29,a08,100,15,64a74ab03ef783d2ba19cb9b89fe10f140e1c6fa0d57889e5dfa96324bbed610,0,511,2.041450262069702
E,29,a08,100,16,1b03f1cd9a1f9f37a3f55981c9272522ae0075f6fb08b6190e7e2591773583f1,512,511,2.2605628967285156
E,29,a08,100,17,e0d87dc6c183a32c3e59afc1e1cd42f927e90df51a0ff754e44ceeb76f89fe72,1024,511,1.8221575021743774
E,29,a08,100,18,1063d77dff6bb7cd10daadeaeec2e8850c4f63386f515ece9b10be818faf7d33,2048,511,3.0821597576141357
E,29,a08,100,19,49d8ed4909c242814839e82dffaee9ae5ec6fda9bdbaacbaf6d98f4a407fa88f,5120,511,2.3523502349853516
E,29,a08,100,20,458761ef690ad92a02d167ea2644e9eb6055daae0ff5e8934b7097c9c0a94fb6,1536,511,2.081573963165283
E,29,a08,100,21,efa67b013c4515340d8305facfe6fabb04b013596d505ec162f1459967c6c02b,1536,511,2.6744167804718018
E,29,a08,100,22,430b207f11cc9fca2e6abfdfad0058d641efa06b03c188327525beae3bff09b4,1536,511,2.6843278408050537
E,29,a08,100,23,10224e7ae1df610ffebc972b484a683b41029bdce6b35466d1b699827e35bb53,2048,511,2.311918020248413
E,29,a08,100,24,f8da226fe39d295e2366279e9de00641e698745ba6b6d161f584a8a1f2b8d6a0,2048,511,3.1426477432250977
E,29,a08,100,25,d6f01c7164f64f27c4ded075d175f71a1e7f3005d7302c0edf2fa8ca51e1ffea,1024,511,2.570481061935425
E,29,a08,100,26,70826fed1eeac5c7e500a9f722b33f1885417135f36afce17930fc4bbd18c2b4,4096,511,2.5875535011291504
E,29,a08,100,27,676d464a4eaec6f643f16db5c78aed26a34ee406cc7a9c6ebe76515e8c563ccc,0,511,2.3720922470092773
E,29,a08,100,28,9dc7a64f95a7b3099d2db5301a45fdefe4d867ea15cbadc926fd1cfd118c4744,3072,511,2.641848087310791
E,29,a08,100,29,7105c481f704788c4b2f679abca882f01b30dd018e40b562b7656ca759cf8a4e,5120,511,2.323507070541382
E,29,a08,100,30,0285c42e46acc57bf27c926840015d9800201644cc96d69d7e7253bf28eb2e90,1536,511,3.0483977794647217
E,29,a08,100,31,32081ed1efc15f763e694901af2b1f9765bd8ef20aafb787d1d6bf1592e0410a,5120,511,2.62676739692688
E,29,a08,100,32,2c4f27b502f2d3480e963e4a68311f6df355d3559167705870bd294dcfc00d1a,1024,511,3.231748104095459
E,29,a08,100,33,9ddab433dc39ac5eefa8432eb0082882c365e23a5c29249687198b3e58fdad1f,2560,511,2.787909507751465
E,29,a08,100,34,01fcc1a24c865e3d204b244a2d227ec365ccc5f611f550d43105b6277c9e6f63,1536,511,3.0372447967529297
E,29,a08,100,35,aaad1a5cbffc9e125db9a05d2807a9d0651040104d25cfa7ce7f2a5b2e2086e1,1024,511,2.380889892578125
E,29,a08,100,36,e25ac06e37522f0957c2cb0806eecc34da2f8db10ae8cc115af7d20b874f6224,512,511,1.7173800468444824
E,29,a08,100,37,d5da7bd0121663b6edf61237e56b4dc90a59bdd3f836f7723a5ab5c34d6c1be0,0,511,2.239813804626465
E,29,a08,100,38,7feabb41bc4116cf9ddd1e08b238a70de3437ffb60232618ab6fafc22543b1c5,1536,511,1.8765459060668945
E,29,a08,100,39,7f4e6f225b82734ac97fb72b7bdd5ed77208044ed363817bd00fab38bed6084c,1536,511,2.4432146549224854
E,29,a08,100,40,a3d4b60ea8383ab5f2fb9d3b104cdbb89651a6f572ad663056678887b4d2d667,1024,511,2.8158488273620605
E,29,a08,100,41,35f8ba2251973d2f837378c101accd0e649b67dd402c4509b78f0452dca80482,0,511,1.8133749961853027
E,29,a08,100,42,6f7c52dd830f9adb55b5052564b6027331257cbe7a337dcbe4369b86109ac557,0,511,2.1965491771698
E,29,a08,100,43,874b7f0c28c1c112d38da2ce3e6603b817d2afb1a423dcfc6718c9fb1ebd2ddb,5632,511,2.478424549102783
E,29,a08,100,44,4499f41f572afda80045cc7b149c7c01bfa99b3e546ec3778b65f776f3e67154,9216,511,2.629640579223633
E,29,a08,100,45,4579f5dba0662d35270215ad56a6c07ddb54396f3023949a7493da7b33cf5bc2,1536,511,2.7744829654693604
E,29,a08,100,46,67ea63e2020d3fa3821782867a7afa97fa78e1be3c6ff97d8b950377a01f7a3b,0,511,2.0373518466949463
E,29,a08,100,47,8b72b1ba0b72e1faa8368d573546ed7a9a6b2b44e81edb8057bd7a04f5e9c933,1536,511,2.9468061923980713
E,29,a08,100,48,14aa9ebe6121a5c3d38160d97ff19328e466813462beeee68d1391cf6905193c,3072,511,2.67657732963562
E,29,a08,100,49,85278703ca1d3bc269d096d5572de636a703a6998b4327bdc5b444d334b9c177,1536,511,2.787710428237915
E,29,a08,100,50,f966fdde40abae385bfe799dfdfab537c886e427ab20a5dc4097d3becb2ce351,2048,511,3.192204475402832
E,29,a08,100,51,c3fe0e54525739db453e760ca0e48da11ae8bc3ebe14a350d8e5709ed5c926bf,1536,511,2.357821226119995
E,29,a08,100,52,0d7214d0d360077352f26a7670f062fc711d3b8163f0d76a786fbafde55ef3ca,1024,511,2.422982931137085
E,29,a08,100,53,44567cca0f7ed6f2624dc6a03f0d5223a54d32a432071040c4cf7173ff6b4231,0,511,2.0547173023223877
E,29,a08,100,54,5842cd9af7d81dbe22877345606428b7fc7244c00fd6f0061f0170601e9afd33,0,511,2.3090481758117676
E,29,a08,100,55,0e1af7f1246327ef5559369dd3d8df7eae7e903f55d6595189ec64c10782ad5f,512,511,2.134348154067993
E,29,a08,100,56,25049dea6f5fe73b549fbd902d603a133a5e454b227c3c9fe568c7880ed6618b,0,511,2.0432448387145996
E,29,a08,100,57,37dc34e7b9bd72d359cfc00f2e49990acde101b903d19eaa4a6da82b714493e0,1024,511,2.17838716506958
E,29,a08,100,58,3938d05f4a501977d2521a921da001aea27c460a9983f6fdbf4d35be7018e9f7,0,511,2.5147929191589355
E,29,a08,100,59,26b08f01fa673793dfa66415e2960b999caa2e5e047ef2891bf76514e38116e2,512,511,2.5344319343566895
E,29,a08,100,60,c836ab3d06550b3a257eb0fb619f87c62b989ab156526f2b7472af4524155b1f,2560,511,2.3793792724609375
E,29,a08,100,61,e0a01a0175937971f62066d3ad8e84e0abf622e70cd6650f70734459ec923be2,512,511,2.6941537857055664
E,29,a08,100,62,3d13a708d985d25d78c1c15ea62a30c860c3d822f652f490e34509b522b27d75,0,511,1.9835480451583862
E,29,a08,100,63,3b4ad5d4faaf9898e388ae94680869597d2e442f7b436d89ff3225802a7275fc,0,511,2.23583984375
E,29,a09,100,0,df3305d3c1efe89104be4ad8527fb07ba5605a836d990031c89eb0b2533b41ab,512,511,2.4309632778167725
E,29,a09,100,1,57e758e9ccc13d36db25081d7608e96b58ce07adce66d57aede2a47b90ef2128,1536,511,2.4929983615875244
E,29,a09,100,2,b9c168c32403a785cfd74718826a7d3435e8da2ea5590b50f7b9383381ceee58,512,511,2.638399362564087
E,29,a09,100,3,909fd9bbc00c2ce37ed48c52ece9b921295e588f1e75e891a69fbb1f7bb2f56f,8192,511,2.548461675643921
E,29,a09,100,4,17249b7e503c3cb40aa9978e58217fc24d6e9813c8f2863a8e28af153e7b1605,3584,511,2.7382545471191406
E,29,a09,100,5,1498e3fa4882ad211de574fba67f15f597e97623a0a4026d0cf91fd972c8cb1f,2048,511,2.6897640228271484
E,29,a09,100,6,5671f56c83661b02a4e9b0e3f5666121601d3796daaf7b9b3ba9e1c2c8d1e159,7168,511,2.485849142074585
E,29,a09,100,7,eb3b7559065564c1b02d00ba0dfdbc44c2295bbff1106cfb3958a90a24084588,512,511,2.623655080795288
E,29,a09,100,8,d6a1096ebd0ff82276e90c0a136cfcc37e73f2dee858508a3deba7cc22cd4c27,9216,511,2.0805301666259766
E,29,a09,100,9,8c16089493008fe5b445fcef0c54b5f9ae247f6a640391a3d574d969be08df56,1536,511,2.702934980392456
E,29,a09,100,10,f861b8f4f1dc215e899fce14a74ecd8c8b799195704111d0c3563850d0430340,2048,511,2.455233097076416
E,29,a09,100,11,1202f2c85983ad618a286718bd4a3932be53e588423ec000327fbbfa7d66e535,3584,511,2.425396203994751
E,29,a09,100,12,a67e755faea05d6ca837fe044b98214900aec9322050808d94f1963df5ca2e85,512,511,2.51560378074646
E,29,a09,100,13,d9e42c96070c5efbbaf425e17f23a5b1a0b1e0404e271ea160d824fb7d2f256a,1536,511,3.1680221557617188
E,29,a09,100,14,c9573c7b74221b0da1642a0c92448dc77cc4a23923c69288d3f26f2f2be086d4,1024,511,2.8557491302490234
E,29,a09,100,15,64a74ab03ef783d2ba19cb9b89fe10f140e1c6fa0d57889e5dfa96324bbed610,0,511,2.0765907764434814
E,29,a09,100,16,1b03f1cd9a1f9f37a3f55981c9272522ae0075f6fb08b6190e7e2591773583f1,512,511,2.2527034282684326
E,29,a09,100,17,e0d87dc6c183a32c3e59afc1e1cd42f927e90df51a0ff754e44ceeb76f89fe72,1024,511,1.8075042963027954
E,29,a09,100,18,1063d77dff6bb7cd10daadeaeec2e8850c4f63386f515ece9b10be818faf7d33,2048,511,3.1207218170166016
E,29,a09,100,19,49d8ed4909c242814839e82dffaee9ae5ec6fda9bdbaacbaf6d98f4a407fa88f,5120,511,2.351473569869995
E,29,a09,100,20,458761ef690ad92a02d167ea2644e9eb6055daae0ff5e8934b7097c9c0a94fb6,1536,511,2.1165919303894043
E,29,a09,100,21,efa67b013c4515340d8305facfe6fabb04b013596d505ec162f1459967c6c02b,1536,511,2.6897177696228027
E,29,a09,100,22,430b207f11cc9fca2e6abfdfad0058d641efa06b03c188327525beae3bff09b4,1536,511,2.7262232303619385
E,29,a09,100,23,10224e7ae1df610ffebc972b484a683b41029bdce6b35466d1b699827e35bb53,2048,511,2.284080743789673
E,29,a09,100,24,f8da226fe39d295e2366279e9de00641e698745ba6b6d161f584a8a1f2b8d6a0,2048,511,3.1600499153137207
E,29,a09,100,25,d6f01c7164f64f27c4ded075d175f71a1e7f3005d7302c0edf2fa8ca51e1ffea,1024,511,2.5594279766082764
E,29,a09,100,26,70826fed1eeac5c7e500a9f722b33f1885417135f36afce17930fc4bbd18c2b4,4096,511,2.5947611331939697
E,29,a09,100,27,676d464a4eaec6f643f16db5c78aed26a34ee406cc7a9c6ebe76515e8c563ccc,0,511,2.3782026767730713
E,29,a09,100,28,9dc7a64f95a7b3099d2db5301a45fdefe4d867ea15cbadc926fd1cfd118c4744,3072,511,2.5893747806549072
E,29,a09,100,29,7105c481f704788c4b2f679abca882f01b30dd018e40b562b7656ca759cf8a4e,5120,511,2.35713791847229
E,29,a09,100,30,0285c42e46acc57bf27c926840015d9800201644cc96d69d7e7253bf28eb2e90,1536,511,3.0712039470672607
E,29,a09,100,31,32081ed1efc15f763e694901af2b1f9765bd8ef20aafb787d1d6bf1592e0410a,5120,511,2.6155920028686523
E,29,a09,100,32,2c4f27b502f2d3480e963e4a68311f6df355d3559167705870bd294dcfc00d1a,1024,511,3.2699739933013916
E,29,a09,100,33,9ddab433dc39ac5eefa8432eb0082882c365e23a5c29249687198b3e58fdad1f,2560,511,2.818474531173706
E,29,a09,100,34,01fcc1a24c865e3d204b244a2d227ec365ccc5f611f550d43105b6277c9e6f63,1536,511,3.0687644481658936
E,29,a09,100,35,aaad1a5cbffc9e125db9a05d2807a9d0651040104d25cfa7ce7f2a5b2e2086e1,1024,511,2.3463618755340576
E,29,a09,100,36,e25ac06e37522f0957c2cb0806eecc34da2f8db10ae8cc115af7d20b874f6224,512,511,1.7023882865905762
E,29,a09,100,37,d5da7bd0121663b6edf61237e56b4dc90a59bdd3f836f7723a5ab5c34d6c1be0,0,511,2.240095376968384
E,29,a09,100,38,7feabb41bc4116cf9ddd1e08b238a70de3437ffb60232618ab6fafc22543b1c5,1536,511,1.8479434251785278
E,29,a09,100,39,7f4e6f225b82734ac97fb72b7bdd5ed77208044ed363817bd00fab38bed6084c,1536,511,2.4398715496063232
E,29,a09,100,40,a3d4b60ea8383ab5f2fb9d3b104cdbb89651a6f572ad663056678887b4d2d667,1024,511,2.859485387802124
E,29,a09,100,41,35f8ba2251973d2f837378c101accd0e649b67dd402c4509b78f0452dca80482,0,511,1.8213715553283691
E,29,a09,100,42,6f7c52dd830f9adb55b5052564b6027331257cbe7a337dcbe4369b86109ac557,0,511,2.1756556034088135
E,29,a09,100,43,874b7f0c28c1c112d38da2ce3e6603b817d2afb1a423dcfc6718c9fb1ebd2ddb,5632,511,2.4524877071380615
E,29,a09,100,44,4499f41f572afda80045cc7b149c7c01bfa99b3e546ec3778b65f776f3e67154,9216,511,2.6082983016967773
E,29,a09,100,45,4579f5dba0662d35270215ad56a6c07ddb54396f3023949a7493da7b33cf5bc2,1536,511,2.7719533443450928
E,29,a09,100,46,67ea63e2020d3fa3821782867a7afa97fa78e1be3c6ff97d8b950377a01f7a3b,0,511,2.0166804790496826
E,29,a09,100,47,8b72b1ba0b72e1faa8368d573546ed7a9a6b2b44e81edb8057bd7a04f5e9c933,1536,511,2.931288242340088
E,29,a09,100,48,14aa9ebe6121a5c3d38160d97ff19328e466813462beeee68d1391cf6905193c,3072,511,2.6896615028381348
E,29,a09,100,49,85278703ca1d3bc269d096d5572de636a703a6998b4327bdc5b444d334b9c177,1536,511,2.7148163318634033
E,29,a09,100,50,f966fdde40abae385bfe799dfdfab537c886e427ab20a5dc4097d3becb2ce351,2048,511,3.197666645050049
E,29,a09,100,51,c3fe0e54525739db453e760ca0e48da11ae8bc3ebe14a350d8e5709ed5c926bf,1536,511,2.3189754486083984
E,29,a09,100,52,0d7214d0d360077352f26a7670f062fc711d3b8163f0d76a786fbafde55ef3ca,1024,511,2.4013285636901855
E,29,a09,100,53,44567cca0f7ed6f2624dc6a03f0d5223a54d32a432071040c4cf7173ff6b4231,0,511,2.056225299835205
E,29,a09,100,54,5842cd9af7d81dbe22877345606428b7fc7244c00fd6f0061f0170601e9afd33,0,511,2.318033218383789
E,29,a09,100,55,0e1af7f1246327ef5559369dd3d8df7eae7e903f55d6595189ec64c10782ad5f,512,511,2.156566858291626
E,29,a09,100,56,25049dea6f5fe73b549fbd902d603a133a5e454b227c3c9fe568c7880ed6618b,0,511,2.0678863525390625
E,29,a09,100,57,37dc34e7b9bd72d359cfc00f2e49990acde101b903d19eaa4a6da82b714493e0,1024,511,2.2266552448272705
E,29,a09,100,58,3938d05f4a501977d2521a921da001aea27c460a9983f6fdbf4d35be7018e9f7,0,511,2.473900079727173
E,29,a09,100,59,26b08f01fa673793dfa66415e2960b999caa2e5e047ef2891bf76514e38116e2,512,511,2.552095890045166
E,29,a09,100,60,c836ab3d06550b3a257eb0fb619f87c62b989ab156526f2b7472af4524155b1f,2560,511,2.3393566608428955
E,29,a09,100,61,e0a01a0175937971f62066d3ad8e84e0abf622e70cd6650f70734459ec923be2,512,511,2.694627523422241
E,29,a09,100,62,3d13a708d985d25d78c1c15ea62a30c860c3d822f652f490e34509b522b27d75,0,511,1.9703763723373413
E,29,a09,100,63,3b4ad5d4faaf9898e388ae94680869597d2e442f7b436d89ff3225802a7275fc,0,511,2.219358205795288
