split,k,stratum,architecture,sample_index,source_window_index,nll
calibration,4,global,"1,3,12,15",0,720,6.379086971282959
calibration,4,global,"1,3,12,15",1,3796,6.3022966384887695
calibration,4,global,"1,3,12,15",2,2979,5.745998382568359
calibration,4,global,"1,3,12,15",3,3195,5.9342360496521
calibration,4,global,"1,3,12,15",4,3348,5.678084850311279
calibration,4,global,"1,3,12,15",5,636,6.897732734680176
calibration,4,global,"1,3,12,15",6,655,5.693781852722168
calibration,4,global,"1,3,12,15",7,4470,6.322673320770264
calibration,4,global,"1,3,12,15",8,3767,5.718720436096191
calibration,4,global,"1,3,12,15",9,1123,6.524784564971924
calibration,4,global,"1,3,12,15",10,1907,5.394503116607666
calibration,4,global,"1,3,12,15",11,4325,7.0716166496276855
calibration,4,global,"1,3,12,15",12,3374,6.755405426025391
calibration,4,global,"1,3,12,15",13,552,5.530518531799316
calibration,4,global,"1,3,12,15",14,1983,5.956692218780518
calibration,4,global,"1,3,12,15",15,279,5.165311336517334
calibration,4,global,"1,3,12,15",16,3116,5.62288236618042
calibration,4,global,"1,3,12,15",17,3247,6.907574653625488
calibration,4,global,"1,3,12,15",18,4798,7.992768287658691
calibration,4,global,"1,3,12,15",19,2782,5.938681125640869
calibration,4,global,"1,3,12,15",20,2029,5.722473621368408
calibration,4,global,"1,3,12,15",21,3681,5.6892290115356445
calibration,4,global,"1,3,12,15",22,252,6.135296821594238
calibration,4,global,"1,3,12,15",23,2694,6.1436309814453125
calibration,4,global,"1,3,12,15",24,1696,6.040935516357422
calibration,4,global,"1,3,12,15",25,1,5.71462869644165
calibration,4,global,"1,3,12,15",26,1432,6.175655841827393
calibration,4,global,"1,3,12,15",27,3131,6.210962295532227
calibration,4,global,"1,3,12,15",28,4718,5.904233932495117
calibration,4,global,"1,3,12,15",29,2055,5.113831520080566
calibration,4,global,"1,3,12,15",30,4817,5.774035453796387
calibration,4,global,"1,3,12,15",31,2110,5.940603733062744
calibration,4,global,"1,3,12,15",32,4972,7.380751132965088
calibration,4,global,"1,3,12,15",33,3779,5.960414886474609
calibration,4,global,"1,3,12,15",34,4553,4.861060619354248
calibration,4,global,"1,3,12,15",35,4505,6.8864874839782715
calibration,4,global,"1,3,12,15",36,779,5.9177775382995605
calibration,4,global,"1,3,12,15",37,375,5.570180416107178
calibration,4,global,"1,3,12,15",38,3175,5.708310604095459
calibration,4,global,"1,3,12,15",39,1099,5.181880950927734
calibration,4,global,"1,3,12,15",40,3387,6.184762477874756
calibration,4,global,"1,3,12,15",41,3081,4.8736066818237305
calibration,4,global,"1,3,12,15",42,461,6.0504045486450195
calibration,4,global,"1,3,12,15",43,429,6.1859540939331055
calibration,4,global,"1,3,12,15",44,2649,8.16586685180664
calibration,4,global,"1,3,12,15",45,1815,6.208701133728027
calibration,4,global,"1,3,12,15",46,4318,5.362725734710693
calibration,4,global,"1,3,12,15",47,226,6.34844446182251
calibration,4,global,"1,3,12,15",48,4210,8.061712265014648
calibration,4,global,"1,3,12,15",49,892,6.801241874694824
calibration,4,global,"1,3,12,15",50,2021,6.250768661499023
calibration,4,global,"1,3,12,15",51,2579,5.9568772315979
calibration,4,global,"1,3,12,15",52,2843,5.7238264083862305
calibration,4,global,"1,3,12,15",53,2661,5.974672317504883
calibration,4,global,"1,3,12,15",54,426,5.953314304351807
calibration,4,global,"1,3,12,15",55,768,5.663690567016602
calibration,4,global,"1,3,12,15",56,2163,6.426639080047607
calibration,4,global,"1,3,12,15",57,2378,5.311882495880127
calibration,4,global,"1,3,12,15",58,1777,5.486220836639404
calibration,4,global,"1,3,12,15",59,2019,5.939718246459961
calibration,4,global,"1,3,12,15",60,611,5.395539283752441
calibration,4,global,"1,3,12,15",61,1632,7.593273162841797
calibration,4,global,"1,3,12,15",62,1668,6.5986714363098145
calibration,4,global,"1,3,12,15",63,2131,6.316174030303955
calibration,4,global,"1,3,12,15",64,4582,2.800579071044922
calibration,4,global,"1,3,12,15",65,3185,5.498317718505859
calibration,4,global,"1,3,12,15",66,3604,5.939891815185547
calibration,4,global,"1,3,12,15",67,2688,5.666604995727539
calibration,4,global,"1,3,12,15",68,1024,6.3621907234191895
calibration,4,global,"1,3,12,15",69,3447,5.925643444061279
calibration,4,global,"1,3,12,15",70,1624,4.984384536743164
calibration,4,global,"1,3,12,15",71,683,5.640693664550781
calibration,4,global,"1,3,12,15",72,3712,5.374378681182861
calibration,4,global,"1,3,12,15",73,4597,4.860013484954834
calibration,4,global,"1,3,12,15",74,2003,6.5462212562561035
calibration,4,global,"1,3,12,15",75,38,5.8829240798950195
calibration,4,global,"1,3,12,15",76,2557,6.001020908355713
calibration,4,global,"1,3,12,15",77,648,5.403301239013672
calibration,4,global,"1,3,12,15",78,2091,6.267057418823242
calibration,4,global,"1,3,12,15",79,2261,5.88856840133667
calibration,4,global,"1,3,12,15",80,2086,6.234882354736328
calibration,4,global,"1,3,12,15",81,4297,5.385446548461914
calibration,4,global,"1,3,12,15",82,3993,5.792648792266846
calibration,4,global,"1,3,12,15",83,559,5.537257671356201
calibration,4,global,"1,3,12,15",84,3219,5.767082214355469
calibration,4,global,"1,3,12,15",85,3324,6.504234790802002
calibration,4,global,"1,3,12,15",86,4366,5.518813610076904
calibration,4,global,"1,3,12,15",87,323,5.961520671844482
calibration,4,global,"1,3,12,15",88,3151,4.925079345703125
calibration,4,global,"1,3,12,15",89,2912,5.255638599395752
calibration,4,global,"1,3,12,15",90,2892,5.546210765838623
calibration,4,global,"1,3,12,15",91,1031,6.62746000289917
calibration,4,global,"1,3,12,15",92,2905,4.412391185760498
calibration,4,global,"1,3,12,15",93,1747,6.943066120147705
calibration,4,global,"1,3,12,15",94,1426,5.7542405128479
calibration,4,global,"1,3,12,15",95,1288,5.276580810546875
calibration,4,global,"1,3,15,19",0,720,6.829283237457275
calibration,4,global,"1,3,15,19",1,3796,6.549952983856201
calibration,4,global,"1,3,15,19",2,2979,5.813946723937988
calibration,4,global,"1,3,15,19",3,3195,6.326071262359619
calibration,4,global,"1,3,15,19",4,3348,5.744491100311279
calibration,4,global,"1,3,15,19",5,636,6.475306987762451
calibration,4,global,"1,3,15,19",6,655,5.651613712310791
calibration,4,global,"1,3,15,19",7,4470,6.520605564117432
calibration,4,global,"1,3,15,19",8,3767,6.079396724700928
calibration,4,global,"1,3,15,19",9,1123,7.098126411437988
calibration,4,global,"1,3,15,19",10,1907,5.507481098175049
calibration,4,global,"1,3,15,19",11,4325,7.289637565612793
calibration,4,global,"1,3,15,19",12,3374,6.849626064300537
calibration,4,global,"1,3,15,19",13,552,5.746499061584473
calibration,4,global,"1,3,15,19",14,1983,6.087181568145752
calibration,4,global,"1,3,15,19",15,279,5.875796794891357
calibration,4,global,"1,3,15,19",16,3116,5.8602495193481445
calibration,4,global,"1,3,15,19",17,3247,7.289315700531006
calibration,4,global,"1,3,15,19",18,4798,7.572353363037109
calibration,4,global,"1,3,15,19",19,2782,6.219907283782959
calibration,4,global,"1,3,15,19",20,2029,6.073998928070068
calibration,4,global,"1,3,15,19",21,3681,5.819940090179443
calibration,4,global,"1,3,15,19",22,252,6.331279277801514
calibration,4,global,"1,3,15,19",23,2694,6.267553329467773
calibration,4,global,"1,3,15,19",24,1696,6.144808292388916
calibration,4,global,"1,3,15,19",25,1,5.920540809631348
calibration,4,global,"1,3,15,19",26,1432,6.332681179046631
calibration,4,global,"1,3,15,19",27,3131,6.257654666900635
calibration,4,global,"1,3,15,19",28,4718,6.323678493499756
calibration,4,global,"1,3,15,19",29,2055,5.129122257232666
calibration,4,global,"1,3,15,19",30,4817,5.9592061042785645
calibration,4,global,"1,3,15,19",31,2110,6.553408145904541
calibration,4,global,"1,3,15,19",32,4972,7.527681827545166
calibration,4,global,"1,3,15,19",33,3779,5.9371442794799805
calibration,4,global,"1,3,15,19",34,4553,5.213802337646484
calibration,4,global,"1,3,15,19",35,4505,6.8305768966674805
calibration,4,global,"1,3,15,19",36,779,6.173104286193848
calibration,4,global,"1,3,15,19",37,375,5.645158767700195
calibration,4,global,"1,3,15,19",38,3175,6.202136039733887
calibration,4,global,"1,3,15,19",39,1099,5.484099864959717
calibration,4,global,"1,3,15,19",40,3387,6.199499607086182
calibration,4,global,"1,3,15,19",41,3081,4.924793720245361
calibration,4,global,"1,3,15,19",42,461,6.217206001281738
calibration,4,global,"1,3,15,19",43,429,6.3443756103515625
calibration,4,global,"1,3,15,19",44,2649,7.534388065338135
calibration,4,global,"1,3,15,19",45,1815,6.212508201599121
calibration,4,global,"1,3,15,19",46,4318,5.543051719665527
calibration,4,global,"1,3,15,19",47,226,6.611879348754883
calibration,4,global,"1,3,15,19",48,4210,9.760226249694824
calibration,4,global,"1,3,15,19",49,892,7.094655513763428
calibration,4,global,"1,3,15,19",50,2021,6.527537822723389
calibration,4,global,"1,3,15,19",51,2579,6.0134382247924805
calibration,4,global,"1,3,15,19",52,2843,5.875410079956055
calibration,4,global,"1,3,15,19",53,2661,5.97885799407959
calibration,4,global,"1,3,15,19",54,426,6.259878158569336
calibration,4,global,"1,3,15,19",55,768,5.767628192901611
calibration,4,global,"1,3,15,19",56,2163,6.723411560058594
calibration,4,global,"1,3,15,19",57,2378,5.572383403778076
calibration,4,global,"1,3,15,19",58,1777,5.601192474365234
calibration,4,global,"1,3,15,19",59,2019,7.052743911743164
calibration,4,global,"1,3,15,19",60,611,5.654267311096191
calibration,4,global,"1,3,15,19",61,1632,7.407501697540283
calibration,4,global,"1,3,15,19",62,1668,6.524962902069092
calibration,4,global,"1,3,15,19",63,2131,6.6027679443359375
calibration,4,global,"1,3,15,19",64,4582,3.008963108062744
calibration,4,global,"1,3,15,19",65,3185,5.448594093322754
calibration,4,global,"1,3,15,19",66,3604,6.151297569274902
calibration,4,global,"1,3,15,19",67,2688,5.815411567687988
calibration,4,global,"1,3,15,19",68,1024,6.506045818328857
calibration,4,global,"1,3,15,19",69,3447,6.353110313415527
calibration,4,global,"1,3,15,19",70,1624,5.048657417297363
calibration,4,global,"1,3,15,19",71,683,5.342936992645264
calibration,4,global,"1,3,15,19",72,3712,5.6315598487854
calibration,4,global,"1,3,15,19",73,4597,5.15452241897583
calibration,4,global,"1,3,15,19",74,2003,6.9420084953308105
calibration,4,global,"1,3,15,19",75,38,6.311033248901367
calibration,4,global,"1,3,15,19",76,2557,5.946711540222168
calibration,4,global,"1,3,15,19",77,648,5.5914740562438965
calibration,4,global,"1,3,15,19",78,2091,6.33831787109375
calibration,4,global,"1,3,15,19",79,2261,6.0509352684021
calibration,4,global,"1,3,15,19",80,2086,6.3079729080200195
calibration,4,global,"1,3,15,19",81,4297,5.5963544845581055
calibration,4,global,"1,3,15,19",82,3993,5.47330379486084
calibration,4,global,"1,3,15,19",83,559,5.683459758758545
calibration,4,global,"1,3,15,19",84,3219,6.011950969696045
calibration,4,global,"1,3,15,19",85,3324,6.515605926513672
calibration,4,global,"1,3,15,19",86,4366,5.76457405090332
calibration,4,global,"1,3,15,19",87,323,6.3633527755737305
calibration,4,global,"1,3,15,19",88,3151,5.172587871551514
calibration,4,global,"1,3,15,19",89,2912,5.388370990753174
calibration,4,global,"1,3,15,19",90,2892,5.859783172607422
calibration,4,global,"1,3,15,19",91,1031,6.555363178253174
calibration,4,global,"1,3,15,19",92,2905,4.625722885131836
calibration,4,global,"1,3,15,19",93,1747,7.132842063903809
calibration,4,global,"1,3,15,19",94,1426,6.0453057289123535
calibration,4,global,"1,3,15,19",95,1288,5.6475934982299805
calibration,4,global,"1,8,12,15",0,720,5.924731731414795
calibration,4,global,"1,8,12,15",1,3796,6.290553092956543
calibration,4,global,"1,8,12,15",2,2979,5.271026611328125
calibration,4,global,"1,8,12,15",3,3195,5.559985160827637
calibration,4,global,"1,8,12,15",4,3348,8.025675773620605
calibration,4,global,"1,8,12,15",5,636,7.5498456954956055
calibration,4,global,"1,8,12,15",6,655,5.448756217956543
calibration,4,global,"1,8,12,15",7,4470,5.9341139793396
calibration,4,global,"1,8,12,15",8,3767,5.555052280426025
calibration,4,global,"1,8,12,15",9,1123,7.575872898101807
calibration,4,global,"1,8,12,15",10,1907,5.233272552490234
calibration,4,global,"1,8,12,15",11,4325,10.669916152954102
calibration,4,global,"1,8,12,15",12,3374,7.38469123840332
calibration,4,global,"1,8,12,15",13,552,5.162652969360352
calibration,4,global,"1,8,12,15",14,1983,5.994766712188721
calibration,4,global,"1,8,12,15",15,279,4.955641746520996
calibration,4,global,"1,8,12,15",16,3116,5.571403503417969
calibration,4,global,"1,8,12,15",17,3247,7.051660060882568
calibration,4,global,"1,8,12,15",18,4798,7.385845184326172
calibration,4,global,"1,8,12,15",19,2782,5.131831169128418
calibration,4,global,"1,8,12,15",20,2029,5.40500020980835
calibration,4,global,"1,8,12,15",21,3681,5.4837164878845215
calibration,4,global,"1,8,12,15",22,252,6.911749362945557
calibration,4,global,"1,8,12,15",23,2694,6.257234573364258
calibration,4,global,"1,8,12,15",24,1696,7.8832011222839355
calibration,4,global,"1,8,12,15",25,1,6.5425567626953125
calibration,4,global,"1,8,12,15",26,1432,7.76040506362915
calibration,4,global,"1,8,12,15",27,3131,5.71372652053833
calibration,4,global,"1,8,12,15",28,4718,5.492985725402832
calibration,4,global,"1,8,12,15",29,2055,7.22652530670166
calibration,4,global,"1,8,12,15",30,4817,5.685865879058838
calibration,4,global,"1,8,12,15",31,2110,6.000370502471924
calibration,4,global,"1,8,12,15",32,4972,8.082327842712402
calibration,4,global,"1,8,12,15",33,3779,6.41499662399292
calibration,4,global,"1,8,12,15",34,4553,5.244736671447754
calibration,4,global,"1,8,12,15",35,4505,7.974401950836182
calibration,4,global,"1,8,12,15",36,779,6.413089752197266
calibration,4,global,"1,8,12,15",37,375,5.071512222290039
calibration,4,global,"1,8,12,15",38,3175,7.625247478485107
calibration,4,global,"1,8,12,15",39,1099,5.273207187652588
calibration,4,global,"1,8,12,15",40,3387,6.087843418121338
calibration,4,global,"1,8,12,15",41,3081,4.682487964630127
calibration,4,global,"1,8,12,15",42,461,6.799810886383057
calibration,4,global,"1,8,12,15",43,429,5.461796760559082
calibration,4,global,"1,8,12,15",44,2649,7.4978814125061035
calibration,4,global,"1,8,12,15",45,1815,10.743508338928223
calibration,4,global,"1,8,12,15",46,4318,5.314659595489502
calibration,4,global,"1,8,12,15",47,226,7.911787509918213
calibration,4,global,"1,8,12,15",48,4210,11.107452392578125
calibration,4,global,"1,8,12,15",49,892,10.212564468383789
calibration,4,global,"1,8,12,15",50,2021,5.790853023529053
calibration,4,global,"1,8,12,15",51,2579,6.404135227203369
calibration,4,global,"1,8,12,15",52,2843,5.348437786102295
calibration,4,global,"1,8,12,15",53,2661,6.280174255371094
calibration,4,global,"1,8,12,15",54,426,5.85230016708374
calibration,4,global,"1,8,12,15",55,768,5.402308464050293
calibration,4,global,"1,8,12,15",56,2163,6.523383617401123
calibration,4,global,"1,8,12,15",57,2378,5.238170623779297
calibration,4,global,"1,8,12,15",58,1777,5.286741256713867
calibration,4,global,"1,8,12,15",59,2019,5.740787982940674
calibration,4,global,"1,8,12,15",60,611,4.842815399169922
calibration,4,global,"1,8,12,15",61,1632,8.79313850402832
calibration,4,global,"1,8,12,15",62,1668,9.17190170288086
calibration,4,global,"1,8,12,15",63,2131,6.440918922424316
calibration,4,global,"1,8,12,15",64,4582,2.984096050262451
calibration,4,global,"1,8,12,15",65,3185,5.153604984283447
calibration,4,global,"1,8,12,15",66,3604,6.197323322296143
calibration,4,global,"1,8,12,15",67,2688,5.476420879364014
calibration,4,global,"1,8,12,15",68,1024,10.061884880065918
calibration,4,global,"1,8,12,15",69,3447,6.498169898986816
calibration,4,global,"1,8,12,15",70,1624,4.854193687438965
calibration,4,global,"1,8,12,15",71,683,5.007625102996826
calibration,4,global,"1,8,12,15",72,3712,5.4320478439331055
calibration,4,global,"1,8,12,15",73,4597,5.318580150604248
calibration,4,global,"1,8,12,15",74,2003,5.850489139556885
calibration,4,global,"1,8,12,15",75,38,5.316344261169434
calibration,4,global,"1,8,12,15",76,2557,6.366850852966309
calibration,4,global,"1,8,12,15",77,648,5.864673614501953
calibration,4,global,"1,8,12,15",78,2091,5.517470836639404
calibration,4,global,"1,8,12,15",79,2261,5.617066860198975
calibration,4,global,"1,8,12,15",80,2086,5.7955145835876465
calibration,4,global,"1,8,12,15",81,4297,4.933707237243652
calibration,4,global,"1,8,12,15",82,3993,5.810750961303711
calibration,4,global,"1,8,12,15",83,559,4.997364044189453
calibration,4,global,"1,8,12,15",84,3219,5.526823997497559
calibration,4,global,"1,8,12,15",85,3324,5.688690662384033
calibration,4,global,"1,8,12,15",86,4366,5.325530529022217
calibration,4,global,"1,8,12,15",87,323,5.520941734313965
calibration,4,global,"1,8,12,15",88,3151,5.107123851776123
calibration,4,global,"1,8,12,15",89,2912,5.0549845695495605
calibration,4,global,"1,8,12,15",90,2892,4.969827651977539
calibration,4,global,"1,8,12,15",91,1031,7.010343074798584
calibration,4,global,"1,8,12,15",92,2905,4.6101789474487305
calibration,4,global,"1,8,12,15",93,1747,6.006474018096924
calibration,4,global,"1,8,12,15",94,1426,5.948732376098633
calibration,4,global,"1,8,12,15",95,1288,5.176946640014648
calibration,4,global,"1,10,12,26",0,720,6.130040168762207
calibration,4,global,"1,10,12,26",1,3796,5.672306060791016
calibration,4,global,"1,10,12,26",2,2979,5.258072376251221
calibration,4,global,"1,10,12,26",3,3195,5.49777889251709
calibration,4,global,"1,10,12,26",4,3348,8.125994682312012
calibration,4,global,"1,10,12,26",5,636,7.117819309234619
calibration,4,global,"1,10,12,26",6,655,5.572030544281006
calibration,4,global,"1,10,12,26",7,4470,5.957849979400635
calibration,4,global,"1,10,12,26",8,3767,5.624500751495361
calibration,4,global,"1,10,12,26",9,1123,7.04677152633667
calibration,4,global,"1,10,12,26",10,1907,4.963847637176514
calibration,4,global,"1,10,12,26",11,4325,10.719274520874023
calibration,4,global,"1,10,12,26",12,3374,7.365965843200684
calibration,4,global,"1,10,12,26",13,552,5.368685722351074
calibration,4,global,"1,10,12,26",14,1983,5.822744369506836
calibration,4,global,"1,10,12,26",15,279,5.0442728996276855
calibration,4,global,"1,10,12,26",16,3116,5.570850372314453
calibration,4,global,"1,10,12,26",17,3247,6.723653793334961
calibration,4,global,"1,10,12,26",18,4798,7.293738842010498
calibration,4,global,"1,10,12,26",19,2782,5.02849817276001
calibration,4,global,"1,10,12,26",20,2029,5.273131847381592
calibration,4,global,"1,10,12,26",21,3681,5.174220085144043
calibration,4,global,"1,10,12,26",22,252,6.47506046295166
calibration,4,global,"1,10,12,26",23,2694,6.339886665344238
calibration,4,global,"1,10,12,26",24,1696,8.282782554626465
calibration,4,global,"1,10,12,26",25,1,6.341012001037598
calibration,4,global,"1,10,12,26",26,1432,8.159189224243164
calibration,4,global,"1,10,12,26",27,3131,5.747478485107422
calibration,4,global,"1,10,12,26",28,4718,5.222702503204346
calibration,4,global,"1,10,12,26",29,2055,6.845483303070068
calibration,4,global,"1,10,12,26",30,4817,5.668674468994141
calibration,4,global,"1,10,12,26",31,2110,5.722057819366455
calibration,4,global,"1,10,12,26",32,4972,7.346347332000732
calibration,4,global,"1,10,12,26",33,3779,7.275925636291504
calibration,4,global,"1,10,12,26",34,4553,4.996453762054443
calibration,4,global,"1,10,12,26",35,4505,6.286557197570801
calibration,4,global,"1,10,12,26",36,779,6.351037979125977
calibration,4,global,"1,10,12,26",37,375,4.918839931488037
calibration,4,global,"1,10,12,26",38,3175,7.888674736022949
calibration,4,global,"1,10,12,26",39,1099,4.997339725494385
calibration,4,global,"1,10,12,26",40,3387,5.878068923950195
calibration,4,global,"1,10,12,26",41,3081,4.569583415985107
calibration,4,global,"1,10,12,26",42,461,7.550330638885498
calibration,4,global,"1,10,12,26",43,429,5.3068366050720215
calibration,4,global,"1,10,12,26",44,2649,7.783028602600098
calibration,4,global,"1,10,12,26",45,1815,11.134675979614258
calibration,4,global,"1,10,12,26",46,4318,5.202126502990723
calibration,4,global,"1,10,12,26",47,226,7.650832176208496
calibration,4,global,"1,10,12,26",48,4210,11.48218059539795
calibration,4,global,"1,10,12,26",49,892,10.416300773620605
calibration,4,global,"1,10,12,26",50,2021,5.822911739349365
calibration,4,global,"1,10,12,26",51,2579,5.652861595153809
calibration,4,global,"1,10,12,26",52,2843,5.2023234367370605
calibration,4,global,"1,10,12,26",53,2661,6.948370933532715
calibration,4,global,"1,10,12,26",54,426,5.92445182800293
calibration,4,global,"1,10,12,26",55,768,5.507307052612305
calibration,4,global,"1,10,12,26",56,2163,6.69840669631958
calibration,4,global,"1,10,12,26",57,2378,5.512178421020508
calibration,4,global,"1,10,12,26",58,1777,5.256434440612793
calibration,4,global,"1,10,12,26",59,2019,6.11798620223999
calibration,4,global,"1,10,12,26",60,611,4.840688228607178
calibration,4,global,"1,10,12,26",61,1632,8.59565544128418
calibration,4,global,"1,10,12,26",62,1668,8.590731620788574
calibration,4,global,"1,10,12,26",63,2131,6.523221492767334
calibration,4,global,"1,10,12,26",64,4582,2.853003978729248
calibration,4,global,"1,10,12,26",65,3185,5.237792015075684
calibration,4,global,"1,10,12,26",66,3604,6.246286392211914
calibration,4,global,"1,10,12,26",67,2688,5.4711103439331055
calibration,4,global,"1,10,12,26",68,1024,10.129705429077148
calibration,4,global,"1,10,12,26",69,3447,5.6167988777160645
calibration,4,global,"1,10,12,26",70,1624,4.55662727355957
calibration,4,global,"1,10,12,26",71,683,4.887268543243408
calibration,4,global,"1,10,12,26",72,3712,5.35969352722168
calibration,4,global,"1,10,12,26",73,4597,5.874023914337158
calibration,4,global,"1,10,12,26",74,2003,5.899869918823242
calibration,4,global,"1,10,12,26",75,38,5.239818096160889
calibration,4,global,"1,10,12,26",76,2557,6.249246120452881
calibration,4,global,"1,10,12,26",77,648,5.584526062011719
calibration,4,global,"1,10,12,26",78,2091,5.301188945770264
calibration,4,global,"1,10,12,26",79,2261,5.654698371887207
calibration,4,global,"1,10,12,26",80,2086,5.953404903411865
calibration,4,global,"1,10,12,26",81,4297,4.8551483154296875
calibration,4,global,"1,10,12,26",82,3993,5.816186904907227
calibration,4,global,"1,10,12,26",83,559,5.102849006652832
calibration,4,global,"1,10,12,26",84,3219,5.5601372718811035
calibration,4,global,"1,10,12,26",85,3324,5.832645893096924
calibration,4,global,"1,10,12,26",86,4366,5.134498119354248
calibration,4,global,"1,10,12,26",87,323,5.358794212341309
calibration,4,global,"1,10,12,26",88,3151,5.039395809173584
calibration,4,global,"1,10,12,26",89,2912,4.940843105316162
calibration,4,global,"1,10,12,26",90,2892,5.075399398803711
calibration,4,global,"1,10,12,26",91,1031,6.8001179695129395
calibration,4,global,"1,10,12,26",92,2905,4.672021389007568
calibration,4,global,"1,10,12,26",93,1747,5.887628555297852
calibration,4,global,"1,10,12,26",94,1426,5.626265048980713
calibration,4,global,"1,10,12,26",95,1288,5.488148212432861
calibration,4,global,"1,10,15,19",0,720,6.148824691772461
calibration,4,global,"1,10,15,19",1,3796,6.065781116485596
calibration,4,global,"1,10,15,19",2,2979,5.439670085906982
calibration,4,global,"1,10,15,19",3,3195,5.595664024353027
calibration,4,global,"1,10,15,19",4,3348,7.951478481292725
calibration,4,global,"1,10,15,19",5,636,7.766114711761475
calibration,4,global,"1,10,15,19",6,655,5.851129531860352
calibration,4,global,"1,10,15,19",7,4470,6.1746954917907715
calibration,4,global,"1,10,15,19",8,3767,5.383141994476318
calibration,4,global,"1,10,15,19",9,1123,7.42861270904541
calibration,4,global,"1,10,15,19",10,1907,4.978398323059082
calibration,4,global,"1,10,15,19",11,4325,10.618500709533691
calibration,4,global,"1,10,15,19",12,3374,7.597376346588135
calibration,4,global,"1,10,15,19",13,552,5.2479705810546875
calibration,4,global,"1,10,15,19",14,1983,5.958384990692139
calibration,4,global,"1,10,15,19",15,279,4.785844802856445
calibration,4,global,"1,10,15,19",16,3116,5.55535364151001
calibration,4,global,"1,10,15,19",17,3247,7.0163187980651855
calibration,4,global,"1,10,15,19",18,4798,7.271048545837402
calibration,4,global,"1,10,15,19",19,2782,5.209245681762695
calibration,4,global,"1,10,15,19",20,2029,5.481420993804932
calibration,4,global,"1,10,15,19",21,3681,5.218691349029541
calibration,4,global,"1,10,15,19",22,252,6.738883018493652
calibration,4,global,"1,10,15,19",23,2694,6.48634147644043
calibration,4,global,"1,10,15,19",24,1696,8.011302947998047
calibration,4,global,"1,10,15,19",25,1,6.409189224243164
calibration,4,global,"1,10,15,19",26,1432,7.475597381591797
calibration,4,global,"1,10,15,19",27,3131,5.939615726470947
calibration,4,global,"1,10,15,19",28,4718,5.192538261413574
calibration,4,global,"1,10,15,19",29,2055,6.88331413269043
calibration,4,global,"1,10,15,19",30,4817,5.537352085113525
calibration,4,global,"1,10,15,19",31,2110,6.272026538848877
calibration,4,global,"1,10,15,19",32,4972,7.99574089050293
calibration,4,global,"1,10,15,19",33,3779,7.033483505249023
calibration,4,global,"1,10,15,19",34,4553,4.907597541809082
calibration,4,global,"1,10,15,19",35,4505,6.804213523864746
calibration,4,global,"1,10,15,19",36,779,6.591259479522705
calibration,4,global,"1,10,15,19",37,375,5.046482086181641
calibration,4,global,"1,10,15,19",38,3175,7.513923168182373
calibration,4,global,"1,10,15,19",39,1099,5.225842475891113
calibration,4,global,"1,10,15,19",40,3387,5.718889236450195
calibration,4,global,"1,10,15,19",41,3081,4.622255802154541
calibration,4,global,"1,10,15,19",42,461,8.558320045471191
calibration,4,global,"1,10,15,19",43,429,5.350485801696777
calibration,4,global,"1,10,15,19",44,2649,8.18934440612793
calibration,4,global,"1,10,15,19",45,1815,10.567302703857422
calibration,4,global,"1,10,15,19",46,4318,5.206143379211426
calibration,4,global,"1,10,15,19",47,226,7.158987045288086
calibration,4,global,"1,10,15,19",48,4210,11.423813819885254
calibration,4,global,"1,10,15,19",49,892,10.351021766662598
calibration,4,global,"1,10,15,19",50,2021,6.0166401863098145
calibration,4,global,"1,10,15,19",51,2579,5.589700698852539
calibration,4,global,"1,10,15,19",52,2843,5.336119174957275
calibration,4,global,"1,10,15,19",53,2661,7.639892101287842
calibration,4,global,"1,10,15,19",54,426,6.092463970184326
calibration,4,global,"1,10,15,19",55,768,5.3807196617126465
calibration,4,global,"1,10,15,19",56,2163,6.947983264923096
calibration,4,global,"1,10,15,19",57,2378,5.270562648773193
calibration,4,global,"1,10,15,19",58,1777,5.2118821144104
calibration,4,global,"1,10,15,19",59,2019,5.6017985343933105
calibration,4,global,"1,10,15,19",60,611,4.650945663452148
calibration,4,global,"1,10,15,19",61,1632,8.567087173461914
calibration,4,global,"1,10,15,19",62,1668,8.368851661682129
calibration,4,global,"1,10,15,19",63,2131,6.115871906280518
calibration,4,global,"1,10,15,19",64,4582,2.671191692352295
calibration,4,global,"1,10,15,19",65,3185,5.197114944458008
calibration,4,global,"1,10,15,19",66,3604,6.065690517425537
calibration,4,global,"1,10,15,19",67,2688,5.555100440979004
calibration,4,global,"1,10,15,19",68,1024,10.093092918395996
calibration,4,global,"1,10,15,19",69,3447,5.748887538909912
calibration,4,global,"1,10,15,19",70,1624,4.63345193862915
calibration,4,global,"1,10,15,19",71,683,4.8435378074646
calibration,4,global,"1,10,15,19",72,3712,5.242895603179932
calibration,4,global,"1,10,15,19",73,4597,5.326322078704834
calibration,4,global,"1,10,15,19",74,2003,6.040256500244141
calibration,4,global,"1,10,15,19",75,38,5.3028950691223145
calibration,4,global,"1,10,15,19",76,2557,6.371038913726807
calibration,4,global,"1,10,15,19",77,648,5.735970497131348
calibration,4,global,"1,10,15,19",78,2091,5.492912769317627
calibration,4,global,"1,10,15,19",79,2261,5.51752233505249
calibration,4,global,"1,10,15,19",80,2086,6.059369087219238
calibration,4,global,"1,10,15,19",81,4297,4.959640026092529
calibration,4,global,"1,10,15,19",82,3993,5.810853958129883
calibration,4,global,"1,10,15,19",83,559,5.119737148284912
calibration,4,global,"1,10,15,19",84,3219,5.2444987297058105
calibration,4,global,"1,10,15,19",85,3324,5.890298366546631
calibration,4,global,"1,10,15,19",86,4366,5.181528568267822
calibration,4,global,"1,10,15,19",87,323,5.255148410797119
calibration,4,global,"1,10,15,19",88,3151,5.5407209396362305
calibration,4,global,"1,10,15,19",89,2912,5.055140495300293
calibration,4,global,"1,10,15,19",90,2892,5.025557518005371
calibration,4,global,"1,10,15,19",91,1031,7.2031049728393555
calibration,4,global,"1,10,15,19",92,2905,4.865212917327881
calibration,4,global,"1,10,15,19",93,1747,6.080078125
calibration,4,global,"1,10,15,19",94,1426,5.832077980041504
calibration,4,global,"1,10,15,19",95,1288,5.743895053863525
calibration,4,global,"1,10,19,24",0,720,6.51095724105835
calibration,4,global,"1,10,19,24",1,3796,6.155994892120361
calibration,4,global,"1,10,19,24",2,2979,5.580544471740723
calibration,4,global,"1,10,19,24",3,3195,5.6451849937438965
calibration,4,global,"1,10,19,24",4,3348,7.978443145751953
calibration,4,global,"1,10,19,24",5,636,7.35249137878418
calibration,4,global,"1,10,19,24",6,655,5.813664436340332
calibration,4,global,"1,10,19,24",7,4470,6.139780044555664
calibration,4,global,"1,10,19,24",8,3767,5.528994560241699
calibration,4,global,"1,10,19,24",9,1123,6.943272590637207
calibration,4,global,"1,10,19,24",10,1907,5.004623889923096
calibration,4,global,"1,10,19,24",11,4325,10.535968780517578
calibration,4,global,"1,10,19,24",12,3374,7.759736061096191
calibration,4,global,"1,10,19,24",13,552,5.5006184577941895
calibration,4,global,"1,10,19,24",14,1983,6.215638637542725
calibration,4,global,"1,10,19,24",15,279,4.9065117835998535
calibration,4,global,"1,10,19,24",16,3116,5.646012783050537
calibration,4,global,"1,10,19,24",17,3247,6.873945236206055
calibration,4,global,"1,10,19,24",18,4798,7.659855365753174
calibration,4,global,"1,10,19,24",19,2782,5.382358551025391
calibration,4,global,"1,10,19,24",20,2029,5.406734466552734
calibration,4,global,"1,10,19,24",21,3681,5.4280476570129395
calibration,4,global,"1,10,19,24",22,252,6.786574363708496
calibration,4,global,"1,10,19,24",23,2694,6.638839244842529
calibration,4,global,"1,10,19,24",24,1696,8.289145469665527
calibration,4,global,"1,10,19,24",25,1,6.520046234130859
calibration,4,global,"1,10,19,24",26,1432,6.986012935638428
calibration,4,global,"1,10,19,24",27,3131,6.234042167663574
calibration,4,global,"1,10,19,24",28,4718,5.547915458679199
calibration,4,global,"1,10,19,24",29,2055,6.218868255615234
calibration,4,global,"1,10,19,24",30,4817,5.769041061401367
calibration,4,global,"1,10,19,24",31,2110,5.927950859069824
calibration,4,global,"1,10,19,24",32,4972,8.111685752868652
calibration,4,global,"1,10,19,24",33,3779,7.49683141708374
calibration,4,global,"1,10,19,24",34,4553,5.033252716064453
calibration,4,global,"1,10,19,24",35,4505,6.878299713134766
calibration,4,global,"1,10,19,24",36,779,6.850587844848633
calibration,4,global,"1,10,19,24",37,375,5.099909782409668
calibration,4,global,"1,10,19,24",38,3175,7.688587665557861
calibration,4,global,"1,10,19,24",39,1099,5.300745010375977
calibration,4,global,"1,10,19,24",40,3387,5.973048686981201
calibration,4,global,"1,10,19,24",41,3081,4.586413383483887
calibration,4,global,"1,10,19,24",42,461,8.19922161102295
calibration,4,global,"1,10,19,24",43,429,5.5318169593811035
calibration,4,global,"1,10,19,24",44,2649,8.44305419921875
calibration,4,global,"1,10,19,24",45,1815,10.623557090759277
calibration,4,global,"1,10,19,24",46,4318,5.144373416900635
calibration,4,global,"1,10,19,24",47,226,7.165094375610352
calibration,4,global,"1,10,19,24",48,4210,11.909838676452637
calibration,4,global,"1,10,19,24",49,892,10.368490219116211
calibration,4,global,"1,10,19,24",50,2021,6.04157018661499
calibration,4,global,"1,10,19,24",51,2579,5.770473957061768
calibration,4,global,"1,10,19,24",52,2843,5.300980091094971
calibration,4,global,"1,10,19,24",53,2661,6.827793598175049
calibration,4,global,"1,10,19,24",54,426,6.172604560852051
calibration,4,global,"1,10,19,24",55,768,5.544015884399414
calibration,4,global,"1,10,19,24",56,2163,6.83785343170166
calibration,4,global,"1,10,19,24",57,2378,5.442196846008301
calibration,4,global,"1,10,19,24",58,1777,5.210389137268066
calibration,4,global,"1,10,19,24",59,2019,6.139705181121826
calibration,4,global,"1,10,19,24",60,611,4.936367988586426
calibration,4,global,"1,10,19,24",61,1632,9.006685256958008
calibration,4,global,"1,10,19,24",62,1668,8.397564888000488
calibration,4,global,"1,10,19,24",63,2131,6.786738872528076
calibration,4,global,"1,10,19,24",64,4582,2.9196150302886963
calibration,4,global,"1,10,19,24",65,3185,5.352094650268555
calibration,4,global,"1,10,19,24",66,3604,6.233150482177734
calibration,4,global,"1,10,19,24",67,2688,5.604899883270264
calibration,4,global,"1,10,19,24",68,1024,10.152667045593262
calibration,4,global,"1,10,19,24",69,3447,5.609623432159424
calibration,4,global,"1,10,19,24",70,1624,4.70240592956543
calibration,4,global,"1,10,19,24",71,683,5.177267074584961
calibration,4,global,"1,10,19,24",72,3712,5.4104132652282715
calibration,4,global,"1,10,19,24",73,4597,5.729334354400635
calibration,4,global,"1,10,19,24",74,2003,6.206849575042725
calibration,4,global,"1,10,19,24",75,38,5.46383810043335
calibration,4,global,"1,10,19,24",76,2557,6.652559757232666
calibration,4,global,"1,10,19,24",77,648,5.834598064422607
calibration,4,global,"1,10,19,24",78,2091,5.7469801902771
calibration,4,global,"1,10,19,24",79,2261,5.602085590362549
calibration,4,global,"1,10,19,24",80,2086,6.180347919464111
calibration,4,global,"1,10,19,24",81,4297,4.9537248611450195
calibration,4,global,"1,10,19,24",82,3993,6.097559928894043
calibration,4,global,"1,10,19,24",83,559,5.048304080963135
calibration,4,global,"1,10,19,24",84,3219,5.417163372039795
calibration,4,global,"1,10,19,24",85,3324,6.121614456176758
calibration,4,global,"1,10,19,24",86,4366,5.2888593673706055
calibration,4,global,"1,10,19,24",87,323,5.45134973526001
calibration,4,global,"1,10,19,24",88,3151,5.436323165893555
calibration,4,global,"1,10,19,24",89,2912,5.075676918029785
calibration,4,global,"1,10,19,24",90,2892,5.179190158843994
calibration,4,global,"1,10,19,24",91,1031,6.962530612945557
calibration,4,global,"1,10,19,24",92,2905,5.118574142456055
calibration,4,global,"1,10,19,24",93,1747,6.167648792266846
calibration,4,global,"1,10,19,24",94,1426,5.932040214538574
calibration,4,global,"1,10,19,24",95,1288,5.958709239959717
calibration,4,global,"1,12,15,24",0,720,6.217958927154541
calibration,4,global,"1,12,15,24",1,3796,6.0542988777160645
calibration,4,global,"1,12,15,24",2,2979,5.390814304351807
calibration,4,global,"1,12,15,24",3,3195,5.612421035766602
calibration,4,global,"1,12,15,24",4,3348,7.8720269203186035
calibration,4,global,"1,12,15,24",5,636,7.525193214416504
calibration,4,global,"1,12,15,24",6,655,5.803370475769043
calibration,4,global,"1,12,15,24",7,4470,6.089558124542236
calibration,4,global,"1,12,15,24",8,3767,5.552981853485107
calibration,4,global,"1,12,15,24",9,1123,7.677316665649414
calibration,4,global,"1,12,15,24",10,1907,5.095622539520264
calibration,4,global,"1,12,15,24",11,4325,10.582634925842285
calibration,4,global,"1,12,15,24",12,3374,7.804596900939941
calibration,4,global,"1,12,15,24",13,552,5.5254034996032715
calibration,4,global,"1,12,15,24",14,1983,6.019833564758301
calibration,4,global,"1,12,15,24",15,279,4.888210296630859
calibration,4,global,"1,12,15,24",16,3116,5.65452241897583
calibration,4,global,"1,12,15,24",17,3247,6.782743453979492
calibration,4,global,"1,12,15,24",18,4798,7.517664432525635
calibration,4,global,"1,12,15,24",19,2782,5.168649673461914
calibration,4,global,"1,12,15,24",20,2029,5.259799957275391
calibration,4,global,"1,12,15,24",21,3681,5.576364040374756
calibration,4,global,"1,12,15,24",22,252,7.697002410888672
calibration,4,global,"1,12,15,24",23,2694,6.350409030914307
calibration,4,global,"1,12,15,24",24,1696,7.9726104736328125
calibration,4,global,"1,12,15,24",25,1,6.410778522491455
calibration,4,global,"1,12,15,24",26,1432,8.128338813781738
calibration,4,global,"1,12,15,24",27,3131,6.183683395385742
calibration,4,global,"1,12,15,24",28,4718,5.48954963684082
calibration,4,global,"1,12,15,24",29,2055,6.520213603973389
calibration,4,global,"1,12,15,24",30,4817,6.080698490142822
calibration,4,global,"1,12,15,24",31,2110,6.2450947761535645
calibration,4,global,"1,12,15,24",32,4972,8.091972351074219
calibration,4,global,"1,12,15,24",33,3779,7.243947505950928
calibration,4,global,"1,12,15,24",34,4553,5.439211845397949
calibration,4,global,"1,12,15,24",35,4505,7.048550128936768
calibration,4,global,"1,12,15,24",36,779,6.69052791595459
calibration,4,global,"1,12,15,24",37,375,5.1326823234558105
calibration,4,global,"1,12,15,24",38,3175,7.4763031005859375
calibration,4,global,"1,12,15,24",39,1099,5.387811660766602
calibration,4,global,"1,12,15,24",40,3387,6.063935279846191
calibration,4,global,"1,12,15,24",41,3081,4.760667324066162
calibration,4,global,"1,12,15,24",42,461,7.583438873291016
calibration,4,global,"1,12,15,24",43,429,5.605973720550537
calibration,4,global,"1,12,15,24",44,2649,8.751668930053711
calibration,4,global,"1,12,15,24",45,1815,11.041464805603027
calibration,4,global,"1,12,15,24",46,4318,5.199936389923096
calibration,4,global,"1,12,15,24",47,226,7.484755992889404
calibration,4,global,"1,12,15,24",48,4210,11.162105560302734
calibration,4,global,"1,12,15,24",49,892,10.333748817443848
calibration,4,global,"1,12,15,24",50,2021,6.060426712036133
calibration,4,global,"1,12,15,24",51,2579,5.631803035736084
calibration,4,global,"1,12,15,24",52,2843,5.3323974609375
calibration,4,global,"1,12,15,24",53,2661,7.240350723266602
calibration,4,global,"1,12,15,24",54,426,6.137500286102295
calibration,4,global,"1,12,15,24",55,768,5.405893325805664
calibration,4,global,"1,12,15,24",56,2163,6.704833507537842
calibration,4,global,"1,12,15,24",57,2378,5.36884880065918
calibration,4,global,"1,12,15,24",58,1777,5.061505317687988
calibration,4,global,"1,12,15,24",59,2019,5.915707111358643
calibration,4,global,"1,12,15,24",60,611,4.817610263824463
calibration,4,global,"1,12,15,24",61,1632,8.954459190368652
calibration,4,global,"1,12,15,24",62,1668,9.08242416381836
calibration,4,global,"1,12,15,24",63,2131,6.461684703826904
calibration,4,global,"1,12,15,24",64,4582,2.8644039630889893
calibration,4,global,"1,12,15,24",65,3185,5.30796480178833
calibration,4,global,"1,12,15,24",66,3604,6.097773551940918
calibration,4,global,"1,12,15,24",67,2688,5.6027045249938965
calibration,4,global,"1,12,15,24",68,1024,10.169771194458008
calibration,4,global,"1,12,15,24",69,3447,5.636168956756592
calibration,4,global,"1,12,15,24",70,1624,4.780210494995117
calibration,4,global,"1,12,15,24",71,683,5.4995622634887695
calibration,4,global,"1,12,15,24",72,3712,5.559255123138428
calibration,4,global,"1,12,15,24",73,4597,5.713750839233398
calibration,4,global,"1,12,15,24",74,2003,6.278475284576416
calibration,4,global,"1,12,15,24",75,38,5.423229694366455
calibration,4,global,"1,12,15,24",76,2557,6.825573444366455
calibration,4,global,"1,12,15,24",77,648,6.121214866638184
calibration,4,global,"1,12,15,24",78,2091,5.779024124145508
calibration,4,global,"1,12,15,24",79,2261,5.453646183013916
calibration,4,global,"1,12,15,24",80,2086,6.031661033630371
calibration,4,global,"1,12,15,24",81,4297,5.000176906585693
calibration,4,global,"1,12,15,24",82,3993,5.900381088256836
calibration,4,global,"1,12,15,24",83,559,5.013548851013184
calibration,4,global,"1,12,15,24",84,3219,5.345685958862305
calibration,4,global,"1,12,15,24",85,3324,6.119274616241455
calibration,4,global,"1,12,15,24",86,4366,5.226973533630371
calibration,4,global,"1,12,15,24",87,323,5.321785926818848
calibration,4,global,"1,12,15,24",88,3151,5.3557281494140625
calibration,4,global,"1,12,15,24",89,2912,5.005759239196777
calibration,4,global,"1,12,15,24",90,2892,4.9981489181518555
calibration,4,global,"1,12,15,24",91,1031,7.1278276443481445
calibration,4,global,"1,12,15,24",92,2905,4.749412536621094
calibration,4,global,"1,12,15,24",93,1747,6.071889400482178
calibration,4,global,"1,12,15,24",94,1426,5.833755970001221
calibration,4,global,"1,12,15,24",95,1288,5.661360263824463
calibration,4,global,"1,12,19,26",0,720,6.538005828857422
calibration,4,global,"1,12,19,26",1,3796,6.102375030517578
calibration,4,global,"1,12,19,26",2,2979,5.465996265411377
calibration,4,global,"1,12,19,26",3,3195,5.829410552978516
calibration,4,global,"1,12,19,26",4,3348,7.877325057983398
calibration,4,global,"1,12,19,26",5,636,7.279401779174805
calibration,4,global,"1,12,19,26",6,655,5.80136775970459
calibration,4,global,"1,12,19,26",7,4470,6.136918544769287
calibration,4,global,"1,12,19,26",8,3767,5.581124305725098
calibration,4,global,"1,12,19,26",9,1123,9.094086647033691
calibration,4,global,"1,12,19,26",10,1907,5.131834030151367
calibration,4,global,"1,12,19,26",11,4325,11.203567504882812
calibration,4,global,"1,12,19,26",12,3374,7.994756698608398
calibration,4,global,"1,12,19,26",13,552,5.730147838592529
calibration,4,global,"1,12,19,26",14,1983,6.4392194747924805
calibration,4,global,"1,12,19,26",15,279,5.036603927612305
calibration,4,global,"1,12,19,26",16,3116,6.044450759887695
calibration,4,global,"1,12,19,26",17,3247,6.769021034240723
calibration,4,global,"1,12,19,26",18,4798,7.701530933380127
calibration,4,global,"1,12,19,26",19,2782,5.271949768066406
calibration,4,global,"1,12,19,26",20,2029,5.538159370422363
calibration,4,global,"1,12,19,26",21,3681,5.881318092346191
calibration,4,global,"1,12,19,26",22,252,7.182050704956055
calibration,4,global,"1,12,19,26",23,2694,6.280214309692383
calibration,4,global,"1,12,19,26",24,1696,8.804587364196777
calibration,4,global,"1,12,19,26",25,1,6.321303844451904
calibration,4,global,"1,12,19,26",26,1432,8.299043655395508
calibration,4,global,"1,12,19,26",27,3131,6.138394355773926
calibration,4,global,"1,12,19,26",28,4718,5.620853900909424
calibration,4,global,"1,12,19,26",29,2055,6.320494174957275
calibration,4,global,"1,12,19,26",30,4817,5.880040645599365
calibration,4,global,"1,12,19,26",31,2110,5.974579811096191
calibration,4,global,"1,12,19,26",32,4972,8.213874816894531
calibration,4,global,"1,12,19,26",33,3779,7.1670989990234375
calibration,4,global,"1,12,19,26",34,4553,5.650491714477539
calibration,4,global,"1,12,19,26",35,4505,6.969101428985596
calibration,4,global,"1,12,19,26",36,779,6.866931438446045
calibration,4,global,"1,12,19,26",37,375,5.2509613037109375
calibration,4,global,"1,12,19,26",38,3175,7.766677379608154
calibration,4,global,"1,12,19,26",39,1099,5.258358001708984
calibration,4,global,"1,12,19,26",40,3387,6.191953182220459
calibration,4,global,"1,12,19,26",41,3081,4.885052680969238
calibration,4,global,"1,12,19,26",42,461,7.88162088394165
calibration,4,global,"1,12,19,26",43,429,5.6437458992004395
calibration,4,global,"1,12,19,26",44,2649,9.230206489562988
calibration,4,global,"1,12,19,26",45,1815,11.258440971374512
calibration,4,global,"1,12,19,26",46,4318,5.538657188415527
calibration,4,global,"1,12,19,26",47,226,7.534088134765625
calibration,4,global,"1,12,19,26",48,4210,11.499797821044922
calibration,4,global,"1,12,19,26",49,892,11.055359840393066
calibration,4,global,"1,12,19,26",50,2021,6.336220741271973
calibration,4,global,"1,12,19,26",51,2579,5.93339204788208
calibration,4,global,"1,12,19,26",52,2843,5.407683849334717
calibration,4,global,"1,12,19,26",53,2661,7.373316287994385
calibration,4,global,"1,12,19,26",54,426,6.086472511291504
calibration,4,global,"1,12,19,26",55,768,5.913337707519531
calibration,4,global,"1,12,19,26",56,2163,6.8033881187438965
calibration,4,global,"1,12,19,26",57,2378,5.728462219238281
calibration,4,global,"1,12,19,26",58,1777,5.592452526092529
calibration,4,global,"1,12,19,26",59,2019,6.182788372039795
calibration,4,global,"1,12,19,26",60,611,5.066387176513672
calibration,4,global,"1,12,19,26",61,1632,9.694670677185059
calibration,4,global,"1,12,19,26",62,1668,8.410700798034668
calibration,4,global,"1,12,19,26",63,2131,6.4488420486450195
calibration,4,global,"1,12,19,26",64,4582,3.4490418434143066
calibration,4,global,"1,12,19,26",65,3185,5.3877410888671875
calibration,4,global,"1,12,19,26",66,3604,6.357702732086182
calibration,4,global,"1,12,19,26",67,2688,5.885281562805176
calibration,4,global,"1,12,19,26",68,1024,10.483146667480469
calibration,4,global,"1,12,19,26",69,3447,5.762825965881348
calibration,4,global,"1,12,19,26",70,1624,5.1500043869018555
calibration,4,global,"1,12,19,26",71,683,5.049469470977783
calibration,4,global,"1,12,19,26",72,3712,5.610820770263672
calibration,4,global,"1,12,19,26",73,4597,6.19649600982666
calibration,4,global,"1,12,19,26",74,2003,6.0639328956604
calibration,4,global,"1,12,19,26",75,38,5.508511066436768
calibration,4,global,"1,12,19,26",76,2557,7.025272369384766
calibration,4,global,"1,12,19,26",77,648,6.064616680145264
calibration,4,global,"1,12,19,26",78,2091,5.97826623916626
calibration,4,global,"1,12,19,26",79,2261,5.645537376403809
calibration,4,global,"1,12,19,26",80,2086,6.287421226501465
calibration,4,global,"1,12,19,26",81,4297,5.060561180114746
calibration,4,global,"1,12,19,26",82,3993,5.997296333312988
calibration,4,global,"1,12,19,26",83,559,5.251041412353516
calibration,4,global,"1,12,19,26",84,3219,5.8734588623046875
calibration,4,global,"1,12,19,26",85,3324,6.0717620849609375
calibration,4,global,"1,12,19,26",86,4366,5.4260382652282715
calibration,4,global,"1,12,19,26",87,323,5.5673017501831055
calibration,4,global,"1,12,19,26",88,3151,5.6878275871276855
calibration,4,global,"1,12,19,26",89,2912,5.12685489654541
calibration,4,global,"1,12,19,26",90,2892,5.285008907318115
calibration,4,global,"1,12,19,26",91,1031,7.4360198974609375
calibration,4,global,"1,12,19,26",92,2905,5.286757469177246
calibration,4,global,"1,12,19,26",93,1747,6.328727722167969
calibration,4,global,"1,12,19,26",94,1426,5.79292106628418
calibration,4,global,"1,12,19,26",95,1288,5.984853744506836
calibration,4,global,"3,6,17,24",0,720,3.7166340351104736
calibration,4,global,"3,6,17,24",1,3796,3.6254994869232178
calibration,4,global,"3,6,17,24",2,2979,3.2315449714660645
calibration,4,global,"3,6,17,24",3,3195,3.258582592010498
calibration,4,global,"3,6,17,24",4,3348,3.5676887035369873
calibration,4,global,"3,6,17,24",5,636,3.1890687942504883
calibration,4,global,"3,6,17,24",6,655,3.3844895362854004
calibration,4,global,"3,6,17,24",7,4470,3.3025760650634766
calibration,4,global,"3,6,17,24",8,3767,2.930203914642334
calibration,4,global,"3,6,17,24",9,1123,3.1320981979370117
calibration,4,global,"3,6,17,24",10,1907,3.2486047744750977
calibration,4,global,"3,6,17,24",11,4325,3.531466245651245
calibration,4,global,"3,6,17,24",12,3374,3.3802547454833984
calibration,4,global,"3,6,17,24",13,552,2.927224636077881
calibration,4,global,"3,6,17,24",14,1983,3.4356119632720947
calibration,4,global,"3,6,17,24",15,279,3.3331501483917236
calibration,4,global,"3,6,17,24",16,3116,3.5213682651519775
calibration,4,global,"3,6,17,24",17,3247,3.751347064971924
calibration,4,global,"3,6,17,24",18,4798,3.5217909812927246
calibration,4,global,"3,6,17,24",19,2782,3.2662715911865234
calibration,4,global,"3,6,17,24",20,2029,3.323359251022339
calibration,4,global,"3,6,17,24",21,3681,3.240778684616089
calibration,4,global,"3,6,17,24",22,252,2.770738124847412
calibration,4,global,"3,6,17,24",23,2694,3.0972979068756104
calibration,4,global,"3,6,17,24",24,1696,3.6156599521636963
calibration,4,global,"3,6,17,24",25,1,3.6080939769744873
calibration,4,global,"3,6,17,24",26,1432,3.1812143325805664
calibration,4,global,"3,6,17,24",27,3131,3.4920897483825684
calibration,4,global,"3,6,17,24",28,4718,3.6023247241973877
calibration,4,global,"3,6,17,24",29,2055,3.00862717628479
calibration,4,global,"3,6,17,24",30,4817,3.3189163208007812
calibration,4,global,"3,6,17,24",31,2110,3.2150168418884277
calibration,4,global,"3,6,17,24",32,4972,3.0892465114593506
calibration,4,global,"3,6,17,24",33,3779,2.6927781105041504
calibration,4,global,"3,6,17,24",34,4553,2.0130975246429443
calibration,4,global,"3,6,17,24",35,4505,2.9518308639526367
calibration,4,global,"3,6,17,24",36,779,3.3986032009124756
calibration,4,global,"3,6,17,24",37,375,3.376345157623291
calibration,4,global,"3,6,17,24",38,3175,3.352747917175293
calibration,4,global,"3,6,17,24",39,1099,3.1255979537963867
calibration,4,global,"3,6,17,24",40,3387,3.8827879428863525
calibration,4,global,"3,6,17,24",41,3081,2.58262038230896
calibration,4,global,"3,6,17,24",42,461,2.9028687477111816
calibration,4,global,"3,6,17,24",43,429,3.647890329360962
calibration,4,global,"3,6,17,24",44,2649,3.5598506927490234
calibration,4,global,"3,6,17,24",45,1815,3.099907398223877
calibration,4,global,"3,6,17,24",46,4318,3.357370615005493
calibration,4,global,"3,6,17,24",47,226,3.4087767601013184
calibration,4,global,"3,6,17,24",48,4210,3.2516539096832275
calibration,4,global,"3,6,17,24",49,892,3.0533759593963623
calibration,4,global,"3,6,17,24",50,2021,3.2677276134490967
calibration,4,global,"3,6,17,24",51,2579,2.8272228240966797
calibration,4,global,"3,6,17,24",52,2843,3.2528469562530518
calibration,4,global,"3,6,17,24",53,2661,2.6305770874023438
calibration,4,global,"3,6,17,24",54,426,3.6399335861206055
calibration,4,global,"3,6,17,24",55,768,3.7891201972961426
calibration,4,global,"3,6,17,24",56,2163,3.445070743560791
calibration,4,global,"3,6,17,24",57,2378,3.231308698654175
calibration,4,global,"3,6,17,24",58,1777,3.616515636444092
calibration,4,global,"3,6,17,24",59,2019,3.0939455032348633
calibration,4,global,"3,6,17,24",60,611,3.1852879524230957
calibration,4,global,"3,6,17,24",61,1632,3.3944196701049805
calibration,4,global,"3,6,17,24",62,1668,2.821824312210083
calibration,4,global,"3,6,17,24",63,2131,2.879725217819214
calibration,4,global,"3,6,17,24",64,4582,1.2939250469207764
calibration,4,global,"3,6,17,24",65,3185,2.984126329421997
calibration,4,global,"3,6,17,24",66,3604,3.161280870437622
calibration,4,global,"3,6,17,24",67,2688,3.262974977493286
calibration,4,global,"3,6,17,24",68,1024,3.315377950668335
calibration,4,global,"3,6,17,24",69,3447,3.5651583671569824
calibration,4,global,"3,6,17,24",70,1624,2.9749419689178467
calibration,4,global,"3,6,17,24",71,683,2.631704330444336
calibration,4,global,"3,6,17,24",72,3712,3.40149188041687
calibration,4,global,"3,6,17,24",73,4597,2.5018560886383057
calibration,4,global,"3,6,17,24",74,2003,3.1455440521240234
calibration,4,global,"3,6,17,24",75,38,3.343597412109375
calibration,4,global,"3,6,17,24",76,2557,2.89947772026062
calibration,4,global,"3,6,17,24",77,648,3.592468023300171
calibration,4,global,"3,6,17,24",78,2091,2.8006184101104736
calibration,4,global,"3,6,17,24",79,2261,3.4426140785217285
calibration,4,global,"3,6,17,24",80,2086,3.48868465423584
calibration,4,global,"3,6,17,24",81,4297,3.3547208309173584
calibration,4,global,"3,6,17,24",82,3993,2.7886080741882324
calibration,4,global,"3,6,17,24",83,559,3.0445311069488525
calibration,4,global,"3,6,17,24",84,3219,3.75215744972229
calibration,4,global,"3,6,17,24",85,3324,3.491554021835327
calibration,4,global,"3,6,17,24",86,4366,3.5017964839935303
calibration,4,global,"3,6,17,24",87,323,3.418173313140869
calibration,4,global,"3,6,17,24",88,3151,3.270256996154785
calibration,4,global,"3,6,17,24",89,2912,3.0355842113494873
calibration,4,global,"3,6,17,24",90,2892,3.606877088546753
calibration,4,global,"3,6,17,24",91,1031,3.859182119369507
calibration,4,global,"3,6,17,24",92,2905,2.5312297344207764
calibration,4,global,"3,6,17,24",93,1747,3.3635473251342773
calibration,4,global,"3,6,17,24",94,1426,3.5663628578186035
calibration,4,global,"3,6,17,24",95,1288,3.1601226329803467
calibration,4,global,"3,8,12,26",0,720,4.1094465255737305
calibration,4,global,"3,8,12,26",1,3796,3.9039463996887207
calibration,4,global,"3,8,12,26",2,2979,3.382256269454956
calibration,4,global,"3,8,12,26",3,3195,3.5009756088256836
calibration,4,global,"3,8,12,26",4,3348,3.701659679412842
calibration,4,global,"3,8,12,26",5,636,3.53537654876709
calibration,4,global,"3,8,12,26",6,655,3.68569278717041
calibration,4,global,"3,8,12,26",7,4470,3.6506259441375732
calibration,4,global,"3,8,12,26",8,3767,3.1883997917175293
calibration,4,global,"3,8,12,26",9,1123,3.504427671432495
calibration,4,global,"3,8,12,26",10,1907,3.5013275146484375
calibration,4,global,"3,8,12,26",11,4325,3.7742321491241455
calibration,4,global,"3,8,12,26",12,3374,3.6857340335845947
calibration,4,global,"3,8,12,26",13,552,3.1336662769317627
calibration,4,global,"3,8,12,26",14,1983,3.7253050804138184
calibration,4,global,"3,8,12,26",15,279,3.4271962642669678
calibration,4,global,"3,8,12,26",16,3116,3.7639803886413574
calibration,4,global,"3,8,12,26",17,3247,4.108381271362305
calibration,4,global,"3,8,12,26",18,4798,3.8008124828338623
calibration,4,global,"3,8,12,26",19,2782,3.3310177326202393
calibration,4,global,"3,8,12,26",20,2029,3.711447238922119
calibration,4,global,"3,8,12,26",21,3681,3.501161813735962
calibration,4,global,"3,8,12,26",22,252,3.016620397567749
calibration,4,global,"3,8,12,26",23,2694,3.6332967281341553
calibration,4,global,"3,8,12,26",24,1696,3.937878131866455
calibration,4,global,"3,8,12,26",25,1,3.810838222503662
calibration,4,global,"3,8,12,26",26,1432,3.3802595138549805
calibration,4,global,"3,8,12,26",27,3131,3.8376424312591553
calibration,4,global,"3,8,12,26",28,4718,3.900418758392334
calibration,4,global,"3,8,12,26",29,2055,3.5242104530334473
calibration,4,global,"3,8,12,26",30,4817,3.5810976028442383
calibration,4,global,"3,8,12,26",31,2110,3.4685144424438477
calibration,4,global,"3,8,12,26",32,4972,3.3299806118011475
calibration,4,global,"3,8,12,26",33,3779,2.8776960372924805
calibration,4,global,"3,8,12,26",34,4553,2.2758142948150635
calibration,4,global,"3,8,12,26",35,4505,3.2072296142578125
calibration,4,global,"3,8,12,26",36,779,3.7609455585479736
calibration,4,global,"3,8,12,26",37,375,3.7790632247924805
calibration,4,global,"3,8,12,26",38,3175,3.537123203277588
calibration,4,global,"3,8,12,26",39,1099,3.4105224609375
calibration,4,global,"3,8,12,26",40,3387,4.283979415893555
calibration,4,global,"3,8,12,26",41,3081,2.8433825969696045
calibration,4,global,"3,8,12,26",42,461,3.2507073879241943
calibration,4,global,"3,8,12,26",43,429,4.152506351470947
calibration,4,global,"3,8,12,26",44,2649,3.751206636428833
calibration,4,global,"3,8,12,26",45,1815,3.34918475151062
calibration,4,global,"3,8,12,26",46,4318,3.6429598331451416
calibration,4,global,"3,8,12,26",47,226,3.790097713470459
calibration,4,global,"3,8,12,26",48,4210,3.4632811546325684
calibration,4,global,"3,8,12,26",49,892,3.3162436485290527
calibration,4,global,"3,8,12,26",50,2021,3.5533347129821777
calibration,4,global,"3,8,12,26",51,2579,3.0378024578094482
calibration,4,global,"3,8,12,26",52,2843,3.4591333866119385
calibration,4,global,"3,8,12,26",53,2661,2.800386667251587
calibration,4,global,"3,8,12,26",54,426,3.897012233734131
calibration,4,global,"3,8,12,26",55,768,4.089502334594727
calibration,4,global,"3,8,12,26",56,2163,3.568760633468628
calibration,4,global,"3,8,12,26",57,2378,3.4995639324188232
calibration,4,global,"3,8,12,26",58,1777,3.816953420639038
calibration,4,global,"3,8,12,26",59,2019,3.360222101211548
calibration,4,global,"3,8,12,26",60,611,3.7471461296081543
calibration,4,global,"3,8,12,26",61,1632,3.770031452178955
calibration,4,global,"3,8,12,26",62,1668,3.073333501815796
calibration,4,global,"3,8,12,26",63,2131,3.1226980686187744
calibration,4,global,"3,8,12,26",64,4582,1.4180612564086914
calibration,4,global,"3,8,12,26",65,3185,3.169975519180298
calibration,4,global,"3,8,12,26",66,3604,3.4671976566314697
calibration,4,global,"3,8,12,26",67,2688,3.3861536979675293
calibration,4,global,"3,8,12,26",68,1024,3.6081442832946777
calibration,4,global,"3,8,12,26",69,3447,3.8563425540924072
calibration,4,global,"3,8,12,26",70,1624,3.137852907180786
calibration,4,global,"3,8,12,26",71,683,2.813490629196167
calibration,4,global,"3,8,12,26",72,3712,3.7075583934783936
calibration,4,global,"3,8,12,26",73,4597,2.7400455474853516
calibration,4,global,"3,8,12,26",74,2003,3.4406931400299072
calibration,4,global,"3,8,12,26",75,38,3.549408197402954
calibration,4,global,"3,8,12,26",76,2557,3.290415048599243
calibration,4,global,"3,8,12,26",77,648,3.829545736312866
calibration,4,global,"3,8,12,26",78,2091,3.1286654472351074
calibration,4,global,"3,8,12,26",79,2261,3.6955597400665283
calibration,4,global,"3,8,12,26",80,2086,3.78340220451355
calibration,4,global,"3,8,12,26",81,4297,3.6660401821136475
calibration,4,global,"3,8,12,26",82,3993,3.0027711391448975
calibration,4,global,"3,8,12,26",83,559,3.3875715732574463
calibration,4,global,"3,8,12,26",84,3219,3.9456958770751953
calibration,4,global,"3,8,12,26",85,3324,3.6624505519866943
calibration,4,global,"3,8,12,26",86,4366,3.6698696613311768
calibration,4,global,"3,8,12,26",87,323,3.601911783218384
calibration,4,global,"3,8,12,26",88,3151,3.491795301437378
calibration,4,global,"3,8,12,26",89,2912,3.382566213607788
calibration,4,global,"3,8,12,26",90,2892,4.073711395263672
calibration,4,global,"3,8,12,26",91,1031,4.144440650939941
calibration,4,global,"3,8,12,26",92,2905,2.7963876724243164
calibration,4,global,"3,8,12,26",93,1747,3.656662702560425
calibration,4,global,"3,8,12,26",94,1426,3.749821186065674
calibration,4,global,"3,8,12,26",95,1288,3.334479808807373
calibration,4,global,"3,17,21,24",0,720,4.1074042320251465
calibration,4,global,"3,17,21,24",1,3796,3.8751144409179688
calibration,4,global,"3,17,21,24",2,2979,3.7136096954345703
calibration,4,global,"3,17,21,24",3,3195,3.6407558917999268
calibration,4,global,"3,17,21,24",4,3348,3.7877824306488037
calibration,4,global,"3,17,21,24",5,636,3.502347230911255
calibration,4,global,"3,17,21,24",6,655,3.7078516483306885
calibration,4,global,"3,17,21,24",7,4470,3.626225471496582
calibration,4,global,"3,17,21,24",8,3767,3.3148915767669678
calibration,4,global,"3,17,21,24",9,1123,3.5287866592407227
calibration,4,global,"3,17,21,24",10,1907,3.753986358642578
calibration,4,global,"3,17,21,24",11,4325,3.8743374347686768
calibration,4,global,"3,17,21,24",12,3374,3.781712055206299
calibration,4,global,"3,17,21,24",13,552,3.237328290939331
calibration,4,global,"3,17,21,24",14,1983,3.782240867614746
calibration,4,global,"3,17,21,24",15,279,3.568351984024048
calibration,4,global,"3,17,21,24",16,3116,3.7284348011016846
calibration,4,global,"3,17,21,24",17,3247,4.0632500648498535
calibration,4,global,"3,17,21,24",18,4798,3.831937074661255
calibration,4,global,"3,17,21,24",19,2782,3.6007673740386963
calibration,4,global,"3,17,21,24",20,2029,3.7201778888702393
calibration,4,global,"3,17,21,24",21,3681,3.5408177375793457
calibration,4,global,"3,17,21,24",22,252,3.1934213638305664
calibration,4,global,"3,17,21,24",23,2694,3.4971022605895996
calibration,4,global,"3,17,21,24",24,1696,3.9683289527893066
calibration,4,global,"3,17,21,24",25,1,4.033969402313232
calibration,4,global,"3,17,21,24",26,1432,3.4142582416534424
calibration,4,global,"3,17,21,24",27,3131,3.9014737606048584
calibration,4,global,"3,17,21,24",28,4718,3.794975519180298
calibration,4,global,"3,17,21,24",29,2055,3.343431234359741
calibration,4,global,"3,17,21,24",30,4817,3.716567039489746
calibration,4,global,"3,17,21,24",31,2110,3.5060064792633057
calibration,4,global,"3,17,21,24",32,4972,3.5069003105163574
calibration,4,global,"3,17,21,24",33,3779,3.145975112915039
calibration,4,global,"3,17,21,24",34,4553,2.3527324199676514
calibration,4,global,"3,17,21,24",35,4505,3.4692118167877197
calibration,4,global,"3,17,21,24",36,779,3.6747851371765137
calibration,4,global,"3,17,21,24",37,375,3.976020574569702
calibration,4,global,"3,17,21,24",38,3175,3.833057403564453
calibration,4,global,"3,17,21,24",39,1099,3.4301459789276123
calibration,4,global,"3,17,21,24",40,3387,4.138011932373047
calibration,4,global,"3,17,21,24",41,3081,2.8675715923309326
calibration,4,global,"3,17,21,24",42,461,3.2603206634521484
calibration,4,global,"3,17,21,24",43,429,4.036357402801514
calibration,4,global,"3,17,21,24",44,2649,3.8856728076934814
calibration,4,global,"3,17,21,24",45,1815,3.5082409381866455
calibration,4,global,"3,17,21,24",46,4318,3.731386184692383
calibration,4,global,"3,17,21,24",47,226,3.752654552459717
calibration,4,global,"3,17,21,24",48,4210,3.684932231903076
calibration,4,global,"3,17,21,24",49,892,3.389777898788452
calibration,4,global,"3,17,21,24",50,2021,3.7102155685424805
calibration,4,global,"3,17,21,24",51,2579,3.3214926719665527
calibration,4,global,"3,17,21,24",52,2843,3.504401445388794
calibration,4,global,"3,17,21,24",53,2661,2.9333884716033936
calibration,4,global,"3,17,21,24",54,426,4.011011123657227
calibration,4,global,"3,17,21,24",55,768,4.085484981536865
calibration,4,global,"3,17,21,24",56,2163,3.812981367111206
calibration,4,global,"3,17,21,24",57,2378,3.7438864707946777
calibration,4,global,"3,17,21,24",58,1777,3.9526562690734863
calibration,4,global,"3,17,21,24",59,2019,3.496263027191162
calibration,4,global,"3,17,21,24",60,611,3.4744131565093994
calibration,4,global,"3,17,21,24",61,1632,3.8861913681030273
calibration,4,global,"3,17,21,24",62,1668,3.2279770374298096
calibration,4,global,"3,17,21,24",63,2131,3.5851659774780273
calibration,4,global,"3,17,21,24",64,4582,1.4455267190933228
calibration,4,global,"3,17,21,24",65,3185,3.354473829269409
calibration,4,global,"3,17,21,24",66,3604,3.3989593982696533
calibration,4,global,"3,17,21,24",67,2688,3.777193784713745
calibration,4,global,"3,17,21,24",68,1024,3.796757936477661
calibration,4,global,"3,17,21,24",69,3447,3.93688702583313
calibration,4,global,"3,17,21,24",70,1624,3.338315486907959
calibration,4,global,"3,17,21,24",71,683,3.1393697261810303
calibration,4,global,"3,17,21,24",72,3712,3.794996500015259
calibration,4,global,"3,17,21,24",73,4597,2.81237530708313
calibration,4,global,"3,17,21,24",74,2003,3.648686170578003
calibration,4,global,"3,17,21,24",75,38,3.7767536640167236
calibration,4,global,"3,17,21,24",76,2557,3.250732898712158
calibration,4,global,"3,17,21,24",77,648,3.8732094764709473
calibration,4,global,"3,17,21,24",78,2091,3.105975389480591
calibration,4,global,"3,17,21,24",79,2261,3.784806489944458
calibration,4,global,"3,17,21,24",80,2086,3.8450725078582764
calibration,4,global,"3,17,21,24",81,4297,3.7445056438446045
calibration,4,global,"3,17,21,24",82,3993,3.1175026893615723
calibration,4,global,"3,17,21,24",83,559,3.529937505722046
calibration,4,global,"3,17,21,24",84,3219,4.110556125640869
calibration,4,global,"3,17,21,24",85,3324,3.9424548149108887
calibration,4,global,"3,17,21,24",86,4366,4.044863700866699
calibration,4,global,"3,17,21,24",87,323,3.8733110427856445
calibration,4,global,"3,17,21,24",88,3151,3.6392874717712402
calibration,4,global,"3,17,21,24",89,2912,3.3693690299987793
calibration,4,global,"3,17,21,24",90,2892,3.862623691558838
calibration,4,global,"3,17,21,24",91,1031,4.228872776031494
calibration,4,global,"3,17,21,24",92,2905,2.8915655612945557
calibration,4,global,"3,17,21,24",93,1747,3.7765755653381348
calibration,4,global,"3,17,21,24",94,1426,3.8281917572021484
calibration,4,global,"3,17,21,24",95,1288,3.5514614582061768
calibration,4,global,"6,10,15,17",0,720,3.4137372970581055
calibration,4,global,"6,10,15,17",1,3796,3.39953351020813
calibration,4,global,"6,10,15,17",2,2979,2.9371607303619385
calibration,4,global,"6,10,15,17",3,3195,2.9890522956848145
calibration,4,global,"6,10,15,17",4,3348,3.065453052520752
calibration,4,global,"6,10,15,17",5,636,2.986923933029175
calibration,4,global,"6,10,15,17",6,655,3.0375397205352783
calibration,4,global,"6,10,15,17",7,4470,3.118990182876587
calibration,4,global,"6,10,15,17",8,3767,2.7675702571868896
calibration,4,global,"6,10,15,17",9,1123,2.9531641006469727
calibration,4,global,"6,10,15,17",10,1907,3.0744996070861816
calibration,4,global,"6,10,15,17",11,4325,3.199385404586792
calibration,4,global,"6,10,15,17",12,3374,3.182448148727417
calibration,4,global,"6,10,15,17",13,552,2.7329318523406982
calibration,4,global,"6,10,15,17",14,1983,3.098069906234741
calibration,4,global,"6,10,15,17",15,279,3.0003817081451416
calibration,4,global,"6,10,15,17",16,3116,3.291940927505493
calibration,4,global,"6,10,15,17",17,3247,3.525421619415283
calibration,4,global,"6,10,15,17",18,4798,3.269455671310425
calibration,4,global,"6,10,15,17",19,2782,2.91373872756958
calibration,4,global,"6,10,15,17",20,2029,3.160979986190796
calibration,4,global,"6,10,15,17",21,3681,3.0840988159179688
calibration,4,global,"6,10,15,17",22,252,2.4806411266326904
calibration,4,global,"6,10,15,17",23,2694,2.9078056812286377
calibration,4,global,"6,10,15,17",24,1696,3.3151776790618896
calibration,4,global,"6,10,15,17",25,1,3.398688316345215
calibration,4,global,"6,10,15,17",26,1432,3.031956195831299
calibration,4,global,"6,10,15,17",27,3131,3.336280345916748
calibration,4,global,"6,10,15,17",28,4718,3.305619716644287
calibration,4,global,"6,10,15,17",29,2055,2.7919363975524902
calibration,4,global,"6,10,15,17",30,4817,3.1414711475372314
calibration,4,global,"6,10,15,17",31,2110,3.0331761837005615
calibration,4,global,"6,10,15,17",32,4972,2.8061976432800293
calibration,4,global,"6,10,15,17",33,3779,2.5303730964660645
calibration,4,global,"6,10,15,17",34,4553,1.840614914894104
calibration,4,global,"6,10,15,17",35,4505,2.634596586227417
calibration,4,global,"6,10,15,17",36,779,3.1666901111602783
calibration,4,global,"6,10,15,17",37,375,3.206556558609009
calibration,4,global,"6,10,15,17",38,3175,3.1830058097839355
calibration,4,global,"6,10,15,17",39,1099,2.8607685565948486
calibration,4,global,"6,10,15,17",40,3387,3.560788154602051
calibration,4,global,"6,10,15,17",41,3081,2.419137477874756
calibration,4,global,"6,10,15,17",42,461,2.6913061141967773
calibration,4,global,"6,10,15,17",43,429,3.2967536449432373
calibration,4,global,"6,10,15,17",44,2649,3.1852943897247314
calibration,4,global,"6,10,15,17",45,1815,2.8718042373657227
calibration,4,global,"6,10,15,17",46,4318,3.081070899963379
calibration,4,global,"6,10,15,17",47,226,3.2679178714752197
calibration,4,global,"6,10,15,17",48,4210,2.9907188415527344
calibration,4,global,"6,10,15,17",49,892,2.8980233669281006
calibration,4,global,"6,10,15,17",50,2021,3.061629056930542
calibration,4,global,"6,10,15,17",51,2579,2.6707582473754883
calibration,4,global,"6,10,15,17",52,2843,3.027012586593628
calibration,4,global,"6,10,15,17",53,2661,2.4403746128082275
calibration,4,global,"6,10,15,17",54,426,3.344658136367798
calibration,4,global,"6,10,15,17",55,768,3.627967357635498
calibration,4,global,"6,10,15,17",56,2163,3.1652252674102783
calibration,4,global,"6,10,15,17",57,2378,2.9888081550598145
calibration,4,global,"6,10,15,17",58,1777,3.372655153274536
calibration,4,global,"6,10,15,17",59,2019,2.863767623901367
calibration,4,global,"6,10,15,17",60,611,3.074483633041382
calibration,4,global,"6,10,15,17",61,1632,3.2407126426696777
calibration,4,global,"6,10,15,17",62,1668,2.5594332218170166
calibration,4,global,"6,10,15,17",63,2131,2.7307024002075195
calibration,4,global,"6,10,15,17",64,4582,1.216792106628418
calibration,4,global,"6,10,15,17",65,3185,2.690965414047241
calibration,4,global,"6,10,15,17",66,3604,2.877833604812622
calibration,4,global,"6,10,15,17",67,2688,2.9666547775268555
calibration,4,global,"6,10,15,17",68,1024,2.9864871501922607
calibration,4,global,"6,10,15,17",69,3447,3.180344820022583
calibration,4,global,"6,10,15,17",70,1624,2.8706679344177246
calibration,4,global,"6,10,15,17",71,683,2.3927700519561768
calibration,4,global,"6,10,15,17",72,3712,3.2327184677124023
calibration,4,global,"6,10,15,17",73,4597,2.3853182792663574
calibration,4,global,"6,10,15,17",74,2003,3.0731046199798584
calibration,4,global,"6,10,15,17",75,38,3.1659886837005615
calibration,4,global,"6,10,15,17",76,2557,2.833136796951294
calibration,4,global,"6,10,15,17",77,648,3.2989819049835205
calibration,4,global,"6,10,15,17",78,2091,2.690507650375366
calibration,4,global,"6,10,15,17",79,2261,3.353227138519287
calibration,4,global,"6,10,15,17",80,2086,3.2216336727142334
calibration,4,global,"6,10,15,17",81,4297,3.123703956604004
calibration,4,global,"6,10,15,17",82,3993,2.63564133644104
calibration,4,global,"6,10,15,17",83,559,2.894702672958374
calibration,4,global,"6,10,15,17",84,3219,3.388382911682129
calibration,4,global,"6,10,15,17",85,3324,3.169674873352051
calibration,4,global,"6,10,15,17",86,4366,3.1648848056793213
calibration,4,global,"6,10,15,17",87,323,3.281568765640259
calibration,4,global,"6,10,15,17",88,3151,2.9029297828674316
calibration,4,global,"6,10,15,17",89,2912,2.6496338844299316
calibration,4,global,"6,10,15,17",90,2892,3.2534444332122803
calibration,4,global,"6,10,15,17",91,1031,3.500636339187622
calibration,4,global,"6,10,15,17",92,2905,2.0990662574768066
calibration,4,global,"6,10,15,17",93,1747,3.209437131881714
calibration,4,global,"6,10,15,17",94,1426,3.210089921951294
calibration,4,global,"6,10,15,17",95,1288,2.9254515171051025
calibration,4,global,"6,10,19,24",0,720,3.6012656688690186
calibration,4,global,"6,10,19,24",1,3796,3.592883586883545
calibration,4,global,"6,10,19,24",2,2979,3.2820398807525635
calibration,4,global,"6,10,19,24",3,3195,3.2971155643463135
calibration,4,global,"6,10,19,24",4,3348,3.411033868789673
calibration,4,global,"6,10,19,24",5,636,3.2269575595855713
calibration,4,global,"6,10,19,24",6,655,3.2881197929382324
calibration,4,global,"6,10,19,24",7,4470,3.3537020683288574
calibration,4,global,"6,10,19,24",8,3767,2.9700698852539062
calibration,4,global,"6,10,19,24",9,1123,3.1965253353118896
calibration,4,global,"6,10,19,24",10,1907,3.3363094329833984
calibration,4,global,"6,10,19,24",11,4325,3.4423491954803467
calibration,4,global,"6,10,19,24",12,3374,3.442737340927124
calibration,4,global,"6,10,19,24",13,552,2.9188477993011475
calibration,4,global,"6,10,19,24",14,1983,3.2861945629119873
calibration,4,global,"6,10,19,24",15,279,3.265702486038208
calibration,4,global,"6,10,19,24",16,3116,3.4330687522888184
calibration,4,global,"6,10,19,24",17,3247,3.7350947856903076
calibration,4,global,"6,10,19,24",18,4798,3.4407291412353516
calibration,4,global,"6,10,19,24",19,2782,3.2053236961364746
calibration,4,global,"6,10,19,24",20,2029,3.3792002201080322
calibration,4,global,"6,10,19,24",21,3681,3.298928737640381
calibration,4,global,"6,10,19,24",22,252,2.7981176376342773
calibration,4,global,"6,10,19,24",23,2694,3.2077441215515137
calibration,4,global,"6,10,19,24",24,1696,3.625595808029175
calibration,4,global,"6,10,19,24",25,1,3.61559796333313
calibration,4,global,"6,10,19,24",26,1432,3.2299959659576416
calibration,4,global,"6,10,19,24",27,3131,3.5482661724090576
calibration,4,global,"6,10,19,24",28,4718,3.603313446044922
calibration,4,global,"6,10,19,24",29,2055,3.1160240173339844
calibration,4,global,"6,10,19,24",30,4817,3.3980913162231445
calibration,4,global,"6,10,19,24",31,2110,3.196564197540283
calibration,4,global,"6,10,19,24",32,4972,3.1472630500793457
calibration,4,global,"6,10,19,24",33,3779,2.7591817378997803
calibration,4,global,"6,10,19,24",34,4553,2.128784418106079
calibration,4,global,"6,10,19,24",35,4505,3.052877902984619
calibration,4,global,"6,10,19,24",36,779,3.3070733547210693
calibration,4,global,"6,10,19,24",37,375,3.5197372436523438
calibration,4,global,"6,10,19,24",38,3175,3.343294382095337
calibration,4,global,"6,10,19,24",39,1099,3.1742045879364014
calibration,4,global,"6,10,19,24",40,3387,3.8324649333953857
calibration,4,global,"6,10,19,24",41,3081,2.5502521991729736
calibration,4,global,"6,10,19,24",42,461,3.0018131732940674
calibration,4,global,"6,10,19,24",43,429,3.5149986743927
calibration,4,global,"6,10,19,24",44,2649,3.544017791748047
calibration,4,global,"6,10,19,24",45,1815,3.156540632247925
calibration,4,global,"6,10,19,24",46,4318,3.4330830574035645
calibration,4,global,"6,10,19,24",47,226,3.5190634727478027
calibration,4,global,"6,10,19,24",48,4210,3.2732183933258057
calibration,4,global,"6,10,19,24",49,892,3.1333136558532715
calibration,4,global,"6,10,19,24",50,2021,3.336107015609741
calibration,4,global,"6,10,19,24",51,2579,2.9283173084259033
calibration,4,global,"6,10,19,24",52,2843,3.3381240367889404
calibration,4,global,"6,10,19,24",53,2661,2.6414597034454346
calibration,4,global,"6,10,19,24",54,426,3.605595827102661
calibration,4,global,"6,10,19,24",55,768,3.751430034637451
calibration,4,global,"6,10,19,24",56,2163,3.333714246749878
calibration,4,global,"6,10,19,24",57,2378,3.2517194747924805
calibration,4,global,"6,10,19,24",58,1777,3.624021530151367
calibration,4,global,"6,10,19,24",59,2019,3.1577672958374023
calibration,4,global,"6,10,19,24",60,611,3.298779249191284
calibration,4,global,"6,10,19,24",61,1632,3.4463367462158203
calibration,4,global,"6,10,19,24",62,1668,2.8873462677001953
calibration,4,global,"6,10,19,24",63,2131,2.9492433071136475
calibration,4,global,"6,10,19,24",64,4582,1.3591779470443726
calibration,4,global,"6,10,19,24",65,3185,3.075462818145752
calibration,4,global,"6,10,19,24",66,3604,3.179532527923584
calibration,4,global,"6,10,19,24",67,2688,3.237835645675659
calibration,4,global,"6,10,19,24",68,1024,3.4352505207061768
calibration,4,global,"6,10,19,24",69,3447,3.4989311695098877
calibration,4,global,"6,10,19,24",70,1624,3.131702184677124
calibration,4,global,"6,10,19,24",71,683,2.6758222579956055
calibration,4,global,"6,10,19,24",72,3712,3.439335346221924
calibration,4,global,"6,10,19,24",73,4597,2.573899030685425
calibration,4,global,"6,10,19,24",74,2003,3.347620964050293
calibration,4,global,"6,10,19,24",75,38,3.3942599296569824
calibration,4,global,"6,10,19,24",76,2557,2.9917407035827637
calibration,4,global,"6,10,19,24",77,648,3.5238635540008545
calibration,4,global,"6,10,19,24",78,2091,2.825868844985962
calibration,4,global,"6,10,19,24",79,2261,3.5279695987701416
calibration,4,global,"6,10,19,24",80,2086,3.4375855922698975
calibration,4,global,"6,10,19,24",81,4297,3.3693182468414307
calibration,4,global,"6,10,19,24",82,3993,2.815253734588623
calibration,4,global,"6,10,19,24",83,559,3.1223702430725098
calibration,4,global,"6,10,19,24",84,3219,3.6233081817626953
calibration,4,global,"6,10,19,24",85,3324,3.4433655738830566
calibration,4,global,"6,10,19,24",86,4366,3.41793155670166
calibration,4,global,"6,10,19,24",87,323,3.5276448726654053
calibration,4,global,"6,10,19,24",88,3151,3.183159828186035
calibration,4,global,"6,10,19,24",89,2912,2.9211018085479736
calibration,4,global,"6,10,19,24",90,2892,3.4809861183166504
calibration,4,global,"6,10,19,24",91,1031,3.6963534355163574
calibration,4,global,"6,10,19,24",92,2905,2.565046548843384
calibration,4,global,"6,10,19,24",93,1747,3.4177768230438232
calibration,4,global,"6,10,19,24",94,1426,3.490593910217285
calibration,4,global,"6,10,19,24",95,1288,3.145043134689331
calibration,4,global,"10,12,17,24",0,720,3.6611571311950684
calibration,4,global,"10,12,17,24",1,3796,3.4646520614624023
calibration,4,global,"10,12,17,24",2,2979,3.0701546669006348
calibration,4,global,"10,12,17,24",3,3195,3.178016424179077
calibration,4,global,"10,12,17,24",4,3348,3.307690143585205
calibration,4,global,"10,12,17,24",5,636,3.069314956665039
calibration,4,global,"10,12,17,24",6,655,3.1832454204559326
calibration,4,global,"10,12,17,24",7,4470,3.2378556728363037
calibration,4,global,"10,12,17,24",8,3767,2.8915059566497803
calibration,4,global,"10,12,17,24",9,1123,3.1160852909088135
calibration,4,global,"10,12,17,24",10,1907,3.2092790603637695
calibration,4,global,"10,12,17,24",11,4325,3.3555612564086914
calibration,4,global,"10,12,17,24",12,3374,3.3629024028778076
calibration,4,global,"10,12,17,24",13,552,2.830609083175659
calibration,4,global,"10,12,17,24",14,1983,3.1051926612854004
calibration,4,global,"10,12,17,24",15,279,3.0610246658325195
calibration,4,global,"10,12,17,24",16,3116,3.3215763568878174
calibration,4,global,"10,12,17,24",17,3247,3.545027732849121
calibration,4,global,"10,12,17,24",18,4798,3.355766773223877
calibration,4,global,"10,12,17,24",19,2782,2.9623219966888428
calibration,4,global,"10,12,17,24",20,2029,3.306422233581543
calibration,4,global,"10,12,17,24",21,3681,3.120495080947876
calibration,4,global,"10,12,17,24",22,252,2.67414927482605
calibration,4,global,"10,12,17,24",23,2694,3.0708978176116943
calibration,4,global,"10,12,17,24",24,1696,3.504333257675171
calibration,4,global,"10,12,17,24",25,1,3.5095114707946777
calibration,4,global,"10,12,17,24",26,1432,3.085261583328247
calibration,4,global,"10,12,17,24",27,3131,3.3590121269226074
calibration,4,global,"10,12,17,24",28,4718,3.4252285957336426
calibration,4,global,"10,12,17,24",29,2055,2.942213773727417
calibration,4,global,"10,12,17,24",30,4817,3.252532958984375
calibration,4,global,"10,12,17,24",31,2110,3.0951199531555176
calibration,4,global,"10,12,17,24",32,4972,2.9710464477539062
calibration,4,global,"10,12,17,24",33,3779,2.7218644618988037
calibration,4,global,"10,12,17,24",34,4553,1.9793981313705444
calibration,4,global,"10,12,17,24",35,4505,2.8753702640533447
calibration,4,global,"10,12,17,24",36,779,3.2840869426727295
calibration,4,global,"10,12,17,24",37,375,3.4176857471466064
calibration,4,global,"10,12,17,24",38,3175,3.225626230239868
calibration,4,global,"10,12,17,24",39,1099,3.0091278553009033
calibration,4,global,"10,12,17,24",40,3387,3.7249410152435303
calibration,4,global,"10,12,17,24",41,3081,2.3413615226745605
calibration,4,global,"10,12,17,24",42,461,2.890535593032837
calibration,4,global,"10,12,17,24",43,429,3.4073405265808105
calibration,4,global,"10,12,17,24",44,2649,3.315720558166504
calibration,4,global,"10,12,17,24",45,1815,2.986470937728882
calibration,4,global,"10,12,17,24",46,4318,3.2862749099731445
calibration,4,global,"10,12,17,24",47,226,3.369563341140747
calibration,4,global,"10,12,17,24",48,4210,3.1015453338623047
calibration,4,global,"10,12,17,24",49,892,2.934535026550293
calibration,4,global,"10,12,17,24",50,2021,3.193556785583496
calibration,4,global,"10,12,17,24",51,2579,2.83250093460083
calibration,4,global,"10,12,17,24",52,2843,3.123324394226074
calibration,4,global,"10,12,17,24",53,2661,2.513131856918335
calibration,4,global,"10,12,17,24",54,426,3.507507801055908
calibration,4,global,"10,12,17,24",55,768,3.6918599605560303
calibration,4,global,"10,12,17,24",56,2163,3.241231918334961
calibration,4,global,"10,12,17,24",57,2378,3.1405060291290283
calibration,4,global,"10,12,17,24",58,1777,3.5233662128448486
calibration,4,global,"10,12,17,24",59,2019,3.0184433460235596
calibration,4,global,"10,12,17,24",60,611,3.0666422843933105
calibration,4,global,"10,12,17,24",61,1632,3.3616302013397217
calibration,4,global,"10,12,17,24",62,1668,2.6043667793273926
calibration,4,global,"10,12,17,24",63,2131,2.848374843597412
calibration,4,global,"10,12,17,24",64,4582,1.277866244316101
calibration,4,global,"10,12,17,24",65,3185,2.8956189155578613
calibration,4,global,"10,12,17,24",66,3604,2.9449074268341064
calibration,4,global,"10,12,17,24",67,2688,3.1080894470214844
calibration,4,global,"10,12,17,24",68,1024,3.2723710536956787
calibration,4,global,"10,12,17,24",69,3447,3.3698015213012695
calibration,4,global,"10,12,17,24",70,1624,2.994793653488159
calibration,4,global,"10,12,17,24",71,683,2.5820822715759277
calibration,4,global,"10,12,17,24",72,3712,3.2566752433776855
calibration,4,global,"10,12,17,24",73,4597,2.4230117797851562
calibration,4,global,"10,12,17,24",74,2003,3.0642168521881104
calibration,4,global,"10,12,17,24",75,38,3.2094688415527344
calibration,4,global,"10,12,17,24",76,2557,2.8913846015930176
calibration,4,global,"10,12,17,24",77,648,3.461810350418091
calibration,4,global,"10,12,17,24",78,2091,2.728010416030884
calibration,4,global,"10,12,17,24",79,2261,3.416053056716919
calibration,4,global,"10,12,17,24",80,2086,3.3531672954559326
calibration,4,global,"10,12,17,24",81,4297,3.2260804176330566
calibration,4,global,"10,12,17,24",82,3993,2.7357304096221924
calibration,4,global,"10,12,17,24",83,559,2.942673921585083
calibration,4,global,"10,12,17,24",84,3219,3.5140697956085205
calibration,4,global,"10,12,17,24",85,3324,3.3702895641326904
calibration,4,global,"10,12,17,24",86,4366,3.312185287475586
calibration,4,global,"10,12,17,24",87,323,3.3192532062530518
calibration,4,global,"10,12,17,24",88,3151,3.1063973903656006
calibration,4,global,"10,12,17,24",89,2912,2.7683565616607666
calibration,4,global,"10,12,17,24",90,2892,3.360269784927368
calibration,4,global,"10,12,17,24",91,1031,3.607203960418701
calibration,4,global,"10,12,17,24",92,2905,2.379204273223877
calibration,4,global,"10,12,17,24",93,1747,3.2785987854003906
calibration,4,global,"10,12,17,24",94,1426,3.3142998218536377
calibration,4,global,"10,12,17,24",95,1288,2.9864513874053955
calibration,4,global,"10,12,21,26",0,720,4.027387619018555
calibration,4,global,"10,12,21,26",1,3796,3.9319727420806885
calibration,4,global,"10,12,21,26",2,2979,3.5074822902679443
calibration,4,global,"10,12,21,26",3,3195,3.6443049907684326
calibration,4,global,"10,12,21,26",4,3348,3.745415687561035
calibration,4,global,"10,12,21,26",5,636,3.5290048122406006
calibration,4,global,"10,12,21,26",6,655,3.6355013847351074
calibration,4,global,"10,12,21,26",7,4470,3.882380962371826
calibration,4,global,"10,12,21,26",8,3767,3.3868401050567627
calibration,4,global,"10,12,21,26",9,1123,3.666191339492798
calibration,4,global,"10,12,21,26",10,1907,3.6403114795684814
calibration,4,global,"10,12,21,26",11,4325,3.7432374954223633
calibration,4,global,"10,12,21,26",12,3374,3.7632925510406494
calibration,4,global,"10,12,21,26",13,552,3.3073761463165283
calibration,4,global,"10,12,21,26",14,1983,3.6266932487487793
calibration,4,global,"10,12,21,26",15,279,3.516409158706665
calibration,4,global,"10,12,21,26",16,3116,3.8205366134643555
calibration,4,global,"10,12,21,26",17,3247,4.235220909118652
calibration,4,global,"10,12,21,26",18,4798,3.8769328594207764
calibration,4,global,"10,12,21,26",19,2782,3.485844850540161
calibration,4,global,"10,12,21,26",20,2029,3.803539752960205
calibration,4,global,"10,12,21,26",21,3681,3.6099917888641357
calibration,4,global,"10,12,21,26",22,252,3.2233870029449463
calibration,4,global,"10,12,21,26",23,2694,3.607783079147339
calibration,4,global,"10,12,21,26",24,1696,4.160122871398926
calibration,4,global,"10,12,21,26",25,1,4.154141902923584
calibration,4,global,"10,12,21,26",26,1432,3.5152783393859863
calibration,4,global,"10,12,21,26",27,3131,3.698760509490967
calibration,4,global,"10,12,21,26",28,4718,4.021783351898193
calibration,4,global,"10,12,21,26",29,2055,3.445409059524536
calibration,4,global,"10,12,21,26",30,4817,3.776681900024414
calibration,4,global,"10,12,21,26",31,2110,3.5956361293792725
calibration,4,global,"10,12,21,26",32,4972,3.488987922668457
calibration,4,global,"10,12,21,26",33,3779,3.0072860717773438
calibration,4,global,"10,12,21,26",34,4553,2.556755542755127
calibration,4,global,"10,12,21,26",35,4505,3.430067777633667
calibration,4,global,"10,12,21,26",36,779,3.716841220855713
calibration,4,global,"10,12,21,26",37,375,4.111545085906982
calibration,4,global,"10,12,21,26",38,3175,3.7429685592651367
calibration,4,global,"10,12,21,26",39,1099,3.341390609741211
calibration,4,global,"10,12,21,26",40,3387,4.171961307525635
calibration,4,global,"10,12,21,26",41,3081,2.840555191040039
calibration,4,global,"10,12,21,26",42,461,3.289698839187622
calibration,4,global,"10,12,21,26",43,429,3.9341890811920166
calibration,4,global,"10,12,21,26",44,2649,3.7900328636169434
calibration,4,global,"10,12,21,26",45,1815,3.441787004470825
calibration,4,global,"10,12,21,26",46,4318,3.775608539581299
calibration,4,global,"10,12,21,26",47,226,3.7796432971954346
calibration,4,global,"10,12,21,26",48,4210,3.729994535446167
calibration,4,global,"10,12,21,26",49,892,3.3622639179229736
calibration,4,global,"10,12,21,26",50,2021,3.816446304321289
calibration,4,global,"10,12,21,26",51,2579,3.2227942943573
calibration,4,global,"10,12,21,26",52,2843,3.4515278339385986
calibration,4,global,"10,12,21,26",53,2661,2.8645803928375244
calibration,4,global,"10,12,21,26",54,426,3.9263670444488525
calibration,4,global,"10,12,21,26",55,768,4.083131790161133
calibration,4,global,"10,12,21,26",56,2163,3.757650852203369
calibration,4,global,"10,12,21,26",57,2378,3.7361316680908203
calibration,4,global,"10,12,21,26",58,1777,3.9196996688842773
calibration,4,global,"10,12,21,26",59,2019,3.662353515625
calibration,4,global,"10,12,21,26",60,611,3.762486457824707
calibration,4,global,"10,12,21,26",61,1632,4.007866859436035
calibration,4,global,"10,12,21,26",62,1668,3.256173610687256
calibration,4,global,"10,12,21,26",63,2131,3.387516498565674
calibration,4,global,"10,12,21,26",64,4582,1.4368475675582886
calibration,4,global,"10,12,21,26",65,3185,3.3330295085906982
calibration,4,global,"10,12,21,26",66,3604,3.453916549682617
calibration,4,global,"10,12,21,26",67,2688,3.5409789085388184
calibration,4,global,"10,12,21,26",68,1024,4.028300762176514
calibration,4,global,"10,12,21,26",69,3447,3.7395029067993164
calibration,4,global,"10,12,21,26",70,1624,3.308276414871216
calibration,4,global,"10,12,21,26",71,683,3.177304744720459
calibration,4,global,"10,12,21,26",72,3712,3.7518222332000732
calibration,4,global,"10,12,21,26",73,4597,2.8660004138946533
calibration,4,global,"10,12,21,26",74,2003,3.5640504360198975
calibration,4,global,"10,12,21,26",75,38,3.7254157066345215
calibration,4,global,"10,12,21,26",76,2557,3.313398838043213
calibration,4,global,"10,12,21,26",77,648,3.709169387817383
calibration,4,global,"10,12,21,26",78,2091,3.2857558727264404
calibration,4,global,"10,12,21,26",79,2261,3.8989639282226562
calibration,4,global,"10,12,21,26",80,2086,3.747649669647217
calibration,4,global,"10,12,21,26",81,4297,3.712923765182495
calibration,4,global,"10,12,21,26",82,3993,3.196580410003662
calibration,4,global,"10,12,21,26",83,559,3.6094958782196045
calibration,4,global,"10,12,21,26",84,3219,3.977109670639038
calibration,4,global,"10,12,21,26",85,3324,3.9853382110595703
calibration,4,global,"10,12,21,26",86,4366,3.680490255355835
calibration,4,global,"10,12,21,26",87,323,3.882432460784912
calibration,4,global,"10,12,21,26",88,3151,3.5965065956115723
calibration,4,global,"10,12,21,26",89,2912,3.337437391281128
calibration,4,global,"10,12,21,26",90,2892,4.161502361297607
calibration,4,global,"10,12,21,26",91,1031,4.214939117431641
calibration,4,global,"10,12,21,26",92,2905,2.8025193214416504
calibration,4,global,"10,12,21,26",93,1747,3.7383968830108643
calibration,4,global,"10,12,21,26",94,1426,3.705379009246826
calibration,4,global,"10,12,21,26",95,1288,3.4720065593719482
calibration,4,low,"3,6,12,17",0,720,3.819528579711914
calibration,4,low,"3,6,12,17",1,3796,3.58717679977417
calibration,4,low,"3,6,12,17",2,2979,3.017613410949707
calibration,4,low,"3,6,12,17",3,3195,3.1704959869384766
calibration,4,low,"3,6,12,17",4,3348,3.3587968349456787
calibration,4,low,"3,6,12,17",5,636,3.2011446952819824
calibration,4,low,"3,6,12,17",6,655,3.2401247024536133
calibration,4,low,"3,6,12,17",7,4470,3.2678184509277344
calibration,4,low,"3,6,12,17",8,3767,2.944012403488159
calibration,4,low,"3,6,12,17",9,1123,3.16203236579895
calibration,4,low,"3,6,12,17",10,1907,3.186382532119751
calibration,4,low,"3,6,12,17",11,4325,3.561760187149048
calibration,4,low,"3,6,12,17",12,3374,3.4363629817962646
calibration,4,low,"3,6,12,17",13,552,2.8591413497924805
calibration,4,low,"3,6,12,17",14,1983,3.41200852394104
calibration,4,low,"3,6,12,17",15,279,3.1961400508880615
calibration,4,low,"3,6,12,17",16,3116,3.460676670074463
calibration,4,low,"3,6,12,17",17,3247,3.698404550552368
calibration,4,low,"3,6,12,17",18,4798,3.5608139038085938
calibration,4,low,"3,6,12,17",19,2782,3.1795270442962646
calibration,4,low,"3,6,12,17",20,2029,3.3254384994506836
calibration,4,low,"3,6,12,17",21,3681,3.22696852684021
calibration,4,low,"3,6,12,17",22,252,2.6682207584381104
calibration,4,low,"3,6,12,17",23,2694,3.1491565704345703
calibration,4,low,"3,6,12,17",24,1696,3.547651767730713
calibration,4,low,"3,6,12,17",25,1,3.575859546661377
calibration,4,low,"3,6,12,17",26,1432,3.2135677337646484
calibration,4,low,"3,6,12,17",27,3131,3.5649266242980957
calibration,4,low,"3,6,12,17",28,4718,3.5369350910186768
calibration,4,low,"3,6,12,17",29,2055,3.0973598957061768
calibration,4,low,"3,6,12,17",30,4817,3.2793800830841064
calibration,4,low,"3,6,12,17",31,2110,3.1499812602996826
calibration,4,low,"3,6,12,17",32,4972,3.0934643745422363
calibration,4,low,"3,6,12,17",33,3779,2.74334979057312
calibration,4,low,"3,6,12,17",34,4553,2.07279109954834
calibration,4,low,"3,6,12,17",35,4505,2.943169593811035
calibration,4,low,"3,6,12,17",36,779,3.5913710594177246
calibration,4,low,"3,6,12,17",37,375,3.4106688499450684
calibration,4,low,"3,6,12,17",38,3175,3.2888402938842773
calibration,4,low,"3,6,12,17",39,1099,3.0769476890563965
calibration,4,low,"3,6,12,17",40,3387,3.86317777633667
calibration,4,low,"3,6,12,17",41,3081,2.572253704071045
calibration,4,low,"3,6,12,17",42,461,2.9283053874969482
calibration,4,low,"3,6,12,17",43,429,3.631279230117798
calibration,4,low,"3,6,12,17",44,2649,3.5130789279937744
calibration,4,low,"3,6,12,17",45,1815,3.036742687225342
calibration,4,low,"3,6,12,17",46,4318,3.314791202545166
calibration,4,low,"3,6,12,17",47,226,3.477914810180664
calibration,4,low,"3,6,12,17",48,4210,3.155043125152588
calibration,4,low,"3,6,12,17",49,892,3.061552047729492
calibration,4,low,"3,6,12,17",50,2021,3.3066513538360596
calibration,4,low,"3,6,12,17",51,2579,2.8060970306396484
calibration,4,low,"3,6,12,17",52,2843,3.2084219455718994
calibration,4,low,"3,6,12,17",53,2661,2.591919183731079
calibration,4,low,"3,6,12,17",54,426,3.50871205329895
calibration,4,low,"3,6,12,17",55,768,3.823359727859497
calibration,4,low,"3,6,12,17",56,2163,3.299940347671509
calibration,4,low,"3,6,12,17",57,2378,3.1448824405670166
calibration,4,low,"3,6,12,17",58,1777,3.6091017723083496
calibration,4,low,"3,6,12,17",59,2019,3.037881374359131
calibration,4,low,"3,6,12,17",60,611,3.328873634338379
calibration,4,low,"3,6,12,17",61,1632,3.3346550464630127
calibration,4,low,"3,6,12,17",62,1668,2.724850654602051
calibration,4,low,"3,6,12,17",63,2131,2.8315489292144775
calibration,4,low,"3,6,12,17",64,4582,1.4078766107559204
calibration,4,low,"3,6,12,17",65,3185,2.9083251953125
calibration,4,low,"3,6,12,17",66,3604,3.0969929695129395
calibration,4,low,"3,6,12,17",67,2688,3.254028081893921
calibration,4,low,"3,6,12,17",68,1024,3.282318115234375
calibration,4,low,"3,6,12,17",69,3447,3.541975975036621
calibration,4,low,"3,6,12,17",70,1624,3.082108497619629
calibration,4,low,"3,6,12,17",71,683,2.6411616802215576
calibration,4,low,"3,6,12,17",72,3712,3.440669059753418
calibration,4,low,"3,6,12,17",73,4597,2.4897637367248535
calibration,4,low,"3,6,12,17",74,2003,3.1957242488861084
calibration,4,low,"3,6,12,17",75,38,3.362466335296631
calibration,4,low,"3,6,12,17",76,2557,3.013396739959717
calibration,4,low,"3,6,12,17",77,648,3.544712543487549
calibration,4,low,"3,6,12,17",78,2091,2.8455798625946045
calibration,4,low,"3,6,12,17",79,2261,3.496159791946411
calibration,4,low,"3,6,12,17",80,2086,3.431676149368286
calibration,4,low,"3,6,12,17",81,4297,3.36556077003479
calibration,4,low,"3,6,12,17",82,3993,2.8449411392211914
calibration,4,low,"3,6,12,17",83,559,3.0581419467926025
calibration,4,low,"3,6,12,17",84,3219,3.711968183517456
calibration,4,low,"3,6,12,17",85,3324,3.4393398761749268
calibration,4,low,"3,6,12,17",86,4366,3.3477864265441895
calibration,4,low,"3,6,12,17",87,323,3.3088691234588623
calibration,4,low,"3,6,12,17",88,3151,3.2738795280456543
calibration,4,low,"3,6,12,17",89,2912,2.9375534057617188
calibration,4,low,"3,6,12,17",90,2892,3.543508768081665
calibration,4,low,"3,6,12,17",91,1031,3.8573501110076904
calibration,4,low,"3,6,12,17",92,2905,2.5080995559692383
calibration,4,low,"3,6,12,17",93,1747,3.3894784450531006
calibration,4,low,"3,6,12,17",94,1426,3.518033742904663
calibration,4,low,"3,6,12,17",95,1288,3.1775050163269043
calibration,4,low,"3,6,17,19",0,720,3.9274117946624756
calibration,4,low,"3,6,17,19",1,3796,3.719604253768921
calibration,4,low,"3,6,17,19",2,2979,3.352809429168701
calibration,4,low,"3,6,17,19",3,3195,3.379638195037842
calibration,4,low,"3,6,17,19",4,3348,3.5697505474090576
calibration,4,low,"3,6,17,19",5,636,3.4449801445007324
calibration,4,low,"3,6,17,19",6,655,3.4535818099975586
calibration,4,low,"3,6,17,19",7,4470,3.473618507385254
calibration,4,low,"3,6,17,19",8,3767,3.0961568355560303
calibration,4,low,"3,6,17,19",9,1123,3.282581090927124
calibration,4,low,"3,6,17,19",10,1907,3.400477647781372
calibration,4,low,"3,6,17,19",11,4325,3.606398582458496
calibration,4,low,"3,6,17,19",12,3374,3.571991443634033
calibration,4,low,"3,6,17,19",13,552,3.0551984310150146
calibration,4,low,"3,6,17,19",14,1983,3.513154983520508
calibration,4,low,"3,6,17,19",15,279,3.454010248184204
calibration,4,low,"3,6,17,19",16,3116,3.6921072006225586
calibration,4,low,"3,6,17,19",17,3247,3.905729293823242
calibration,4,low,"3,6,17,19",18,4798,3.661555051803589
calibration,4,low,"3,6,17,19",19,2782,3.342069387435913
calibration,4,low,"3,6,17,19",20,2029,3.455235719680786
calibration,4,low,"3,6,17,19",21,3681,3.3799283504486084
calibration,4,low,"3,6,17,19",22,252,2.846759557723999
calibration,4,low,"3,6,17,19",23,2694,3.307783365249634
calibration,4,low,"3,6,17,19",24,1696,3.7766871452331543
calibration,4,low,"3,6,17,19",25,1,3.743607759475708
calibration,4,low,"3,6,17,19",26,1432,3.3497047424316406
calibration,4,low,"3,6,17,19",27,3131,3.6835081577301025
calibration,4,low,"3,6,17,19",28,4718,3.728773593902588
calibration,4,low,"3,6,17,19",29,2055,3.2197632789611816
calibration,4,low,"3,6,17,19",30,4817,3.489428758621216
calibration,4,low,"3,6,17,19",31,2110,3.4003515243530273
calibration,4,low,"3,6,17,19",32,4972,3.222088098526001
calibration,4,low,"3,6,17,19",33,3779,2.8477954864501953
calibration,4,low,"3,6,17,19",34,4553,2.1782991886138916
calibration,4,low,"3,6,17,19",35,4505,3.0894055366516113
calibration,4,low,"3,6,17,19",36,779,3.5745460987091064
calibration,4,low,"3,6,17,19",37,375,3.488887310028076
calibration,4,low,"3,6,17,19",38,3175,3.4620869159698486
calibration,4,low,"3,6,17,19",39,1099,3.143460512161255
calibration,4,low,"3,6,17,19",40,3387,3.963261365890503
calibration,4,low,"3,6,17,19",41,3081,2.703636646270752
calibration,4,low,"3,6,17,19",42,461,2.9807865619659424
calibration,4,low,"3,6,17,19",43,429,3.7310473918914795
calibration,4,low,"3,6,17,19",44,2649,3.6569738388061523
calibration,4,low,"3,6,17,19",45,1815,3.2455668449401855
calibration,4,low,"3,6,17,19",46,4318,3.411832332611084
calibration,4,low,"3,6,17,19",47,226,3.6542129516601562
calibration,4,low,"3,6,17,19",48,4210,3.3467352390289307
calibration,4,low,"3,6,17,19",49,892,3.239873170852661
calibration,4,low,"3,6,17,19",50,2021,3.3988640308380127
calibration,4,low,"3,6,17,19",51,2579,2.891680955886841
calibration,4,low,"3,6,17,19",52,2843,3.3358073234558105
calibration,4,low,"3,6,17,19",53,2661,2.8066511154174805
calibration,4,low,"3,6,17,19",54,426,3.676190137863159
calibration,4,low,"3,6,17,19",55,768,3.963438034057617
calibration,4,low,"3,6,17,19",56,2163,3.5502524375915527
calibration,4,low,"3,6,17,19",57,2378,3.2470219135284424
calibration,4,low,"3,6,17,19",58,1777,3.764341354370117
calibration,4,low,"3,6,17,19",59,2019,3.1883585453033447
calibration,4,low,"3,6,17,19",60,611,3.337991952896118
calibration,4,low,"3,6,17,19",61,1632,3.4421749114990234
calibration,4,low,"3,6,17,19",62,1668,2.9422967433929443
calibration,4,low,"3,6,17,19",63,2131,3.125498056411743
calibration,4,low,"3,6,17,19",64,4582,1.5703988075256348
calibration,4,low,"3,6,17,19",65,3185,3.083791732788086
calibration,4,low,"3,6,17,19",66,3604,3.2728607654571533
calibration,4,low,"3,6,17,19",67,2688,3.4651472568511963
calibration,4,low,"3,6,17,19",68,1024,3.4568071365356445
calibration,4,low,"3,6,17,19",69,3447,3.7391886711120605
calibration,4,low,"3,6,17,19",70,1624,3.1553430557250977
calibration,4,low,"3,6,17,19",71,683,2.662625789642334
calibration,4,low,"3,6,17,19",72,3712,3.6380035877227783
calibration,4,low,"3,6,17,19",73,4597,2.7729339599609375
calibration,4,low,"3,6,17,19",74,2003,3.386157989501953
calibration,4,low,"3,6,17,19",75,38,3.5250823497772217
calibration,4,low,"3,6,17,19",76,2557,3.203723669052124
calibration,4,low,"3,6,17,19",77,648,3.711582899093628
calibration,4,low,"3,6,17,19",78,2091,3.0109574794769287
calibration,4,low,"3,6,17,19",79,2261,3.6217100620269775
calibration,4,low,"3,6,17,19",80,2086,3.568882703781128
calibration,4,low,"3,6,17,19",81,4297,3.5069074630737305
calibration,4,low,"3,6,17,19",82,3993,2.951916217803955
calibration,4,low,"3,6,17,19",83,559,3.134040355682373
calibration,4,low,"3,6,17,19",84,3219,3.8910789489746094
calibration,4,low,"3,6,17,19",85,3324,3.523247241973877
calibration,4,low,"3,6,17,19",86,4366,3.614022970199585
calibration,4,low,"3,6,17,19",87,323,3.64296555519104
calibration,4,low,"3,6,17,19",88,3151,3.3725619316101074
calibration,4,low,"3,6,17,19",89,2912,3.0960500240325928
calibration,4,low,"3,6,17,19",90,2892,3.7872531414031982
calibration,4,low,"3,6,17,19",91,1031,4.009795665740967
calibration,4,low,"3,6,17,19",92,2905,2.8621861934661865
calibration,4,low,"3,6,17,19",93,1747,3.4856972694396973
calibration,4,low,"3,6,17,19",94,1426,3.6520676612854004
calibration,4,low,"3,6,17,19",95,1288,3.4287145137786865
calibration,4,low,"3,8,10,19",0,720,3.9641261100769043
calibration,4,low,"3,8,10,19",1,3796,3.7158825397491455
calibration,4,low,"3,8,10,19",2,2979,3.4228076934814453
calibration,4,low,"3,8,10,19",3,3195,3.316127300262451
calibration,4,low,"3,8,10,19",4,3348,3.5224976539611816
calibration,4,low,"3,8,10,19",5,636,3.40040922164917
calibration,4,low,"3,8,10,19",6,655,3.38356351852417
calibration,4,low,"3,8,10,19",7,4470,3.4397871494293213
calibration,4,low,"3,8,10,19",8,3767,3.0525119304656982
calibration,4,low,"3,8,10,19",9,1123,3.299572467803955
calibration,4,low,"3,8,10,19",10,1907,3.388084650039673
calibration,4,low,"3,8,10,19",11,4325,3.673008441925049
calibration,4,low,"3,8,10,19",12,3374,3.5243022441864014
calibration,4,low,"3,8,10,19",13,552,2.9765968322753906
calibration,4,low,"3,8,10,19",14,1983,3.5892207622528076
calibration,4,low,"3,8,10,19",15,279,3.4796547889709473
calibration,4,low,"3,8,10,19",16,3116,3.7584118843078613
calibration,4,low,"3,8,10,19",17,3247,3.9280972480773926
calibration,4,low,"3,8,10,19",18,4798,3.712228298187256
calibration,4,low,"3,8,10,19",19,2782,3.198289632797241
calibration,4,low,"3,8,10,19",20,2029,3.623847484588623
calibration,4,low,"3,8,10,19",21,3681,3.3642690181732178
calibration,4,low,"3,8,10,19",22,252,2.86850643157959
calibration,4,low,"3,8,10,19",23,2694,3.39347243309021
calibration,4,low,"3,8,10,19",24,1696,3.6585605144500732
calibration,4,low,"3,8,10,19",25,1,3.6954197883605957
calibration,4,low,"3,8,10,19",26,1432,3.2554969787597656
calibration,4,low,"3,8,10,19",27,3131,3.6889140605926514
calibration,4,low,"3,8,10,19",28,4718,3.6610946655273438
calibration,4,low,"3,8,10,19",29,2055,3.3850772380828857
calibration,4,low,"3,8,10,19",30,4817,3.5029349327087402
calibration,4,low,"3,8,10,19",31,2110,3.4301517009735107
calibration,4,low,"3,8,10,19",32,4972,3.2396585941314697
calibration,4,low,"3,8,10,19",33,3779,2.807663679122925
calibration,4,low,"3,8,10,19",34,4553,2.1400959491729736
calibration,4,low,"3,8,10,19",35,4505,3.14294695854187
calibration,4,low,"3,8,10,19",36,779,3.4840903282165527
calibration,4,low,"3,8,10,19",37,375,3.4196605682373047
calibration,4,low,"3,8,10,19",38,3175,3.4375016689300537
calibration,4,low,"3,8,10,19",39,1099,3.3133671283721924
calibration,4,low,"3,8,10,19",40,3387,3.9999172687530518
calibration,4,low,"3,8,10,19",41,3081,2.772721767425537
calibration,4,low,"3,8,10,19",42,461,2.9599087238311768
calibration,4,low,"3,8,10,19",43,429,3.800391912460327
calibration,4,low,"3,8,10,19",44,2649,3.575911283493042
calibration,4,low,"3,8,10,19",45,1815,3.222349166870117
calibration,4,low,"3,8,10,19",46,4318,3.5107691287994385
calibration,4,low,"3,8,10,19",47,226,3.596806764602661
calibration,4,low,"3,8,10,19",48,4210,3.285595178604126
calibration,4,low,"3,8,10,19",49,892,3.347341299057007
calibration,4,low,"3,8,10,19",50,2021,3.4814932346343994
calibration,4,low,"3,8,10,19",51,2579,2.928926944732666
calibration,4,low,"3,8,10,19",52,2843,3.4521074295043945
calibration,4,low,"3,8,10,19",53,2661,2.765001058578491
calibration,4,low,"3,8,10,19",54,426,3.7644705772399902
calibration,4,low,"3,8,10,19",55,768,3.915660858154297
calibration,4,low,"3,8,10,19",56,2163,3.4159767627716064
calibration,4,low,"3,8,10,19",57,2378,3.3399264812469482
calibration,4,low,"3,8,10,19",58,1777,3.6982009410858154
calibration,4,low,"3,8,10,19",59,2019,3.3311243057250977
calibration,4,low,"3,8,10,19",60,611,3.451202154159546
calibration,4,low,"3,8,10,19",61,1632,3.5282931327819824
calibration,4,low,"3,8,10,19",62,1668,2.88322377204895
calibration,4,low,"3,8,10,19",63,2131,3.070664644241333
calibration,4,low,"3,8,10,19",64,4582,1.4027726650238037
calibration,4,low,"3,8,10,19",65,3185,3.1061882972717285
calibration,4,low,"3,8,10,19",66,3604,3.321470022201538
calibration,4,low,"3,8,10,19",67,2688,3.2982137203216553
calibration,4,low,"3,8,10,19",68,1024,3.485119581222534
calibration,4,low,"3,8,10,19",69,3447,3.7118589878082275
calibration,4,low,"3,8,10,19",70,1624,3.1304824352264404
calibration,4,low,"3,8,10,19",71,683,2.6990127563476562
calibration,4,low,"3,8,10,19",72,3712,3.540268898010254
calibration,4,low,"3,8,10,19",73,4597,2.7508177757263184
calibration,4,low,"3,8,10,19",74,2003,3.311530113220215
calibration,4,low,"3,8,10,19",75,38,3.4809789657592773
calibration,4,low,"3,8,10,19",76,2557,3.0943610668182373
calibration,4,low,"3,8,10,19",77,648,3.716036319732666
calibration,4,low,"3,8,10,19",78,2091,2.981666088104248
calibration,4,low,"3,8,10,19",79,2261,3.6612637042999268
calibration,4,low,"3,8,10,19",80,2086,3.6678545475006104
calibration,4,low,"3,8,10,19",81,4297,3.5477962493896484
calibration,4,low,"3,8,10,19",82,3993,2.886683940887451
calibration,4,low,"3,8,10,19",83,559,3.1936635971069336
calibration,4,low,"3,8,10,19",84,3219,3.7904207706451416
calibration,4,low,"3,8,10,19",85,3324,3.4875566959381104
calibration,4,low,"3,8,10,19",86,4366,3.4958348274230957
calibration,4,low,"3,8,10,19",87,323,3.587618589401245
calibration,4,low,"3,8,10,19",88,3151,3.306544542312622
calibration,4,low,"3,8,10,19",89,2912,3.259671449661255
calibration,4,low,"3,8,10,19",90,2892,3.7415761947631836
calibration,4,low,"3,8,10,19",91,1031,3.95872163772583
calibration,4,low,"3,8,10,19",92,2905,2.809816837310791
calibration,4,low,"3,8,10,19",93,1747,3.4067916870117188
calibration,4,low,"3,8,10,19",94,1426,3.6003122329711914
calibration,4,low,"3,8,10,19",95,1288,3.2388715744018555
calibration,4,low,"3,8,12,15",0,720,4.00276517868042
calibration,4,low,"3,8,12,15",1,3796,3.7025656700134277
calibration,4,low,"3,8,12,15",2,2979,3.185302734375
calibration,4,low,"3,8,12,15",3,3195,3.3282229900360107
calibration,4,low,"3,8,12,15",4,3348,3.5401437282562256
calibration,4,low,"3,8,12,15",5,636,3.449258327484131
calibration,4,low,"3,8,12,15",6,655,3.4825379848480225
calibration,4,low,"3,8,12,15",7,4470,3.4046449661254883
calibration,4,low,"3,8,12,15",8,3767,3.0709073543548584
calibration,4,low,"3,8,12,15",9,1123,3.332123041152954
calibration,4,low,"3,8,12,15",10,1907,3.333146810531616
calibration,4,low,"3,8,12,15",11,4325,3.731680154800415
calibration,4,low,"3,8,12,15",12,3374,3.4905450344085693
calibration,4,low,"3,8,12,15",13,552,2.921788454055786
calibration,4,low,"3,8,12,15",14,1983,3.5984232425689697
calibration,4,low,"3,8,12,15",15,279,3.3520290851593018
calibration,4,low,"3,8,12,15",16,3116,3.6329047679901123
calibration,4,low,"3,8,12,15",17,3247,3.97733473777771
calibration,4,low,"3,8,12,15",18,4798,3.683121681213379
calibration,4,low,"3,8,12,15",19,2782,3.176776885986328
calibration,4,low,"3,8,12,15",20,2029,3.648648500442505
calibration,4,low,"3,8,12,15",21,3681,3.2649567127227783
calibration,4,low,"3,8,12,15",22,252,2.9030919075012207
calibration,4,low,"3,8,12,15",23,2694,3.4374794960021973
calibration,4,low,"3,8,12,15",24,1696,3.6908302307128906
calibration,4,low,"3,8,12,15",25,1,3.723644733428955
calibration,4,low,"3,8,12,15",26,1432,3.154229164123535
calibration,4,low,"3,8,12,15",27,3131,3.674128532409668
calibration,4,low,"3,8,12,15",28,4718,3.7392611503601074
calibration,4,low,"3,8,12,15",29,2055,3.3491172790527344
calibration,4,low,"3,8,12,15",30,4817,3.5053491592407227
calibration,4,low,"3,8,12,15",31,2110,3.289722204208374
calibration,4,low,"3,8,12,15",32,4972,3.157679319381714
calibration,4,low,"3,8,12,15",33,3779,2.8014049530029297
calibration,4,low,"3,8,12,15",34,4553,2.0796968936920166
calibration,4,low,"3,8,12,15",35,4505,3.093564033508301
calibration,4,low,"3,8,12,15",36,779,3.6072463989257812
calibration,4,low,"3,8,12,15",37,375,3.5405330657958984
calibration,4,low,"3,8,12,15",38,3175,3.3803114891052246
calibration,4,low,"3,8,12,15",39,1099,3.3492956161499023
calibration,4,low,"3,8,12,15",40,3387,4.058039665222168
calibration,4,low,"3,8,12,15",41,3081,2.690985679626465
calibration,4,low,"3,8,12,15",42,461,3.035897970199585
calibration,4,low,"3,8,12,15",43,429,3.909785747528076
calibration,4,low,"3,8,12,15",44,2649,3.5593719482421875
calibration,4,low,"3,8,12,15",45,1815,3.2018754482269287
calibration,4,low,"3,8,12,15",46,4318,3.5293076038360596
calibration,4,low,"3,8,12,15",47,226,3.702749013900757
calibration,4,low,"3,8,12,15",48,4210,3.3216922283172607
calibration,4,low,"3,8,12,15",49,892,3.228651762008667
calibration,4,low,"3,8,12,15",50,2021,3.440540075302124
calibration,4,low,"3,8,12,15",51,2579,2.9519951343536377
calibration,4,low,"3,8,12,15",52,2843,3.3914921283721924
calibration,4,low,"3,8,12,15",53,2661,2.6811928749084473
calibration,4,low,"3,8,12,15",54,426,3.715334892272949
calibration,4,low,"3,8,12,15",55,768,4.113516330718994
calibration,4,low,"3,8,12,15",56,2163,3.4930336475372314
calibration,4,low,"3,8,12,15",57,2378,3.293947696685791
calibration,4,low,"3,8,12,15",58,1777,3.67829966545105
calibration,4,low,"3,8,12,15",59,2019,3.1886589527130127
calibration,4,low,"3,8,12,15",60,611,3.5031545162200928
calibration,4,low,"3,8,12,15",61,1632,3.4876184463500977
calibration,4,low,"3,8,12,15",62,1668,2.9076173305511475
calibration,4,low,"3,8,12,15",63,2131,2.937645673751831
calibration,4,low,"3,8,12,15",64,4582,1.3209894895553589
calibration,4,low,"3,8,12,15",65,3185,3.0666797161102295
calibration,4,low,"3,8,12,15",66,3604,3.2669565677642822
calibration,4,low,"3,8,12,15",67,2688,3.199465274810791
calibration,4,low,"3,8,12,15",68,1024,3.2848308086395264
calibration,4,low,"3,8,12,15",69,3447,3.6908700466156006
calibration,4,low,"3,8,12,15",70,1624,3.1190316677093506
calibration,4,low,"3,8,12,15",71,683,2.630727529525757
calibration,4,low,"3,8,12,15",72,3712,3.671297311782837
calibration,4,low,"3,8,12,15",73,4597,2.5941197872161865
calibration,4,low,"3,8,12,15",74,2003,3.3124942779541016
calibration,4,low,"3,8,12,15",75,38,3.5294153690338135
calibration,4,low,"3,8,12,15",76,2557,3.1706016063690186
calibration,4,low,"3,8,12,15",77,648,3.679774522781372
calibration,4,low,"3,8,12,15",78,2091,2.9645159244537354
calibration,4,low,"3,8,12,15",79,2261,3.6823174953460693
calibration,4,low,"3,8,12,15",80,2086,3.638634443283081
calibration,4,low,"3,8,12,15",81,4297,3.55847430229187
calibration,4,low,"3,8,12,15",82,3993,2.8832554817199707
calibration,4,low,"3,8,12,15",83,559,3.217679738998413
calibration,4,low,"3,8,12,15",84,3219,3.80503249168396
calibration,4,low,"3,8,12,15",85,3324,3.529632806777954
calibration,4,low,"3,8,12,15",86,4366,3.54996919631958
calibration,4,low,"3,8,12,15",87,323,3.522538900375366
calibration,4,low,"3,8,12,15",88,3151,3.2584638595581055
calibration,4,low,"3,8,12,15",89,2912,3.2247531414031982
calibration,4,low,"3,8,12,15",90,2892,3.813699722290039
calibration,4,low,"3,8,12,15",91,1031,3.91479754447937
calibration,4,low,"3,8,12,15",92,2905,2.6710927486419678
calibration,4,low,"3,8,12,15",93,1747,3.519895315170288
calibration,4,low,"3,8,12,15",94,1426,3.7099223136901855
calibration,4,low,"3,8,12,15",95,1288,3.129469156265259
calibration,4,low,"3,12,15,17",0,720,3.698237419128418
calibration,4,low,"3,12,15,17",1,3796,3.464266061782837
calibration,4,low,"3,12,15,17",2,2979,2.8768985271453857
calibration,4,low,"3,12,15,17",3,3195,3.0960209369659424
calibration,4,low,"3,12,15,17",4,3348,3.1562013626098633
calibration,4,low,"3,12,15,17",5,636,3.0560314655303955
calibration,4,low,"3,12,15,17",6,655,3.080824136734009
calibration,4,low,"3,12,15,17",7,4470,3.1549508571624756
calibration,4,low,"3,12,15,17",8,3767,2.782675266265869
calibration,4,low,"3,12,15,17",9,1123,3.089681386947632
calibration,4,low,"3,12,15,17",10,1907,3.1690938472747803
calibration,4,low,"3,12,15,17",11,4325,3.3360860347747803
calibration,4,low,"3,12,15,17",12,3374,3.3103134632110596
calibration,4,low,"3,12,15,17",13,552,2.742539644241333
calibration,4,low,"3,12,15,17",14,1983,3.289048194885254
calibration,4,low,"3,12,15,17",15,279,3.098726511001587
calibration,4,low,"3,12,15,17",16,3116,3.3411576747894287
calibration,4,low,"3,12,15,17",17,3247,3.5665857791900635
calibration,4,low,"3,12,15,17",18,4798,3.393658399581909
calibration,4,low,"3,12,15,17",19,2782,2.999429941177368
calibration,4,low,"3,12,15,17",20,2029,3.270984172821045
calibration,4,low,"3,12,15,17",21,3681,3.0869359970092773
calibration,4,low,"3,12,15,17",22,252,2.646682024002075
calibration,4,low,"3,12,15,17",23,2694,2.9717752933502197
calibration,4,low,"3,12,15,17",24,1696,3.4515702724456787
calibration,4,low,"3,12,15,17",25,1,3.462265729904175
calibration,4,low,"3,12,15,17",26,1432,3.0828332901000977
calibration,4,low,"3,12,15,17",27,3131,3.4222328662872314
calibration,4,low,"3,12,15,17",28,4718,3.3512277603149414
calibration,4,low,"3,12,15,17",29,2055,2.9804935455322266
calibration,4,low,"3,12,15,17",30,4817,3.205845832824707
calibration,4,low,"3,12,15,17",31,2110,3.0563976764678955
calibration,4,low,"3,12,15,17",32,4972,2.8845016956329346
calibration,4,low,"3,12,15,17",33,3779,2.5816690921783447
calibration,4,low,"3,12,15,17",34,4553,1.9780361652374268
calibration,4,low,"3,12,15,17",35,4505,2.8502442836761475
calibration,4,low,"3,12,15,17",36,779,3.324429988861084
calibration,4,low,"3,12,15,17",37,375,3.2962605953216553
calibration,4,low,"3,12,15,17",38,3175,3.2101399898529053
calibration,4,low,"3,12,15,17",39,1099,2.8798043727874756
calibration,4,low,"3,12,15,17",40,3387,3.7419021129608154
calibration,4,low,"3,12,15,17",41,3081,2.4113125801086426
calibration,4,low,"3,12,15,17",42,461,2.7818424701690674
calibration,4,low,"3,12,15,17",43,429,3.470583915710449
calibration,4,low,"3,12,15,17",44,2649,3.2256102561950684
calibration,4,low,"3,12,15,17",45,1815,2.9418864250183105
calibration,4,low,"3,12,15,17",46,4318,3.146627187728882
calibration,4,low,"3,12,15,17",47,226,3.3853373527526855
calibration,4,low,"3,12,15,17",48,4210,3.039503335952759
calibration,4,low,"3,12,15,17",49,892,2.971628427505493
calibration,4,low,"3,12,15,17",50,2021,3.196770668029785
calibration,4,low,"3,12,15,17",51,2579,2.6764702796936035
calibration,4,low,"3,12,15,17",52,2843,3.100088119506836
calibration,4,low,"3,12,15,17",53,2661,2.5171220302581787
calibration,4,low,"3,12,15,17",54,426,3.4385156631469727
calibration,4,low,"3,12,15,17",55,768,3.689028739929199
calibration,4,low,"3,12,15,17",56,2163,3.2092456817626953
calibration,4,low,"3,12,15,17",57,2378,2.978809356689453
calibration,4,low,"3,12,15,17",58,1777,3.455284357070923
calibration,4,low,"3,12,15,17",59,2019,2.9615683555603027
calibration,4,low,"3,12,15,17",60,611,3.1568667888641357
calibration,4,low,"3,12,15,17",61,1632,3.3492443561553955
calibration,4,low,"3,12,15,17",62,1668,2.6436643600463867
calibration,4,low,"3,12,15,17",63,2131,2.7388033866882324
calibration,4,low,"3,12,15,17",64,4582,1.2938052415847778
calibration,4,low,"3,12,15,17",65,3185,2.744936466217041
calibration,4,low,"3,12,15,17",66,3604,2.8805201053619385
calibration,4,low,"3,12,15,17",67,2688,3.1015067100524902
calibration,4,low,"3,12,15,17",68,1024,3.0787312984466553
calibration,4,low,"3,12,15,17",69,3447,3.4309439659118652
calibration,4,low,"3,12,15,17",70,1624,3.007789373397827
calibration,4,low,"3,12,15,17",71,683,2.5681653022766113
calibration,4,low,"3,12,15,17",72,3712,3.290935516357422
calibration,4,low,"3,12,15,17",73,4597,2.464841842651367
calibration,4,low,"3,12,15,17",74,2003,3.1909265518188477
calibration,4,low,"3,12,15,17",75,38,3.1366403102874756
calibration,4,low,"3,12,15,17",76,2557,2.886275291442871
calibration,4,low,"3,12,15,17",77,648,3.3990392684936523
calibration,4,low,"3,12,15,17",78,2091,2.780599355697632
calibration,4,low,"3,12,15,17",79,2261,3.4500207901000977
calibration,4,low,"3,12,15,17",80,2086,3.33721923828125
calibration,4,low,"3,12,15,17",81,4297,3.1618103981018066
calibration,4,low,"3,12,15,17",82,3993,2.679898977279663
calibration,4,low,"3,12,15,17",83,559,2.9270341396331787
calibration,4,low,"3,12,15,17",84,3219,3.585580587387085
calibration,4,low,"3,12,15,17",85,3324,3.267258882522583
calibration,4,low,"3,12,15,17",86,4366,3.2734227180480957
calibration,4,low,"3,12,15,17",87,323,3.2995805740356445
calibration,4,low,"3,12,15,17",88,3151,3.188507318496704
calibration,4,low,"3,12,15,17",89,2912,2.850299119949341
calibration,4,low,"3,12,15,17",90,2892,3.4477157592773438
calibration,4,low,"3,12,15,17",91,1031,3.638995409011841
calibration,4,low,"3,12,15,17",92,2905,2.4041941165924072
calibration,4,low,"3,12,15,17",93,1747,3.2809031009674072
calibration,4,low,"3,12,15,17",94,1426,3.2714624404907227
calibration,4,low,"3,12,15,17",95,1288,2.9187514781951904
calibration,4,low,"3,12,15,19",0,720,3.7692599296569824
calibration,4,low,"3,12,15,19",1,3796,3.5928783416748047
calibration,4,low,"3,12,15,19",2,2979,3.116718053817749
calibration,4,low,"3,12,15,19",3,3195,3.261265516281128
calibration,4,low,"3,12,15,19",4,3348,3.3092379570007324
calibration,4,low,"3,12,15,19",5,636,3.1969668865203857
calibration,4,low,"3,12,15,19",6,655,3.186488151550293
calibration,4,low,"3,12,15,19",7,4470,3.238495111465454
calibration,4,low,"3,12,15,19",8,3767,2.944403648376465
calibration,4,low,"3,12,15,19",9,1123,3.173068046569824
calibration,4,low,"3,12,15,19",10,1907,3.3365232944488525
calibration,4,low,"3,12,15,19",11,4325,3.4583051204681396
calibration,4,low,"3,12,15,19",12,3374,3.491335391998291
calibration,4,low,"3,12,15,19",13,552,2.8210396766662598
calibration,4,low,"3,12,15,19",14,1983,3.4434621334075928
calibration,4,low,"3,12,15,19",15,279,3.2678117752075195
calibration,4,low,"3,12,15,19",16,3116,3.4437053203582764
calibration,4,low,"3,12,15,19",17,3247,3.7581546306610107
calibration,4,low,"3,12,15,19",18,4798,3.4772520065307617
calibration,4,low,"3,12,15,19",19,2782,3.1065638065338135
calibration,4,low,"3,12,15,19",20,2029,3.4243862628936768
calibration,4,low,"3,12,15,19",21,3681,3.228982925415039
calibration,4,low,"3,12,15,19",22,252,2.7832391262054443
calibration,4,low,"3,12,15,19",23,2694,3.1303367614746094
calibration,4,low,"3,12,15,19",24,1696,3.54917311668396
calibration,4,low,"3,12,15,19",25,1,3.5539278984069824
calibration,4,low,"3,12,15,19",26,1432,3.130098342895508
calibration,4,low,"3,12,15,19",27,3131,3.53013014793396
calibration,4,low,"3,12,15,19",28,4718,3.5227129459381104
calibration,4,low,"3,12,15,19",29,2055,3.121483087539673
calibration,4,low,"3,12,15,19",30,4817,3.4240951538085938
calibration,4,low,"3,12,15,19",31,2110,3.141162872314453
calibration,4,low,"3,12,15,19",32,4972,3.066544532775879
calibration,4,low,"3,12,15,19",33,3779,2.7067244052886963
calibration,4,low,"3,12,15,19",34,4553,2.198333501815796
calibration,4,low,"3,12,15,19",35,4505,3.07541561126709
calibration,4,low,"3,12,15,19",36,779,3.409977436065674
calibration,4,low,"3,12,15,19",37,375,3.4138946533203125
calibration,4,low,"3,12,15,19",38,3175,3.312077283859253
calibration,4,low,"3,12,15,19",39,1099,3.051842451095581
calibration,4,low,"3,12,15,19",40,3387,3.869736909866333
calibration,4,low,"3,12,15,19",41,3081,2.521221876144409
calibration,4,low,"3,12,15,19",42,461,2.899815320968628
calibration,4,low,"3,12,15,19",43,429,3.5983500480651855
calibration,4,low,"3,12,15,19",44,2649,3.4135148525238037
calibration,4,low,"3,12,15,19",45,1815,3.105433940887451
calibration,4,low,"3,12,15,19",46,4318,3.334230422973633
calibration,4,low,"3,12,15,19",47,226,3.4841766357421875
calibration,4,low,"3,12,15,19",48,4210,3.1613881587982178
calibration,4,low,"3,12,15,19",49,892,3.0857315063476562
calibration,4,low,"3,12,15,19",50,2021,3.337298631668091
calibration,4,low,"3,12,15,19",51,2579,2.8093886375427246
calibration,4,low,"3,12,15,19",52,2843,3.257706880569458
calibration,4,low,"3,12,15,19",53,2661,2.6952743530273438
calibration,4,low,"3,12,15,19",54,426,3.5939812660217285
calibration,4,low,"3,12,15,19",55,768,3.7531981468200684
calibration,4,low,"3,12,15,19",56,2163,3.3008174896240234
calibration,4,low,"3,12,15,19",57,2378,3.09605073928833
calibration,4,low,"3,12,15,19",58,1777,3.523271322250366
calibration,4,low,"3,12,15,19",59,2019,3.087177276611328
calibration,4,low,"3,12,15,19",60,611,3.2570748329162598
calibration,4,low,"3,12,15,19",61,1632,3.410801887512207
calibration,4,low,"3,12,15,19",62,1668,2.817648410797119
calibration,4,low,"3,12,15,19",63,2131,2.942072868347168
calibration,4,low,"3,12,15,19",64,4582,1.4245680570602417
calibration,4,low,"3,12,15,19",65,3185,2.985586643218994
calibration,4,low,"3,12,15,19",66,3604,3.0327234268188477
calibration,4,low,"3,12,15,19",67,2688,3.2712249755859375
calibration,4,low,"3,12,15,19",68,1024,3.2788476943969727
calibration,4,low,"3,12,15,19",69,3447,3.5954651832580566
calibration,4,low,"3,12,15,19",70,1624,3.179744243621826
calibration,4,low,"3,12,15,19",71,683,2.6764471530914307
calibration,4,low,"3,12,15,19",72,3712,3.355043888092041
calibration,4,low,"3,12,15,19",73,4597,2.7065274715423584
calibration,4,low,"3,12,15,19",74,2003,3.2639474868774414
calibration,4,low,"3,12,15,19",75,38,3.357908248901367
calibration,4,low,"3,12,15,19",76,2557,3.0136375427246094
calibration,4,low,"3,12,15,19",77,648,3.48946475982666
calibration,4,low,"3,12,15,19",78,2091,2.8821256160736084
calibration,4,low,"3,12,15,19",79,2261,3.5688183307647705
calibration,4,low,"3,12,15,19",80,2086,3.460510492324829
calibration,4,low,"3,12,15,19",81,4297,3.382202386856079
calibration,4,low,"3,12,15,19",82,3993,2.795484781265259
calibration,4,low,"3,12,15,19",83,559,2.9778428077697754
calibration,4,low,"3,12,15,19",84,3219,3.6516261100769043
calibration,4,low,"3,12,15,19",85,3324,3.3946022987365723
calibration,4,low,"3,12,15,19",86,4366,3.402634620666504
calibration,4,low,"3,12,15,19",87,323,3.512119770050049
calibration,4,low,"3,12,15,19",88,3151,3.2956948280334473
calibration,4,low,"3,12,15,19",89,2912,3.0440828800201416
calibration,4,low,"3,12,15,19",90,2892,3.617687940597534
calibration,4,low,"3,12,15,19",91,1031,3.7944726943969727
calibration,4,low,"3,12,15,19",92,2905,2.688951253890991
calibration,4,low,"3,12,15,19",93,1747,3.3347232341766357
calibration,4,low,"3,12,15,19",94,1426,3.4540188312530518
calibration,4,low,"3,12,15,19",95,1288,3.11928129196167
calibration,4,low,"6,8,10,12",0,720,3.7430431842803955
calibration,4,low,"6,8,10,12",1,3796,3.5481457710266113
calibration,4,low,"6,8,10,12",2,2979,3.1507222652435303
calibration,4,low,"6,8,10,12",3,3195,3.2394819259643555
calibration,4,low,"6,8,10,12",4,3348,3.4067025184631348
calibration,4,low,"6,8,10,12",5,636,3.129695415496826
calibration,4,low,"6,8,10,12",6,655,3.189675807952881
calibration,4,low,"6,8,10,12",7,4470,3.3983190059661865
calibration,4,low,"6,8,10,12",8,3767,2.950544834136963
calibration,4,low,"6,8,10,12",9,1123,3.1421103477478027
calibration,4,low,"6,8,10,12",10,1907,3.1655654907226562
calibration,4,low,"6,8,10,12",11,4325,3.531968355178833
calibration,4,low,"6,8,10,12",12,3374,3.2870779037475586
calibration,4,low,"6,8,10,12",13,552,2.964339256286621
calibration,4,low,"6,8,10,12",14,1983,3.33270525932312
calibration,4,low,"6,8,10,12",15,279,3.2291409969329834
calibration,4,low,"6,8,10,12",16,3116,3.5043697357177734
calibration,4,low,"6,8,10,12",17,3247,3.7506039142608643
calibration,4,low,"6,8,10,12",18,4798,3.480456829071045
calibration,4,low,"6,8,10,12",19,2782,3.039271354675293
calibration,4,low,"6,8,10,12",20,2029,3.440574884414673
calibration,4,low,"6,8,10,12",21,3681,3.2720882892608643
calibration,4,low,"6,8,10,12",22,252,2.787203073501587
calibration,4,low,"6,8,10,12",23,2694,3.222595453262329
calibration,4,low,"6,8,10,12",24,1696,3.5633270740509033
calibration,4,low,"6,8,10,12",25,1,3.6728060245513916
calibration,4,low,"6,8,10,12",26,1432,3.172874927520752
calibration,4,low,"6,8,10,12",27,3131,3.468043565750122
calibration,4,low,"6,8,10,12",28,4718,3.514352798461914
calibration,4,low,"6,8,10,12",29,2055,3.284435987472534
calibration,4,low,"6,8,10,12",30,4817,3.351839065551758
calibration,4,low,"6,8,10,12",31,2110,3.165046215057373
calibration,4,low,"6,8,10,12",32,4972,3.1096742153167725
calibration,4,low,"6,8,10,12",33,3779,2.6253714561462402
calibration,4,low,"6,8,10,12",34,4553,1.9644927978515625
calibration,4,low,"6,8,10,12",35,4505,2.958291530609131
calibration,4,low,"6,8,10,12",36,779,3.4137229919433594
calibration,4,low,"6,8,10,12",37,375,3.4580726623535156
calibration,4,low,"6,8,10,12",38,3175,3.3167788982391357
calibration,4,low,"6,8,10,12",39,1099,3.0171685218811035
calibration,4,low,"6,8,10,12",40,3387,3.7760860919952393
calibration,4,low,"6,8,10,12",41,3081,2.6796560287475586
calibration,4,low,"6,8,10,12",42,461,2.927124261856079
calibration,4,low,"6,8,10,12",43,429,3.6445226669311523
calibration,4,low,"6,8,10,12",44,2649,3.403205633163452
calibration,4,low,"6,8,10,12",45,1815,3.019338846206665
calibration,4,low,"6,8,10,12",46,4318,3.3723888397216797
calibration,4,low,"6,8,10,12",47,226,3.521461009979248
calibration,4,low,"6,8,10,12",48,4210,3.2273576259613037
calibration,4,low,"6,8,10,12",49,892,3.1042120456695557
calibration,4,low,"6,8,10,12",50,2021,3.215501308441162
calibration,4,low,"6,8,10,12",51,2579,3.0317468643188477
calibration,4,low,"6,8,10,12",52,2843,3.3119170665740967
calibration,4,low,"6,8,10,12",53,2661,2.807063341140747
calibration,4,low,"6,8,10,12",54,426,3.603255271911621
calibration,4,low,"6,8,10,12",55,768,3.7307190895080566
calibration,4,low,"6,8,10,12",56,2163,3.2375717163085938
calibration,4,low,"6,8,10,12",57,2378,3.224555015563965
calibration,4,low,"6,8,10,12",58,1777,3.485032796859741
calibration,4,low,"6,8,10,12",59,2019,2.9847002029418945
calibration,4,low,"6,8,10,12",60,611,3.271684169769287
calibration,4,low,"6,8,10,12",61,1632,3.487663984298706
calibration,4,low,"6,8,10,12",62,1668,2.6489529609680176
calibration,4,low,"6,8,10,12",63,2131,2.84603214263916
calibration,4,low,"6,8,10,12",64,4582,1.2374355792999268
calibration,4,low,"6,8,10,12",65,3185,2.9434988498687744
calibration,4,low,"6,8,10,12",66,3604,3.20485782623291
calibration,4,low,"6,8,10,12",67,2688,3.149423599243164
calibration,4,low,"6,8,10,12",68,1024,3.197373867034912
calibration,4,low,"6,8,10,12",69,3447,3.4076194763183594
calibration,4,low,"6,8,10,12",70,1624,2.938278913497925
calibration,4,low,"6,8,10,12",71,683,2.5528404712677
calibration,4,low,"6,8,10,12",72,3712,3.3886072635650635
calibration,4,low,"6,8,10,12",73,4597,2.5502207279205322
calibration,4,low,"6,8,10,12",74,2003,3.164543867111206
calibration,4,low,"6,8,10,12",75,38,3.420107126235962
calibration,4,low,"6,8,10,12",76,2557,2.9946064949035645
calibration,4,low,"6,8,10,12",77,648,3.4475808143615723
calibration,4,low,"6,8,10,12",78,2091,2.8581643104553223
calibration,4,low,"6,8,10,12",79,2261,3.50823712348938
calibration,4,low,"6,8,10,12",80,2086,3.4213638305664062
calibration,4,low,"6,8,10,12",81,4297,3.2823145389556885
calibration,4,low,"6,8,10,12",82,3993,2.8091511726379395
calibration,4,low,"6,8,10,12",83,559,3.1517062187194824
calibration,4,low,"6,8,10,12",84,3219,3.7466137409210205
calibration,4,low,"6,8,10,12",85,3324,3.4882125854492188
calibration,4,low,"6,8,10,12",86,4366,3.305238723754883
calibration,4,low,"6,8,10,12",87,323,3.455244302749634
calibration,4,low,"6,8,10,12",88,3151,3.1660683155059814
calibration,4,low,"6,8,10,12",89,2912,2.9856114387512207
calibration,4,low,"6,8,10,12",90,2892,3.4474008083343506
calibration,4,low,"6,8,10,12",91,1031,3.6687240600585938
calibration,4,low,"6,8,10,12",92,2905,2.4037344455718994
calibration,4,low,"6,8,10,12",93,1747,3.3865909576416016
calibration,4,low,"6,8,10,12",94,1426,3.497387409210205
calibration,4,low,"6,8,10,12",95,1288,3.1651973724365234
calibration,4,low,"6,12,17,19",0,720,3.6195521354675293
calibration,4,low,"6,12,17,19",1,3796,3.4916188716888428
calibration,4,low,"6,12,17,19",2,2979,3.056058645248413
calibration,4,low,"6,12,17,19",3,3195,3.1755318641662598
calibration,4,low,"6,12,17,19",4,3348,3.2128260135650635
calibration,4,low,"6,12,17,19",5,636,3.1793720722198486
calibration,4,low,"6,12,17,19",6,655,3.1856727600097656
calibration,4,low,"6,12,17,19",7,4470,3.2982089519500732
calibration,4,low,"6,12,17,19",8,3767,2.931273937225342
calibration,4,low,"6,12,17,19",9,1123,3.1734249591827393
calibration,4,low,"6,12,17,19",10,1907,3.2811079025268555
calibration,4,low,"6,12,17,19",11,4325,3.4473838806152344
calibration,4,low,"6,12,17,19",12,3374,3.4450018405914307
calibration,4,low,"6,12,17,19",13,552,2.8458259105682373
calibration,4,low,"6,12,17,19",14,1983,3.1767098903656006
calibration,4,low,"6,12,17,19",15,279,3.110727071762085
calibration,4,low,"6,12,17,19",16,3116,3.5018813610076904
calibration,4,low,"6,12,17,19",17,3247,3.631427526473999
calibration,4,low,"6,12,17,19",18,4798,3.4257655143737793
calibration,4,low,"6,12,17,19",19,2782,3.0233473777770996
calibration,4,low,"6,12,17,19",20,2029,3.2776894569396973
calibration,4,low,"6,12,17,19",21,3681,3.19176983833313
calibration,4,low,"6,12,17,19",22,252,2.7526447772979736
calibration,4,low,"6,12,17,19",23,2694,3.0943071842193604
calibration,4,low,"6,12,17,19",24,1696,3.621936559677124
calibration,4,low,"6,12,17,19",25,1,3.5332930088043213
calibration,4,low,"6,12,17,19",26,1432,3.191056489944458
calibration,4,low,"6,12,17,19",27,3131,3.568321466445923
calibration,4,low,"6,12,17,19",28,4718,3.4640822410583496
calibration,4,low,"6,12,17,19",29,2055,3.0203559398651123
calibration,4,low,"6,12,17,19",30,4817,3.3125364780426025
calibration,4,low,"6,12,17,19",31,2110,3.1615355014801025
calibration,4,low,"6,12,17,19",32,4972,3.036440372467041
calibration,4,low,"6,12,17,19",33,3779,2.709439992904663
calibration,4,low,"6,12,17,19",34,4553,2.069786548614502
calibration,4,low,"6,12,17,19",35,4505,2.9721457958221436
calibration,4,low,"6,12,17,19",36,779,3.377506732940674
calibration,4,low,"6,12,17,19",37,375,3.4276084899902344
calibration,4,low,"6,12,17,19",38,3175,3.3053832054138184
calibration,4,low,"6,12,17,19",39,1099,3.0049166679382324
calibration,4,low,"6,12,17,19",40,3387,3.73366379737854
calibration,4,low,"6,12,17,19",41,3081,2.3938374519348145
calibration,4,low,"6,12,17,19",42,461,2.94716477394104
calibration,4,low,"6,12,17,19",43,429,3.4212543964385986
calibration,4,low,"6,12,17,19",44,2649,3.3573594093322754
calibration,4,low,"6,12,17,19",45,1815,2.9983205795288086
calibration,4,low,"6,12,17,19",46,4318,3.3196935653686523
calibration,4,low,"6,12,17,19",47,226,3.5226035118103027
calibration,4,low,"6,12,17,19",48,4210,3.102409601211548
calibration,4,low,"6,12,17,19",49,892,2.991412878036499
calibration,4,low,"6,12,17,19",50,2021,3.18686580657959
calibration,4,low,"6,12,17,19",51,2579,2.757361888885498
calibration,4,low,"6,12,17,19",52,2843,3.2023823261260986
calibration,4,low,"6,12,17,19",53,2661,2.6413071155548096
calibration,4,low,"6,12,17,19",54,426,3.44161319732666
calibration,4,low,"6,12,17,19",55,768,3.694699287414551
calibration,4,low,"6,12,17,19",56,2163,3.247131586074829
calibration,4,low,"6,12,17,19",57,2378,3.0723066329956055
calibration,4,low,"6,12,17,19",58,1777,3.5636658668518066
calibration,4,low,"6,12,17,19",59,2019,2.9901084899902344
calibration,4,low,"6,12,17,19",60,611,3.192798376083374
calibration,4,low,"6,12,17,19",61,1632,3.261916160583496
calibration,4,low,"6,12,17,19",62,1668,2.731219530105591
calibration,4,low,"6,12,17,19",63,2131,2.922069549560547
calibration,4,low,"6,12,17,19",64,4582,1.487212896347046
calibration,4,low,"6,12,17,19",65,3185,2.942281484603882
calibration,4,low,"6,12,17,19",66,3604,3.0526421070098877
calibration,4,low,"6,12,17,19",67,2688,3.228132486343384
calibration,4,low,"6,12,17,19",68,1024,3.2512364387512207
calibration,4,low,"6,12,17,19",69,3447,3.3983681201934814
calibration,4,low,"6,12,17,19",70,1624,3.0972740650177
calibration,4,low,"6,12,17,19",71,683,2.5580265522003174
calibration,4,low,"6,12,17,19",72,3712,3.358018636703491
calibration,4,low,"6,12,17,19",73,4597,2.57338547706604
calibration,4,low,"6,12,17,19",74,2003,3.2174742221832275
calibration,4,low,"6,12,17,19",75,38,3.2932956218719482
calibration,4,low,"6,12,17,19",76,2557,3.0610241889953613
calibration,4,low,"6,12,17,19",77,648,3.5732908248901367
calibration,4,low,"6,12,17,19",78,2091,2.82116436958313
calibration,4,low,"6,12,17,19",79,2261,3.507960081100464
calibration,4,low,"6,12,17,19",80,2086,3.3961939811706543
calibration,4,low,"6,12,17,19",81,4297,3.262209415435791
calibration,4,low,"6,12,17,19",82,3993,2.841120481491089
calibration,4,low,"6,12,17,19",83,559,2.9901936054229736
calibration,4,low,"6,12,17,19",84,3219,3.54608154296875
calibration,4,low,"6,12,17,19",85,3324,3.349374294281006
calibration,4,low,"6,12,17,19",86,4366,3.3119657039642334
calibration,4,low,"6,12,17,19",87,323,3.3878955841064453
calibration,4,low,"6,12,17,19",88,3151,3.2180593013763428
calibration,4,low,"6,12,17,19",89,2912,2.786288261413574
calibration,4,low,"6,12,17,19",90,2892,3.406475782394409
calibration,4,low,"6,12,17,19",91,1031,3.7195651531219482
calibration,4,low,"6,12,17,19",92,2905,2.6172914505004883
calibration,4,low,"6,12,17,19",93,1747,3.3507862091064453
calibration,4,low,"6,12,17,19",94,1426,3.3407199382781982
calibration,4,low,"6,12,17,19",95,1288,3.1310911178588867
calibration,4,low,"8,10,15,21",0,720,3.6709656715393066
calibration,4,low,"8,10,15,21",1,3796,3.534529209136963
calibration,4,low,"8,10,15,21",2,2979,3.210218906402588
calibration,4,low,"8,10,15,21",3,3195,3.241485357284546
calibration,4,low,"8,10,15,21",4,3348,3.3947696685791016
calibration,4,low,"8,10,15,21",5,636,3.178966522216797
calibration,4,low,"8,10,15,21",6,655,3.1992270946502686
calibration,4,low,"8,10,15,21",7,4470,3.273637294769287
calibration,4,low,"8,10,15,21",8,3767,2.9223437309265137
calibration,4,low,"8,10,15,21",9,1123,3.1554462909698486
calibration,4,low,"8,10,15,21",10,1907,3.2251765727996826
calibration,4,low,"8,10,15,21",11,4325,3.441272020339966
calibration,4,low,"8,10,15,21",12,3374,3.3771495819091797
calibration,4,low,"8,10,15,21",13,552,2.848867654800415
calibration,4,low,"8,10,15,21",14,1983,3.3414695262908936
calibration,4,low,"8,10,15,21",15,279,3.16662335395813
calibration,4,low,"8,10,15,21",16,3116,3.4423351287841797
calibration,4,low,"8,10,15,21",17,3247,3.805671215057373
calibration,4,low,"8,10,15,21",18,4798,3.446861505508423
calibration,4,low,"8,10,15,21",19,2782,3.009474277496338
calibration,4,low,"8,10,15,21",20,2029,3.4065771102905273
calibration,4,low,"8,10,15,21",21,3681,3.2561886310577393
calibration,4,low,"8,10,15,21",22,252,2.755305767059326
calibration,4,low,"8,10,15,21",23,2694,3.2091894149780273
calibration,4,low,"8,10,15,21",24,1696,3.6190178394317627
calibration,4,low,"8,10,15,21",25,1,3.607785224914551
calibration,4,low,"8,10,15,21",26,1432,3.0622129440307617
calibration,4,low,"8,10,15,21",27,3131,3.4292845726013184
calibration,4,low,"8,10,15,21",28,4718,3.443427324295044
calibration,4,low,"8,10,15,21",29,2055,3.042717456817627
calibration,4,low,"8,10,15,21",30,4817,3.3904433250427246
calibration,4,low,"8,10,15,21",31,2110,3.154606342315674
calibration,4,low,"8,10,15,21",32,4972,3.036322593688965
calibration,4,low,"8,10,15,21",33,3779,2.609466791152954
calibration,4,low,"8,10,15,21",34,4553,1.9920659065246582
calibration,4,low,"8,10,15,21",35,4505,3.0022096633911133
calibration,4,low,"8,10,15,21",36,779,3.243985652923584
calibration,4,low,"8,10,15,21",37,375,3.394192934036255
calibration,4,low,"8,10,15,21",38,3175,3.274653911590576
calibration,4,low,"8,10,15,21",39,1099,3.006343126296997
calibration,4,low,"8,10,15,21",40,3387,3.766975164413452
calibration,4,low,"8,10,15,21",41,3081,2.547765016555786
calibration,4,low,"8,10,15,21",42,461,2.8036656379699707
calibration,4,low,"8,10,15,21",43,429,3.408217430114746
calibration,4,low,"8,10,15,21",44,2649,3.3478710651397705
calibration,4,low,"8,10,15,21",45,1815,3.022866725921631
calibration,4,low,"8,10,15,21",46,4318,3.2518808841705322
calibration,4,low,"8,10,15,21",47,226,3.3775014877319336
calibration,4,low,"8,10,15,21",48,4210,3.276240587234497
calibration,4,low,"8,10,15,21",49,892,2.969325304031372
calibration,4,low,"8,10,15,21",50,2021,3.282881021499634
calibration,4,low,"8,10,15,21",51,2579,2.89682674407959
calibration,4,low,"8,10,15,21",52,2843,3.2271339893341064
calibration,4,low,"8,10,15,21",53,2661,2.609248399734497
calibration,4,low,"8,10,15,21",54,426,3.590698719024658
calibration,4,low,"8,10,15,21",55,768,3.8074891567230225
calibration,4,low,"8,10,15,21",56,2163,3.3331539630889893
calibration,4,low,"8,10,15,21",57,2378,3.33311128616333
calibration,4,low,"8,10,15,21",58,1777,3.583254814147949
calibration,4,low,"8,10,15,21",59,2019,3.11217999458313
calibration,4,low,"8,10,15,21",60,611,3.216535806655884
calibration,4,low,"8,10,15,21",61,1632,3.4835288524627686
calibration,4,low,"8,10,15,21",62,1668,2.6642777919769287
calibration,4,low,"8,10,15,21",63,2131,2.837083101272583
calibration,4,low,"8,10,15,21",64,4582,1.2645481824874878
calibration,4,low,"8,10,15,21",65,3185,2.985783100128174
calibration,4,low,"8,10,15,21",66,3604,3.0856823921203613
calibration,4,low,"8,10,15,21",67,2688,3.1913890838623047
calibration,4,low,"8,10,15,21",68,1024,3.412195920944214
calibration,4,low,"8,10,15,21",69,3447,3.3795042037963867
calibration,4,low,"8,10,15,21",70,1624,3.0604403018951416
calibration,4,low,"8,10,15,21",71,683,2.5956733226776123
calibration,4,low,"8,10,15,21",72,3712,3.46496844291687
calibration,4,low,"8,10,15,21",73,4597,2.5122084617614746
calibration,4,low,"8,10,15,21",74,2003,3.1971640586853027
calibration,4,low,"8,10,15,21",75,38,3.3270912170410156
calibration,4,low,"8,10,15,21",76,2557,2.914074420928955
calibration,4,low,"8,10,15,21",77,648,3.4030885696411133
calibration,4,low,"8,10,15,21",78,2091,2.822026252746582
calibration,4,low,"8,10,15,21",79,2261,3.4612417221069336
calibration,4,low,"8,10,15,21",80,2086,3.3925130367279053
calibration,4,low,"8,10,15,21",81,4297,3.293660879135132
calibration,4,low,"8,10,15,21",82,3993,2.793766736984253
calibration,4,low,"8,10,15,21",83,559,3.112232208251953
calibration,4,low,"8,10,15,21",84,3219,3.611147880554199
calibration,4,low,"8,10,15,21",85,3324,3.571300506591797
calibration,4,low,"8,10,15,21",86,4366,3.2971503734588623
calibration,4,low,"8,10,15,21",87,323,3.3697996139526367
calibration,4,low,"8,10,15,21",88,3151,3.0344371795654297
calibration,4,low,"8,10,15,21",89,2912,2.926111936569214
calibration,4,low,"8,10,15,21",90,2892,3.4102365970611572
calibration,4,low,"8,10,15,21",91,1031,3.722898244857788
calibration,4,low,"8,10,15,21",92,2905,2.4229049682617188
calibration,4,low,"8,10,15,21",93,1747,3.378671646118164
calibration,4,low,"8,10,15,21",94,1426,3.3608193397521973
calibration,4,low,"8,10,15,21",95,1288,3.07795786857605
calibration,4,low,"8,10,17,19",0,720,3.651782989501953
calibration,4,low,"8,10,17,19",1,3796,3.554011821746826
calibration,4,low,"8,10,17,19",2,2979,3.0787508487701416
calibration,4,low,"8,10,17,19",3,3195,3.1971309185028076
calibration,4,low,"8,10,17,19",4,3348,3.2852838039398193
calibration,4,low,"8,10,17,19",5,636,3.133533477783203
calibration,4,low,"8,10,17,19",6,655,3.2001726627349854
calibration,4,low,"8,10,17,19",7,4470,3.2553467750549316
calibration,4,low,"8,10,17,19",8,3767,2.9199490547180176
calibration,4,low,"8,10,17,19",9,1123,3.1437623500823975
calibration,4,low,"8,10,17,19",10,1907,3.2125375270843506
calibration,4,low,"8,10,17,19",11,4325,3.3925180435180664
calibration,4,low,"8,10,17,19",12,3374,3.410191297531128
calibration,4,low,"8,10,17,19",13,552,2.8914124965667725
calibration,4,low,"8,10,17,19",14,1983,3.154855966567993
calibration,4,low,"8,10,17,19",15,279,3.1825315952301025
calibration,4,low,"8,10,17,19",16,3116,3.4786674976348877
calibration,4,low,"8,10,17,19",17,3247,3.730482578277588
calibration,4,low,"8,10,17,19",18,4798,3.4163806438446045
calibration,4,low,"8,10,17,19",19,2782,3.0333547592163086
calibration,4,low,"8,10,17,19",20,2029,3.3940653800964355
calibration,4,low,"8,10,17,19",21,3681,3.181518077850342
calibration,4,low,"8,10,17,19",22,252,2.791806936264038
calibration,4,low,"8,10,17,19",23,2694,3.2237703800201416
calibration,4,low,"8,10,17,19",24,1696,3.5722179412841797
calibration,4,low,"8,10,17,19",25,1,3.5834438800811768
calibration,4,low,"8,10,17,19",26,1432,3.1755518913269043
calibration,4,low,"8,10,17,19",27,3131,3.4836795330047607
calibration,4,low,"8,10,17,19",28,4718,3.4740049839019775
calibration,4,low,"8,10,17,19",29,2055,3.0651142597198486
calibration,4,low,"8,10,17,19",30,4817,3.2775940895080566
calibration,4,low,"8,10,17,19",31,2110,3.288722276687622
calibration,4,low,"8,10,17,19",32,4972,3.0608699321746826
calibration,4,low,"8,10,17,19",33,3779,2.694396734237671
calibration,4,low,"8,10,17,19",34,4553,2.0245440006256104
calibration,4,low,"8,10,17,19",35,4505,2.957728624343872
calibration,4,low,"8,10,17,19",36,779,3.2921459674835205
calibration,4,low,"8,10,17,19",37,375,3.2877838611602783
calibration,4,low,"8,10,17,19",38,3175,3.224701166152954
calibration,4,low,"8,10,17,19",39,1099,3.05159592628479
calibration,4,low,"8,10,17,19",40,3387,3.7272584438323975
calibration,4,low,"8,10,17,19",41,3081,2.48013973236084
calibration,4,low,"8,10,17,19",42,461,2.8447489738464355
calibration,4,low,"8,10,17,19",43,429,3.383916139602661
calibration,4,low,"8,10,17,19",44,2649,3.316420078277588
calibration,4,low,"8,10,17,19",45,1815,3.0886218547821045
calibration,4,low,"8,10,17,19",46,4318,3.2806050777435303
calibration,4,low,"8,10,17,19",47,226,3.4888010025024414
calibration,4,low,"8,10,17,19",48,4210,3.0991501808166504
calibration,4,low,"8,10,17,19",49,892,3.0587658882141113
calibration,4,low,"8,10,17,19",50,2021,3.2232863903045654
calibration,4,low,"8,10,17,19",51,2579,2.888375997543335
calibration,4,low,"8,10,17,19",52,2843,3.245189666748047
calibration,4,low,"8,10,17,19",53,2661,2.6269211769104004
calibration,4,low,"8,10,17,19",54,426,3.525439739227295
calibration,4,low,"8,10,17,19",55,768,3.808048725128174
calibration,4,low,"8,10,17,19",56,2163,3.226461172103882
calibration,4,low,"8,10,17,19",57,2378,3.1567254066467285
calibration,4,low,"8,10,17,19",58,1777,3.566214084625244
calibration,4,low,"8,10,17,19",59,2019,3.0478453636169434
calibration,4,low,"8,10,17,19",60,611,3.250595808029175
calibration,4,low,"8,10,17,19",61,1632,3.383410692214966
calibration,4,low,"8,10,17,19",62,1668,2.6982035636901855
calibration,4,low,"8,10,17,19",63,2131,2.8833835124969482
calibration,4,low,"8,10,17,19",64,4582,1.4698518514633179
calibration,4,low,"8,10,17,19",65,3185,2.9113032817840576
calibration,4,low,"8,10,17,19",66,3604,3.0328609943389893
calibration,4,low,"8,10,17,19",67,2688,3.095587968826294
calibration,4,low,"8,10,17,19",68,1024,3.255261182785034
calibration,4,low,"8,10,17,19",69,3447,3.4708120822906494
calibration,4,low,"8,10,17,19",70,1624,3.0136232376098633
calibration,4,low,"8,10,17,19",71,683,2.5237526893615723
calibration,4,low,"8,10,17,19",72,3712,3.459343194961548
calibration,4,low,"8,10,17,19",73,4597,2.608839988708496
calibration,4,low,"8,10,17,19",74,2003,3.1702842712402344
calibration,4,low,"8,10,17,19",75,38,3.3287160396575928
calibration,4,low,"8,10,17,19",76,2557,3.020339012145996
calibration,4,low,"8,10,17,19",77,648,3.55088210105896
calibration,4,low,"8,10,17,19",78,2091,2.817760467529297
calibration,4,low,"8,10,17,19",79,2261,3.4658701419830322
calibration,4,low,"8,10,17,19",80,2086,3.4179582595825195
calibration,4,low,"8,10,17,19",81,4297,3.2868852615356445
calibration,4,low,"8,10,17,19",82,3993,2.788882255554199
calibration,4,low,"8,10,17,19",83,559,2.987074375152588
calibration,4,low,"8,10,17,19",84,3219,3.5484776496887207
calibration,4,low,"8,10,17,19",85,3324,3.3099825382232666
calibration,4,low,"8,10,17,19",86,4366,3.313169479370117
calibration,4,low,"8,10,17,19",87,323,3.356916904449463
calibration,4,low,"8,10,17,19",88,3151,3.1379828453063965
calibration,4,low,"8,10,17,19",89,2912,2.812004566192627
calibration,4,low,"8,10,17,19",90,2892,3.421290874481201
calibration,4,low,"8,10,17,19",91,1031,3.637795925140381
calibration,4,low,"8,10,17,19",92,2905,2.537867784500122
calibration,4,low,"8,10,17,19",93,1747,3.310680627822876
calibration,4,low,"8,10,17,19",94,1426,3.3254613876342773
calibration,4,low,"8,10,17,19",95,1288,3.1566038131713867
calibration,4,low,"8,12,17,24",0,720,3.7611212730407715
calibration,4,low,"8,12,17,24",1,3796,3.6278016567230225
calibration,4,low,"8,12,17,24",2,2979,3.1787266731262207
calibration,4,low,"8,12,17,24",3,3195,3.3161215782165527
calibration,4,low,"8,12,17,24",4,3348,3.3475000858306885
calibration,4,low,"8,12,17,24",5,636,3.1984164714813232
calibration,4,low,"8,12,17,24",6,655,3.405078411102295
calibration,4,low,"8,12,17,24",7,4470,3.347670078277588
calibration,4,low,"8,12,17,24",8,3767,2.979984760284424
calibration,4,low,"8,12,17,24",9,1123,3.2001800537109375
calibration,4,low,"8,12,17,24",10,1907,3.3289108276367188
calibration,4,low,"8,12,17,24",11,4325,3.5110034942626953
calibration,4,low,"8,12,17,24",12,3374,3.507004976272583
calibration,4,low,"8,12,17,24",13,552,2.940720558166504
calibration,4,low,"8,12,17,24",14,1983,3.2460856437683105
calibration,4,low,"8,12,17,24",15,279,3.1342785358428955
calibration,4,low,"8,12,17,24",16,3116,3.4302890300750732
calibration,4,low,"8,12,17,24",17,3247,3.7193925380706787
calibration,4,low,"8,12,17,24",18,4798,3.424332618713379
calibration,4,low,"8,12,17,24",19,2782,3.115880250930786
calibration,4,low,"8,12,17,24",20,2029,3.4523866176605225
calibration,4,low,"8,12,17,24",21,3681,3.2664949893951416
calibration,4,low,"8,12,17,24",22,252,2.8381452560424805
calibration,4,low,"8,12,17,24",23,2694,3.216909885406494
calibration,4,low,"8,12,17,24",24,1696,3.651383876800537
calibration,4,low,"8,12,17,24",25,1,3.612574815750122
calibration,4,low,"8,12,17,24",26,1432,3.1435365676879883
calibration,4,low,"8,12,17,24",27,3131,3.4935028553009033
calibration,4,low,"8,12,17,24",28,4718,3.5385422706604004
calibration,4,low,"8,12,17,24",29,2055,3.0352206230163574
calibration,4,low,"8,12,17,24",30,4817,3.385897397994995
calibration,4,low,"8,12,17,24",31,2110,3.202131509780884
calibration,4,low,"8,12,17,24",32,4972,3.10384202003479
calibration,4,low,"8,12,17,24",33,3779,2.740053176879883
calibration,4,low,"8,12,17,24",34,4553,2.040853261947632
calibration,4,low,"8,12,17,24",35,4505,2.9766077995300293
calibration,4,low,"8,12,17,24",36,779,3.5031683444976807
calibration,4,low,"8,12,17,24",37,375,3.578401565551758
calibration,4,low,"8,12,17,24",38,3175,3.3312413692474365
calibration,4,low,"8,12,17,24",39,1099,3.1744792461395264
calibration,4,low,"8,12,17,24",40,3387,3.864995002746582
calibration,4,low,"8,12,17,24",41,3081,2.4448535442352295
calibration,4,low,"8,12,17,24",42,461,3.024521589279175
calibration,4,low,"8,12,17,24",43,429,3.5126242637634277
calibration,4,low,"8,12,17,24",44,2649,3.464648962020874
calibration,4,low,"8,12,17,24",45,1815,3.0963070392608643
calibration,4,low,"8,12,17,24",46,4318,3.4915151596069336
calibration,4,low,"8,12,17,24",47,226,3.4629876613616943
calibration,4,low,"8,12,17,24",48,4210,3.159240484237671
calibration,4,low,"8,12,17,24",49,892,3.01043963432312
calibration,4,low,"8,12,17,24",50,2021,3.285355567932129
calibration,4,low,"8,12,17,24",51,2579,2.8734006881713867
calibration,4,low,"8,12,17,24",52,2843,3.316530227661133
calibration,4,low,"8,12,17,24",53,2661,2.6312272548675537
calibration,4,low,"8,12,17,24",54,426,3.576711416244507
calibration,4,low,"8,12,17,24",55,768,3.8500754833221436
calibration,4,low,"8,12,17,24",56,2163,3.3003766536712646
calibration,4,low,"8,12,17,24",57,2378,3.284510850906372
calibration,4,low,"8,12,17,24",58,1777,3.588883399963379
calibration,4,low,"8,12,17,24",59,2019,3.0695276260375977
calibration,4,low,"8,12,17,24",60,611,3.3111817836761475
calibration,4,low,"8,12,17,24",61,1632,3.562462329864502
calibration,4,low,"8,12,17,24",62,1668,2.748840570449829
calibration,4,low,"8,12,17,24",63,2131,2.841562509536743
calibration,4,low,"8,12,17,24",64,4582,1.2763071060180664
calibration,4,low,"8,12,17,24",65,3185,2.9265823364257812
calibration,4,low,"8,12,17,24",66,3604,3.0958573818206787
calibration,4,low,"8,12,17,24",67,2688,3.203413963317871
calibration,4,low,"8,12,17,24",68,1024,3.350403308868408
calibration,4,low,"8,12,17,24",69,3447,3.477789878845215
calibration,4,low,"8,12,17,24",70,1624,3.0869059562683105
calibration,4,low,"8,12,17,24",71,683,2.723071813583374
calibration,4,low,"8,12,17,24",72,3712,3.413102149963379
calibration,4,low,"8,12,17,24",73,4597,2.4813625812530518
calibration,4,low,"8,12,17,24",74,2003,3.239527702331543
calibration,4,low,"8,12,17,24",75,38,3.3315515518188477
calibration,4,low,"8,12,17,24",76,2557,2.9702980518341064
calibration,4,low,"8,12,17,24",77,648,3.615339994430542
calibration,4,low,"8,12,17,24",78,2091,2.8359313011169434
calibration,4,low,"8,12,17,24",79,2261,3.469675302505493
calibration,4,low,"8,12,17,24",80,2086,3.450157880783081
calibration,4,low,"8,12,17,24",81,4297,3.3404362201690674
calibration,4,low,"8,12,17,24",82,3993,2.7914209365844727
calibration,4,low,"8,12,17,24",83,559,3.0532331466674805
calibration,4,low,"8,12,17,24",84,3219,3.641221284866333
calibration,4,low,"8,12,17,24",85,3324,3.4702858924865723
calibration,4,low,"8,12,17,24",86,4366,3.3686106204986572
calibration,4,low,"8,12,17,24",87,323,3.3829987049102783
calibration,4,low,"8,12,17,24",88,3151,3.206360340118408
calibration,4,low,"8,12,17,24",89,2912,2.8374907970428467
calibration,4,low,"8,12,17,24",90,2892,3.476919412612915
calibration,4,low,"8,12,17,24",91,1031,3.7066433429718018
calibration,4,low,"8,12,17,24",92,2905,2.5477311611175537
calibration,4,low,"8,12,17,24",93,1747,3.392273426055908
calibration,4,low,"8,12,17,24",94,1426,3.382883071899414
calibration,4,low,"8,12,17,24",95,1288,3.0233137607574463
calibration,4,low,"10,12,19,21",0,720,3.8154296875
calibration,4,low,"10,12,19,21",1,3796,3.6516969203948975
calibration,4,low,"10,12,19,21",2,2979,3.369114875793457
calibration,4,low,"10,12,19,21",3,3195,3.4810373783111572
calibration,4,low,"10,12,19,21",4,3348,3.4327681064605713
calibration,4,low,"10,12,19,21",5,636,3.288243055343628
calibration,4,low,"10,12,19,21",6,655,3.2617647647857666
calibration,4,low,"10,12,19,21",7,4470,3.417989730834961
calibration,4,low,"10,12,19,21",8,3767,3.101963996887207
calibration,4,low,"10,12,19,21",9,1123,3.382918119430542
calibration,4,low,"10,12,19,21",10,1907,3.335237503051758
calibration,4,low,"10,12,19,21",11,4325,3.4970762729644775
calibration,4,low,"10,12,19,21",12,3374,3.7592625617980957
calibration,4,low,"10,12,19,21",13,552,2.956343173980713
calibration,4,low,"10,12,19,21",14,1983,3.4910781383514404
calibration,4,low,"10,12,19,21",15,279,3.3943352699279785
calibration,4,low,"10,12,19,21",16,3116,3.6021387577056885
calibration,4,low,"10,12,19,21",17,3247,3.807480812072754
calibration,4,low,"10,12,19,21",18,4798,3.5840530395507812
calibration,4,low,"10,12,19,21",19,2782,3.1681690216064453
calibration,4,low,"10,12,19,21",20,2029,3.5607542991638184
calibration,4,low,"10,12,19,21",21,3681,3.3086013793945312
calibration,4,low,"10,12,19,21",22,252,3.0299158096313477
calibration,4,low,"10,12,19,21",23,2694,3.3824727535247803
calibration,4,low,"10,12,19,21",24,1696,3.8329925537109375
calibration,4,low,"10,12,19,21",25,1,3.717506170272827
calibration,4,low,"10,12,19,21",26,1432,3.2816390991210938
calibration,4,low,"10,12,19,21",27,3131,3.6757688522338867
calibration,4,low,"10,12,19,21",28,4718,3.6578285694122314
calibration,4,low,"10,12,19,21",29,2055,3.255688190460205
calibration,4,low,"10,12,19,21",30,4817,3.5436489582061768
calibration,4,low,"10,12,19,21",31,2110,3.3180601596832275
calibration,4,low,"10,12,19,21",32,4972,3.3153555393218994
calibration,4,low,"10,12,19,21",33,3779,2.844825029373169
calibration,4,low,"10,12,19,21",34,4553,2.3684682846069336
calibration,4,low,"10,12,19,21",35,4505,3.2632062435150146
calibration,4,low,"10,12,19,21",36,779,3.5806264877319336
calibration,4,low,"10,12,19,21",37,375,3.8085134029388428
calibration,4,low,"10,12,19,21",38,3175,3.3907577991485596
calibration,4,low,"10,12,19,21",39,1099,3.125232219696045
calibration,4,low,"10,12,19,21",40,3387,3.928011417388916
calibration,4,low,"10,12,19,21",41,3081,2.564354419708252
calibration,4,low,"10,12,19,21",42,461,3.1531312465667725
calibration,4,low,"10,12,19,21",43,429,3.534672498703003
calibration,4,low,"10,12,19,21",44,2649,3.631399631500244
calibration,4,low,"10,12,19,21",45,1815,3.20218563079834
calibration,4,low,"10,12,19,21",46,4318,3.44917631149292
calibration,4,low,"10,12,19,21",47,226,3.550753116607666
calibration,4,low,"10,12,19,21",48,4210,3.420271635055542
calibration,4,low,"10,12,19,21",49,892,3.2033395767211914
calibration,4,low,"10,12,19,21",50,2021,3.3925492763519287
calibration,4,low,"10,12,19,21",51,2579,3.140418291091919
calibration,4,low,"10,12,19,21",52,2843,3.442721366882324
calibration,4,low,"10,12,19,21",53,2661,2.8710272312164307
calibration,4,low,"10,12,19,21",54,426,3.7002310752868652
calibration,4,low,"10,12,19,21",55,768,3.825796365737915
calibration,4,low,"10,12,19,21",56,2163,3.450841188430786
calibration,4,low,"10,12,19,21",57,2378,3.4506301879882812
calibration,4,low,"10,12,19,21",58,1777,3.707521438598633
calibration,4,low,"10,12,19,21",59,2019,3.3092310428619385
calibration,4,low,"10,12,19,21",60,611,3.3271713256835938
calibration,4,low,"10,12,19,21",61,1632,3.6500959396362305
calibration,4,low,"10,12,19,21",62,1668,2.931859016418457
calibration,4,low,"10,12,19,21",63,2131,3.254135847091675
calibration,4,low,"10,12,19,21",64,4582,1.6464401483535767
calibration,4,low,"10,12,19,21",65,3185,3.2207272052764893
calibration,4,low,"10,12,19,21",66,3604,3.157949447631836
calibration,4,low,"10,12,19,21",67,2688,3.457730293273926
calibration,4,low,"10,12,19,21",68,1024,3.6180312633514404
calibration,4,low,"10,12,19,21",69,3447,3.6662003993988037
calibration,4,low,"10,12,19,21",70,1624,3.4363977909088135
calibration,4,low,"10,12,19,21",71,683,2.905780792236328
calibration,4,low,"10,12,19,21",72,3712,3.5304267406463623
calibration,4,low,"10,12,19,21",73,4597,2.6741855144500732
calibration,4,low,"10,12,19,21",74,2003,3.349148988723755
calibration,4,low,"10,12,19,21",75,38,3.5396535396575928
calibration,4,low,"10,12,19,21",76,2557,3.1168668270111084
calibration,4,low,"10,12,19,21",77,648,3.5519134998321533
calibration,4,low,"10,12,19,21",78,2091,3.1381795406341553
calibration,4,low,"10,12,19,21",79,2261,3.750488519668579
calibration,4,low,"10,12,19,21",80,2086,3.511413335800171
calibration,4,low,"10,12,19,21",81,4297,3.430532217025757
calibration,4,low,"10,12,19,21",82,3993,3.0431933403015137
calibration,4,low,"10,12,19,21",83,559,3.2892186641693115
calibration,4,low,"10,12,19,21",84,3219,3.7157764434814453
calibration,4,low,"10,12,19,21",85,3324,3.74775767326355
calibration,4,low,"10,12,19,21",86,4366,3.5016305446624756
calibration,4,low,"10,12,19,21",87,323,3.678572654724121
calibration,4,low,"10,12,19,21",88,3151,3.301182270050049
calibration,4,low,"10,12,19,21",89,2912,3.192535400390625
calibration,4,low,"10,12,19,21",90,2892,3.6559319496154785
calibration,4,low,"10,12,19,21",91,1031,3.842550277709961
calibration,4,low,"10,12,19,21",92,2905,2.870722532272339
calibration,4,low,"10,12,19,21",93,1747,3.5198781490325928
calibration,4,low,"10,12,19,21",94,1426,3.4721062183380127
calibration,4,low,"10,12,19,21",95,1288,3.244205951690674
calibration,4,low,"10,12,19,24",0,720,3.6773977279663086
calibration,4,low,"10,12,19,24",1,3796,3.5547659397125244
calibration,4,low,"10,12,19,24",2,2979,3.2064905166625977
calibration,4,low,"10,12,19,24",3,3195,3.324115753173828
calibration,4,low,"10,12,19,24",4,3348,3.4095330238342285
calibration,4,low,"10,12,19,24",5,636,3.182934045791626
calibration,4,low,"10,12,19,24",6,655,3.2230002880096436
calibration,4,low,"10,12,19,24",7,4470,3.349214792251587
calibration,4,low,"10,12,19,24",8,3767,3.0222296714782715
calibration,4,low,"10,12,19,24",9,1123,3.200711488723755
calibration,4,low,"10,12,19,24",10,1907,3.337406635284424
calibration,4,low,"10,12,19,24",11,4325,3.43412184715271
calibration,4,low,"10,12,19,24",12,3374,3.4675230979919434
calibration,4,low,"10,12,19,24",13,552,2.894526958465576
calibration,4,low,"10,12,19,24",14,1983,3.2085623741149902
calibration,4,low,"10,12,19,24",15,279,3.246964693069458
calibration,4,low,"10,12,19,24",16,3116,3.445655107498169
calibration,4,low,"10,12,19,24",17,3247,3.7095208168029785
calibration,4,low,"10,12,19,24",18,4798,3.4360861778259277
calibration,4,low,"10,12,19,24",19,2782,3.092904806137085
calibration,4,low,"10,12,19,24",20,2029,3.424274444580078
calibration,4,low,"10,12,19,24",21,3681,3.219425916671753
calibration,4,low,"10,12,19,24",22,252,2.9034554958343506
calibration,4,low,"10,12,19,24",23,2694,3.195467472076416
calibration,4,low,"10,12,19,24",24,1696,3.622540235519409
calibration,4,low,"10,12,19,24",25,1,3.615219831466675
calibration,4,low,"10,12,19,24",26,1432,3.223041296005249
calibration,4,low,"10,12,19,24",27,3131,3.5256106853485107
calibration,4,low,"10,12,19,24",28,4718,3.551510810852051
calibration,4,low,"10,12,19,24",29,2055,3.0964832305908203
calibration,4,low,"10,12,19,24",30,4817,3.3927266597747803
calibration,4,low,"10,12,19,24",31,2110,3.183128833770752
calibration,4,low,"10,12,19,24",32,4972,3.105074405670166
calibration,4,low,"10,12,19,24",33,3779,2.814260482788086
calibration,4,low,"10,12,19,24",34,4553,2.1331517696380615
calibration,4,low,"10,12,19,24",35,4505,3.1572771072387695
calibration,4,low,"10,12,19,24",36,779,3.3309309482574463
calibration,4,low,"10,12,19,24",37,375,3.550541877746582
calibration,4,low,"10,12,19,24",38,3175,3.29095196723938
calibration,4,low,"10,12,19,24",39,1099,3.162017345428467
calibration,4,low,"10,12,19,24",40,3387,3.83913254737854
calibration,4,low,"10,12,19,24",41,3081,2.4489426612854004
calibration,4,low,"10,12,19,24",42,461,3.028702974319458
calibration,4,low,"10,12,19,24",43,429,3.484598159790039
calibration,4,low,"10,12,19,24",44,2649,3.479464054107666
calibration,4,low,"10,12,19,24",45,1815,3.0936033725738525
calibration,4,low,"10,12,19,24",46,4318,3.403021812438965
calibration,4,low,"10,12,19,24",47,226,3.4797563552856445
calibration,4,low,"10,12,19,24",48,4210,3.2018022537231445
calibration,4,low,"10,12,19,24",49,892,3.064910411834717
calibration,4,low,"10,12,19,24",50,2021,3.3527212142944336
calibration,4,low,"10,12,19,24",51,2579,2.9530105590820312
calibration,4,low,"10,12,19,24",52,2843,3.343235731124878
calibration,4,low,"10,12,19,24",53,2661,2.6475305557250977
calibration,4,low,"10,12,19,24",54,426,3.620342254638672
calibration,4,low,"10,12,19,24",55,768,3.816575288772583
calibration,4,low,"10,12,19,24",56,2163,3.3076376914978027
calibration,4,low,"10,12,19,24",57,2378,3.280454158782959
calibration,4,low,"10,12,19,24",58,1777,3.577561616897583
calibration,4,low,"10,12,19,24",59,2019,3.1663734912872314
calibration,4,low,"10,12,19,24",60,611,3.224497079849243
calibration,4,low,"10,12,19,24",61,1632,3.4663619995117188
calibration,4,low,"10,12,19,24",62,1668,2.820939064025879
calibration,4,low,"10,12,19,24",63,2131,3.027120590209961
calibration,4,low,"10,12,19,24",64,4582,1.3961888551712036
calibration,4,low,"10,12,19,24",65,3185,3.0508761405944824
calibration,4,low,"10,12,19,24",66,3604,3.01344633102417
calibration,4,low,"10,12,19,24",67,2688,3.211742401123047
calibration,4,low,"10,12,19,24",68,1024,3.453500986099243
calibration,4,low,"10,12,19,24",69,3447,3.526782989501953
calibration,4,low,"10,12,19,24",70,1624,3.2017476558685303
calibration,4,low,"10,12,19,24",71,683,2.6704838275909424
calibration,4,low,"10,12,19,24",72,3712,3.348372459411621
calibration,4,low,"10,12,19,24",73,4597,2.6085846424102783
calibration,4,low,"10,12,19,24",74,2003,3.194391965866089
calibration,4,low,"10,12,19,24",75,38,3.35387921333313
calibration,4,low,"10,12,19,24",76,2557,3.0092520713806152
calibration,4,low,"10,12,19,24",77,648,3.5170183181762695
calibration,4,low,"10,12,19,24",78,2091,2.8660173416137695
calibration,4,low,"10,12,19,24",79,2261,3.5319929122924805
calibration,4,low,"10,12,19,24",80,2086,3.457425832748413
calibration,4,low,"10,12,19,24",81,4297,3.3516111373901367
calibration,4,low,"10,12,19,24",82,3993,2.8880889415740967
calibration,4,low,"10,12,19,24",83,559,3.0808663368225098
calibration,4,low,"10,12,19,24",84,3219,3.57539439201355
calibration,4,low,"10,12,19,24",85,3324,3.5094335079193115
calibration,4,low,"10,12,19,24",86,4366,3.3891170024871826
calibration,4,low,"10,12,19,24",87,323,3.4276793003082275
calibration,4,low,"10,12,19,24",88,3151,3.2219552993774414
calibration,4,low,"10,12,19,24",89,2912,2.932948350906372
calibration,4,low,"10,12,19,24",90,2892,3.4914615154266357
calibration,4,low,"10,12,19,24",91,1031,3.6987085342407227
calibration,4,low,"10,12,19,24",92,2905,2.543189525604248
calibration,4,low,"10,12,19,24",93,1747,3.3514182567596436
calibration,4,low,"10,12,19,24",94,1426,3.473477602005005
calibration,4,low,"10,12,19,24",95,1288,3.095261335372925
calibration,4,low,"12,15,17,21",0,720,3.6364848613739014
calibration,4,low,"12,15,17,21",1,3796,3.4645192623138428
calibration,4,low,"12,15,17,21",2,2979,3.1453568935394287
calibration,4,low,"12,15,17,21",3,3195,3.237389087677002
calibration,4,low,"12,15,17,21",4,3348,3.2002100944519043
calibration,4,low,"12,15,17,21",5,636,3.093799114227295
calibration,4,low,"12,15,17,21",6,655,3.120513439178467
calibration,4,low,"12,15,17,21",7,4470,3.261685371398926
calibration,4,low,"12,15,17,21",8,3767,2.879567861557007
calibration,4,low,"12,15,17,21",9,1123,3.163262128829956
calibration,4,low,"12,15,17,21",10,1907,3.2727508544921875
calibration,4,low,"12,15,17,21",11,4325,3.3582723140716553
calibration,4,low,"12,15,17,21",12,3374,3.522048234939575
calibration,4,low,"12,15,17,21",13,552,2.8400392532348633
calibration,4,low,"12,15,17,21",14,1983,3.2525217533111572
calibration,4,low,"12,15,17,21",15,279,3.168065309524536
calibration,4,low,"12,15,17,21",16,3116,3.3629209995269775
calibration,4,low,"12,15,17,21",17,3247,3.6702516078948975
calibration,4,low,"12,15,17,21",18,4798,3.446993827819824
calibration,4,low,"12,15,17,21",19,2782,3.026193618774414
calibration,4,low,"12,15,17,21",20,2029,3.2776451110839844
calibration,4,low,"12,15,17,21",21,3681,3.2190914154052734
calibration,4,low,"12,15,17,21",22,252,2.8862099647521973
calibration,4,low,"12,15,17,21",23,2694,3.060434103012085
calibration,4,low,"12,15,17,21",24,1696,3.6661007404327393
calibration,4,low,"12,15,17,21",25,1,3.574429512023926
calibration,4,low,"12,15,17,21",26,1432,3.182772397994995
calibration,4,low,"12,15,17,21",27,3131,3.479919195175171
calibration,4,low,"12,15,17,21",28,4718,3.491874933242798
calibration,4,low,"12,15,17,21",29,2055,2.97843337059021
calibration,4,low,"12,15,17,21",30,4817,3.2980611324310303
calibration,4,low,"12,15,17,21",31,2110,3.1402359008789062
calibration,4,low,"12,15,17,21",32,4972,3.0119333267211914
calibration,4,low,"12,15,17,21",33,3779,2.6352996826171875
calibration,4,low,"12,15,17,21",34,4553,2.0090689659118652
calibration,4,low,"12,15,17,21",35,4505,2.982009172439575
calibration,4,low,"12,15,17,21",36,779,3.2536191940307617
calibration,4,low,"12,15,17,21",37,375,3.556380271911621
calibration,4,low,"12,15,17,21",38,3175,3.321289539337158
calibration,4,low,"12,15,17,21",39,1099,2.953639030456543
calibration,4,low,"12,15,17,21",40,3387,3.7366585731506348
calibration,4,low,"12,15,17,21",41,3081,2.4928297996520996
calibration,4,low,"12,15,17,21",42,461,2.880446195602417
calibration,4,low,"12,15,17,21",43,429,3.3810312747955322
calibration,4,low,"12,15,17,21",44,2649,3.316922664642334
calibration,4,low,"12,15,17,21",45,1815,2.9375314712524414
calibration,4,low,"12,15,17,21",46,4318,3.186643123626709
calibration,4,low,"12,15,17,21",47,226,3.370037794113159
calibration,4,low,"12,15,17,21",48,4210,3.187692403793335
calibration,4,low,"12,15,17,21",49,892,2.997462034225464
calibration,4,low,"12,15,17,21",50,2021,3.1822636127471924
calibration,4,low,"12,15,17,21",51,2579,2.8837718963623047
calibration,4,low,"12,15,17,21",52,2843,3.224189281463623
calibration,4,low,"12,15,17,21",53,2661,2.6389150619506836
calibration,4,low,"12,15,17,21",54,426,3.533337354660034
calibration,4,low,"12,15,17,21",55,768,3.6802899837493896
calibration,4,low,"12,15,17,21",56,2163,3.301973581314087
calibration,4,low,"12,15,17,21",57,2378,3.2808151245117188
calibration,4,low,"12,15,17,21",58,1777,3.504946231842041
calibration,4,low,"12,15,17,21",59,2019,3.043846368789673
calibration,4,low,"12,15,17,21",60,611,3.1858620643615723
calibration,4,low,"12,15,17,21",61,1632,3.436349868774414
calibration,4,low,"12,15,17,21",62,1668,2.676577568054199
calibration,4,low,"12,15,17,21",63,2131,2.898965835571289
calibration,4,low,"12,15,17,21",64,4582,1.3116884231567383
calibration,4,low,"12,15,17,21",65,3185,2.8931515216827393
calibration,4,low,"12,15,17,21",66,3604,2.942232847213745
calibration,4,low,"12,15,17,21",67,2688,3.306175947189331
calibration,4,low,"12,15,17,21",68,1024,3.4141786098480225
calibration,4,low,"12,15,17,21",69,3447,3.3197593688964844
calibration,4,low,"12,15,17,21",70,1624,3.209599256515503
calibration,4,low,"12,15,17,21",71,683,2.70269775390625
calibration,4,low,"12,15,17,21",72,3712,3.39976167678833
calibration,4,low,"12,15,17,21",73,4597,2.3880550861358643
calibration,4,low,"12,15,17,21",74,2003,3.2484846115112305
calibration,4,low,"12,15,17,21",75,38,3.3610010147094727
calibration,4,low,"12,15,17,21",76,2557,2.9648280143737793
calibration,4,low,"12,15,17,21",77,648,3.368439197540283
calibration,4,low,"12,15,17,21",78,2091,2.9221720695495605
calibration,4,low,"12,15,17,21",79,2261,3.44946026802063
calibration,4,low,"12,15,17,21",80,2086,3.347827434539795
calibration,4,low,"12,15,17,21",81,4297,3.18344783782959
calibration,4,low,"12,15,17,21",82,3993,2.838005781173706
calibration,4,low,"12,15,17,21",83,559,3.0782291889190674
calibration,4,low,"12,15,17,21",84,3219,3.564373254776001
calibration,4,low,"12,15,17,21",85,3324,3.4995169639587402
calibration,4,low,"12,15,17,21",86,4366,3.3093390464782715
calibration,4,low,"12,15,17,21",87,323,3.4627530574798584
calibration,4,low,"12,15,17,21",88,3151,3.094923257827759
calibration,4,low,"12,15,17,21",89,2912,2.890415906906128
calibration,4,low,"12,15,17,21",90,2892,3.4064669609069824
calibration,4,low,"12,15,17,21",91,1031,3.7310447692871094
calibration,4,low,"12,15,17,21",92,2905,2.4062116146087646
calibration,4,low,"12,15,17,21",93,1747,3.3815057277679443
calibration,4,low,"12,15,17,21",94,1426,3.2497334480285645
calibration,4,low,"12,15,17,21",95,1288,3.004359722137451
calibration,4,low,"12,15,17,24",0,720,3.5600030422210693
calibration,4,low,"12,15,17,24",1,3796,3.4431066513061523
calibration,4,low,"12,15,17,24",2,2979,3.076040744781494
calibration,4,low,"12,15,17,24",3,3195,3.1512694358825684
calibration,4,low,"12,15,17,24",4,3348,3.2198898792266846
calibration,4,low,"12,15,17,24",5,636,3.042330503463745
calibration,4,low,"12,15,17,24",6,655,3.1471498012542725
calibration,4,low,"12,15,17,24",7,4470,3.182953119277954
calibration,4,low,"12,15,17,24",8,3767,2.8389711380004883
calibration,4,low,"12,15,17,24",9,1123,3.044837713241577
calibration,4,low,"12,15,17,24",10,1907,3.1871659755706787
calibration,4,low,"12,15,17,24",11,4325,3.3088817596435547
calibration,4,low,"12,15,17,24",12,3374,3.3708395957946777
calibration,4,low,"12,15,17,24",13,552,2.8084633350372314
calibration,4,low,"12,15,17,24",14,1983,3.102307081222534
calibration,4,low,"12,15,17,24",15,279,3.029114246368408
calibration,4,low,"12,15,17,24",16,3116,3.3119046688079834
calibration,4,low,"12,15,17,24",17,3247,3.5237677097320557
calibration,4,low,"12,15,17,24",18,4798,3.331425189971924
calibration,4,low,"12,15,17,24",19,2782,2.959278106689453
calibration,4,low,"12,15,17,24",20,2029,3.21284556388855
calibration,4,low,"12,15,17,24",21,3681,3.136225700378418
calibration,4,low,"12,15,17,24",22,252,2.6664953231811523
calibration,4,low,"12,15,17,24",23,2694,2.9878990650177
calibration,4,low,"12,15,17,24",24,1696,3.490572214126587
calibration,4,low,"12,15,17,24",25,1,3.445551633834839
calibration,4,low,"12,15,17,24",26,1432,3.072833299636841
calibration,4,low,"12,15,17,24",27,3131,3.3287904262542725
calibration,4,low,"12,15,17,24",28,4718,3.3630905151367188
calibration,4,low,"12,15,17,24",29,2055,2.927194595336914
calibration,4,low,"12,15,17,24",30,4817,3.2164008617401123
calibration,4,low,"12,15,17,24",31,2110,3.0655219554901123
calibration,4,low,"12,15,17,24",32,4972,2.903792381286621
calibration,4,low,"12,15,17,24",33,3779,2.6207103729248047
calibration,4,low,"12,15,17,24",34,4553,1.9752155542373657
calibration,4,low,"12,15,17,24",35,4505,2.920598030090332
calibration,4,low,"12,15,17,24",36,779,3.2668874263763428
calibration,4,low,"12,15,17,24",37,375,3.3873496055603027
calibration,4,low,"12,15,17,24",38,3175,3.2792956829071045
calibration,4,low,"12,15,17,24",39,1099,2.957008123397827
calibration,4,low,"12,15,17,24",40,3387,3.7427709102630615
calibration,4,low,"12,15,17,24",41,3081,2.3356986045837402
calibration,4,low,"12,15,17,24",42,461,2.8574955463409424
calibration,4,low,"12,15,17,24",43,429,3.3514506816864014
calibration,4,low,"12,15,17,24",44,2649,3.3113858699798584
calibration,4,low,"12,15,17,24",45,1815,2.9751222133636475
calibration,4,low,"12,15,17,24",46,4318,3.234459638595581
calibration,4,low,"12,15,17,24",47,226,3.303422451019287
calibration,4,low,"12,15,17,24",48,4210,3.044820785522461
calibration,4,low,"12,15,17,24",49,892,2.8604342937469482
calibration,4,low,"12,15,17,24",50,2021,3.1851091384887695
calibration,4,low,"12,15,17,24",51,2579,2.741067409515381
calibration,4,low,"12,15,17,24",52,2843,3.0915260314941406
calibration,4,low,"12,15,17,24",53,2661,2.5084168910980225
calibration,4,low,"12,15,17,24",54,426,3.5213191509246826
calibration,4,low,"12,15,17,24",55,768,3.6466715335845947
calibration,4,low,"12,15,17,24",56,2163,3.186441659927368
calibration,4,low,"12,15,17,24",57,2378,3.112550973892212
calibration,4,low,"12,15,17,24",58,1777,3.4607462882995605
calibration,4,low,"12,15,17,24",59,2019,2.955237627029419
calibration,4,low,"12,15,17,24",60,611,3.0603718757629395
calibration,4,low,"12,15,17,24",61,1632,3.35512375831604
calibration,4,low,"12,15,17,24",62,1668,2.64463472366333
calibration,4,low,"12,15,17,24",63,2131,2.7773640155792236
calibration,4,low,"12,15,17,24",64,4582,1.2346352338790894
calibration,4,low,"12,15,17,24",65,3185,2.797959566116333
calibration,4,low,"12,15,17,24",66,3604,2.8816399574279785
calibration,4,low,"12,15,17,24",67,2688,3.086893081665039
calibration,4,low,"12,15,17,24",68,1024,3.224289894104004
calibration,4,low,"12,15,17,24",69,3447,3.3225796222686768
calibration,4,low,"12,15,17,24",70,1624,2.991741895675659
calibration,4,low,"12,15,17,24",71,683,2.568511486053467
calibration,4,low,"12,15,17,24",72,3712,3.22723126411438
calibration,4,low,"12,15,17,24",73,4597,2.384824275970459
calibration,4,low,"12,15,17,24",74,2003,3.0588905811309814
calibration,4,low,"12,15,17,24",75,38,3.1846368312835693
calibration,4,low,"12,15,17,24",76,2557,2.8387110233306885
calibration,4,low,"12,15,17,24",77,648,3.3841843605041504
calibration,4,low,"12,15,17,24",78,2091,2.720874309539795
calibration,4,low,"12,15,17,24",79,2261,3.4077115058898926
calibration,4,low,"12,15,17,24",80,2086,3.332707166671753
calibration,4,low,"12,15,17,24",81,4297,3.1337814331054688
calibration,4,low,"12,15,17,24",82,3993,2.7063426971435547
calibration,4,low,"12,15,17,24",83,559,2.8900184631347656
calibration,4,low,"12,15,17,24",84,3219,3.4827463626861572
calibration,4,low,"12,15,17,24",85,3324,3.2828261852264404
calibration,4,low,"12,15,17,24",86,4366,3.2476518154144287
calibration,4,low,"12,15,17,24",87,323,3.334855794906616
calibration,4,low,"12,15,17,24",88,3151,3.0882647037506104
calibration,4,low,"12,15,17,24",89,2912,2.7947728633880615
calibration,4,low,"12,15,17,24",90,2892,3.3504743576049805
calibration,4,low,"12,15,17,24",91,1031,3.6057305335998535
calibration,4,low,"12,15,17,24",92,2905,2.337585210800171
calibration,4,low,"12,15,17,24",93,1747,3.2427618503570557
calibration,4,low,"12,15,17,24",94,1426,3.2757885456085205
calibration,4,low,"12,15,17,24",95,1288,2.926680326461792
calibration,6,global,"1,3,6,8,12,17",0,720,7.138888835906982
calibration,6,global,"1,3,6,8,12,17",1,3796,9.322242736816406
calibration,6,global,"1,3,6,8,12,17",2,2979,7.191490650177002
calibration,6,global,"1,3,6,8,12,17",3,3195,8.080601692199707
calibration,6,global,"1,3,6,8,12,17",4,3348,6.8889851570129395
calibration,6,global,"1,3,6,8,12,17",5,636,7.700176239013672
calibration,6,global,"1,3,6,8,12,17",6,655,6.865442276000977
calibration,6,global,"1,3,6,8,12,17",7,4470,6.589596271514893
calibration,6,global,"1,3,6,8,12,17",8,3767,7.650125026702881
calibration,6,global,"1,3,6,8,12,17",9,1123,7.258783340454102
calibration,6,global,"1,3,6,8,12,17",10,1907,6.96988582611084
calibration,6,global,"1,3,6,8,12,17",11,4325,12.179177284240723
calibration,6,global,"1,3,6,8,12,17",12,3374,10.071197509765625
calibration,6,global,"1,3,6,8,12,17",13,552,6.840499401092529
calibration,6,global,"1,3,6,8,12,17",14,1983,7.494372844696045
calibration,6,global,"1,3,6,8,12,17",15,279,7.564657688140869
calibration,6,global,"1,3,6,8,12,17",16,3116,7.275231838226318
calibration,6,global,"1,3,6,8,12,17",17,3247,7.005325794219971
calibration,6,global,"1,3,6,8,12,17",18,4798,8.198869705200195
calibration,6,global,"1,3,6,8,12,17",19,2782,8.419113159179688
calibration,6,global,"1,3,6,8,12,17",20,2029,6.9707159996032715
calibration,6,global,"1,3,6,8,12,17",21,3681,6.861266613006592
calibration,6,global,"1,3,6,8,12,17",22,252,8.459734916687012
calibration,6,global,"1,3,6,8,12,17",23,2694,6.55573034286499
calibration,6,global,"1,3,6,8,12,17",24,1696,7.10942268371582
calibration,6,global,"1,3,6,8,12,17",25,1,7.482900619506836
calibration,6,global,"1,3,6,8,12,17",26,1432,6.698544025421143
calibration,6,global,"1,3,6,8,12,17",27,3131,8.337258338928223
calibration,6,global,"1,3,6,8,12,17",28,4718,7.361443996429443
calibration,6,global,"1,3,6,8,12,17",29,2055,7.144735813140869
calibration,6,global,"1,3,6,8,12,17",30,4817,6.709275722503662
calibration,6,global,"1,3,6,8,12,17",31,2110,7.274513244628906
calibration,6,global,"1,3,6,8,12,17",32,4972,9.081643104553223
calibration,6,global,"1,3,6,8,12,17",33,3779,12.406168937683105
calibration,6,global,"1,3,6,8,12,17",34,4553,11.115941047668457
calibration,6,global,"1,3,6,8,12,17",35,4505,11.54311466217041
calibration,6,global,"1,3,6,8,12,17",36,779,8.75601863861084
calibration,6,global,"1,3,6,8,12,17",37,375,7.58758544921875
calibration,6,global,"1,3,6,8,12,17",38,3175,6.819892406463623
calibration,6,global,"1,3,6,8,12,17",39,1099,6.1384735107421875
calibration,6,global,"1,3,6,8,12,17",40,3387,8.713665008544922
calibration,6,global,"1,3,6,8,12,17",41,3081,6.140144348144531
calibration,6,global,"1,3,6,8,12,17",42,461,15.316641807556152
calibration,6,global,"1,3,6,8,12,17",43,429,7.614159107208252
calibration,6,global,"1,3,6,8,12,17",44,2649,12.807371139526367
calibration,6,global,"1,3,6,8,12,17",45,1815,6.728072166442871
calibration,6,global,"1,3,6,8,12,17",46,4318,6.935491561889648
calibration,6,global,"1,3,6,8,12,17",47,226,7.29148006439209
calibration,6,global,"1,3,6,8,12,17",48,4210,10.062397003173828
calibration,6,global,"1,3,6,8,12,17",49,892,11.616935729980469
calibration,6,global,"1,3,6,8,12,17",50,2021,6.883856773376465
calibration,6,global,"1,3,6,8,12,17",51,2579,6.490779399871826
calibration,6,global,"1,3,6,8,12,17",52,2843,6.593945503234863
calibration,6,global,"1,3,6,8,12,17",53,2661,10.675917625427246
calibration,6,global,"1,3,6,8,12,17",54,426,7.528232574462891
calibration,6,global,"1,3,6,8,12,17",55,768,6.934587478637695
calibration,6,global,"1,3,6,8,12,17",56,2163,7.179430961608887
calibration,6,global,"1,3,6,8,12,17",57,2378,6.9928364753723145
calibration,6,global,"1,3,6,8,12,17",58,1777,6.888487339019775
calibration,6,global,"1,3,6,8,12,17",59,2019,8.570182800292969
calibration,6,global,"1,3,6,8,12,17",60,611,6.247292995452881
calibration,6,global,"1,3,6,8,12,17",61,1632,7.936662673950195
calibration,6,global,"1,3,6,8,12,17",62,1668,9.473893165588379
calibration,6,global,"1,3,6,8,12,17",63,2131,7.069644927978516
calibration,6,global,"1,3,6,8,12,17",64,4582,5.735888481140137
calibration,6,global,"1,3,6,8,12,17",65,3185,7.015941619873047
calibration,6,global,"1,3,6,8,12,17",66,3604,7.736837387084961
calibration,6,global,"1,3,6,8,12,17",67,2688,6.993014812469482
calibration,6,global,"1,3,6,8,12,17",68,1024,8.06851863861084
calibration,6,global,"1,3,6,8,12,17",69,3447,7.135390281677246
calibration,6,global,"1,3,6,8,12,17",70,1624,6.471166610717773
calibration,6,global,"1,3,6,8,12,17",71,683,12.10971736907959
calibration,6,global,"1,3,6,8,12,17",72,3712,7.273610591888428
calibration,6,global,"1,3,6,8,12,17",73,4597,9.178722381591797
calibration,6,global,"1,3,6,8,12,17",74,2003,13.991649627685547
calibration,6,global,"1,3,6,8,12,17",75,38,8.257887840270996
calibration,6,global,"1,3,6,8,12,17",76,2557,9.476356506347656
calibration,6,global,"1,3,6,8,12,17",77,648,8.063117027282715
calibration,6,global,"1,3,6,8,12,17",78,2091,9.569580078125
calibration,6,global,"1,3,6,8,12,17",79,2261,8.774992942810059
calibration,6,global,"1,3,6,8,12,17",80,2086,6.648114204406738
calibration,6,global,"1,3,6,8,12,17",81,4297,7.91152811050415
calibration,6,global,"1,3,6,8,12,17",82,3993,8.965426445007324
calibration,6,global,"1,3,6,8,12,17",83,559,6.728577613830566
calibration,6,global,"1,3,6,8,12,17",84,3219,7.738746643066406
calibration,6,global,"1,3,6,8,12,17",85,3324,8.485003471374512
calibration,6,global,"1,3,6,8,12,17",86,4366,6.103752613067627
calibration,6,global,"1,3,6,8,12,17",87,323,7.555692672729492
calibration,6,global,"1,3,6,8,12,17",88,3151,7.325192451477051
calibration,6,global,"1,3,6,8,12,17",89,2912,7.2034010887146
calibration,6,global,"1,3,6,8,12,17",90,2892,7.066147327423096
calibration,6,global,"1,3,6,8,12,17",91,1031,10.484238624572754
calibration,6,global,"1,3,6,8,12,17",92,2905,7.799356460571289
calibration,6,global,"1,3,6,8,12,17",93,1747,12.315423965454102
calibration,6,global,"1,3,6,8,12,17",94,1426,7.2623677253723145
calibration,6,global,"1,3,6,8,12,17",95,1288,7.485970497131348
calibration,6,global,"1,3,6,8,12,19",0,720,7.957093238830566
calibration,6,global,"1,3,6,8,12,19",1,3796,9.147743225097656
calibration,6,global,"1,3,6,8,12,19",2,2979,7.858304500579834
calibration,6,global,"1,3,6,8,12,19",3,3195,8.557013511657715
calibration,6,global,"1,3,6,8,12,19",4,3348,7.109420299530029
calibration,6,global,"1,3,6,8,12,19",5,636,8.567333221435547
calibration,6,global,"1,3,6,8,12,19",6,655,7.413524627685547
calibration,6,global,"1,3,6,8,12,19",7,4470,7.173188209533691
calibration,6,global,"1,3,6,8,12,19",8,3767,8.134777069091797
calibration,6,global,"1,3,6,8,12,19",9,1123,7.8869309425354
calibration,6,global,"1,3,6,8,12,19",10,1907,7.4222092628479
calibration,6,global,"1,3,6,8,12,19",11,4325,10.943821907043457
calibration,6,global,"1,3,6,8,12,19",12,3374,11.374181747436523
calibration,6,global,"1,3,6,8,12,19",13,552,7.191145420074463
calibration,6,global,"1,3,6,8,12,19",14,1983,7.882246971130371
calibration,6,global,"1,3,6,8,12,19",15,279,7.916700839996338
calibration,6,global,"1,3,6,8,12,19",16,3116,7.737353324890137
calibration,6,global,"1,3,6,8,12,19",17,3247,7.613999843597412
calibration,6,global,"1,3,6,8,12,19",18,4798,8.598021507263184
calibration,6,global,"1,3,6,8,12,19",19,2782,8.832950592041016
calibration,6,global,"1,3,6,8,12,19",20,2029,7.520036697387695
calibration,6,global,"1,3,6,8,12,19",21,3681,7.13216495513916
calibration,6,global,"1,3,6,8,12,19",22,252,8.990815162658691
calibration,6,global,"1,3,6,8,12,19",23,2694,7.061559200286865
calibration,6,global,"1,3,6,8,12,19",24,1696,8.108695030212402
calibration,6,global,"1,3,6,8,12,19",25,1,7.944859027862549
calibration,6,global,"1,3,6,8,12,19",26,1432,6.8370537757873535
calibration,6,global,"1,3,6,8,12,19",27,3131,9.475778579711914
calibration,6,global,"1,3,6,8,12,19",28,4718,7.730004787445068
calibration,6,global,"1,3,6,8,12,19",29,2055,7.709243297576904
calibration,6,global,"1,3,6,8,12,19",30,4817,7.232069969177246
calibration,6,global,"1,3,6,8,12,19",31,2110,7.693908214569092
calibration,6,global,"1,3,6,8,12,19",32,4972,10.293715476989746
calibration,6,global,"1,3,6,8,12,19",33,3779,14.49944019317627
calibration,6,global,"1,3,6,8,12,19",34,4553,12.04040241241455
calibration,6,global,"1,3,6,8,12,19",35,4505,12.225024223327637
calibration,6,global,"1,3,6,8,12,19",36,779,9.9332857131958
calibration,6,global,"1,3,6,8,12,19",37,375,8.03906536102295
calibration,6,global,"1,3,6,8,12,19",38,3175,7.050163745880127
calibration,6,global,"1,3,6,8,12,19",39,1099,6.59505033493042
calibration,6,global,"1,3,6,8,12,19",40,3387,9.367238998413086
calibration,6,global,"1,3,6,8,12,19",41,3081,6.287209510803223
calibration,6,global,"1,3,6,8,12,19",42,461,17.217182159423828
calibration,6,global,"1,3,6,8,12,19",43,429,8.345250129699707
calibration,6,global,"1,3,6,8,12,19",44,2649,14.343379974365234
calibration,6,global,"1,3,6,8,12,19",45,1815,6.719202995300293
calibration,6,global,"1,3,6,8,12,19",46,4318,7.2135796546936035
calibration,6,global,"1,3,6,8,12,19",47,226,7.558290004730225
calibration,6,global,"1,3,6,8,12,19",48,4210,10.470500946044922
calibration,6,global,"1,3,6,8,12,19",49,892,11.934138298034668
calibration,6,global,"1,3,6,8,12,19",50,2021,7.165456771850586
calibration,6,global,"1,3,6,8,12,19",51,2579,6.90955114364624
calibration,6,global,"1,3,6,8,12,19",52,2843,7.147271633148193
calibration,6,global,"1,3,6,8,12,19",53,2661,11.196049690246582
calibration,6,global,"1,3,6,8,12,19",54,426,7.9385786056518555
calibration,6,global,"1,3,6,8,12,19",55,768,7.0634660720825195
calibration,6,global,"1,3,6,8,12,19",56,2163,7.808857440948486
calibration,6,global,"1,3,6,8,12,19",57,2378,7.4457268714904785
calibration,6,global,"1,3,6,8,12,19",58,1777,7.1926493644714355
calibration,6,global,"1,3,6,8,12,19",59,2019,9.253705978393555
calibration,6,global,"1,3,6,8,12,19",60,611,6.5243377685546875
calibration,6,global,"1,3,6,8,12,19",61,1632,8.723258018493652
calibration,6,global,"1,3,6,8,12,19",62,1668,9.3549222946167
calibration,6,global,"1,3,6,8,12,19",63,2131,7.519588947296143
calibration,6,global,"1,3,6,8,12,19",64,4582,7.00426721572876
calibration,6,global,"1,3,6,8,12,19",65,3185,7.258868217468262
calibration,6,global,"1,3,6,8,12,19",66,3604,8.37575626373291
calibration,6,global,"1,3,6,8,12,19",67,2688,8.215605735778809
calibration,6,global,"1,3,6,8,12,19",68,1024,8.738330841064453
calibration,6,global,"1,3,6,8,12,19",69,3447,7.427729606628418
calibration,6,global,"1,3,6,8,12,19",70,1624,6.802023410797119
calibration,6,global,"1,3,6,8,12,19",71,683,12.410592079162598
calibration,6,global,"1,3,6,8,12,19",72,3712,7.631554126739502
calibration,6,global,"1,3,6,8,12,19",73,4597,9.927301406860352
calibration,6,global,"1,3,6,8,12,19",74,2003,14.30979061126709
calibration,6,global,"1,3,6,8,12,19",75,38,8.860448837280273
calibration,6,global,"1,3,6,8,12,19",76,2557,10.059887886047363
calibration,6,global,"1,3,6,8,12,19",77,648,9.358075141906738
calibration,6,global,"1,3,6,8,12,19",78,2091,9.689486503601074
calibration,6,global,"1,3,6,8,12,19",79,2261,9.101323127746582
calibration,6,global,"1,3,6,8,12,19",80,2086,7.003195285797119
calibration,6,global,"1,3,6,8,12,19",81,4297,8.551773071289062
calibration,6,global,"1,3,6,8,12,19",82,3993,9.568380355834961
calibration,6,global,"1,3,6,8,12,19",83,559,7.348001003265381
calibration,6,global,"1,3,6,8,12,19",84,3219,8.218086242675781
calibration,6,global,"1,3,6,8,12,19",85,3324,9.051229476928711
calibration,6,global,"1,3,6,8,12,19",86,4366,6.7537922859191895
calibration,6,global,"1,3,6,8,12,19",87,323,8.20451831817627
calibration,6,global,"1,3,6,8,12,19",88,3151,7.697406768798828
calibration,6,global,"1,3,6,8,12,19",89,2912,7.930168628692627
calibration,6,global,"1,3,6,8,12,19",90,2892,7.613893508911133
calibration,6,global,"1,3,6,8,12,19",91,1031,11.379307746887207
calibration,6,global,"1,3,6,8,12,19",92,2905,8.61208438873291
calibration,6,global,"1,3,6,8,12,19",93,1747,11.729914665222168
calibration,6,global,"1,3,6,8,12,19",94,1426,7.7202301025390625
calibration,6,global,"1,3,6,8,12,19",95,1288,8.576489448547363
calibration,6,global,"1,3,12,17,24,26",0,720,7.341959476470947
calibration,6,global,"1,3,12,17,24,26",1,3796,7.769420146942139
calibration,6,global,"1,3,12,17,24,26",2,2979,6.637595176696777
calibration,6,global,"1,3,12,17,24,26",3,3195,6.866734504699707
calibration,6,global,"1,3,12,17,24,26",4,3348,6.035451889038086
calibration,6,global,"1,3,12,17,24,26",5,636,9.097930908203125
calibration,6,global,"1,3,12,17,24,26",6,655,6.202986717224121
calibration,6,global,"1,3,12,17,24,26",7,4470,6.696301460266113
calibration,6,global,"1,3,12,17,24,26",8,3767,6.752842903137207
calibration,6,global,"1,3,12,17,24,26",9,1123,7.073734283447266
calibration,6,global,"1,3,12,17,24,26",10,1907,6.174642562866211
calibration,6,global,"1,3,12,17,24,26",11,4325,7.739066123962402
calibration,6,global,"1,3,12,17,24,26",12,3374,7.5432562828063965
calibration,6,global,"1,3,12,17,24,26",13,552,6.507942199707031
calibration,6,global,"1,3,12,17,24,26",14,1983,6.780246257781982
calibration,6,global,"1,3,12,17,24,26",15,279,5.972167491912842
calibration,6,global,"1,3,12,17,24,26",16,3116,6.189543724060059
calibration,6,global,"1,3,12,17,24,26",17,3247,7.455536842346191
calibration,6,global,"1,3,12,17,24,26",18,4798,8.592874526977539
calibration,6,global,"1,3,12,17,24,26",19,2782,6.73070764541626
calibration,6,global,"1,3,12,17,24,26",20,2029,6.508805274963379
calibration,6,global,"1,3,12,17,24,26",21,3681,6.243409633636475
calibration,6,global,"1,3,12,17,24,26",22,252,7.441989421844482
calibration,6,global,"1,3,12,17,24,26",23,2694,6.675901889801025
calibration,6,global,"1,3,12,17,24,26",24,1696,6.812942028045654
calibration,6,global,"1,3,12,17,24,26",25,1,6.519389629364014
calibration,6,global,"1,3,12,17,24,26",26,1432,6.572133541107178
calibration,6,global,"1,3,12,17,24,26",27,3131,6.899505615234375
calibration,6,global,"1,3,12,17,24,26",28,4718,6.8179802894592285
calibration,6,global,"1,3,12,17,24,26",29,2055,5.842904090881348
calibration,6,global,"1,3,12,17,24,26",30,4817,6.842160701751709
calibration,6,global,"1,3,12,17,24,26",31,2110,6.48291540145874
calibration,6,global,"1,3,12,17,24,26",32,4972,8.011544227600098
calibration,6,global,"1,3,12,17,24,26",33,3779,7.431605815887451
calibration,6,global,"1,3,12,17,24,26",34,4553,6.160396575927734
calibration,6,global,"1,3,12,17,24,26",35,4505,8.042725563049316
calibration,6,global,"1,3,12,17,24,26",36,779,6.901978492736816
calibration,6,global,"1,3,12,17,24,26",37,375,6.377553939819336
calibration,6,global,"1,3,12,17,24,26",38,3175,6.359099388122559
calibration,6,global,"1,3,12,17,24,26",39,1099,5.669147968292236
calibration,6,global,"1,3,12,17,24,26",40,3387,7.064587116241455
calibration,6,global,"1,3,12,17,24,26",41,3081,5.399294376373291
calibration,6,global,"1,3,12,17,24,26",42,461,7.363433361053467
calibration,6,global,"1,3,12,17,24,26",43,429,6.9286699295043945
calibration,6,global,"1,3,12,17,24,26",44,2649,9.19798755645752
calibration,6,global,"1,3,12,17,24,26",45,1815,7.238277912139893
calibration,6,global,"1,3,12,17,24,26",46,4318,6.06179666519165
calibration,6,global,"1,3,12,17,24,26",47,226,7.038889408111572
calibration,6,global,"1,3,12,17,24,26",48,4210,8.601326942443848
calibration,6,global,"1,3,12,17,24,26",49,892,7.912847995758057
calibration,6,global,"1,3,12,17,24,26",50,2021,6.600794792175293
calibration,6,global,"1,3,12,17,24,26",51,2579,6.479841232299805
calibration,6,global,"1,3,12,17,24,26",52,2843,6.224691390991211
calibration,6,global,"1,3,12,17,24,26",53,2661,6.852497100830078
calibration,6,global,"1,3,12,17,24,26",54,426,6.762447357177734
calibration,6,global,"1,3,12,17,24,26",55,768,6.262222766876221
calibration,6,global,"1,3,12,17,24,26",56,2163,6.929718017578125
calibration,6,global,"1,3,12,17,24,26",57,2378,6.057621002197266
calibration,6,global,"1,3,12,17,24,26",58,1777,6.064531326293945
calibration,6,global,"1,3,12,17,24,26",59,2019,7.050612926483154
calibration,6,global,"1,3,12,17,24,26",60,611,6.2111430168151855
calibration,6,global,"1,3,12,17,24,26",61,1632,8.65716552734375
calibration,6,global,"1,3,12,17,24,26",62,1668,7.828442096710205
calibration,6,global,"1,3,12,17,24,26",63,2131,7.571094989776611
calibration,6,global,"1,3,12,17,24,26",64,4582,4.27162504196167
calibration,6,global,"1,3,12,17,24,26",65,3185,6.162609100341797
calibration,6,global,"1,3,12,17,24,26",66,3604,6.507116794586182
calibration,6,global,"1,3,12,17,24,26",67,2688,6.554516315460205
calibration,6,global,"1,3,12,17,24,26",68,1024,7.18393087387085
calibration,6,global,"1,3,12,17,24,26",69,3447,6.52391242980957
calibration,6,global,"1,3,12,17,24,26",70,1624,5.978994846343994
calibration,6,global,"1,3,12,17,24,26",71,683,6.946621417999268
calibration,6,global,"1,3,12,17,24,26",72,3712,6.453630447387695
calibration,6,global,"1,3,12,17,24,26",73,4597,5.928508281707764
calibration,6,global,"1,3,12,17,24,26",74,2003,8.428756713867188
calibration,6,global,"1,3,12,17,24,26",75,38,6.356049537658691
calibration,6,global,"1,3,12,17,24,26",76,2557,7.180109977722168
calibration,6,global,"1,3,12,17,24,26",77,648,6.057614326477051
calibration,6,global,"1,3,12,17,24,26",78,2091,6.999571800231934
calibration,6,global,"1,3,12,17,24,26",79,2261,6.486047267913818
calibration,6,global,"1,3,12,17,24,26",80,2086,7.017950534820557
calibration,6,global,"1,3,12,17,24,26",81,4297,6.115743160247803
calibration,6,global,"1,3,12,17,24,26",82,3993,6.0632405281066895
calibration,6,global,"1,3,12,17,24,26",83,559,6.2004008293151855
calibration,6,global,"1,3,12,17,24,26",84,3219,6.362795829772949
calibration,6,global,"1,3,12,17,24,26",85,3324,7.494863510131836
calibration,6,global,"1,3,12,17,24,26",86,4366,6.0420732498168945
calibration,6,global,"1,3,12,17,24,26",87,323,6.610215663909912
calibration,6,global,"1,3,12,17,24,26",88,3151,5.759814262390137
calibration,6,global,"1,3,12,17,24,26",89,2912,5.853677272796631
calibration,6,global,"1,3,12,17,24,26",90,2892,6.235298156738281
calibration,6,global,"1,3,12,17,24,26",91,1031,7.421187877655029
calibration,6,global,"1,3,12,17,24,26",92,2905,5.470769882202148
calibration,6,global,"1,3,12,17,24,26",93,1747,7.843545913696289
calibration,6,global,"1,3,12,17,24,26",94,1426,6.260164260864258
calibration,6,global,"1,3,12,17,24,26",95,1288,6.650158405303955
calibration,6,global,"1,6,8,10,17,24",0,720,6.896685600280762
calibration,6,global,"1,6,8,10,17,24",1,3796,7.2594475746154785
calibration,6,global,"1,6,8,10,17,24",2,2979,6.2215399742126465
calibration,6,global,"1,6,8,10,17,24",3,3195,6.635109901428223
calibration,6,global,"1,6,8,10,17,24",4,3348,9.687713623046875
calibration,6,global,"1,6,8,10,17,24",5,636,8.080182075500488
calibration,6,global,"1,6,8,10,17,24",6,655,6.086156368255615
calibration,6,global,"1,6,8,10,17,24",7,4470,6.4892964363098145
calibration,6,global,"1,6,8,10,17,24",8,3767,6.05765438079834
calibration,6,global,"1,6,8,10,17,24",9,1123,7.30073881149292
calibration,6,global,"1,6,8,10,17,24",10,1907,6.372864246368408
calibration,6,global,"1,6,8,10,17,24",11,4325,11.242332458496094
calibration,6,global,"1,6,8,10,17,24",12,3374,8.180214881896973
calibration,6,global,"1,6,8,10,17,24",13,552,6.051483631134033
calibration,6,global,"1,6,8,10,17,24",14,1983,6.589773654937744
calibration,6,global,"1,6,8,10,17,24",15,279,5.802537441253662
calibration,6,global,"1,6,8,10,17,24",16,3116,6.295685291290283
calibration,6,global,"1,6,8,10,17,24",17,3247,7.260618209838867
calibration,6,global,"1,6,8,10,17,24",18,4798,8.303449630737305
calibration,6,global,"1,6,8,10,17,24",19,2782,6.281161785125732
calibration,6,global,"1,6,8,10,17,24",20,2029,6.109053134918213
calibration,6,global,"1,6,8,10,17,24",21,3681,5.764156341552734
calibration,6,global,"1,6,8,10,17,24",22,252,9.13474178314209
calibration,6,global,"1,6,8,10,17,24",23,2694,6.8220953941345215
calibration,6,global,"1,6,8,10,17,24",24,1696,8.73042106628418
calibration,6,global,"1,6,8,10,17,24",25,1,7.133872985839844
calibration,6,global,"1,6,8,10,17,24",26,1432,8.015151023864746
calibration,6,global,"1,6,8,10,17,24",27,3131,6.4465508460998535
calibration,6,global,"1,6,8,10,17,24",28,4718,6.088376522064209
calibration,6,global,"1,6,8,10,17,24",29,2055,6.858189582824707
calibration,6,global,"1,6,8,10,17,24",30,4817,6.414248943328857
calibration,6,global,"1,6,8,10,17,24",31,2110,6.337085247039795
calibration,6,global,"1,6,8,10,17,24",32,4972,10.070149421691895
calibration,6,global,"1,6,8,10,17,24",33,3779,8.144420623779297
calibration,6,global,"1,6,8,10,17,24",34,4553,7.562167167663574
calibration,6,global,"1,6,8,10,17,24",35,4505,9.06265640258789
calibration,6,global,"1,6,8,10,17,24",36,779,7.0097856521606445
calibration,6,global,"1,6,8,10,17,24",37,375,5.958863258361816
calibration,6,global,"1,6,8,10,17,24",38,3175,9.402926445007324
calibration,6,global,"1,6,8,10,17,24",39,1099,5.823266983032227
calibration,6,global,"1,6,8,10,17,24",40,3387,7.172959327697754
calibration,6,global,"1,6,8,10,17,24",41,3081,5.647368431091309
calibration,6,global,"1,6,8,10,17,24",42,461,8.209582328796387
calibration,6,global,"1,6,8,10,17,24",43,429,6.327844142913818
calibration,6,global,"1,6,8,10,17,24",44,2649,8.564362525939941
calibration,6,global,"1,6,8,10,17,24",45,1815,10.584650993347168
calibration,6,global,"1,6,8,10,17,24",46,4318,5.952433109283447
calibration,6,global,"1,6,8,10,17,24",47,226,7.854292392730713
calibration,6,global,"1,6,8,10,17,24",48,4210,11.629348754882812
calibration,6,global,"1,6,8,10,17,24",49,892,11.262880325317383
calibration,6,global,"1,6,8,10,17,24",50,2021,6.665511131286621
calibration,6,global,"1,6,8,10,17,24",51,2579,6.333411693572998
calibration,6,global,"1,6,8,10,17,24",52,2843,5.861196517944336
calibration,6,global,"1,6,8,10,17,24",53,2661,7.2763447761535645
calibration,6,global,"1,6,8,10,17,24",54,426,6.763095378875732
calibration,6,global,"1,6,8,10,17,24",55,768,6.129174709320068
calibration,6,global,"1,6,8,10,17,24",56,2163,7.060812473297119
calibration,6,global,"1,6,8,10,17,24",57,2378,6.103418827056885
calibration,6,global,"1,6,8,10,17,24",58,1777,6.1356282234191895
calibration,6,global,"1,6,8,10,17,24",59,2019,6.6023640632629395
calibration,6,global,"1,6,8,10,17,24",60,611,5.431971549987793
calibration,6,global,"1,6,8,10,17,24",61,1632,9.373702049255371
calibration,6,global,"1,6,8,10,17,24",62,1668,10.495715141296387
calibration,6,global,"1,6,8,10,17,24",63,2131,7.070041179656982
calibration,6,global,"1,6,8,10,17,24",64,4582,6.684134483337402
calibration,6,global,"1,6,8,10,17,24",65,3185,5.824385643005371
calibration,6,global,"1,6,8,10,17,24",66,3604,6.671125411987305
calibration,6,global,"1,6,8,10,17,24",67,2688,6.449876308441162
calibration,6,global,"1,6,8,10,17,24",68,1024,10.902383804321289
calibration,6,global,"1,6,8,10,17,24",69,3447,6.282656669616699
calibration,6,global,"1,6,8,10,17,24",70,1624,5.308917045593262
calibration,6,global,"1,6,8,10,17,24",71,683,7.315715312957764
calibration,6,global,"1,6,8,10,17,24",72,3712,6.439128398895264
calibration,6,global,"1,6,8,10,17,24",73,4597,6.205216407775879
calibration,6,global,"1,6,8,10,17,24",74,2003,6.784976482391357
calibration,6,global,"1,6,8,10,17,24",75,38,6.047329902648926
calibration,6,global,"1,6,8,10,17,24",76,2557,7.1465559005737305
calibration,6,global,"1,6,8,10,17,24",77,648,6.476237773895264
calibration,6,global,"1,6,8,10,17,24",78,2091,6.745519638061523
calibration,6,global,"1,6,8,10,17,24",79,2261,6.469908237457275
calibration,6,global,"1,6,8,10,17,24",80,2086,6.414373397827148
calibration,6,global,"1,6,8,10,17,24",81,4297,6.136199951171875
calibration,6,global,"1,6,8,10,17,24",82,3993,6.603418350219727
calibration,6,global,"1,6,8,10,17,24",83,559,6.21358060836792
calibration,6,global,"1,6,8,10,17,24",84,3219,6.28240442276001
calibration,6,global,"1,6,8,10,17,24",85,3324,6.164597511291504
calibration,6,global,"1,6,8,10,17,24",86,4366,5.966711044311523
calibration,6,global,"1,6,8,10,17,24",87,323,6.166597366333008
calibration,6,global,"1,6,8,10,17,24",88,3151,6.580635070800781
calibration,6,global,"1,6,8,10,17,24",89,2912,5.597779750823975
calibration,6,global,"1,6,8,10,17,24",90,2892,6.026587009429932
calibration,6,global,"1,6,8,10,17,24",91,1031,7.557477951049805
calibration,6,global,"1,6,8,10,17,24",92,2905,6.284224033355713
calibration,6,global,"1,6,8,10,17,24",93,1747,6.8859758377075195
calibration,6,global,"1,6,8,10,17,24",94,1426,6.295262813568115
calibration,6,global,"1,6,8,10,17,24",95,1288,6.56969690322876
calibration,6,global,"1,6,12,15,19,21",0,720,8.419660568237305
calibration,6,global,"1,6,12,15,19,21",1,3796,7.952205657958984
calibration,6,global,"1,6,12,15,19,21",2,2979,7.161396503448486
calibration,6,global,"1,6,12,15,19,21",3,3195,7.386259078979492
calibration,6,global,"1,6,12,15,19,21",4,3348,9.722953796386719
calibration,6,global,"1,6,12,15,19,21",5,636,8.72509765625
calibration,6,global,"1,6,12,15,19,21",6,655,7.85141658782959
calibration,6,global,"1,6,12,15,19,21",7,4470,8.125589370727539
calibration,6,global,"1,6,12,15,19,21",8,3767,6.904301166534424
calibration,6,global,"1,6,12,15,19,21",9,1123,9.575703620910645
calibration,6,global,"1,6,12,15,19,21",10,1907,7.176559925079346
calibration,6,global,"1,6,12,15,19,21",11,4325,11.824371337890625
calibration,6,global,"1,6,12,15,19,21",12,3374,9.765440940856934
calibration,6,global,"1,6,12,15,19,21",13,552,7.414403438568115
calibration,6,global,"1,6,12,15,19,21",14,1983,7.967443466186523
calibration,6,global,"1,6,12,15,19,21",15,279,6.851454257965088
calibration,6,global,"1,6,12,15,19,21",16,3116,7.630324363708496
calibration,6,global,"1,6,12,15,19,21",17,3247,8.668709754943848
calibration,6,global,"1,6,12,15,19,21",18,4798,8.869752883911133
calibration,6,global,"1,6,12,15,19,21",19,2782,6.926157474517822
calibration,6,global,"1,6,12,15,19,21",20,2029,7.2622504234313965
calibration,6,global,"1,6,12,15,19,21",21,3681,7.2433552742004395
calibration,6,global,"1,6,12,15,19,21",22,252,9.273348808288574
calibration,6,global,"1,6,12,15,19,21",23,2694,8.003852844238281
calibration,6,global,"1,6,12,15,19,21",24,1696,10.985987663269043
calibration,6,global,"1,6,12,15,19,21",25,1,8.16386604309082
calibration,6,global,"1,6,12,15,19,21",26,1432,10.83434009552002
calibration,6,global,"1,6,12,15,19,21",27,3131,7.786448001861572
calibration,6,global,"1,6,12,15,19,21",28,4718,6.945584297180176
calibration,6,global,"1,6,12,15,19,21",29,2055,8.274286270141602
calibration,6,global,"1,6,12,15,19,21",30,4817,7.139810085296631
calibration,6,global,"1,6,12,15,19,21",31,2110,7.992606163024902
calibration,6,global,"1,6,12,15,19,21",32,4972,9.941732406616211
calibration,6,global,"1,6,12,15,19,21",33,3779,8.675663948059082
calibration,6,global,"1,6,12,15,19,21",34,4553,7.285431385040283
calibration,6,global,"1,6,12,15,19,21",35,4505,8.192224502563477
calibration,6,global,"1,6,12,15,19,21",36,779,8.230289459228516
calibration,6,global,"1,6,12,15,19,21",37,375,7.0475945472717285
calibration,6,global,"1,6,12,15,19,21",38,3175,9.37070369720459
calibration,6,global,"1,6,12,15,19,21",39,1099,6.936863422393799
calibration,6,global,"1,6,12,15,19,21",40,3387,7.905506610870361
calibration,6,global,"1,6,12,15,19,21",41,3081,6.880516052246094
calibration,6,global,"1,6,12,15,19,21",42,461,9.015007019042969
calibration,6,global,"1,6,12,15,19,21",43,429,7.188201427459717
calibration,6,global,"1,6,12,15,19,21",44,2649,10.487778663635254
calibration,6,global,"1,6,12,15,19,21",45,1815,10.863444328308105
calibration,6,global,"1,6,12,15,19,21",46,4318,7.030049800872803
calibration,6,global,"1,6,12,15,19,21",47,226,9.442489624023438
calibration,6,global,"1,6,12,15,19,21",48,4210,11.627367973327637
calibration,6,global,"1,6,12,15,19,21",49,892,12.167500495910645
calibration,6,global,"1,6,12,15,19,21",50,2021,8.266984939575195
calibration,6,global,"1,6,12,15,19,21",51,2579,7.257716178894043
calibration,6,global,"1,6,12,15,19,21",52,2843,7.2950615882873535
calibration,6,global,"1,6,12,15,19,21",53,2661,7.863043308258057
calibration,6,global,"1,6,12,15,19,21",54,426,7.930123329162598
calibration,6,global,"1,6,12,15,19,21",55,768,7.428712368011475
calibration,6,global,"1,6,12,15,19,21",56,2163,8.1489896774292
calibration,6,global,"1,6,12,15,19,21",57,2378,7.0369415283203125
calibration,6,global,"1,6,12,15,19,21",58,1777,7.191473960876465
calibration,6,global,"1,6,12,15,19,21",59,2019,7.756661891937256
calibration,6,global,"1,6,12,15,19,21",60,611,6.561563491821289
calibration,6,global,"1,6,12,15,19,21",61,1632,10.449419021606445
calibration,6,global,"1,6,12,15,19,21",62,1668,9.395713806152344
calibration,6,global,"1,6,12,15,19,21",63,2131,7.528231143951416
calibration,6,global,"1,6,12,15,19,21",64,4582,5.675538063049316
calibration,6,global,"1,6,12,15,19,21",65,3185,6.972482204437256
calibration,6,global,"1,6,12,15,19,21",66,3604,7.91912317276001
calibration,6,global,"1,6,12,15,19,21",67,2688,7.966120719909668
calibration,6,global,"1,6,12,15,19,21",68,1024,11.835494995117188
calibration,6,global,"1,6,12,15,19,21",69,3447,7.359223365783691
calibration,6,global,"1,6,12,15,19,21",70,1624,7.174561977386475
calibration,6,global,"1,6,12,15,19,21",71,683,6.695056438446045
calibration,6,global,"1,6,12,15,19,21",72,3712,8.713807106018066
calibration,6,global,"1,6,12,15,19,21",73,4597,6.725010871887207
calibration,6,global,"1,6,12,15,19,21",74,2003,7.679811477661133
calibration,6,global,"1,6,12,15,19,21",75,38,7.499503135681152
calibration,6,global,"1,6,12,15,19,21",76,2557,8.189430236816406
calibration,6,global,"1,6,12,15,19,21",77,648,8.241414070129395
calibration,6,global,"1,6,12,15,19,21",78,2091,7.8560099601745605
calibration,6,global,"1,6,12,15,19,21",79,2261,7.209958076477051
calibration,6,global,"1,6,12,15,19,21",80,2086,7.673421859741211
calibration,6,global,"1,6,12,15,19,21",81,4297,6.606935501098633
calibration,6,global,"1,6,12,15,19,21",82,3993,7.982223987579346
calibration,6,global,"1,6,12,15,19,21",83,559,7.171257019042969
calibration,6,global,"1,6,12,15,19,21",84,3219,7.17451286315918
calibration,6,global,"1,6,12,15,19,21",85,3324,8.353941917419434
calibration,6,global,"1,6,12,15,19,21",86,4366,7.365935802459717
calibration,6,global,"1,6,12,15,19,21",87,323,7.210506439208984
calibration,6,global,"1,6,12,15,19,21",88,3151,7.529854774475098
calibration,6,global,"1,6,12,15,19,21",89,2912,6.849445343017578
calibration,6,global,"1,6,12,15,19,21",90,2892,7.0799760818481445
calibration,6,global,"1,6,12,15,19,21",91,1031,8.740102767944336
calibration,6,global,"1,6,12,15,19,21",92,2905,6.412651062011719
calibration,6,global,"1,6,12,15,19,21",93,1747,7.863846778869629
calibration,6,global,"1,6,12,15,19,21",94,1426,7.537848949432373
calibration,6,global,"1,6,12,15,19,21",95,1288,7.107343673706055
calibration,6,global,"1,8,10,15,21,24",0,720,7.199525356292725
calibration,6,global,"1,8,10,15,21,24",1,3796,7.4840087890625
calibration,6,global,"1,8,10,15,21,24",2,2979,6.48313570022583
calibration,6,global,"1,8,10,15,21,24",3,3195,6.590994358062744
calibration,6,global,"1,8,10,15,21,24",4,3348,9.799798965454102
calibration,6,global,"1,8,10,15,21,24",5,636,8.319857597351074
calibration,6,global,"1,8,10,15,21,24",6,655,6.939350605010986
calibration,6,global,"1,8,10,15,21,24",7,4470,6.97790002822876
calibration,6,global,"1,8,10,15,21,24",8,3767,6.155932903289795
calibration,6,global,"1,8,10,15,21,24",9,1123,8.220124244689941
calibration,6,global,"1,8,10,15,21,24",10,1907,6.2311482429504395
calibration,6,global,"1,8,10,15,21,24",11,4325,10.851530075073242
calibration,6,global,"1,8,10,15,21,24",12,3374,8.295650482177734
calibration,6,global,"1,8,10,15,21,24",13,552,6.894851207733154
calibration,6,global,"1,8,10,15,21,24",14,1983,7.097846984863281
calibration,6,global,"1,8,10,15,21,24",15,279,5.9749369621276855
calibration,6,global,"1,8,10,15,21,24",16,3116,6.1665239334106445
calibration,6,global,"1,8,10,15,21,24",17,3247,8.301852226257324
calibration,6,global,"1,8,10,15,21,24",18,4798,8.189258575439453
calibration,6,global,"1,8,10,15,21,24",19,2782,6.145425319671631
calibration,6,global,"1,8,10,15,21,24",20,2029,6.5293097496032715
calibration,6,global,"1,8,10,15,21,24",21,3681,6.138130187988281
calibration,6,global,"1,8,10,15,21,24",22,252,7.226600646972656
calibration,6,global,"1,8,10,15,21,24",23,2694,7.244670867919922
calibration,6,global,"1,8,10,15,21,24",24,1696,10.605175971984863
calibration,6,global,"1,8,10,15,21,24",25,1,7.458914756774902
calibration,6,global,"1,8,10,15,21,24",26,1432,9.077274322509766
calibration,6,global,"1,8,10,15,21,24",27,3131,6.607028961181641
calibration,6,global,"1,8,10,15,21,24",28,4718,6.381065845489502
calibration,6,global,"1,8,10,15,21,24",29,2055,8.461458206176758
calibration,6,global,"1,8,10,15,21,24",30,4817,6.63571310043335
calibration,6,global,"1,8,10,15,21,24",31,2110,6.83267068862915
calibration,6,global,"1,8,10,15,21,24",32,4972,8.68317699432373
calibration,6,global,"1,8,10,15,21,24",33,3779,7.86415433883667
calibration,6,global,"1,8,10,15,21,24",34,4553,5.999363899230957
calibration,6,global,"1,8,10,15,21,24",35,4505,7.808210372924805
calibration,6,global,"1,8,10,15,21,24",36,779,7.272724151611328
calibration,6,global,"1,8,10,15,21,24",37,375,6.032791614532471
calibration,6,global,"1,8,10,15,21,24",38,3175,9.792619705200195
calibration,6,global,"1,8,10,15,21,24",39,1099,6.352230072021484
calibration,6,global,"1,8,10,15,21,24",40,3387,6.7603440284729
calibration,6,global,"1,8,10,15,21,24",41,3081,5.430971622467041
calibration,6,global,"1,8,10,15,21,24",42,461,8.986556053161621
calibration,6,global,"1,8,10,15,21,24",43,429,6.393365859985352
calibration,6,global,"1,8,10,15,21,24",44,2649,8.593375205993652
calibration,6,global,"1,8,10,15,21,24",45,1815,11.053768157958984
calibration,6,global,"1,8,10,15,21,24",46,4318,5.980166912078857
calibration,6,global,"1,8,10,15,21,24",47,226,8.665826797485352
calibration,6,global,"1,8,10,15,21,24",48,4210,11.537672996520996
calibration,6,global,"1,8,10,15,21,24",49,892,10.380887031555176
calibration,6,global,"1,8,10,15,21,24",50,2021,7.037612438201904
calibration,6,global,"1,8,10,15,21,24",51,2579,6.479233741760254
calibration,6,global,"1,8,10,15,21,24",52,2843,5.930362224578857
calibration,6,global,"1,8,10,15,21,24",53,2661,7.446971416473389
calibration,6,global,"1,8,10,15,21,24",54,426,7.445051670074463
calibration,6,global,"1,8,10,15,21,24",55,768,6.452342510223389
calibration,6,global,"1,8,10,15,21,24",56,2163,7.6577606201171875
calibration,6,global,"1,8,10,15,21,24",57,2378,6.255840301513672
calibration,6,global,"1,8,10,15,21,24",58,1777,6.118268966674805
calibration,6,global,"1,8,10,15,21,24",59,2019,6.892180442810059
calibration,6,global,"1,8,10,15,21,24",60,611,5.887569427490234
calibration,6,global,"1,8,10,15,21,24",61,1632,10.029449462890625
calibration,6,global,"1,8,10,15,21,24",62,1668,9.37009048461914
calibration,6,global,"1,8,10,15,21,24",63,2131,7.2329277992248535
calibration,6,global,"1,8,10,15,21,24",64,4582,3.435756206512451
calibration,6,global,"1,8,10,15,21,24",65,3185,5.967761039733887
calibration,6,global,"1,8,10,15,21,24",66,3604,6.86273717880249
calibration,6,global,"1,8,10,15,21,24",67,2688,6.293922424316406
calibration,6,global,"1,8,10,15,21,24",68,1024,11.038354873657227
calibration,6,global,"1,8,10,15,21,24",69,3447,6.526713848114014
calibration,6,global,"1,8,10,15,21,24",70,1624,5.726245403289795
calibration,6,global,"1,8,10,15,21,24",71,683,5.900020599365234
calibration,6,global,"1,8,10,15,21,24",72,3712,6.484618663787842
calibration,6,global,"1,8,10,15,21,24",73,4597,6.0139851570129395
calibration,6,global,"1,8,10,15,21,24",74,2003,6.84118127822876
calibration,6,global,"1,8,10,15,21,24",75,38,12.20626449584961
calibration,6,global,"1,8,10,15,21,24",76,2557,7.055821418762207
calibration,6,global,"1,8,10,15,21,24",77,648,6.7464375495910645
calibration,6,global,"1,8,10,15,21,24",78,2091,6.263722896575928
calibration,6,global,"1,8,10,15,21,24",79,2261,6.450310230255127
calibration,6,global,"1,8,10,15,21,24",80,2086,7.023806571960449
calibration,6,global,"1,8,10,15,21,24",81,4297,5.856588840484619
calibration,6,global,"1,8,10,15,21,24",82,3993,6.5042805671691895
calibration,6,global,"1,8,10,15,21,24",83,559,6.2649664878845215
calibration,6,global,"1,8,10,15,21,24",84,3219,6.200275421142578
calibration,6,global,"1,8,10,15,21,24",85,3324,7.370462417602539
calibration,6,global,"1,8,10,15,21,24",86,4366,6.195408821105957
calibration,6,global,"1,8,10,15,21,24",87,323,6.358851432800293
calibration,6,global,"1,8,10,15,21,24",88,3151,6.213882923126221
calibration,6,global,"1,8,10,15,21,24",89,2912,5.899293899536133
calibration,6,global,"1,8,10,15,21,24",90,2892,6.012361526489258
calibration,6,global,"1,8,10,15,21,24",91,1031,7.960855007171631
calibration,6,global,"1,8,10,15,21,24",92,2905,5.625089168548584
calibration,6,global,"1,8,10,15,21,24",93,1747,6.4892096519470215
calibration,6,global,"1,8,10,15,21,24",94,1426,6.709210395812988
calibration,6,global,"1,8,10,15,21,24",95,1288,6.74148416519165
calibration,6,global,"1,8,17,19,21,24",0,720,8.106508255004883
calibration,6,global,"1,8,17,19,21,24",1,3796,8.02707576751709
calibration,6,global,"1,8,17,19,21,24",2,2979,7.002992630004883
calibration,6,global,"1,8,17,19,21,24",3,3195,7.214448928833008
calibration,6,global,"1,8,17,19,21,24",4,3348,10.284200668334961
calibration,6,global,"1,8,17,19,21,24",5,636,8.61074447631836
calibration,6,global,"1,8,17,19,21,24",6,655,7.186056137084961
calibration,6,global,"1,8,17,19,21,24",7,4470,7.355944633483887
calibration,6,global,"1,8,17,19,21,24",8,3767,7.128721714019775
calibration,6,global,"1,8,17,19,21,24",9,1123,8.734782218933105
calibration,6,global,"1,8,17,19,21,24",10,1907,6.672890663146973
calibration,6,global,"1,8,17,19,21,24",11,4325,11.448616981506348
calibration,6,global,"1,8,17,19,21,24",12,3374,9.997493743896484
calibration,6,global,"1,8,17,19,21,24",13,552,7.61715030670166
calibration,6,global,"1,8,17,19,21,24",14,1983,8.118721961975098
calibration,6,global,"1,8,17,19,21,24",15,279,6.468573093414307
calibration,6,global,"1,8,17,19,21,24",16,3116,6.6266279220581055
calibration,6,global,"1,8,17,19,21,24",17,3247,8.236276626586914
calibration,6,global,"1,8,17,19,21,24",18,4798,8.726472854614258
calibration,6,global,"1,8,17,19,21,24",19,2782,6.802732944488525
calibration,6,global,"1,8,17,19,21,24",20,2029,7.107781410217285
calibration,6,global,"1,8,17,19,21,24",21,3681,6.403502941131592
calibration,6,global,"1,8,17,19,21,24",22,252,8.898613929748535
calibration,6,global,"1,8,17,19,21,24",23,2694,7.882686138153076
calibration,6,global,"1,8,17,19,21,24",24,1696,10.495258331298828
calibration,6,global,"1,8,17,19,21,24",25,1,8.527240753173828
calibration,6,global,"1,8,17,19,21,24",26,1432,8.924626350402832
calibration,6,global,"1,8,17,19,21,24",27,3131,7.848338603973389
calibration,6,global,"1,8,17,19,21,24",28,4718,7.1090989112854
calibration,6,global,"1,8,17,19,21,24",29,2055,7.321171283721924
calibration,6,global,"1,8,17,19,21,24",30,4817,7.90305757522583
calibration,6,global,"1,8,17,19,21,24",31,2110,6.760430812835693
calibration,6,global,"1,8,17,19,21,24",32,4972,10.380867004394531
calibration,6,global,"1,8,17,19,21,24",33,3779,9.067000389099121
calibration,6,global,"1,8,17,19,21,24",34,4553,6.988320350646973
calibration,6,global,"1,8,17,19,21,24",35,4505,9.098484992980957
calibration,6,global,"1,8,17,19,21,24",36,779,8.51685619354248
calibration,6,global,"1,8,17,19,21,24",37,375,6.487412452697754
calibration,6,global,"1,8,17,19,21,24",38,3175,10.113678932189941
calibration,6,global,"1,8,17,19,21,24",39,1099,6.619058132171631
calibration,6,global,"1,8,17,19,21,24",40,3387,7.5766096115112305
calibration,6,global,"1,8,17,19,21,24",41,3081,5.722697734832764
calibration,6,global,"1,8,17,19,21,24",42,461,10.727923393249512
calibration,6,global,"1,8,17,19,21,24",43,429,7.153554916381836
calibration,6,global,"1,8,17,19,21,24",44,2649,9.50007152557373
calibration,6,global,"1,8,17,19,21,24",45,1815,11.102119445800781
calibration,6,global,"1,8,17,19,21,24",46,4318,6.488898277282715
calibration,6,global,"1,8,17,19,21,24",47,226,9.145459175109863
calibration,6,global,"1,8,17,19,21,24",48,4210,11.911898612976074
calibration,6,global,"1,8,17,19,21,24",49,892,10.918274879455566
calibration,6,global,"1,8,17,19,21,24",50,2021,7.703046798706055
calibration,6,global,"1,8,17,19,21,24",51,2579,7.717901706695557
calibration,6,global,"1,8,17,19,21,24",52,2843,6.766882419586182
calibration,6,global,"1,8,17,19,21,24",53,2661,8.684810638427734
calibration,6,global,"1,8,17,19,21,24",54,426,7.390742301940918
calibration,6,global,"1,8,17,19,21,24",55,768,6.750503063201904
calibration,6,global,"1,8,17,19,21,24",56,2163,7.918776035308838
calibration,6,global,"1,8,17,19,21,24",57,2378,6.625415802001953
calibration,6,global,"1,8,17,19,21,24",58,1777,6.317602634429932
calibration,6,global,"1,8,17,19,21,24",59,2019,8.143806457519531
calibration,6,global,"1,8,17,19,21,24",60,611,6.247610092163086
calibration,6,global,"1,8,17,19,21,24",61,1632,11.557360649108887
calibration,6,global,"1,8,17,19,21,24",62,1668,9.182462692260742
calibration,6,global,"1,8,17,19,21,24",63,2131,8.091066360473633
calibration,6,global,"1,8,17,19,21,24",64,4582,4.380824089050293
calibration,6,global,"1,8,17,19,21,24",65,3185,7.029980659484863
calibration,6,global,"1,8,17,19,21,24",66,3604,7.8834381103515625
calibration,6,global,"1,8,17,19,21,24",67,2688,7.422304153442383
calibration,6,global,"1,8,17,19,21,24",68,1024,11.543190956115723
calibration,6,global,"1,8,17,19,21,24",69,3447,6.790232181549072
calibration,6,global,"1,8,17,19,21,24",70,1624,6.555298328399658
calibration,6,global,"1,8,17,19,21,24",71,683,6.974164009094238
calibration,6,global,"1,8,17,19,21,24",72,3712,7.024245738983154
calibration,6,global,"1,8,17,19,21,24",73,4597,7.716007709503174
calibration,6,global,"1,8,17,19,21,24",74,2003,7.735006809234619
calibration,6,global,"1,8,17,19,21,24",75,38,7.3571648597717285
calibration,6,global,"1,8,17,19,21,24",76,2557,8.458754539489746
calibration,6,global,"1,8,17,19,21,24",77,648,8.009736061096191
calibration,6,global,"1,8,17,19,21,24",78,2091,7.087087154388428
calibration,6,global,"1,8,17,19,21,24",79,2261,6.937831878662109
calibration,6,global,"1,8,17,19,21,24",80,2086,8.033698081970215
calibration,6,global,"1,8,17,19,21,24",81,4297,6.295138359069824
calibration,6,global,"1,8,17,19,21,24",82,3993,7.961911201477051
calibration,6,global,"1,8,17,19,21,24",83,559,6.480415344238281
calibration,6,global,"1,8,17,19,21,24",84,3219,6.5573835372924805
calibration,6,global,"1,8,17,19,21,24",85,3324,8.022965431213379
calibration,6,global,"1,8,17,19,21,24",86,4366,6.660635948181152
calibration,6,global,"1,8,17,19,21,24",87,323,7.280420303344727
calibration,6,global,"1,8,17,19,21,24",88,3151,6.472437381744385
calibration,6,global,"1,8,17,19,21,24",89,2912,6.814319610595703
calibration,6,global,"1,8,17,19,21,24",90,2892,6.522505283355713
calibration,6,global,"1,8,17,19,21,24",91,1031,8.517001152038574
calibration,6,global,"1,8,17,19,21,24",92,2905,6.2655158042907715
calibration,6,global,"1,8,17,19,21,24",93,1747,7.989378929138184
calibration,6,global,"1,8,17,19,21,24",94,1426,7.510162353515625
calibration,6,global,"1,8,17,19,21,24",95,1288,8.25195026397705
calibration,6,global,"3,6,8,15,17,19",0,720,4.55308198928833
calibration,6,global,"3,6,8,15,17,19",1,3796,4.37269401550293
calibration,6,global,"3,6,8,15,17,19",2,2979,3.8349063396453857
calibration,6,global,"3,6,8,15,17,19",3,3195,4.1459269523620605
calibration,6,global,"3,6,8,15,17,19",4,3348,4.380608558654785
calibration,6,global,"3,6,8,15,17,19",5,636,3.9765987396240234
calibration,6,global,"3,6,8,15,17,19",6,655,4.095366477966309
calibration,6,global,"3,6,8,15,17,19",7,4470,4.0521135330200195
calibration,6,global,"3,6,8,15,17,19",8,3767,3.6695220470428467
calibration,6,global,"3,6,8,15,17,19",9,1123,3.8889658451080322
calibration,6,global,"3,6,8,15,17,19",10,1907,4.14555025100708
calibration,6,global,"3,6,8,15,17,19",11,4325,4.231807231903076
calibration,6,global,"3,6,8,15,17,19",12,3374,4.205977439880371
calibration,6,global,"3,6,8,15,17,19",13,552,3.632741689682007
calibration,6,global,"3,6,8,15,17,19",14,1983,4.22711706161499
calibration,6,global,"3,6,8,15,17,19",15,279,4.013622760772705
calibration,6,global,"3,6,8,15,17,19",16,3116,4.407775402069092
calibration,6,global,"3,6,8,15,17,19",17,3247,4.70053243637085
calibration,6,global,"3,6,8,15,17,19",18,4798,4.354104995727539
calibration,6,global,"3,6,8,15,17,19",19,2782,4.018916606903076
calibration,6,global,"3,6,8,15,17,19",20,2029,4.1874189376831055
calibration,6,global,"3,6,8,15,17,19",21,3681,4.026607036590576
calibration,6,global,"3,6,8,15,17,19",22,252,3.7070229053497314
calibration,6,global,"3,6,8,15,17,19",23,2694,3.9150381088256836
calibration,6,global,"3,6,8,15,17,19",24,1696,4.39027738571167
calibration,6,global,"3,6,8,15,17,19",25,1,4.481242656707764
calibration,6,global,"3,6,8,15,17,19",26,1432,3.9519050121307373
calibration,6,global,"3,6,8,15,17,19",27,3131,4.496255397796631
calibration,6,global,"3,6,8,15,17,19",28,4718,4.40601921081543
calibration,6,global,"3,6,8,15,17,19",29,2055,3.9667413234710693
calibration,6,global,"3,6,8,15,17,19",30,4817,4.155500888824463
calibration,6,global,"3,6,8,15,17,19",31,2110,4.116947650909424
calibration,6,global,"3,6,8,15,17,19",32,4972,4.003450870513916
calibration,6,global,"3,6,8,15,17,19",33,3779,3.5225720405578613
calibration,6,global,"3,6,8,15,17,19",34,4553,2.6410703659057617
calibration,6,global,"3,6,8,15,17,19",35,4505,3.7033236026763916
calibration,6,global,"3,6,8,15,17,19",36,779,4.1306257247924805
calibration,6,global,"3,6,8,15,17,19",37,375,4.198082447052002
calibration,6,global,"3,6,8,15,17,19",38,3175,4.170756816864014
calibration,6,global,"3,6,8,15,17,19",39,1099,3.800832986831665
calibration,6,global,"3,6,8,15,17,19",40,3387,4.5975189208984375
calibration,6,global,"3,6,8,15,17,19",41,3081,3.503441333770752
calibration,6,global,"3,6,8,15,17,19",42,461,3.624006986618042
calibration,6,global,"3,6,8,15,17,19",43,429,4.540041923522949
calibration,6,global,"3,6,8,15,17,19",44,2649,4.221545219421387
calibration,6,global,"3,6,8,15,17,19",45,1815,3.727505683898926
calibration,6,global,"3,6,8,15,17,19",46,4318,4.117385387420654
calibration,6,global,"3,6,8,15,17,19",47,226,4.34446382522583
calibration,6,global,"3,6,8,15,17,19",48,4210,4.076449871063232
calibration,6,global,"3,6,8,15,17,19",49,892,3.9220542907714844
calibration,6,global,"3,6,8,15,17,19",50,2021,4.019019603729248
calibration,6,global,"3,6,8,15,17,19",51,2579,3.7383289337158203
calibration,6,global,"3,6,8,15,17,19",52,2843,4.07003116607666
calibration,6,global,"3,6,8,15,17,19",53,2661,3.4546706676483154
calibration,6,global,"3,6,8,15,17,19",54,426,4.538987636566162
calibration,6,global,"3,6,8,15,17,19",55,768,4.635161876678467
calibration,6,global,"3,6,8,15,17,19",56,2163,4.195489406585693
calibration,6,global,"3,6,8,15,17,19",57,2378,3.9129979610443115
calibration,6,global,"3,6,8,15,17,19",58,1777,4.386717319488525
calibration,6,global,"3,6,8,15,17,19",59,2019,3.7356019020080566
calibration,6,global,"3,6,8,15,17,19",60,611,4.113776206970215
calibration,6,global,"3,6,8,15,17,19",61,1632,4.093267440795898
calibration,6,global,"3,6,8,15,17,19",62,1668,3.523771047592163
calibration,6,global,"3,6,8,15,17,19",63,2131,3.8315837383270264
calibration,6,global,"3,6,8,15,17,19",64,4582,1.9234814643859863
calibration,6,global,"3,6,8,15,17,19",65,3185,3.7508084774017334
calibration,6,global,"3,6,8,15,17,19",66,3604,4.10953426361084
calibration,6,global,"3,6,8,15,17,19",67,2688,4.045690059661865
calibration,6,global,"3,6,8,15,17,19",68,1024,4.1271891593933105
calibration,6,global,"3,6,8,15,17,19",69,3447,4.451112747192383
calibration,6,global,"3,6,8,15,17,19",70,1624,3.628514528274536
calibration,6,global,"3,6,8,15,17,19",71,683,3.1656007766723633
calibration,6,global,"3,6,8,15,17,19",72,3712,4.342737197875977
calibration,6,global,"3,6,8,15,17,19",73,4597,3.3762598037719727
calibration,6,global,"3,6,8,15,17,19",74,2003,4.138458728790283
calibration,6,global,"3,6,8,15,17,19",75,38,4.255734920501709
calibration,6,global,"3,6,8,15,17,19",76,2557,3.9211721420288086
calibration,6,global,"3,6,8,15,17,19",77,648,4.3155622482299805
calibration,6,global,"3,6,8,15,17,19",78,2091,3.8217031955718994
calibration,6,global,"3,6,8,15,17,19",79,2261,4.185498237609863
calibration,6,global,"3,6,8,15,17,19",80,2086,4.332324981689453
calibration,6,global,"3,6,8,15,17,19",81,4297,4.101536750793457
calibration,6,global,"3,6,8,15,17,19",82,3993,3.580166816711426
calibration,6,global,"3,6,8,15,17,19",83,559,3.841911554336548
calibration,6,global,"3,6,8,15,17,19",84,3219,4.436613082885742
calibration,6,global,"3,6,8,15,17,19",85,3324,4.018552780151367
calibration,6,global,"3,6,8,15,17,19",86,4366,4.124773025512695
calibration,6,global,"3,6,8,15,17,19",87,323,4.50797700881958
calibration,6,global,"3,6,8,15,17,19",88,3151,4.043424606323242
calibration,6,global,"3,6,8,15,17,19",89,2912,3.8281898498535156
calibration,6,global,"3,6,8,15,17,19",90,2892,4.514828205108643
calibration,6,global,"3,6,8,15,17,19",91,1031,4.603379726409912
calibration,6,global,"3,6,8,15,17,19",92,2905,3.4793903827667236
calibration,6,global,"3,6,8,15,17,19",93,1747,4.133086681365967
calibration,6,global,"3,6,8,15,17,19",94,1426,4.366379737854004
calibration,6,global,"3,6,8,15,17,19",95,1288,3.985612154006958
calibration,6,global,"3,6,12,17,19,26",0,720,4.352517604827881
calibration,6,global,"3,6,12,17,19,26",1,3796,4.155353546142578
calibration,6,global,"3,6,12,17,19,26",2,2979,3.7345054149627686
calibration,6,global,"3,6,12,17,19,26",3,3195,3.881103515625
calibration,6,global,"3,6,12,17,19,26",4,3348,3.890928268432617
calibration,6,global,"3,6,12,17,19,26",5,636,3.8483989238739014
calibration,6,global,"3,6,12,17,19,26",6,655,3.7988386154174805
calibration,6,global,"3,6,12,17,19,26",7,4470,3.89939284324646
calibration,6,global,"3,6,12,17,19,26",8,3767,3.5100858211517334
calibration,6,global,"3,6,12,17,19,26",9,1123,3.816232204437256
calibration,6,global,"3,6,12,17,19,26",10,1907,3.8428311347961426
calibration,6,global,"3,6,12,17,19,26",11,4325,4.0924177169799805
calibration,6,global,"3,6,12,17,19,26",12,3374,4.201761245727539
calibration,6,global,"3,6,12,17,19,26",13,552,3.5120842456817627
calibration,6,global,"3,6,12,17,19,26",14,1983,4.003230094909668
calibration,6,global,"3,6,12,17,19,26",15,279,3.8047173023223877
calibration,6,global,"3,6,12,17,19,26",16,3116,4.096261024475098
calibration,6,global,"3,6,12,17,19,26",17,3247,4.337560176849365
calibration,6,global,"3,6,12,17,19,26",18,4798,4.096816062927246
calibration,6,global,"3,6,12,17,19,26",19,2782,3.8359456062316895
calibration,6,global,"3,6,12,17,19,26",20,2029,3.85524320602417
calibration,6,global,"3,6,12,17,19,26",21,3681,3.8329415321350098
calibration,6,global,"3,6,12,17,19,26",22,252,3.37174654006958
calibration,6,global,"3,6,12,17,19,26",23,2694,3.9618096351623535
calibration,6,global,"3,6,12,17,19,26",24,1696,4.23223352432251
calibration,6,global,"3,6,12,17,19,26",25,1,4.175885200500488
calibration,6,global,"3,6,12,17,19,26",26,1432,3.917267322540283
calibration,6,global,"3,6,12,17,19,26",27,3131,4.143149375915527
calibration,6,global,"3,6,12,17,19,26",28,4718,4.183411121368408
calibration,6,global,"3,6,12,17,19,26",29,2055,3.7314066886901855
calibration,6,global,"3,6,12,17,19,26",30,4817,3.889047861099243
calibration,6,global,"3,6,12,17,19,26",31,2110,3.7396128177642822
calibration,6,global,"3,6,12,17,19,26",32,4972,3.7745635509490967
calibration,6,global,"3,6,12,17,19,26",33,3779,3.3278307914733887
calibration,6,global,"3,6,12,17,19,26",34,4553,2.951146364212036
calibration,6,global,"3,6,12,17,19,26",35,4505,3.736063003540039
calibration,6,global,"3,6,12,17,19,26",36,779,4.111295223236084
calibration,6,global,"3,6,12,17,19,26",37,375,4.076756477355957
calibration,6,global,"3,6,12,17,19,26",38,3175,3.931291341781616
calibration,6,global,"3,6,12,17,19,26",39,1099,3.643878221511841
calibration,6,global,"3,6,12,17,19,26",40,3387,4.466421127319336
calibration,6,global,"3,6,12,17,19,26",41,3081,3.1730704307556152
calibration,6,global,"3,6,12,17,19,26",42,461,3.5608644485473633
calibration,6,global,"3,6,12,17,19,26",43,429,4.227227687835693
calibration,6,global,"3,6,12,17,19,26",44,2649,4.098934173583984
calibration,6,global,"3,6,12,17,19,26",45,1815,3.6861989498138428
calibration,6,global,"3,6,12,17,19,26",46,4318,3.897653818130493
calibration,6,global,"3,6,12,17,19,26",47,226,4.081011772155762
calibration,6,global,"3,6,12,17,19,26",48,4210,3.794928789138794
calibration,6,global,"3,6,12,17,19,26",49,892,3.666053295135498
calibration,6,global,"3,6,12,17,19,26",50,2021,3.984734535217285
calibration,6,global,"3,6,12,17,19,26",51,2579,3.385340929031372
calibration,6,global,"3,6,12,17,19,26",52,2843,3.741833209991455
calibration,6,global,"3,6,12,17,19,26",53,2661,3.2163970470428467
calibration,6,global,"3,6,12,17,19,26",54,426,4.05029296875
calibration,6,global,"3,6,12,17,19,26",55,768,4.306986331939697
calibration,6,global,"3,6,12,17,19,26",56,2163,3.9656178951263428
calibration,6,global,"3,6,12,17,19,26",57,2378,3.784794807434082
calibration,6,global,"3,6,12,17,19,26",58,1777,4.234316825866699
calibration,6,global,"3,6,12,17,19,26",59,2019,3.586402416229248
calibration,6,global,"3,6,12,17,19,26",60,611,3.876232147216797
calibration,6,global,"3,6,12,17,19,26",61,1632,3.9571051597595215
calibration,6,global,"3,6,12,17,19,26",62,1668,3.3741424083709717
calibration,6,global,"3,6,12,17,19,26",63,2131,3.5487191677093506
calibration,6,global,"3,6,12,17,19,26",64,4582,2.0817673206329346
calibration,6,global,"3,6,12,17,19,26",65,3185,3.5894482135772705
calibration,6,global,"3,6,12,17,19,26",66,3604,3.778341770172119
calibration,6,global,"3,6,12,17,19,26",67,2688,3.9879207611083984
calibration,6,global,"3,6,12,17,19,26",68,1024,4.046804904937744
calibration,6,global,"3,6,12,17,19,26",69,3447,4.0992279052734375
calibration,6,global,"3,6,12,17,19,26",70,1624,3.5950050354003906
calibration,6,global,"3,6,12,17,19,26",71,683,3.2189061641693115
calibration,6,global,"3,6,12,17,19,26",72,3712,3.998250961303711
calibration,6,global,"3,6,12,17,19,26",73,4597,3.1735808849334717
calibration,6,global,"3,6,12,17,19,26",74,2003,3.941417694091797
calibration,6,global,"3,6,12,17,19,26",75,38,3.9420526027679443
calibration,6,global,"3,6,12,17,19,26",76,2557,3.6944363117218018
calibration,6,global,"3,6,12,17,19,26",77,648,4.030525207519531
calibration,6,global,"3,6,12,17,19,26",78,2091,3.5383877754211426
calibration,6,global,"3,6,12,17,19,26",79,2261,4.005258560180664
calibration,6,global,"3,6,12,17,19,26",80,2086,4.11761474609375
calibration,6,global,"3,6,12,17,19,26",81,4297,3.908104658126831
calibration,6,global,"3,6,12,17,19,26",82,3993,3.5090904235839844
calibration,6,global,"3,6,12,17,19,26",83,559,3.716970205307007
calibration,6,global,"3,6,12,17,19,26",84,3219,4.298696041107178
calibration,6,global,"3,6,12,17,19,26",85,3324,4.236739158630371
calibration,6,global,"3,6,12,17,19,26",86,4366,3.8673629760742188
calibration,6,global,"3,6,12,17,19,26",87,323,4.025415420532227
calibration,6,global,"3,6,12,17,19,26",88,3151,3.9801807403564453
calibration,6,global,"3,6,12,17,19,26",89,2912,3.5246589183807373
calibration,6,global,"3,6,12,17,19,26",90,2892,4.1861042976379395
calibration,6,global,"3,6,12,17,19,26",91,1031,4.509454727172852
calibration,6,global,"3,6,12,17,19,26",92,2905,3.3618972301483154
calibration,6,global,"3,6,12,17,19,26",93,1747,3.9759631156921387
calibration,6,global,"3,6,12,17,19,26",94,1426,4.10671329498291
calibration,6,global,"3,6,12,17,19,26",95,1288,3.7636570930480957
calibration,6,global,"3,8,10,12,19,24",0,720,4.405513286590576
calibration,6,global,"3,8,10,12,19,24",1,3796,4.123385429382324
calibration,6,global,"3,8,10,12,19,24",2,2979,3.8722400665283203
calibration,6,global,"3,8,10,12,19,24",3,3195,4.024386882781982
calibration,6,global,"3,8,10,12,19,24",4,3348,4.118071556091309
calibration,6,global,"3,8,10,12,19,24",5,636,4.015313625335693
calibration,6,global,"3,8,10,12,19,24",6,655,3.8816473484039307
calibration,6,global,"3,8,10,12,19,24",7,4470,3.9583637714385986
calibration,6,global,"3,8,10,12,19,24",8,3767,3.5550191402435303
calibration,6,global,"3,8,10,12,19,24",9,1123,4.001909255981445
calibration,6,global,"3,8,10,12,19,24",10,1907,3.961409091949463
calibration,6,global,"3,8,10,12,19,24",11,4325,4.326476097106934
calibration,6,global,"3,8,10,12,19,24",12,3374,4.171834945678711
calibration,6,global,"3,8,10,12,19,24",13,552,3.592017889022827
calibration,6,global,"3,8,10,12,19,24",14,1983,4.250698566436768
calibration,6,global,"3,8,10,12,19,24",15,279,3.8868606090545654
calibration,6,global,"3,8,10,12,19,24",16,3116,4.2697672843933105
calibration,6,global,"3,8,10,12,19,24",17,3247,4.4752373695373535
calibration,6,global,"3,8,10,12,19,24",18,4798,4.186490058898926
calibration,6,global,"3,8,10,12,19,24",19,2782,3.858876943588257
calibration,6,global,"3,8,10,12,19,24",20,2029,4.13895320892334
calibration,6,global,"3,8,10,12,19,24",21,3681,3.954353094100952
calibration,6,global,"3,8,10,12,19,24",22,252,3.645049571990967
calibration,6,global,"3,8,10,12,19,24",23,2694,4.102845668792725
calibration,6,global,"3,8,10,12,19,24",24,1696,4.323369979858398
calibration,6,global,"3,8,10,12,19,24",25,1,4.236814022064209
calibration,6,global,"3,8,10,12,19,24",26,1432,3.8216660022735596
calibration,6,global,"3,8,10,12,19,24",27,3131,4.237028121948242
calibration,6,global,"3,8,10,12,19,24",28,4718,4.23233699798584
calibration,6,global,"3,8,10,12,19,24",29,2055,3.9310643672943115
calibration,6,global,"3,8,10,12,19,24",30,4817,4.030550956726074
calibration,6,global,"3,8,10,12,19,24",31,2110,3.9835073947906494
calibration,6,global,"3,8,10,12,19,24",32,4972,3.846895694732666
calibration,6,global,"3,8,10,12,19,24",33,3779,3.3131468296051025
calibration,6,global,"3,8,10,12,19,24",34,4553,2.6977548599243164
calibration,6,global,"3,8,10,12,19,24",35,4505,3.844773769378662
calibration,6,global,"3,8,10,12,19,24",36,779,4.075254440307617
calibration,6,global,"3,8,10,12,19,24",37,375,4.172269821166992
calibration,6,global,"3,8,10,12,19,24",38,3175,4.029505252838135
calibration,6,global,"3,8,10,12,19,24",39,1099,3.810319423675537
calibration,6,global,"3,8,10,12,19,24",40,3387,4.6680755615234375
calibration,6,global,"3,8,10,12,19,24",41,3081,3.2783799171447754
calibration,6,global,"3,8,10,12,19,24",42,461,3.699824094772339
calibration,6,global,"3,8,10,12,19,24",43,429,4.314609527587891
calibration,6,global,"3,8,10,12,19,24",44,2649,4.355614185333252
calibration,6,global,"3,8,10,12,19,24",45,1815,3.834437370300293
calibration,6,global,"3,8,10,12,19,24",46,4318,4.189876556396484
calibration,6,global,"3,8,10,12,19,24",47,226,4.234035015106201
calibration,6,global,"3,8,10,12,19,24",48,4210,3.898409128189087
calibration,6,global,"3,8,10,12,19,24",49,892,3.7566468715667725
calibration,6,global,"3,8,10,12,19,24",50,2021,4.044943332672119
calibration,6,global,"3,8,10,12,19,24",51,2579,3.6595757007598877
calibration,6,global,"3,8,10,12,19,24",52,2843,3.971047878265381
calibration,6,global,"3,8,10,12,19,24",53,2661,3.3560140132904053
calibration,6,global,"3,8,10,12,19,24",54,426,4.466614246368408
calibration,6,global,"3,8,10,12,19,24",55,768,4.452695846557617
calibration,6,global,"3,8,10,12,19,24",56,2163,3.950418472290039
calibration,6,global,"3,8,10,12,19,24",57,2378,4.023169040679932
calibration,6,global,"3,8,10,12,19,24",58,1777,4.244227409362793
calibration,6,global,"3,8,10,12,19,24",59,2019,3.7813844680786133
calibration,6,global,"3,8,10,12,19,24",60,611,3.8751347064971924
calibration,6,global,"3,8,10,12,19,24",61,1632,4.239970684051514
calibration,6,global,"3,8,10,12,19,24",62,1668,3.478236675262451
calibration,6,global,"3,8,10,12,19,24",63,2131,3.768702983856201
calibration,6,global,"3,8,10,12,19,24",64,4582,1.7599323987960815
calibration,6,global,"3,8,10,12,19,24",65,3185,3.6862940788269043
calibration,6,global,"3,8,10,12,19,24",66,3604,3.951002597808838
calibration,6,global,"3,8,10,12,19,24",67,2688,3.99202561378479
calibration,6,global,"3,8,10,12,19,24",68,1024,4.094031810760498
calibration,6,global,"3,8,10,12,19,24",69,3447,4.264358997344971
calibration,6,global,"3,8,10,12,19,24",70,1624,3.6076412200927734
calibration,6,global,"3,8,10,12,19,24",71,683,3.172142744064331
calibration,6,global,"3,8,10,12,19,24",72,3712,4.021327495574951
calibration,6,global,"3,8,10,12,19,24",73,4597,3.169865846633911
calibration,6,global,"3,8,10,12,19,24",74,2003,3.961864471435547
calibration,6,global,"3,8,10,12,19,24",75,38,4.071808815002441
calibration,6,global,"3,8,10,12,19,24",76,2557,3.787773847579956
calibration,6,global,"3,8,10,12,19,24",77,648,4.149517059326172
calibration,6,global,"3,8,10,12,19,24",78,2091,3.586822509765625
calibration,6,global,"3,8,10,12,19,24",79,2261,4.253133773803711
calibration,6,global,"3,8,10,12,19,24",80,2086,4.316433906555176
calibration,6,global,"3,8,10,12,19,24",81,4297,4.024984836578369
calibration,6,global,"3,8,10,12,19,24",82,3993,3.4452626705169678
calibration,6,global,"3,8,10,12,19,24",83,559,3.8385212421417236
calibration,6,global,"3,8,10,12,19,24",84,3219,4.332186222076416
calibration,6,global,"3,8,10,12,19,24",85,3324,4.191327095031738
calibration,6,global,"3,8,10,12,19,24",86,4366,4.104798316955566
calibration,6,global,"3,8,10,12,19,24",87,323,4.250996112823486
calibration,6,global,"3,8,10,12,19,24",88,3151,3.913827657699585
calibration,6,global,"3,8,10,12,19,24",89,2912,3.784728765487671
calibration,6,global,"3,8,10,12,19,24",90,2892,4.286928176879883
calibration,6,global,"3,8,10,12,19,24",91,1031,4.391656875610352
calibration,6,global,"3,8,10,12,19,24",92,2905,3.3137154579162598
calibration,6,global,"3,8,10,12,19,24",93,1747,3.956622362136841
calibration,6,global,"3,8,10,12,19,24",94,1426,4.285346031188965
calibration,6,global,"3,8,10,12,19,24",95,1288,3.749737501144409
calibration,6,global,"3,8,12,15,19,26",0,720,4.335580825805664
calibration,6,global,"3,8,12,15,19,26",1,3796,4.335537910461426
calibration,6,global,"3,8,12,15,19,26",2,2979,3.7861149311065674
calibration,6,global,"3,8,12,15,19,26",3,3195,4.063259601593018
calibration,6,global,"3,8,12,15,19,26",4,3348,4.05928373336792
calibration,6,global,"3,8,12,15,19,26",5,636,4.095224380493164
calibration,6,global,"3,8,12,15,19,26",6,655,4.0316009521484375
calibration,6,global,"3,8,12,15,19,26",7,4470,4.020753383636475
calibration,6,global,"3,8,12,15,19,26",8,3767,3.5810890197753906
calibration,6,global,"3,8,12,15,19,26",9,1123,3.9858031272888184
calibration,6,global,"3,8,12,15,19,26",10,1907,4.008772373199463
calibration,6,global,"3,8,12,15,19,26",11,4325,4.209301948547363
calibration,6,global,"3,8,12,15,19,26",12,3374,4.292492866516113
calibration,6,global,"3,8,12,15,19,26",13,552,3.5721466541290283
calibration,6,global,"3,8,12,15,19,26",14,1983,4.25612735748291
calibration,6,global,"3,8,12,15,19,26",15,279,3.942373514175415
calibration,6,global,"3,8,12,15,19,26",16,3116,4.207181930541992
calibration,6,global,"3,8,12,15,19,26",17,3247,4.615549564361572
calibration,6,global,"3,8,12,15,19,26",18,4798,4.284304618835449
calibration,6,global,"3,8,12,15,19,26",19,2782,3.8824751377105713
calibration,6,global,"3,8,12,15,19,26",20,2029,4.10712194442749
calibration,6,global,"3,8,12,15,19,26",21,3681,3.942796230316162
calibration,6,global,"3,8,12,15,19,26",22,252,3.576772928237915
calibration,6,global,"3,8,12,15,19,26",23,2694,4.15535831451416
calibration,6,global,"3,8,12,15,19,26",24,1696,4.316683292388916
calibration,6,global,"3,8,12,15,19,26",25,1,4.284433841705322
calibration,6,global,"3,8,12,15,19,26",26,1432,3.8401639461517334
calibration,6,global,"3,8,12,15,19,26",27,3131,4.213313579559326
calibration,6,global,"3,8,12,15,19,26",28,4718,4.336690902709961
calibration,6,global,"3,8,12,15,19,26",29,2055,3.9076948165893555
calibration,6,global,"3,8,12,15,19,26",30,4817,4.04958438873291
calibration,6,global,"3,8,12,15,19,26",31,2110,3.936649799346924
calibration,6,global,"3,8,12,15,19,26",32,4972,3.9542317390441895
calibration,6,global,"3,8,12,15,19,26",33,3779,3.3477253913879395
calibration,6,global,"3,8,12,15,19,26",34,4553,2.898693799972534
calibration,6,global,"3,8,12,15,19,26",35,4505,3.7909505367279053
calibration,6,global,"3,8,12,15,19,26",36,779,4.070566654205322
calibration,6,global,"3,8,12,15,19,26",37,375,4.173541069030762
calibration,6,global,"3,8,12,15,19,26",38,3175,4.020228385925293
calibration,6,global,"3,8,12,15,19,26",39,1099,3.757978677749634
calibration,6,global,"3,8,12,15,19,26",40,3387,4.651838779449463
calibration,6,global,"3,8,12,15,19,26",41,3081,3.233551263809204
calibration,6,global,"3,8,12,15,19,26",42,461,3.648233413696289
calibration,6,global,"3,8,12,15,19,26",43,429,4.478773593902588
calibration,6,global,"3,8,12,15,19,26",44,2649,4.2486796379089355
calibration,6,global,"3,8,12,15,19,26",45,1815,3.84680438041687
calibration,6,global,"3,8,12,15,19,26",46,4318,4.078312397003174
calibration,6,global,"3,8,12,15,19,26",47,226,4.286258697509766
calibration,6,global,"3,8,12,15,19,26",48,4210,3.899745464324951
calibration,6,global,"3,8,12,15,19,26",49,892,3.8750879764556885
calibration,6,global,"3,8,12,15,19,26",50,2021,4.046391010284424
calibration,6,global,"3,8,12,15,19,26",51,2579,3.5841283798217773
calibration,6,global,"3,8,12,15,19,26",52,2843,3.888558864593506
calibration,6,global,"3,8,12,15,19,26",53,2661,3.307209014892578
calibration,6,global,"3,8,12,15,19,26",54,426,4.390331745147705
calibration,6,global,"3,8,12,15,19,26",55,768,4.537907600402832
calibration,6,global,"3,8,12,15,19,26",56,2163,4.078164100646973
calibration,6,global,"3,8,12,15,19,26",57,2378,3.940126657485962
calibration,6,global,"3,8,12,15,19,26",58,1777,4.316810607910156
calibration,6,global,"3,8,12,15,19,26",59,2019,3.8456828594207764
calibration,6,global,"3,8,12,15,19,26",60,611,4.020252704620361
calibration,6,global,"3,8,12,15,19,26",61,1632,4.211643695831299
calibration,6,global,"3,8,12,15,19,26",62,1668,3.5747368335723877
calibration,6,global,"3,8,12,15,19,26",63,2131,3.7837607860565186
calibration,6,global,"3,8,12,15,19,26",64,4582,1.925864815711975
calibration,6,global,"3,8,12,15,19,26",65,3185,3.702359914779663
calibration,6,global,"3,8,12,15,19,26",66,3604,3.965273857116699
calibration,6,global,"3,8,12,15,19,26",67,2688,4.016881942749023
calibration,6,global,"3,8,12,15,19,26",68,1024,4.0739922523498535
calibration,6,global,"3,8,12,15,19,26",69,3447,4.324331283569336
calibration,6,global,"3,8,12,15,19,26",70,1624,3.617323160171509
calibration,6,global,"3,8,12,15,19,26",71,683,3.2909183502197266
calibration,6,global,"3,8,12,15,19,26",72,3712,4.09457540512085
calibration,6,global,"3,8,12,15,19,26",73,4597,3.2666540145874023
calibration,6,global,"3,8,12,15,19,26",74,2003,3.97467303276062
calibration,6,global,"3,8,12,15,19,26",75,38,4.100584983825684
calibration,6,global,"3,8,12,15,19,26",76,2557,3.8278419971466064
calibration,6,global,"3,8,12,15,19,26",77,648,4.175748825073242
calibration,6,global,"3,8,12,15,19,26",78,2091,3.652445077896118
calibration,6,global,"3,8,12,15,19,26",79,2261,4.176031112670898
calibration,6,global,"3,8,12,15,19,26",80,2086,4.329183101654053
calibration,6,global,"3,8,12,15,19,26",81,4297,4.08823823928833
calibration,6,global,"3,8,12,15,19,26",82,3993,3.4348626136779785
calibration,6,global,"3,8,12,15,19,26",83,559,3.875930070877075
calibration,6,global,"3,8,12,15,19,26",84,3219,4.414791584014893
calibration,6,global,"3,8,12,15,19,26",85,3324,4.215114116668701
calibration,6,global,"3,8,12,15,19,26",86,4366,4.110601425170898
calibration,6,global,"3,8,12,15,19,26",87,323,4.231424808502197
calibration,6,global,"3,8,12,15,19,26",88,3151,3.9569756984710693
calibration,6,global,"3,8,12,15,19,26",89,2912,3.7729928493499756
calibration,6,global,"3,8,12,15,19,26",90,2892,4.4605937004089355
calibration,6,global,"3,8,12,15,19,26",91,1031,4.505913734436035
calibration,6,global,"3,8,12,15,19,26",92,2905,3.4034125804901123
calibration,6,global,"3,8,12,15,19,26",93,1747,4.034458637237549
calibration,6,global,"3,8,12,15,19,26",94,1426,4.278649806976318
calibration,6,global,"3,8,12,15,19,26",95,1288,3.7884743213653564
calibration,6,global,"6,8,12,15,19,26",0,720,4.1039934158325195
calibration,6,global,"6,8,12,15,19,26",1,3796,4.255125522613525
calibration,6,global,"6,8,12,15,19,26",2,2979,3.8377552032470703
calibration,6,global,"6,8,12,15,19,26",3,3195,4.05895471572876
calibration,6,global,"6,8,12,15,19,26",4,3348,3.9142234325408936
calibration,6,global,"6,8,12,15,19,26",5,636,3.9256067276000977
calibration,6,global,"6,8,12,15,19,26",6,655,3.9219939708709717
calibration,6,global,"6,8,12,15,19,26",7,4470,3.971017360687256
calibration,6,global,"6,8,12,15,19,26",8,3767,3.6163270473480225
calibration,6,global,"6,8,12,15,19,26",9,1123,3.7906129360198975
calibration,6,global,"6,8,12,15,19,26",10,1907,3.9172844886779785
calibration,6,global,"6,8,12,15,19,26",11,4325,4.008044719696045
calibration,6,global,"6,8,12,15,19,26",12,3374,4.17661714553833
calibration,6,global,"6,8,12,15,19,26",13,552,3.4907851219177246
calibration,6,global,"6,8,12,15,19,26",14,1983,3.9028024673461914
calibration,6,global,"6,8,12,15,19,26",15,279,3.7756781578063965
calibration,6,global,"6,8,12,15,19,26",16,3116,4.1512227058410645
calibration,6,global,"6,8,12,15,19,26",17,3247,4.507091045379639
calibration,6,global,"6,8,12,15,19,26",18,4798,4.119582176208496
calibration,6,global,"6,8,12,15,19,26",19,2782,3.715441942214966
calibration,6,global,"6,8,12,15,19,26",20,2029,3.9671614170074463
calibration,6,global,"6,8,12,15,19,26",21,3681,3.8774421215057373
calibration,6,global,"6,8,12,15,19,26",22,252,3.6788783073425293
calibration,6,global,"6,8,12,15,19,26",23,2694,3.8947980403900146
calibration,6,global,"6,8,12,15,19,26",24,1696,4.24893045425415
calibration,6,global,"6,8,12,15,19,26",25,1,4.292809009552002
calibration,6,global,"6,8,12,15,19,26",26,1432,3.87658953666687
calibration,6,global,"6,8,12,15,19,26",27,3131,4.109991550445557
calibration,6,global,"6,8,12,15,19,26",28,4718,4.200220108032227
calibration,6,global,"6,8,12,15,19,26",29,2055,3.7417311668395996
calibration,6,global,"6,8,12,15,19,26",30,4817,3.9005448818206787
calibration,6,global,"6,8,12,15,19,26",31,2110,3.8593435287475586
calibration,6,global,"6,8,12,15,19,26",32,4972,3.8184762001037598
calibration,6,global,"6,8,12,15,19,26",33,3779,3.2858731746673584
calibration,6,global,"6,8,12,15,19,26",34,4553,2.9359371662139893
calibration,6,global,"6,8,12,15,19,26",35,4505,3.6938676834106445
calibration,6,global,"6,8,12,15,19,26",36,779,4.013762474060059
calibration,6,global,"6,8,12,15,19,26",37,375,4.211582660675049
calibration,6,global,"6,8,12,15,19,26",38,3175,4.033100128173828
calibration,6,global,"6,8,12,15,19,26",39,1099,3.5598134994506836
calibration,6,global,"6,8,12,15,19,26",40,3387,4.425133228302002
calibration,6,global,"6,8,12,15,19,26",41,3081,3.3014981746673584
calibration,6,global,"6,8,12,15,19,26",42,461,3.638234853744507
calibration,6,global,"6,8,12,15,19,26",43,429,4.132358074188232
calibration,6,global,"6,8,12,15,19,26",44,2649,3.983718156814575
calibration,6,global,"6,8,12,15,19,26",45,1815,3.711786985397339
calibration,6,global,"6,8,12,15,19,26",46,4318,3.9718759059906006
calibration,6,global,"6,8,12,15,19,26",47,226,4.172887802124023
calibration,6,global,"6,8,12,15,19,26",48,4210,3.861435651779175
calibration,6,global,"6,8,12,15,19,26",49,892,3.6031641960144043
calibration,6,global,"6,8,12,15,19,26",50,2021,3.933093309402466
calibration,6,global,"6,8,12,15,19,26",51,2579,3.6118149757385254
calibration,6,global,"6,8,12,15,19,26",52,2843,3.8019049167633057
calibration,6,global,"6,8,12,15,19,26",53,2661,3.3402650356292725
calibration,6,global,"6,8,12,15,19,26",54,426,4.138382911682129
calibration,6,global,"6,8,12,15,19,26",55,768,4.272334575653076
calibration,6,global,"6,8,12,15,19,26",56,2163,4.041069984436035
calibration,6,global,"6,8,12,15,19,26",57,2378,3.908175230026245
calibration,6,global,"6,8,12,15,19,26",58,1777,4.229828357696533
calibration,6,global,"6,8,12,15,19,26",59,2019,3.722701072692871
calibration,6,global,"6,8,12,15,19,26",60,611,3.960465669631958
calibration,6,global,"6,8,12,15,19,26",61,1632,4.086877346038818
calibration,6,global,"6,8,12,15,19,26",62,1668,3.3814845085144043
calibration,6,global,"6,8,12,15,19,26",63,2131,3.5466699600219727
calibration,6,global,"6,8,12,15,19,26",64,4582,1.833450198173523
calibration,6,global,"6,8,12,15,19,26",65,3185,3.6239736080169678
calibration,6,global,"6,8,12,15,19,26",66,3604,3.810811996459961
calibration,6,global,"6,8,12,15,19,26",67,2688,3.8971264362335205
calibration,6,global,"6,8,12,15,19,26",68,1024,3.997117042541504
calibration,6,global,"6,8,12,15,19,26",69,3447,4.054696083068848
calibration,6,global,"6,8,12,15,19,26",70,1624,3.6738219261169434
calibration,6,global,"6,8,12,15,19,26",71,683,3.2696473598480225
calibration,6,global,"6,8,12,15,19,26",72,3712,3.9778456687927246
calibration,6,global,"6,8,12,15,19,26",73,4597,3.20285701751709
calibration,6,global,"6,8,12,15,19,26",74,2003,3.990929126739502
calibration,6,global,"6,8,12,15,19,26",75,38,4.0522356033325195
calibration,6,global,"6,8,12,15,19,26",76,2557,3.7850725650787354
calibration,6,global,"6,8,12,15,19,26",77,648,4.045257091522217
calibration,6,global,"6,8,12,15,19,26",78,2091,3.7599360942840576
calibration,6,global,"6,8,12,15,19,26",79,2261,3.9384779930114746
calibration,6,global,"6,8,12,15,19,26",80,2086,4.135664463043213
calibration,6,global,"6,8,12,15,19,26",81,4297,3.9311883449554443
calibration,6,global,"6,8,12,15,19,26",82,3993,3.512585163116455
calibration,6,global,"6,8,12,15,19,26",83,559,3.7889370918273926
calibration,6,global,"6,8,12,15,19,26",84,3219,4.261857509613037
calibration,6,global,"6,8,12,15,19,26",85,3324,4.1834282875061035
calibration,6,global,"6,8,12,15,19,26",86,4366,3.8634254932403564
calibration,6,global,"6,8,12,15,19,26",87,323,4.209136486053467
calibration,6,global,"6,8,12,15,19,26",88,3151,3.929309129714966
calibration,6,global,"6,8,12,15,19,26",89,2912,3.5583105087280273
calibration,6,global,"6,8,12,15,19,26",90,2892,4.198260307312012
calibration,6,global,"6,8,12,15,19,26",91,1031,4.388716697692871
calibration,6,global,"6,8,12,15,19,26",92,2905,3.236872673034668
calibration,6,global,"6,8,12,15,19,26",93,1747,4.005948543548584
calibration,6,global,"6,8,12,15,19,26",94,1426,4.2033467292785645
calibration,6,global,"6,8,12,15,19,26",95,1288,3.859070062637329
calibration,6,global,"6,8,17,21,24,26",0,720,5.331536293029785
calibration,6,global,"6,8,17,21,24,26",1,3796,5.170323371887207
calibration,6,global,"6,8,17,21,24,26",2,2979,4.987515926361084
calibration,6,global,"6,8,17,21,24,26",3,3195,4.980261325836182
calibration,6,global,"6,8,17,21,24,26",4,3348,4.70477819442749
calibration,6,global,"6,8,17,21,24,26",5,636,4.791078090667725
calibration,6,global,"6,8,17,21,24,26",6,655,4.890415668487549
calibration,6,global,"6,8,17,21,24,26",7,4470,4.82621955871582
calibration,6,global,"6,8,17,21,24,26",8,3767,4.569803714752197
calibration,6,global,"6,8,17,21,24,26",9,1123,4.5503692626953125
calibration,6,global,"6,8,17,21,24,26",10,1907,4.949915409088135
calibration,6,global,"6,8,17,21,24,26",11,4325,4.936636924743652
calibration,6,global,"6,8,17,21,24,26",12,3374,5.0882768630981445
calibration,6,global,"6,8,17,21,24,26",13,552,4.481663227081299
calibration,6,global,"6,8,17,21,24,26",14,1983,4.822202682495117
calibration,6,global,"6,8,17,21,24,26",15,279,4.562502861022949
calibration,6,global,"6,8,17,21,24,26",16,3116,4.994658470153809
calibration,6,global,"6,8,17,21,24,26",17,3247,5.6235175132751465
calibration,6,global,"6,8,17,21,24,26",18,4798,5.105976104736328
calibration,6,global,"6,8,17,21,24,26",19,2782,4.632577896118164
calibration,6,global,"6,8,17,21,24,26",20,2029,4.8904032707214355
calibration,6,global,"6,8,17,21,24,26",21,3681,4.731788158416748
calibration,6,global,"6,8,17,21,24,26",22,252,4.621281147003174
calibration,6,global,"6,8,17,21,24,26",23,2694,4.911434650421143
calibration,6,global,"6,8,17,21,24,26",24,1696,5.367434978485107
calibration,6,global,"6,8,17,21,24,26",25,1,5.240261077880859
calibration,6,global,"6,8,17,21,24,26",26,1432,4.864109992980957
calibration,6,global,"6,8,17,21,24,26",27,3131,5.03518009185791
calibration,6,global,"6,8,17,21,24,26",28,4718,5.233389854431152
calibration,6,global,"6,8,17,21,24,26",29,2055,4.499573707580566
calibration,6,global,"6,8,17,21,24,26",30,4817,4.87161922454834
calibration,6,global,"6,8,17,21,24,26",31,2110,4.513917446136475
calibration,6,global,"6,8,17,21,24,26",32,4972,4.580428600311279
calibration,6,global,"6,8,17,21,24,26",33,3779,4.124075412750244
calibration,6,global,"6,8,17,21,24,26",34,4553,3.682884693145752
calibration,6,global,"6,8,17,21,24,26",35,4505,4.577499866485596
calibration,6,global,"6,8,17,21,24,26",36,779,4.857514381408691
calibration,6,global,"6,8,17,21,24,26",37,375,5.276894569396973
calibration,6,global,"6,8,17,21,24,26",38,3175,5.038695335388184
calibration,6,global,"6,8,17,21,24,26",39,1099,4.4667277336120605
calibration,6,global,"6,8,17,21,24,26",40,3387,5.515904903411865
calibration,6,global,"6,8,17,21,24,26",41,3081,4.0588765144348145
calibration,6,global,"6,8,17,21,24,26",42,461,4.450372219085693
calibration,6,global,"6,8,17,21,24,26",43,429,5.240629196166992
calibration,6,global,"6,8,17,21,24,26",44,2649,5.105573654174805
calibration,6,global,"6,8,17,21,24,26",45,1815,4.6153483390808105
calibration,6,global,"6,8,17,21,24,26",46,4318,5.081444263458252
calibration,6,global,"6,8,17,21,24,26",47,226,4.885375022888184
calibration,6,global,"6,8,17,21,24,26",48,4210,4.85391902923584
calibration,6,global,"6,8,17,21,24,26",49,892,4.384629726409912
calibration,6,global,"6,8,17,21,24,26",50,2021,4.9958038330078125
calibration,6,global,"6,8,17,21,24,26",51,2579,4.422304153442383
calibration,6,global,"6,8,17,21,24,26",52,2843,4.843833923339844
calibration,6,global,"6,8,17,21,24,26",53,2661,4.065935134887695
calibration,6,global,"6,8,17,21,24,26",54,426,5.066140651702881
calibration,6,global,"6,8,17,21,24,26",55,768,5.286686420440674
calibration,6,global,"6,8,17,21,24,26",56,2163,5.043548107147217
calibration,6,global,"6,8,17,21,24,26",57,2378,5.032928943634033
calibration,6,global,"6,8,17,21,24,26",58,1777,4.947007179260254
calibration,6,global,"6,8,17,21,24,26",59,2019,4.684684753417969
calibration,6,global,"6,8,17,21,24,26",60,611,4.9492316246032715
calibration,6,global,"6,8,17,21,24,26",61,1632,5.20407772064209
calibration,6,global,"6,8,17,21,24,26",62,1668,4.374810218811035
calibration,6,global,"6,8,17,21,24,26",63,2131,4.5974531173706055
calibration,6,global,"6,8,17,21,24,26",64,4582,2.127851724624634
calibration,6,global,"6,8,17,21,24,26",65,3185,4.402120113372803
calibration,6,global,"6,8,17,21,24,26",66,3604,4.842668533325195
calibration,6,global,"6,8,17,21,24,26",67,2688,4.978529930114746
calibration,6,global,"6,8,17,21,24,26",68,1024,5.163680076599121
calibration,6,global,"6,8,17,21,24,26",69,3447,5.056200981140137
calibration,6,global,"6,8,17,21,24,26",70,1624,4.155001163482666
calibration,6,global,"6,8,17,21,24,26",71,683,4.419925212860107
calibration,6,global,"6,8,17,21,24,26",72,3712,4.775914192199707
calibration,6,global,"6,8,17,21,24,26",73,4597,4.0543646812438965
calibration,6,global,"6,8,17,21,24,26",74,2003,4.90593957901001
calibration,6,global,"6,8,17,21,24,26",75,38,5.071627616882324
calibration,6,global,"6,8,17,21,24,26",76,2557,4.432857990264893
calibration,6,global,"6,8,17,21,24,26",77,648,4.8958635330200195
calibration,6,global,"6,8,17,21,24,26",78,2091,4.351644515991211
calibration,6,global,"6,8,17,21,24,26",79,2261,4.884063243865967
calibration,6,global,"6,8,17,21,24,26",80,2086,5.028187274932861
calibration,6,global,"6,8,17,21,24,26",81,4297,4.822072505950928
calibration,6,global,"6,8,17,21,24,26",82,3993,4.320504665374756
calibration,6,global,"6,8,17,21,24,26",83,559,4.76876974105835
calibration,6,global,"6,8,17,21,24,26",84,3219,5.219606399536133
calibration,6,global,"6,8,17,21,24,26",85,3324,5.374953269958496
calibration,6,global,"6,8,17,21,24,26",86,4366,4.798046112060547
calibration,6,global,"6,8,17,21,24,26",87,323,5.171333312988281
calibration,6,global,"6,8,17,21,24,26",88,3151,4.892032623291016
calibration,6,global,"6,8,17,21,24,26",89,2912,4.4893693923950195
calibration,6,global,"6,8,17,21,24,26",90,2892,5.186992645263672
calibration,6,global,"6,8,17,21,24,26",91,1031,5.44027853012085
calibration,6,global,"6,8,17,21,24,26",92,2905,3.9957034587860107
calibration,6,global,"6,8,17,21,24,26",93,1747,5.092556953430176
calibration,6,global,"6,8,17,21,24,26",94,1426,4.991454601287842
calibration,6,global,"6,8,17,21,24,26",95,1288,4.532862663269043
calibration,6,global,"8,10,15,17,21,26",0,720,4.284104347229004
calibration,6,global,"8,10,15,17,21,26",1,3796,4.175568103790283
calibration,6,global,"8,10,15,17,21,26",2,2979,3.838416576385498
calibration,6,global,"8,10,15,17,21,26",3,3195,3.8832383155822754
calibration,6,global,"8,10,15,17,21,26",4,3348,4.0010504722595215
calibration,6,global,"8,10,15,17,21,26",5,636,3.789858341217041
calibration,6,global,"8,10,15,17,21,26",6,655,3.8052878379821777
calibration,6,global,"8,10,15,17,21,26",7,4470,4.0361008644104
calibration,6,global,"8,10,15,17,21,26",8,3767,3.5980687141418457
calibration,6,global,"8,10,15,17,21,26",9,1123,3.825849771499634
calibration,6,global,"8,10,15,17,21,26",10,1907,3.935896635055542
calibration,6,global,"8,10,15,17,21,26",11,4325,4.044790744781494
calibration,6,global,"8,10,15,17,21,26",12,3374,4.098448276519775
calibration,6,global,"8,10,15,17,21,26",13,552,3.6668899059295654
calibration,6,global,"8,10,15,17,21,26",14,1983,3.951608419418335
calibration,6,global,"8,10,15,17,21,26",15,279,3.7399299144744873
calibration,6,global,"8,10,15,17,21,26",16,3116,3.9864509105682373
calibration,6,global,"8,10,15,17,21,26",17,3247,4.5712080001831055
calibration,6,global,"8,10,15,17,21,26",18,4798,4.195734977722168
calibration,6,global,"8,10,15,17,21,26",19,2782,3.798881769180298
calibration,6,global,"8,10,15,17,21,26",20,2029,4.088356018066406
calibration,6,global,"8,10,15,17,21,26",21,3681,3.908231258392334
calibration,6,global,"8,10,15,17,21,26",22,252,3.461728096008301
calibration,6,global,"8,10,15,17,21,26",23,2694,3.956855058670044
calibration,6,global,"8,10,15,17,21,26",24,1696,4.369511127471924
calibration,6,global,"8,10,15,17,21,26",25,1,4.325267314910889
calibration,6,global,"8,10,15,17,21,26",26,1432,3.8318467140197754
calibration,6,global,"8,10,15,17,21,26",27,3131,4.038961410522461
calibration,6,global,"8,10,15,17,21,26",28,4718,4.092779159545898
calibration,6,global,"8,10,15,17,21,26",29,2055,3.736574172973633
calibration,6,global,"8,10,15,17,21,26",30,4817,3.965686321258545
calibration,6,global,"8,10,15,17,21,26",31,2110,3.811448812484741
calibration,6,global,"8,10,15,17,21,26",32,4972,3.705219030380249
calibration,6,global,"8,10,15,17,21,26",33,3779,3.244460344314575
calibration,6,global,"8,10,15,17,21,26",34,4553,2.843731641769409
calibration,6,global,"8,10,15,17,21,26",35,4505,3.8319051265716553
calibration,6,global,"8,10,15,17,21,26",36,779,3.9708874225616455
calibration,6,global,"8,10,15,17,21,26",37,375,4.209024906158447
calibration,6,global,"8,10,15,17,21,26",38,3175,4.003337860107422
calibration,6,global,"8,10,15,17,21,26",39,1099,3.5974645614624023
calibration,6,global,"8,10,15,17,21,26",40,3387,4.429588317871094
calibration,6,global,"8,10,15,17,21,26",41,3081,3.2851829528808594
calibration,6,global,"8,10,15,17,21,26",42,461,3.5203497409820557
calibration,6,global,"8,10,15,17,21,26",43,429,4.128531455993652
calibration,6,global,"8,10,15,17,21,26",44,2649,4.025507926940918
calibration,6,global,"8,10,15,17,21,26",45,1815,3.7244129180908203
calibration,6,global,"8,10,15,17,21,26",46,4318,3.955317735671997
calibration,6,global,"8,10,15,17,21,26",47,226,4.069698810577393
calibration,6,global,"8,10,15,17,21,26",48,4210,3.986639976501465
calibration,6,global,"8,10,15,17,21,26",49,892,3.528418779373169
calibration,6,global,"8,10,15,17,21,26",50,2021,4.104578018188477
calibration,6,global,"8,10,15,17,21,26",51,2579,3.562143087387085
calibration,6,global,"8,10,15,17,21,26",52,2843,3.7333316802978516
calibration,6,global,"8,10,15,17,21,26",53,2661,3.101356029510498
calibration,6,global,"8,10,15,17,21,26",54,426,4.236733913421631
calibration,6,global,"8,10,15,17,21,26",55,768,4.468750953674316
calibration,6,global,"8,10,15,17,21,26",56,2163,4.04190731048584
calibration,6,global,"8,10,15,17,21,26",57,2378,4.087795734405518
calibration,6,global,"8,10,15,17,21,26",58,1777,4.137466907501221
calibration,6,global,"8,10,15,17,21,26",59,2019,3.847623586654663
calibration,6,global,"8,10,15,17,21,26",60,611,3.948518991470337
calibration,6,global,"8,10,15,17,21,26",61,1632,4.275827884674072
calibration,6,global,"8,10,15,17,21,26",62,1668,3.4952921867370605
calibration,6,global,"8,10,15,17,21,26",63,2131,3.552737236022949
calibration,6,global,"8,10,15,17,21,26",64,4582,1.6094166040420532
calibration,6,global,"8,10,15,17,21,26",65,3185,3.6433448791503906
calibration,6,global,"8,10,15,17,21,26",66,3604,3.7553443908691406
calibration,6,global,"8,10,15,17,21,26",67,2688,3.978283643722534
calibration,6,global,"8,10,15,17,21,26",68,1024,4.138858318328857
calibration,6,global,"8,10,15,17,21,26",69,3447,4.044902801513672
calibration,6,global,"8,10,15,17,21,26",70,1624,3.637054681777954
calibration,6,global,"8,10,15,17,21,26",71,683,3.2981045246124268
calibration,6,global,"8,10,15,17,21,26",72,3712,4.123119354248047
calibration,6,global,"8,10,15,17,21,26",73,4597,3.2315049171447754
calibration,6,global,"8,10,15,17,21,26",74,2003,3.966855049133301
calibration,6,global,"8,10,15,17,21,26",75,38,3.8947529792785645
calibration,6,global,"8,10,15,17,21,26",76,2557,3.6055476665496826
calibration,6,global,"8,10,15,17,21,26",77,648,3.9876084327697754
calibration,6,global,"8,10,15,17,21,26",78,2091,3.592071294784546
calibration,6,global,"8,10,15,17,21,26",79,2261,4.01094388961792
calibration,6,global,"8,10,15,17,21,26",80,2086,4.085671901702881
calibration,6,global,"8,10,15,17,21,26",81,4297,3.8702495098114014
calibration,6,global,"8,10,15,17,21,26",82,3993,3.4759104251861572
calibration,6,global,"8,10,15,17,21,26",83,559,3.8716881275177
calibration,6,global,"8,10,15,17,21,26",84,3219,4.257212162017822
calibration,6,global,"8,10,15,17,21,26",85,3324,4.270251750946045
calibration,6,global,"8,10,15,17,21,26",86,4366,3.95940899848938
calibration,6,global,"8,10,15,17,21,26",87,323,4.038227081298828
calibration,6,global,"8,10,15,17,21,26",88,3151,3.762967348098755
calibration,6,global,"8,10,15,17,21,26",89,2912,3.4835855960845947
calibration,6,global,"8,10,15,17,21,26",90,2892,4.221083164215088
calibration,6,global,"8,10,15,17,21,26",91,1031,4.4576640129089355
calibration,6,global,"8,10,15,17,21,26",92,2905,3.0108823776245117
calibration,6,global,"8,10,15,17,21,26",93,1747,3.938690662384033
calibration,6,global,"8,10,15,17,21,26",94,1426,4.02304220199585
calibration,6,global,"8,10,15,17,21,26",95,1288,3.68164324760437
calibration,6,global,"8,10,15,19,24,26",0,720,4.440553665161133
calibration,6,global,"8,10,15,19,24,26",1,3796,4.324747085571289
calibration,6,global,"8,10,15,19,24,26",2,2979,4.159372806549072
calibration,6,global,"8,10,15,19,24,26",3,3195,4.095672130584717
calibration,6,global,"8,10,15,19,24,26",4,3348,4.073639869689941
calibration,6,global,"8,10,15,19,24,26",5,636,4.056464672088623
calibration,6,global,"8,10,15,19,24,26",6,655,4.0680036544799805
calibration,6,global,"8,10,15,19,24,26",7,4470,4.217788219451904
calibration,6,global,"8,10,15,19,24,26",8,3767,3.816093683242798
calibration,6,global,"8,10,15,19,24,26",9,1123,4.064388751983643
calibration,6,global,"8,10,15,19,24,26",10,1907,3.9877359867095947
calibration,6,global,"8,10,15,19,24,26",11,4325,4.159722328186035
calibration,6,global,"8,10,15,19,24,26",12,3374,4.298686504364014
calibration,6,global,"8,10,15,19,24,26",13,552,3.7567484378814697
calibration,6,global,"8,10,15,19,24,26",14,1983,4.02202033996582
calibration,6,global,"8,10,15,19,24,26",15,279,3.9992411136627197
calibration,6,global,"8,10,15,19,24,26",16,3116,4.112671375274658
calibration,6,global,"8,10,15,19,24,26",17,3247,4.694941520690918
calibration,6,global,"8,10,15,19,24,26",18,4798,4.243990421295166
calibration,6,global,"8,10,15,19,24,26",19,2782,4.016052722930908
calibration,6,global,"8,10,15,19,24,26",20,2029,4.0839104652404785
calibration,6,global,"8,10,15,19,24,26",21,3681,4.021329402923584
calibration,6,global,"8,10,15,19,24,26",22,252,3.77059006690979
calibration,6,global,"8,10,15,19,24,26",23,2694,4.206509590148926
calibration,6,global,"8,10,15,19,24,26",24,1696,4.568668842315674
calibration,6,global,"8,10,15,19,24,26",25,1,4.464033603668213
calibration,6,global,"8,10,15,19,24,26",26,1432,4.051665306091309
calibration,6,global,"8,10,15,19,24,26",27,3131,4.178731918334961
calibration,6,global,"8,10,15,19,24,26",28,4718,4.450190544128418
calibration,6,global,"8,10,15,19,24,26",29,2055,3.920527219772339
calibration,6,global,"8,10,15,19,24,26",30,4817,4.216123104095459
calibration,6,global,"8,10,15,19,24,26",31,2110,3.9992494583129883
calibration,6,global,"8,10,15,19,24,26",32,4972,3.8713324069976807
calibration,6,global,"8,10,15,19,24,26",33,3779,3.409576416015625
calibration,6,global,"8,10,15,19,24,26",34,4553,3.0842196941375732
calibration,6,global,"8,10,15,19,24,26",35,4505,3.869861602783203
calibration,6,global,"8,10,15,19,24,26",36,779,4.050692558288574
calibration,6,global,"8,10,15,19,24,26",37,375,4.380865097045898
calibration,6,global,"8,10,15,19,24,26",38,3175,4.102105617523193
calibration,6,global,"8,10,15,19,24,26",39,1099,3.7805399894714355
calibration,6,global,"8,10,15,19,24,26",40,3387,4.623290061950684
calibration,6,global,"8,10,15,19,24,26",41,3081,3.1168301105499268
calibration,6,global,"8,10,15,19,24,26",42,461,3.8462464809417725
calibration,6,global,"8,10,15,19,24,26",43,429,4.349863529205322
calibration,6,global,"8,10,15,19,24,26",44,2649,4.26529598236084
calibration,6,global,"8,10,15,19,24,26",45,1815,4.028750896453857
calibration,6,global,"8,10,15,19,24,26",46,4318,4.118629455566406
calibration,6,global,"8,10,15,19,24,26",47,226,4.259493350982666
calibration,6,global,"8,10,15,19,24,26",48,4210,4.124799728393555
calibration,6,global,"8,10,15,19,24,26",49,892,3.7883384227752686
calibration,6,global,"8,10,15,19,24,26",50,2021,4.154007434844971
calibration,6,global,"8,10,15,19,24,26",51,2579,3.7045555114746094
calibration,6,global,"8,10,15,19,24,26",52,2843,3.9316084384918213
calibration,6,global,"8,10,15,19,24,26",53,2661,3.369844913482666
calibration,6,global,"8,10,15,19,24,26",54,426,4.470465660095215
calibration,6,global,"8,10,15,19,24,26",55,768,4.598221302032471
calibration,6,global,"8,10,15,19,24,26",56,2163,4.129754543304443
calibration,6,global,"8,10,15,19,24,26",57,2378,4.280191898345947
calibration,6,global,"8,10,15,19,24,26",58,1777,4.36677885055542
calibration,6,global,"8,10,15,19,24,26",59,2019,3.9505515098571777
calibration,6,global,"8,10,15,19,24,26",60,611,4.180037975311279
calibration,6,global,"8,10,15,19,24,26",61,1632,4.413167476654053
calibration,6,global,"8,10,15,19,24,26",62,1668,3.6015617847442627
calibration,6,global,"8,10,15,19,24,26",63,2131,3.7451999187469482
calibration,6,global,"8,10,15,19,24,26",64,4582,1.9558641910552979
calibration,6,global,"8,10,15,19,24,26",65,3185,3.755481481552124
calibration,6,global,"8,10,15,19,24,26",66,3604,4.041236400604248
calibration,6,global,"8,10,15,19,24,26",67,2688,4.007978916168213
calibration,6,global,"8,10,15,19,24,26",68,1024,4.22675085067749
calibration,6,global,"8,10,15,19,24,26",69,3447,4.220179557800293
calibration,6,global,"8,10,15,19,24,26",70,1624,3.739564895629883
calibration,6,global,"8,10,15,19,24,26",71,683,3.4867970943450928
calibration,6,global,"8,10,15,19,24,26",72,3712,4.1389479637146
calibration,6,global,"8,10,15,19,24,26",73,4597,3.334122657775879
calibration,6,global,"8,10,15,19,24,26",74,2003,4.0095953941345215
calibration,6,global,"8,10,15,19,24,26",75,38,4.079985618591309
calibration,6,global,"8,10,15,19,24,26",76,2557,3.804837465286255
calibration,6,global,"8,10,15,19,24,26",77,648,4.180765151977539
calibration,6,global,"8,10,15,19,24,26",78,2091,3.777556896209717
calibration,6,global,"8,10,15,19,24,26",79,2261,4.173085689544678
calibration,6,global,"8,10,15,19,24,26",80,2086,4.383831024169922
calibration,6,global,"8,10,15,19,24,26",81,4297,4.0890936851501465
calibration,6,global,"8,10,15,19,24,26",82,3993,3.6333999633789062
calibration,6,global,"8,10,15,19,24,26",83,559,3.907745599746704
calibration,6,global,"8,10,15,19,24,26",84,3219,4.56878662109375
calibration,6,global,"8,10,15,19,24,26",85,3324,4.340106010437012
calibration,6,global,"8,10,15,19,24,26",86,4366,4.053432941436768
calibration,6,global,"8,10,15,19,24,26",87,323,4.215806007385254
calibration,6,global,"8,10,15,19,24,26",88,3151,4.101805686950684
calibration,6,global,"8,10,15,19,24,26",89,2912,3.697512626647949
calibration,6,global,"8,10,15,19,24,26",90,2892,4.266936779022217
calibration,6,global,"8,10,15,19,24,26",91,1031,4.44952917098999
calibration,6,global,"8,10,15,19,24,26",92,2905,3.315603733062744
calibration,6,global,"8,10,15,19,24,26",93,1747,4.230878829956055
calibration,6,global,"8,10,15,19,24,26",94,1426,4.336647033691406
calibration,6,global,"8,10,15,19,24,26",95,1288,3.816141366958618
calibration,6,low,"3,6,8,10,12,19",0,720,4.521383285522461
calibration,6,low,"3,6,8,10,12,19",1,3796,4.243706703186035
calibration,6,low,"3,6,8,10,12,19",2,2979,3.8241517543792725
calibration,6,low,"3,6,8,10,12,19",3,3195,4.125598907470703
calibration,6,low,"3,6,8,10,12,19",4,3348,4.364991664886475
calibration,6,low,"3,6,8,10,12,19",5,636,4.123354434967041
calibration,6,low,"3,6,8,10,12,19",6,655,4.026973247528076
calibration,6,low,"3,6,8,10,12,19",7,4470,4.088104248046875
calibration,6,low,"3,6,8,10,12,19",8,3767,3.5863850116729736
calibration,6,low,"3,6,8,10,12,19",9,1123,3.9347426891326904
calibration,6,low,"3,6,8,10,12,19",10,1907,4.053229331970215
calibration,6,low,"3,6,8,10,12,19",11,4325,4.454984188079834
calibration,6,low,"3,6,8,10,12,19",12,3374,4.25779914855957
calibration,6,low,"3,6,8,10,12,19",13,552,3.7594106197357178
calibration,6,low,"3,6,8,10,12,19",14,1983,4.3922929763793945
calibration,6,low,"3,6,8,10,12,19",15,279,3.9611332416534424
calibration,6,low,"3,6,8,10,12,19",16,3116,4.419521331787109
calibration,6,low,"3,6,8,10,12,19",17,3247,4.612817764282227
calibration,6,low,"3,6,8,10,12,19",18,4798,4.329216003417969
calibration,6,low,"3,6,8,10,12,19",19,2782,3.9687135219573975
calibration,6,low,"3,6,8,10,12,19",20,2029,4.243519306182861
calibration,6,low,"3,6,8,10,12,19",21,3681,4.1101884841918945
calibration,6,low,"3,6,8,10,12,19",22,252,3.7456188201904297
calibration,6,low,"3,6,8,10,12,19",23,2694,4.150528907775879
calibration,6,low,"3,6,8,10,12,19",24,1696,4.383837699890137
calibration,6,low,"3,6,8,10,12,19",25,1,4.403010845184326
calibration,6,low,"3,6,8,10,12,19",26,1432,3.949411153793335
calibration,6,low,"3,6,8,10,12,19",27,3131,4.463747024536133
calibration,6,low,"3,6,8,10,12,19",28,4718,4.422939777374268
calibration,6,low,"3,6,8,10,12,19",29,2055,4.032654762268066
calibration,6,low,"3,6,8,10,12,19",30,4817,4.065938949584961
calibration,6,low,"3,6,8,10,12,19",31,2110,4.160185813903809
calibration,6,low,"3,6,8,10,12,19",32,4972,4.047584533691406
calibration,6,low,"3,6,8,10,12,19",33,3779,3.670616865158081
calibration,6,low,"3,6,8,10,12,19",34,4553,2.7235379219055176
calibration,6,low,"3,6,8,10,12,19",35,4505,3.816879987716675
calibration,6,low,"3,6,8,10,12,19",36,779,4.1823811531066895
calibration,6,low,"3,6,8,10,12,19",37,375,4.1036810874938965
calibration,6,low,"3,6,8,10,12,19",38,3175,4.2511444091796875
calibration,6,low,"3,6,8,10,12,19",39,1099,3.7717552185058594
calibration,6,low,"3,6,8,10,12,19",40,3387,4.7867021560668945
calibration,6,low,"3,6,8,10,12,19",41,3081,3.5547659397125244
calibration,6,low,"3,6,8,10,12,19",42,461,3.7105648517608643
calibration,6,low,"3,6,8,10,12,19",43,429,4.437373161315918
calibration,6,low,"3,6,8,10,12,19",44,2649,4.446386337280273
calibration,6,low,"3,6,8,10,12,19",45,1815,3.8325562477111816
calibration,6,low,"3,6,8,10,12,19",46,4318,4.2004075050354
calibration,6,low,"3,6,8,10,12,19",47,226,4.4436726570129395
calibration,6,low,"3,6,8,10,12,19",48,4210,4.094992160797119
calibration,6,low,"3,6,8,10,12,19",49,892,3.887360095977783
calibration,6,low,"3,6,8,10,12,19",50,2021,3.985643148422241
calibration,6,low,"3,6,8,10,12,19",51,2579,3.895486354827881
calibration,6,low,"3,6,8,10,12,19",52,2843,4.005940914154053
calibration,6,low,"3,6,8,10,12,19",53,2661,3.577885389328003
calibration,6,low,"3,6,8,10,12,19",54,426,4.448033809661865
calibration,6,low,"3,6,8,10,12,19",55,768,4.546641826629639
calibration,6,low,"3,6,8,10,12,19",56,2163,4.161589622497559
calibration,6,low,"3,6,8,10,12,19",57,2378,4.066291332244873
calibration,6,low,"3,6,8,10,12,19",58,1777,4.468918800354004
calibration,6,low,"3,6,8,10,12,19",59,2019,3.7747297286987305
calibration,6,low,"3,6,8,10,12,19",60,611,3.8924360275268555
calibration,6,low,"3,6,8,10,12,19",61,1632,4.141281604766846
calibration,6,low,"3,6,8,10,12,19",62,1668,3.4488961696624756
calibration,6,low,"3,6,8,10,12,19",63,2131,3.7364590167999268
calibration,6,low,"3,6,8,10,12,19",64,4582,1.9504889249801636
calibration,6,low,"3,6,8,10,12,19",65,3185,3.8062732219696045
calibration,6,low,"3,6,8,10,12,19",66,3604,4.050221920013428
calibration,6,low,"3,6,8,10,12,19",67,2688,4.148619174957275
calibration,6,low,"3,6,8,10,12,19",68,1024,4.142882823944092
calibration,6,low,"3,6,8,10,12,19",69,3447,4.46563196182251
calibration,6,low,"3,6,8,10,12,19",70,1624,3.7230064868927
calibration,6,low,"3,6,8,10,12,19",71,683,3.2294769287109375
calibration,6,low,"3,6,8,10,12,19",72,3712,4.202706813812256
calibration,6,low,"3,6,8,10,12,19",73,4597,3.389324903488159
calibration,6,low,"3,6,8,10,12,19",74,2003,4.0770134925842285
calibration,6,low,"3,6,8,10,12,19",75,38,4.123950004577637
calibration,6,low,"3,6,8,10,12,19",76,2557,3.922245979309082
calibration,6,low,"3,6,8,10,12,19",77,648,4.304835796356201
calibration,6,low,"3,6,8,10,12,19",78,2091,3.8326363563537598
calibration,6,low,"3,6,8,10,12,19",79,2261,4.3333306312561035
calibration,6,low,"3,6,8,10,12,19",80,2086,4.308012962341309
calibration,6,low,"3,6,8,10,12,19",81,4297,3.9935390949249268
calibration,6,low,"3,6,8,10,12,19",82,3993,3.5822088718414307
calibration,6,low,"3,6,8,10,12,19",83,559,3.96549654006958
calibration,6,low,"3,6,8,10,12,19",84,3219,4.515518665313721
calibration,6,low,"3,6,8,10,12,19",85,3324,4.236860275268555
calibration,6,low,"3,6,8,10,12,19",86,4366,4.066532135009766
calibration,6,low,"3,6,8,10,12,19",87,323,4.431693077087402
calibration,6,low,"3,6,8,10,12,19",88,3151,4.148642539978027
calibration,6,low,"3,6,8,10,12,19",89,2912,3.832801580429077
calibration,6,low,"3,6,8,10,12,19",90,2892,4.349825382232666
calibration,6,low,"3,6,8,10,12,19",91,1031,4.484845161437988
calibration,6,low,"3,6,8,10,12,19",92,2905,3.5334277153015137
calibration,6,low,"3,6,8,10,12,19",93,1747,4.137479782104492
calibration,6,low,"3,6,8,10,12,19",94,1426,4.339334011077881
calibration,6,low,"3,6,8,10,12,19",95,1288,4.061217784881592
calibration,6,low,"3,6,8,10,15,17",0,720,4.356934547424316
calibration,6,low,"3,6,8,10,15,17",1,3796,4.183889865875244
calibration,6,low,"3,6,8,10,15,17",2,2979,3.7335073947906494
calibration,6,low,"3,6,8,10,15,17",3,3195,3.8524224758148193
calibration,6,low,"3,6,8,10,15,17",4,3348,4.098100662231445
calibration,6,low,"3,6,8,10,15,17",5,636,3.765704870223999
calibration,6,low,"3,6,8,10,15,17",6,655,3.8264827728271484
calibration,6,low,"3,6,8,10,15,17",7,4470,3.876579999923706
calibration,6,low,"3,6,8,10,15,17",8,3767,3.4944262504577637
calibration,6,low,"3,6,8,10,15,17",9,1123,3.710719585418701
calibration,6,low,"3,6,8,10,15,17",10,1907,3.921419143676758
calibration,6,low,"3,6,8,10,15,17",11,4325,4.191093921661377
calibration,6,low,"3,6,8,10,15,17",12,3374,3.8233935832977295
calibration,6,low,"3,6,8,10,15,17",13,552,3.4580352306365967
calibration,6,low,"3,6,8,10,15,17",14,1983,3.9800662994384766
calibration,6,low,"3,6,8,10,15,17",15,279,3.776102066040039
calibration,6,low,"3,6,8,10,15,17",16,3116,4.071217060089111
calibration,6,low,"3,6,8,10,15,17",17,3247,4.417957782745361
calibration,6,low,"3,6,8,10,15,17",18,4798,4.19751501083374
calibration,6,low,"3,6,8,10,15,17",19,2782,3.8241610527038574
calibration,6,low,"3,6,8,10,15,17",20,2029,4.002452850341797
calibration,6,low,"3,6,8,10,15,17",21,3681,3.961796522140503
calibration,6,low,"3,6,8,10,15,17",22,252,3.423593759536743
calibration,6,low,"3,6,8,10,15,17",23,2694,3.7565395832061768
calibration,6,low,"3,6,8,10,15,17",24,1696,4.2337751388549805
calibration,6,low,"3,6,8,10,15,17",25,1,4.11023473739624
calibration,6,low,"3,6,8,10,15,17",26,1432,3.808152675628662
calibration,6,low,"3,6,8,10,15,17",27,3131,4.1484174728393555
calibration,6,low,"3,6,8,10,15,17",28,4718,4.168539047241211
calibration,6,low,"3,6,8,10,15,17",29,2055,3.6796679496765137
calibration,6,low,"3,6,8,10,15,17",30,4817,3.8608860969543457
calibration,6,low,"3,6,8,10,15,17",31,2110,3.8803629875183105
calibration,6,low,"3,6,8,10,15,17",32,4972,3.6747384071350098
calibration,6,low,"3,6,8,10,15,17",33,3779,3.3016412258148193
calibration,6,low,"3,6,8,10,15,17",34,4553,2.288313627243042
calibration,6,low,"3,6,8,10,15,17",35,4505,3.3920013904571533
calibration,6,low,"3,6,8,10,15,17",36,779,3.8912737369537354
calibration,6,low,"3,6,8,10,15,17",37,375,3.8951094150543213
calibration,6,low,"3,6,8,10,15,17",38,3175,3.897325038909912
calibration,6,low,"3,6,8,10,15,17",39,1099,3.6361396312713623
calibration,6,low,"3,6,8,10,15,17",40,3387,4.360906600952148
calibration,6,low,"3,6,8,10,15,17",41,3081,3.3051905632019043
calibration,6,low,"3,6,8,10,15,17",42,461,3.37382173538208
calibration,6,low,"3,6,8,10,15,17",43,429,4.308239936828613
calibration,6,low,"3,6,8,10,15,17",44,2649,4.022906303405762
calibration,6,low,"3,6,8,10,15,17",45,1815,3.6584529876708984
calibration,6,low,"3,6,8,10,15,17",46,4318,3.8967323303222656
calibration,6,low,"3,6,8,10,15,17",47,226,4.143171310424805
calibration,6,low,"3,6,8,10,15,17",48,4210,3.7508323192596436
calibration,6,low,"3,6,8,10,15,17",49,892,3.724045753479004
calibration,6,low,"3,6,8,10,15,17",50,2021,3.8152318000793457
calibration,6,low,"3,6,8,10,15,17",51,2579,3.5722742080688477
calibration,6,low,"3,6,8,10,15,17",52,2843,3.7527403831481934
calibration,6,low,"3,6,8,10,15,17",53,2661,3.2486586570739746
calibration,6,low,"3,6,8,10,15,17",54,426,4.232383728027344
calibration,6,low,"3,6,8,10,15,17",55,768,4.332035064697266
calibration,6,low,"3,6,8,10,15,17",56,2163,4.024205684661865
calibration,6,low,"3,6,8,10,15,17",57,2378,3.717071056365967
calibration,6,low,"3,6,8,10,15,17",58,1777,4.085507392883301
calibration,6,low,"3,6,8,10,15,17",59,2019,3.666957139968872
calibration,6,low,"3,6,8,10,15,17",60,611,3.98063063621521
calibration,6,low,"3,6,8,10,15,17",61,1632,3.892681360244751
calibration,6,low,"3,6,8,10,15,17",62,1668,3.2963688373565674
calibration,6,low,"3,6,8,10,15,17",63,2131,3.5874075889587402
calibration,6,low,"3,6,8,10,15,17",64,4582,1.6290631294250488
calibration,6,low,"3,6,8,10,15,17",65,3185,3.454498529434204
calibration,6,low,"3,6,8,10,15,17",66,3604,3.773658275604248
calibration,6,low,"3,6,8,10,15,17",67,2688,3.6956889629364014
calibration,6,low,"3,6,8,10,15,17",68,1024,3.861551523208618
calibration,6,low,"3,6,8,10,15,17",69,3447,4.153110980987549
calibration,6,low,"3,6,8,10,15,17",70,1624,3.434229612350464
calibration,6,low,"3,6,8,10,15,17",71,683,3.0289297103881836
calibration,6,low,"3,6,8,10,15,17",72,3712,3.9570326805114746
calibration,6,low,"3,6,8,10,15,17",73,4597,3.056910514831543
calibration,6,low,"3,6,8,10,15,17",74,2003,3.986842155456543
calibration,6,low,"3,6,8,10,15,17",75,38,3.9205853939056396
calibration,6,low,"3,6,8,10,15,17",76,2557,3.630530595779419
calibration,6,low,"3,6,8,10,15,17",77,648,3.9924416542053223
calibration,6,low,"3,6,8,10,15,17",78,2091,3.5173211097717285
calibration,6,low,"3,6,8,10,15,17",79,2261,4.095051288604736
calibration,6,low,"3,6,8,10,15,17",80,2086,4.184527397155762
calibration,6,low,"3,6,8,10,15,17",81,4297,3.831220865249634
calibration,6,low,"3,6,8,10,15,17",82,3993,3.391758918762207
calibration,6,low,"3,6,8,10,15,17",83,559,3.7539663314819336
calibration,6,low,"3,6,8,10,15,17",84,3219,4.266905307769775
calibration,6,low,"3,6,8,10,15,17",85,3324,3.9766528606414795
calibration,6,low,"3,6,8,10,15,17",86,4366,3.8379645347595215
calibration,6,low,"3,6,8,10,15,17",87,323,4.139911651611328
calibration,6,low,"3,6,8,10,15,17",88,3151,3.6739046573638916
calibration,6,low,"3,6,8,10,15,17",89,2912,3.5962371826171875
calibration,6,low,"3,6,8,10,15,17",90,2892,4.12149715423584
calibration,6,low,"3,6,8,10,15,17",91,1031,4.269179344177246
calibration,6,low,"3,6,8,10,15,17",92,2905,3.190001964569092
calibration,6,low,"3,6,8,10,15,17",93,1747,3.918334722518921
calibration,6,low,"3,6,8,10,15,17",94,1426,4.1417951583862305
calibration,6,low,"3,6,8,10,15,17",95,1288,3.8285694122314453
calibration,6,low,"3,6,8,12,15,26",0,720,4.532262802124023
calibration,6,low,"3,6,8,12,15,26",1,3796,4.485415458679199
calibration,6,low,"3,6,8,12,15,26",2,2979,3.8682048320770264
calibration,6,low,"3,6,8,12,15,26",3,3195,4.21720027923584
calibration,6,low,"3,6,8,12,15,26",4,3348,4.282839775085449
calibration,6,low,"3,6,8,12,15,26",5,636,4.128365516662598
calibration,6,low,"3,6,8,12,15,26",6,655,4.108884334564209
calibration,6,low,"3,6,8,12,15,26",7,4470,4.466108798980713
calibration,6,low,"3,6,8,12,15,26",8,3767,3.794538736343384
calibration,6,low,"3,6,8,12,15,26",9,1123,4.027005672454834
calibration,6,low,"3,6,8,12,15,26",10,1907,4.046140193939209
calibration,6,low,"3,6,8,12,15,26",11,4325,4.280618667602539
calibration,6,low,"3,6,8,12,15,26",12,3374,4.320396900177002
calibration,6,low,"3,6,8,12,15,26",13,552,3.6259796619415283
calibration,6,low,"3,6,8,12,15,26",14,1983,4.2587666511535645
calibration,6,low,"3,6,8,12,15,26",15,279,4.0469865798950195
calibration,6,low,"3,6,8,12,15,26",16,3116,4.3400678634643555
calibration,6,low,"3,6,8,12,15,26",17,3247,4.726551055908203
calibration,6,low,"3,6,8,12,15,26",18,4798,4.407156944274902
calibration,6,low,"3,6,8,12,15,26",19,2782,3.987022876739502
calibration,6,low,"3,6,8,12,15,26",20,2029,4.211429119110107
calibration,6,low,"3,6,8,12,15,26",21,3681,4.019659042358398
calibration,6,low,"3,6,8,12,15,26",22,252,3.7693068981170654
calibration,6,low,"3,6,8,12,15,26",23,2694,4.195518970489502
calibration,6,low,"3,6,8,12,15,26",24,1696,4.485448837280273
calibration,6,low,"3,6,8,12,15,26",25,1,4.4904465675354
calibration,6,low,"3,6,8,12,15,26",26,1432,4.034131050109863
calibration,6,low,"3,6,8,12,15,26",27,3131,4.519820690155029
calibration,6,low,"3,6,8,12,15,26",28,4718,4.561694622039795
calibration,6,low,"3,6,8,12,15,26",29,2055,4.124977111816406
calibration,6,low,"3,6,8,12,15,26",30,4817,4.100612163543701
calibration,6,low,"3,6,8,12,15,26",31,2110,4.118831634521484
calibration,6,low,"3,6,8,12,15,26",32,4972,4.106124401092529
calibration,6,low,"3,6,8,12,15,26",33,3779,3.591885566711426
calibration,6,low,"3,6,8,12,15,26",34,4553,2.6720948219299316
calibration,6,low,"3,6,8,12,15,26",35,4505,3.7670817375183105
calibration,6,low,"3,6,8,12,15,26",36,779,4.221322059631348
calibration,6,low,"3,6,8,12,15,26",37,375,4.145812034606934
calibration,6,low,"3,6,8,12,15,26",38,3175,4.230584144592285
calibration,6,low,"3,6,8,12,15,26",39,1099,3.8505685329437256
calibration,6,low,"3,6,8,12,15,26",40,3387,4.7004852294921875
calibration,6,low,"3,6,8,12,15,26",41,3081,3.484119176864624
calibration,6,low,"3,6,8,12,15,26",42,461,3.9098763465881348
calibration,6,low,"3,6,8,12,15,26",43,429,4.635340213775635
calibration,6,low,"3,6,8,12,15,26",44,2649,4.255492687225342
calibration,6,low,"3,6,8,12,15,26",45,1815,3.888942241668701
calibration,6,low,"3,6,8,12,15,26",46,4318,4.310824871063232
calibration,6,low,"3,6,8,12,15,26",47,226,4.49242639541626
calibration,6,low,"3,6,8,12,15,26",48,4210,4.242683410644531
calibration,6,low,"3,6,8,12,15,26",49,892,3.909990072250366
calibration,6,low,"3,6,8,12,15,26",50,2021,4.210801601409912
calibration,6,low,"3,6,8,12,15,26",51,2579,3.6794545650482178
calibration,6,low,"3,6,8,12,15,26",52,2843,4.089171886444092
calibration,6,low,"3,6,8,12,15,26",53,2661,3.4605672359466553
calibration,6,low,"3,6,8,12,15,26",54,426,4.503746032714844
calibration,6,low,"3,6,8,12,15,26",55,768,4.662665367126465
calibration,6,low,"3,6,8,12,15,26",56,2163,4.304161071777344
calibration,6,low,"3,6,8,12,15,26",57,2378,4.029508113861084
calibration,6,low,"3,6,8,12,15,26",58,1777,4.511322498321533
calibration,6,low,"3,6,8,12,15,26",59,2019,3.7961859703063965
calibration,6,low,"3,6,8,12,15,26",60,611,4.177527904510498
calibration,6,low,"3,6,8,12,15,26",61,1632,4.183874607086182
calibration,6,low,"3,6,8,12,15,26",62,1668,3.7108404636383057
calibration,6,low,"3,6,8,12,15,26",63,2131,3.768829822540283
calibration,6,low,"3,6,8,12,15,26",64,4582,1.8483309745788574
calibration,6,low,"3,6,8,12,15,26",65,3185,3.7853689193725586
calibration,6,low,"3,6,8,12,15,26",66,3604,4.033802509307861
calibration,6,low,"3,6,8,12,15,26",67,2688,3.944732427597046
calibration,6,low,"3,6,8,12,15,26",68,1024,4.14111328125
calibration,6,low,"3,6,8,12,15,26",69,3447,4.488540172576904
calibration,6,low,"3,6,8,12,15,26",70,1624,3.643958568572998
calibration,6,low,"3,6,8,12,15,26",71,683,3.3412818908691406
calibration,6,low,"3,6,8,12,15,26",72,3712,4.363725662231445
calibration,6,low,"3,6,8,12,15,26",73,4597,3.3050878047943115
calibration,6,low,"3,6,8,12,15,26",74,2003,4.1050567626953125
calibration,6,low,"3,6,8,12,15,26",75,38,4.130382061004639
calibration,6,low,"3,6,8,12,15,26",76,2557,3.869173526763916
calibration,6,low,"3,6,8,12,15,26",77,648,4.228687763214111
calibration,6,low,"3,6,8,12,15,26",78,2091,3.8072731494903564
calibration,6,low,"3,6,8,12,15,26",79,2261,4.2030229568481445
calibration,6,low,"3,6,8,12,15,26",80,2086,4.47020149230957
calibration,6,low,"3,6,8,12,15,26",81,4297,4.191467761993408
calibration,6,low,"3,6,8,12,15,26",82,3993,3.537748098373413
calibration,6,low,"3,6,8,12,15,26",83,559,4.008563041687012
calibration,6,low,"3,6,8,12,15,26",84,3219,4.585039138793945
calibration,6,low,"3,6,8,12,15,26",85,3324,4.340461254119873
calibration,6,low,"3,6,8,12,15,26",86,4366,4.344996929168701
calibration,6,low,"3,6,8,12,15,26",87,323,4.597620010375977
calibration,6,low,"3,6,8,12,15,26",88,3151,4.17143440246582
calibration,6,low,"3,6,8,12,15,26",89,2912,3.8946540355682373
calibration,6,low,"3,6,8,12,15,26",90,2892,4.851749420166016
calibration,6,low,"3,6,8,12,15,26",91,1031,4.653775215148926
calibration,6,low,"3,6,8,12,15,26",92,2905,3.4466545581817627
calibration,6,low,"3,6,8,12,15,26",93,1747,4.261993408203125
calibration,6,low,"3,6,8,12,15,26",94,1426,4.423007488250732
calibration,6,low,"3,6,8,12,15,26",95,1288,4.042689800262451
calibration,6,low,"3,6,10,12,15,26",0,720,4.179111003875732
calibration,6,low,"3,6,10,12,15,26",1,3796,4.081531047821045
calibration,6,low,"3,6,10,12,15,26",2,2979,3.747804880142212
calibration,6,low,"3,6,10,12,15,26",3,3195,3.7877800464630127
calibration,6,low,"3,6,10,12,15,26",4,3348,3.923534631729126
calibration,6,low,"3,6,10,12,15,26",5,636,3.7958357334136963
calibration,6,low,"3,6,10,12,15,26",6,655,3.709677219390869
calibration,6,low,"3,6,10,12,15,26",7,4470,3.8196520805358887
calibration,6,low,"3,6,10,12,15,26",8,3767,3.484119415283203
calibration,6,low,"3,6,10,12,15,26",9,1123,3.7409300804138184
calibration,6,low,"3,6,10,12,15,26",10,1907,3.767688512802124
calibration,6,low,"3,6,10,12,15,26",11,4325,4.005991458892822
calibration,6,low,"3,6,10,12,15,26",12,3374,3.924165964126587
calibration,6,low,"3,6,10,12,15,26",13,552,3.48376202583313
calibration,6,low,"3,6,10,12,15,26",14,1983,4.004530906677246
calibration,6,low,"3,6,10,12,15,26",15,279,3.7402806282043457
calibration,6,low,"3,6,10,12,15,26",16,3116,4.054485321044922
calibration,6,low,"3,6,10,12,15,26",17,3247,4.37021541595459
calibration,6,low,"3,6,10,12,15,26",18,4798,4.032238960266113
calibration,6,low,"3,6,10,12,15,26",19,2782,3.794081926345825
calibration,6,low,"3,6,10,12,15,26",20,2029,3.8422999382019043
calibration,6,low,"3,6,10,12,15,26",21,3681,3.7417824268341064
calibration,6,low,"3,6,10,12,15,26",22,252,3.372262477874756
calibration,6,low,"3,6,10,12,15,26",23,2694,3.832003593444824
calibration,6,low,"3,6,10,12,15,26",24,1696,4.160619735717773
calibration,6,low,"3,6,10,12,15,26",25,1,4.115503787994385
calibration,6,low,"3,6,10,12,15,26",26,1432,3.7096545696258545
calibration,6,low,"3,6,10,12,15,26",27,3131,3.956134080886841
calibration,6,low,"3,6,10,12,15,26",28,4718,4.148576736450195
calibration,6,low,"3,6,10,12,15,26",29,2055,3.702685832977295
calibration,6,low,"3,6,10,12,15,26",30,4817,3.791703462600708
calibration,6,low,"3,6,10,12,15,26",31,2110,3.7171761989593506
calibration,6,low,"3,6,10,12,15,26",32,4972,3.6471099853515625
calibration,6,low,"3,6,10,12,15,26",33,3779,3.268867015838623
calibration,6,low,"3,6,10,12,15,26",34,4553,2.5891149044036865
calibration,6,low,"3,6,10,12,15,26",35,4505,3.533257484436035
calibration,6,low,"3,6,10,12,15,26",36,779,3.9547786712646484
calibration,6,low,"3,6,10,12,15,26",37,375,3.9758903980255127
calibration,6,low,"3,6,10,12,15,26",38,3175,3.966254472732544
calibration,6,low,"3,6,10,12,15,26",39,1099,3.6278374195098877
calibration,6,low,"3,6,10,12,15,26",40,3387,4.51199197769165
calibration,6,low,"3,6,10,12,15,26",41,3081,3.23229718208313
calibration,6,low,"3,6,10,12,15,26",42,461,3.300762176513672
calibration,6,low,"3,6,10,12,15,26",43,429,4.239646911621094
calibration,6,low,"3,6,10,12,15,26",44,2649,4.044590473175049
calibration,6,low,"3,6,10,12,15,26",45,1815,3.5902202129364014
calibration,6,low,"3,6,10,12,15,26",46,4318,3.8436994552612305
calibration,6,low,"3,6,10,12,15,26",47,226,4.011653423309326
calibration,6,low,"3,6,10,12,15,26",48,4210,3.81475567817688
calibration,6,low,"3,6,10,12,15,26",49,892,3.655170202255249
calibration,6,low,"3,6,10,12,15,26",50,2021,3.77004075050354
calibration,6,low,"3,6,10,12,15,26",51,2579,3.4704713821411133
calibration,6,low,"3,6,10,12,15,26",52,2843,3.654405355453491
calibration,6,low,"3,6,10,12,15,26",53,2661,3.0927248001098633
calibration,6,low,"3,6,10,12,15,26",54,426,4.087610721588135
calibration,6,low,"3,6,10,12,15,26",55,768,4.30298376083374
calibration,6,low,"3,6,10,12,15,26",56,2163,3.945326566696167
calibration,6,low,"3,6,10,12,15,26",57,2378,3.7048096656799316
calibration,6,low,"3,6,10,12,15,26",58,1777,4.160398006439209
calibration,6,low,"3,6,10,12,15,26",59,2019,3.7151920795440674
calibration,6,low,"3,6,10,12,15,26",60,611,3.8108086585998535
calibration,6,low,"3,6,10,12,15,26",61,1632,3.830070972442627
calibration,6,low,"3,6,10,12,15,26",62,1668,3.3477087020874023
calibration,6,low,"3,6,10,12,15,26",63,2131,3.4972832202911377
calibration,6,low,"3,6,10,12,15,26",64,4582,1.7407748699188232
calibration,6,low,"3,6,10,12,15,26",65,3185,3.4594311714172363
calibration,6,low,"3,6,10,12,15,26",66,3604,3.6981241703033447
calibration,6,low,"3,6,10,12,15,26",67,2688,3.755714178085327
calibration,6,low,"3,6,10,12,15,26",68,1024,3.8709847927093506
calibration,6,low,"3,6,10,12,15,26",69,3447,4.015875816345215
calibration,6,low,"3,6,10,12,15,26",70,1624,3.36885929107666
calibration,6,low,"3,6,10,12,15,26",71,683,3.1113193035125732
calibration,6,low,"3,6,10,12,15,26",72,3712,3.857529878616333
calibration,6,low,"3,6,10,12,15,26",73,4597,3.0761923789978027
calibration,6,low,"3,6,10,12,15,26",74,2003,3.7962002754211426
calibration,6,low,"3,6,10,12,15,26",75,38,3.837104558944702
calibration,6,low,"3,6,10,12,15,26",76,2557,3.667741537094116
calibration,6,low,"3,6,10,12,15,26",77,648,3.9127371311187744
calibration,6,low,"3,6,10,12,15,26",78,2091,3.4422760009765625
calibration,6,low,"3,6,10,12,15,26",79,2261,3.979005813598633
calibration,6,low,"3,6,10,12,15,26",80,2086,4.110389232635498
calibration,6,low,"3,6,10,12,15,26",81,4297,3.839557409286499
calibration,6,low,"3,6,10,12,15,26",82,3993,3.381631851196289
calibration,6,low,"3,6,10,12,15,26",83,559,3.679175853729248
calibration,6,low,"3,6,10,12,15,26",84,3219,4.232944011688232
calibration,6,low,"3,6,10,12,15,26",85,3324,4.1382365226745605
calibration,6,low,"3,6,10,12,15,26",86,4366,3.8249855041503906
calibration,6,low,"3,6,10,12,15,26",87,323,4.03995418548584
calibration,6,low,"3,6,10,12,15,26",88,3151,3.8178563117980957
calibration,6,low,"3,6,10,12,15,26",89,2912,3.4938530921936035
calibration,6,low,"3,6,10,12,15,26",90,2892,4.192625522613525
calibration,6,low,"3,6,10,12,15,26",91,1031,4.22686767578125
calibration,6,low,"3,6,10,12,15,26",92,2905,3.056471109390259
calibration,6,low,"3,6,10,12,15,26",93,1747,3.9344968795776367
calibration,6,low,"3,6,10,12,15,26",94,1426,4.123739719390869
calibration,6,low,"3,6,10,12,15,26",95,1288,3.656348943710327
calibration,6,low,"3,6,10,12,21,24",0,720,4.562548637390137
calibration,6,low,"3,6,10,12,21,24",1,3796,4.301663398742676
calibration,6,low,"3,6,10,12,21,24",2,2979,4.106015682220459
calibration,6,low,"3,6,10,12,21,24",3,3195,4.244223594665527
calibration,6,low,"3,6,10,12,21,24",4,3348,4.72865629196167
calibration,6,low,"3,6,10,12,21,24",5,636,4.045477867126465
calibration,6,low,"3,6,10,12,21,24",6,655,4.189731121063232
calibration,6,low,"3,6,10,12,21,24",7,4470,4.042304515838623
calibration,6,low,"3,6,10,12,21,24",8,3767,3.7059061527252197
calibration,6,low,"3,6,10,12,21,24",9,1123,4.027040004730225
calibration,6,low,"3,6,10,12,21,24",10,1907,4.077809810638428
calibration,6,low,"3,6,10,12,21,24",11,4325,4.472899436950684
calibration,6,low,"3,6,10,12,21,24",12,3374,4.298232555389404
calibration,6,low,"3,6,10,12,21,24",13,552,3.853320598602295
calibration,6,low,"3,6,10,12,21,24",14,1983,4.528050899505615
calibration,6,low,"3,6,10,12,21,24",15,279,4.3886399269104
calibration,6,low,"3,6,10,12,21,24",16,3116,4.376089096069336
calibration,6,low,"3,6,10,12,21,24",17,3247,4.725462436676025
calibration,6,low,"3,6,10,12,21,24",18,4798,4.4348978996276855
calibration,6,low,"3,6,10,12,21,24",19,2782,4.174628257751465
calibration,6,low,"3,6,10,12,21,24",20,2029,4.227182865142822
calibration,6,low,"3,6,10,12,21,24",21,3681,4.086700439453125
calibration,6,low,"3,6,10,12,21,24",22,252,3.739720106124878
calibration,6,low,"3,6,10,12,21,24",23,2694,4.014813423156738
calibration,6,low,"3,6,10,12,21,24",24,1696,4.574348449707031
calibration,6,low,"3,6,10,12,21,24",25,1,4.409731864929199
calibration,6,low,"3,6,10,12,21,24",26,1432,4.006192684173584
calibration,6,low,"3,6,10,12,21,24",27,3131,4.370026588439941
calibration,6,low,"3,6,10,12,21,24",28,4718,4.394410610198975
calibration,6,low,"3,6,10,12,21,24",29,2055,3.942718744277954
calibration,6,low,"3,6,10,12,21,24",30,4817,4.246086597442627
calibration,6,low,"3,6,10,12,21,24",31,2110,4.067495346069336
calibration,6,low,"3,6,10,12,21,24",32,4972,4.072749614715576
calibration,6,low,"3,6,10,12,21,24",33,3779,3.7050275802612305
calibration,6,low,"3,6,10,12,21,24",34,4553,2.8005073070526123
calibration,6,low,"3,6,10,12,21,24",35,4505,3.9304277896881104
calibration,6,low,"3,6,10,12,21,24",36,779,4.392816066741943
calibration,6,low,"3,6,10,12,21,24",37,375,4.360065937042236
calibration,6,low,"3,6,10,12,21,24",38,3175,4.284371852874756
calibration,6,low,"3,6,10,12,21,24",39,1099,3.928661346435547
calibration,6,low,"3,6,10,12,21,24",40,3387,4.798142910003662
calibration,6,low,"3,6,10,12,21,24",41,3081,3.51237416267395
calibration,6,low,"3,6,10,12,21,24",42,461,3.7862441539764404
calibration,6,low,"3,6,10,12,21,24",43,429,4.5617194175720215
calibration,6,low,"3,6,10,12,21,24",44,2649,4.6023077964782715
calibration,6,low,"3,6,10,12,21,24",45,1815,3.8652048110961914
calibration,6,low,"3,6,10,12,21,24",46,4318,4.3010172843933105
calibration,6,low,"3,6,10,12,21,24",47,226,4.37671422958374
calibration,6,low,"3,6,10,12,21,24",48,4210,4.32550573348999
calibration,6,low,"3,6,10,12,21,24",49,892,3.955051898956299
calibration,6,low,"3,6,10,12,21,24",50,2021,4.06535005569458
calibration,6,low,"3,6,10,12,21,24",51,2579,3.886441707611084
calibration,6,low,"3,6,10,12,21,24",52,2843,4.077686786651611
calibration,6,low,"3,6,10,12,21,24",53,2661,3.4230284690856934
calibration,6,low,"3,6,10,12,21,24",54,426,4.576149940490723
calibration,6,low,"3,6,10,12,21,24",55,768,4.627556324005127
calibration,6,low,"3,6,10,12,21,24",56,2163,4.233857154846191
calibration,6,low,"3,6,10,12,21,24",57,2378,4.280731201171875
calibration,6,low,"3,6,10,12,21,24",58,1777,4.5159525871276855
calibration,6,low,"3,6,10,12,21,24",59,2019,3.8982155323028564
calibration,6,low,"3,6,10,12,21,24",60,611,4.006620407104492
calibration,6,low,"3,6,10,12,21,24",61,1632,4.309582710266113
calibration,6,low,"3,6,10,12,21,24",62,1668,3.664684534072876
calibration,6,low,"3,6,10,12,21,24",63,2131,3.9269328117370605
calibration,6,low,"3,6,10,12,21,24",64,4582,1.715512752532959
calibration,6,low,"3,6,10,12,21,24",65,3185,3.9436094760894775
calibration,6,low,"3,6,10,12,21,24",66,3604,4.029620170593262
calibration,6,low,"3,6,10,12,21,24",67,2688,4.244411468505859
calibration,6,low,"3,6,10,12,21,24",68,1024,4.333193302154541
calibration,6,low,"3,6,10,12,21,24",69,3447,4.531355381011963
calibration,6,low,"3,6,10,12,21,24",70,1624,3.8211312294006348
calibration,6,low,"3,6,10,12,21,24",71,683,3.5052239894866943
calibration,6,low,"3,6,10,12,21,24",72,3712,4.233296871185303
calibration,6,low,"3,6,10,12,21,24",73,4597,3.298037052154541
calibration,6,low,"3,6,10,12,21,24",74,2003,4.149601459503174
calibration,6,low,"3,6,10,12,21,24",75,38,4.247225284576416
calibration,6,low,"3,6,10,12,21,24",76,2557,3.8532023429870605
calibration,6,low,"3,6,10,12,21,24",77,648,4.312682628631592
calibration,6,low,"3,6,10,12,21,24",78,2091,3.6093544960021973
calibration,6,low,"3,6,10,12,21,24",79,2261,4.314299583435059
calibration,6,low,"3,6,10,12,21,24",80,2086,4.371842384338379
calibration,6,low,"3,6,10,12,21,24",81,4297,4.224809169769287
calibration,6,low,"3,6,10,12,21,24",82,3993,3.551913261413574
calibration,6,low,"3,6,10,12,21,24",83,559,4.037465572357178
calibration,6,low,"3,6,10,12,21,24",84,3219,4.64987850189209
calibration,6,low,"3,6,10,12,21,24",85,3324,4.6002349853515625
calibration,6,low,"3,6,10,12,21,24",86,4366,4.317028522491455
calibration,6,low,"3,6,10,12,21,24",87,323,4.259725570678711
calibration,6,low,"3,6,10,12,21,24",88,3151,4.0674214363098145
calibration,6,low,"3,6,10,12,21,24",89,2912,3.8089234828948975
calibration,6,low,"3,6,10,12,21,24",90,2892,4.449335098266602
calibration,6,low,"3,6,10,12,21,24",91,1031,4.582940101623535
calibration,6,low,"3,6,10,12,21,24",92,2905,3.324836492538452
calibration,6,low,"3,6,10,12,21,24",93,1747,4.321269989013672
calibration,6,low,"3,6,10,12,21,24",94,1426,4.445211410522461
calibration,6,low,"3,6,10,12,21,24",95,1288,4.161381244659424
calibration,6,low,"3,6,12,17,19,21",0,720,4.588301658630371
calibration,6,low,"3,6,12,17,19,21",1,3796,4.352442264556885
calibration,6,low,"3,6,12,17,19,21",2,2979,4.008308410644531
calibration,6,low,"3,6,12,17,19,21",3,3195,4.160543441772461
calibration,6,low,"3,6,12,17,19,21",4,3348,4.116717338562012
calibration,6,low,"3,6,12,17,19,21",5,636,4.140824794769287
calibration,6,low,"3,6,12,17,19,21",6,655,4.07034969329834
calibration,6,low,"3,6,12,17,19,21",7,4470,4.103705883026123
calibration,6,low,"3,6,12,17,19,21",8,3767,3.7608225345611572
calibration,6,low,"3,6,12,17,19,21",9,1123,3.996674060821533
calibration,6,low,"3,6,12,17,19,21",10,1907,4.029572486877441
calibration,6,low,"3,6,12,17,19,21",11,4325,4.367362976074219
calibration,6,low,"3,6,12,17,19,21",12,3374,4.451040744781494
calibration,6,low,"3,6,12,17,19,21",13,552,3.6804161071777344
calibration,6,low,"3,6,12,17,19,21",14,1983,4.424030780792236
calibration,6,low,"3,6,12,17,19,21",15,279,4.089231014251709
calibration,6,low,"3,6,12,17,19,21",16,3116,4.3604841232299805
calibration,6,low,"3,6,12,17,19,21",17,3247,4.5245771408081055
calibration,6,low,"3,6,12,17,19,21",18,4798,4.26288366317749
calibration,6,low,"3,6,12,17,19,21",19,2782,3.9928770065307617
calibration,6,low,"3,6,12,17,19,21",20,2029,4.162662506103516
calibration,6,low,"3,6,12,17,19,21",21,3681,4.050889492034912
calibration,6,low,"3,6,12,17,19,21",22,252,3.660618782043457
calibration,6,low,"3,6,12,17,19,21",23,2694,4.048758029937744
calibration,6,low,"3,6,12,17,19,21",24,1696,4.469168663024902
calibration,6,low,"3,6,12,17,19,21",25,1,4.360766410827637
calibration,6,low,"3,6,12,17,19,21",26,1432,4.135689735412598
calibration,6,low,"3,6,12,17,19,21",27,3131,4.41620397567749
calibration,6,low,"3,6,12,17,19,21",28,4718,4.333345890045166
calibration,6,low,"3,6,12,17,19,21",29,2055,3.9525563716888428
calibration,6,low,"3,6,12,17,19,21",30,4817,4.176197052001953
calibration,6,low,"3,6,12,17,19,21",31,2110,3.9934749603271484
calibration,6,low,"3,6,12,17,19,21",32,4972,3.9498133659362793
calibration,6,low,"3,6,12,17,19,21",33,3779,3.6178414821624756
calibration,6,low,"3,6,12,17,19,21",34,4553,2.925349235534668
calibration,6,low,"3,6,12,17,19,21",35,4505,4.051135540008545
calibration,6,low,"3,6,12,17,19,21",36,779,4.405993461608887
calibration,6,low,"3,6,12,17,19,21",37,375,4.388882160186768
calibration,6,low,"3,6,12,17,19,21",38,3175,4.20768404006958
calibration,6,low,"3,6,12,17,19,21",39,1099,3.732039451599121
calibration,6,low,"3,6,12,17,19,21",40,3387,4.79248571395874
calibration,6,low,"3,6,12,17,19,21",41,3081,3.3776237964630127
calibration,6,low,"3,6,12,17,19,21",42,461,3.8699426651000977
calibration,6,low,"3,6,12,17,19,21",43,429,4.328176498413086
calibration,6,low,"3,6,12,17,19,21",44,2649,4.49788761138916
calibration,6,low,"3,6,12,17,19,21",45,1815,3.7785027027130127
calibration,6,low,"3,6,12,17,19,21",46,4318,4.14753532409668
calibration,6,low,"3,6,12,17,19,21",47,226,4.264330863952637
calibration,6,low,"3,6,12,17,19,21",48,4210,4.238920211791992
calibration,6,low,"3,6,12,17,19,21",49,892,3.8720908164978027
calibration,6,low,"3,6,12,17,19,21",50,2021,4.076480865478516
calibration,6,low,"3,6,12,17,19,21",51,2579,3.69622540473938
calibration,6,low,"3,6,12,17,19,21",52,2843,3.9401473999023438
calibration,6,low,"3,6,12,17,19,21",53,2661,3.532482385635376
calibration,6,low,"3,6,12,17,19,21",54,426,4.330221176147461
calibration,6,low,"3,6,12,17,19,21",55,768,4.498481273651123
calibration,6,low,"3,6,12,17,19,21",56,2163,4.287529945373535
calibration,6,low,"3,6,12,17,19,21",57,2378,4.056530475616455
calibration,6,low,"3,6,12,17,19,21",58,1777,4.420794486999512
calibration,6,low,"3,6,12,17,19,21",59,2019,3.9038729667663574
calibration,6,low,"3,6,12,17,19,21",60,611,3.997302293777466
calibration,6,low,"3,6,12,17,19,21",61,1632,4.255094528198242
calibration,6,low,"3,6,12,17,19,21",62,1668,3.599076986312866
calibration,6,low,"3,6,12,17,19,21",63,2131,3.940335988998413
calibration,6,low,"3,6,12,17,19,21",64,4582,2.257589340209961
calibration,6,low,"3,6,12,17,19,21",65,3185,3.867473840713501
calibration,6,low,"3,6,12,17,19,21",66,3604,3.9592792987823486
calibration,6,low,"3,6,12,17,19,21",67,2688,4.303486347198486
calibration,6,low,"3,6,12,17,19,21",68,1024,4.255611896514893
calibration,6,low,"3,6,12,17,19,21",69,3447,4.555917263031006
calibration,6,low,"3,6,12,17,19,21",70,1624,3.9983441829681396
calibration,6,low,"3,6,12,17,19,21",71,683,3.4451723098754883
calibration,6,low,"3,6,12,17,19,21",72,3712,4.279609203338623
calibration,6,low,"3,6,12,17,19,21",73,4597,3.297133207321167
calibration,6,low,"3,6,12,17,19,21",74,2003,4.272586822509766
calibration,6,low,"3,6,12,17,19,21",75,38,4.210739612579346
calibration,6,low,"3,6,12,17,19,21",76,2557,3.9332549571990967
calibration,6,low,"3,6,12,17,19,21",77,648,4.448351860046387
calibration,6,low,"3,6,12,17,19,21",78,2091,3.7639613151550293
calibration,6,low,"3,6,12,17,19,21",79,2261,4.390797138214111
calibration,6,low,"3,6,12,17,19,21",80,2086,4.311612129211426
calibration,6,low,"3,6,12,17,19,21",81,4297,4.046710014343262
calibration,6,low,"3,6,12,17,19,21",82,3993,3.7771964073181152
calibration,6,low,"3,6,12,17,19,21",83,559,3.9428515434265137
calibration,6,low,"3,6,12,17,19,21",84,3219,4.536084175109863
calibration,6,low,"3,6,12,17,19,21",85,3324,4.6805195808410645
calibration,6,low,"3,6,12,17,19,21",86,4366,4.136831283569336
calibration,6,low,"3,6,12,17,19,21",87,323,4.338863372802734
calibration,6,low,"3,6,12,17,19,21",88,3151,4.129302501678467
calibration,6,low,"3,6,12,17,19,21",89,2912,3.808485984802246
calibration,6,low,"3,6,12,17,19,21",90,2892,4.4395318031311035
calibration,6,low,"3,6,12,17,19,21",91,1031,4.592926502227783
calibration,6,low,"3,6,12,17,19,21",92,2905,3.787282705307007
calibration,6,low,"3,6,12,17,19,21",93,1747,4.2227277755737305
calibration,6,low,"3,6,12,17,19,21",94,1426,4.317129135131836
calibration,6,low,"3,6,12,17,19,21",95,1288,4.053499221801758
calibration,6,low,"3,6,15,17,21,24",0,720,4.420191287994385
calibration,6,low,"3,6,15,17,21,24",1,3796,4.3504486083984375
calibration,6,low,"3,6,15,17,21,24",2,2979,4.089598655700684
calibration,6,low,"3,6,15,17,21,24",3,3195,4.070244789123535
calibration,6,low,"3,6,15,17,21,24",4,3348,4.2674431800842285
calibration,6,low,"3,6,15,17,21,24",5,636,3.9101085662841797
calibration,6,low,"3,6,15,17,21,24",6,655,4.342658519744873
calibration,6,low,"3,6,15,17,21,24",7,4470,4.099252700805664
calibration,6,low,"3,6,15,17,21,24",8,3767,3.6011698246002197
calibration,6,low,"3,6,15,17,21,24",9,1123,3.9246761798858643
calibration,6,low,"3,6,15,17,21,24",10,1907,4.025404453277588
calibration,6,low,"3,6,15,17,21,24",11,4325,4.329284191131592
calibration,6,low,"3,6,15,17,21,24",12,3374,4.0947442054748535
calibration,6,low,"3,6,15,17,21,24",13,552,3.7521796226501465
calibration,6,low,"3,6,15,17,21,24",14,1983,4.212187767028809
calibration,6,low,"3,6,15,17,21,24",15,279,3.992502212524414
calibration,6,low,"3,6,15,17,21,24",16,3116,4.230798244476318
calibration,6,low,"3,6,15,17,21,24",17,3247,4.51133394241333
calibration,6,low,"3,6,15,17,21,24",18,4798,4.228757381439209
calibration,6,low,"3,6,15,17,21,24",19,2782,4.064919471740723
calibration,6,low,"3,6,15,17,21,24",20,2029,4.0388360023498535
calibration,6,low,"3,6,15,17,21,24",21,3681,3.953045129776001
calibration,6,low,"3,6,15,17,21,24",22,252,3.6003525257110596
calibration,6,low,"3,6,15,17,21,24",23,2694,3.819876194000244
calibration,6,low,"3,6,15,17,21,24",24,1696,4.445022106170654
calibration,6,low,"3,6,15,17,21,24",25,1,4.439873695373535
calibration,6,low,"3,6,15,17,21,24",26,1432,3.9119205474853516
calibration,6,low,"3,6,15,17,21,24",27,3131,4.316943168640137
calibration,6,low,"3,6,15,17,21,24",28,4718,4.252652168273926
calibration,6,low,"3,6,15,17,21,24",29,2055,3.6689939498901367
calibration,6,low,"3,6,15,17,21,24",30,4817,4.008810043334961
calibration,6,low,"3,6,15,17,21,24",31,2110,3.891134738922119
calibration,6,low,"3,6,15,17,21,24",32,4972,3.9208526611328125
calibration,6,low,"3,6,15,17,21,24",33,3779,3.602327585220337
calibration,6,low,"3,6,15,17,21,24",34,4553,2.701230525970459
calibration,6,low,"3,6,15,17,21,24",35,4505,3.819963216781616
calibration,6,low,"3,6,15,17,21,24",36,779,4.123547554016113
calibration,6,low,"3,6,15,17,21,24",37,375,4.410061359405518
calibration,6,low,"3,6,15,17,21,24",38,3175,4.229488372802734
calibration,6,low,"3,6,15,17,21,24",39,1099,3.8222625255584717
calibration,6,low,"3,6,15,17,21,24",40,3387,4.6007981300354
calibration,6,low,"3,6,15,17,21,24",41,3081,3.4589459896087646
calibration,6,low,"3,6,15,17,21,24",42,461,3.616403818130493
calibration,6,low,"3,6,15,17,21,24",43,429,4.439785480499268
calibration,6,low,"3,6,15,17,21,24",44,2649,4.333265781402588
calibration,6,low,"3,6,15,17,21,24",45,1815,3.7064740657806396
calibration,6,low,"3,6,15,17,21,24",46,4318,4.068995952606201
calibration,6,low,"3,6,15,17,21,24",47,226,4.108360290527344
calibration,6,low,"3,6,15,17,21,24",48,4210,4.202675819396973
calibration,6,low,"3,6,15,17,21,24",49,892,3.716665267944336
calibration,6,low,"3,6,15,17,21,24",50,2021,3.995626449584961
calibration,6,low,"3,6,15,17,21,24",51,2579,3.675915241241455
calibration,6,low,"3,6,15,17,21,24",52,2843,3.9241108894348145
calibration,6,low,"3,6,15,17,21,24",53,2661,3.3234152793884277
calibration,6,low,"3,6,15,17,21,24",54,426,4.399019241333008
calibration,6,low,"3,6,15,17,21,24",55,768,4.460939884185791
calibration,6,low,"3,6,15,17,21,24",56,2163,4.250790119171143
calibration,6,low,"3,6,15,17,21,24",57,2378,3.996354103088379
calibration,6,low,"3,6,15,17,21,24",58,1777,4.334368705749512
calibration,6,low,"3,6,15,17,21,24",59,2019,3.7539830207824707
calibration,6,low,"3,6,15,17,21,24",60,611,3.895258903503418
calibration,6,low,"3,6,15,17,21,24",61,1632,4.1664838790893555
calibration,6,low,"3,6,15,17,21,24",62,1668,3.587975263595581
calibration,6,low,"3,6,15,17,21,24",63,2131,3.8571133613586426
calibration,6,low,"3,6,15,17,21,24",64,4582,1.6540359258651733
calibration,6,low,"3,6,15,17,21,24",65,3185,3.88735032081604
calibration,6,low,"3,6,15,17,21,24",66,3604,3.8113956451416016
calibration,6,low,"3,6,15,17,21,24",67,2688,4.206162452697754
calibration,6,low,"3,6,15,17,21,24",68,1024,4.202925205230713
calibration,6,low,"3,6,15,17,21,24",69,3447,4.303572177886963
calibration,6,low,"3,6,15,17,21,24",70,1624,3.660998582839966
calibration,6,low,"3,6,15,17,21,24",71,683,3.452852725982666
calibration,6,low,"3,6,15,17,21,24",72,3712,4.138967990875244
calibration,6,low,"3,6,15,17,21,24",73,4597,3.038937568664551
calibration,6,low,"3,6,15,17,21,24",74,2003,4.108164310455322
calibration,6,low,"3,6,15,17,21,24",75,38,4.16453742980957
calibration,6,low,"3,6,15,17,21,24",76,2557,3.6176445484161377
calibration,6,low,"3,6,15,17,21,24",77,648,4.197883605957031
calibration,6,low,"3,6,15,17,21,24",78,2091,3.551553249359131
calibration,6,low,"3,6,15,17,21,24",79,2261,4.1403045654296875
calibration,6,low,"3,6,15,17,21,24",80,2086,4.185705661773682
calibration,6,low,"3,6,15,17,21,24",81,4297,4.065381050109863
calibration,6,low,"3,6,15,17,21,24",82,3993,3.475405216217041
calibration,6,low,"3,6,15,17,21,24",83,559,3.946411371231079
calibration,6,low,"3,6,15,17,21,24",84,3219,4.490817546844482
calibration,6,low,"3,6,15,17,21,24",85,3324,4.433842182159424
calibration,6,low,"3,6,15,17,21,24",86,4366,4.3100786209106445
calibration,6,low,"3,6,15,17,21,24",87,323,4.237613677978516
calibration,6,low,"3,6,15,17,21,24",88,3151,4.048167705535889
calibration,6,low,"3,6,15,17,21,24",89,2912,3.7613983154296875
calibration,6,low,"3,6,15,17,21,24",90,2892,4.240394115447998
calibration,6,low,"3,6,15,17,21,24",91,1031,4.574333190917969
calibration,6,low,"3,6,15,17,21,24",92,2905,3.0896663665771484
calibration,6,low,"3,6,15,17,21,24",93,1747,4.124410629272461
calibration,6,low,"3,6,15,17,21,24",94,1426,4.3280534744262695
calibration,6,low,"3,6,15,17,21,24",95,1288,3.937375068664551
calibration,6,low,"3,8,10,15,19,21",0,720,4.451941013336182
calibration,6,low,"3,8,10,15,19,21",1,3796,4.3375678062438965
calibration,6,low,"3,8,10,15,19,21",2,2979,4.154784202575684
calibration,6,low,"3,8,10,15,19,21",3,3195,4.144445896148682
calibration,6,low,"3,8,10,15,19,21",4,3348,4.121184825897217
calibration,6,low,"3,8,10,15,19,21",5,636,4.0750813484191895
calibration,6,low,"3,8,10,15,19,21",6,655,3.9526219367980957
calibration,6,low,"3,8,10,15,19,21",7,4470,4.048760414123535
calibration,6,low,"3,8,10,15,19,21",8,3767,3.6275980472564697
calibration,6,low,"3,8,10,15,19,21",9,1123,3.993551254272461
calibration,6,low,"3,8,10,15,19,21",10,1907,4.03623104095459
calibration,6,low,"3,8,10,15,19,21",11,4325,4.271507740020752
calibration,6,low,"3,8,10,15,19,21",12,3374,4.330366611480713
calibration,6,low,"3,8,10,15,19,21",13,552,3.5097455978393555
calibration,6,low,"3,8,10,15,19,21",14,1983,4.4161810874938965
calibration,6,low,"3,8,10,15,19,21",15,279,3.990450382232666
calibration,6,low,"3,8,10,15,19,21",16,3116,4.250321865081787
calibration,6,low,"3,8,10,15,19,21",17,3247,4.658531188964844
calibration,6,low,"3,8,10,15,19,21",18,4798,4.292750835418701
calibration,6,low,"3,8,10,15,19,21",19,2782,3.8854241371154785
calibration,6,low,"3,8,10,15,19,21",20,2029,4.26619815826416
calibration,6,low,"3,8,10,15,19,21",21,3681,4.078200340270996
calibration,6,low,"3,8,10,15,19,21",22,252,3.6505658626556396
calibration,6,low,"3,8,10,15,19,21",23,2694,4.152692794799805
calibration,6,low,"3,8,10,15,19,21",24,1696,4.365565299987793
calibration,6,low,"3,8,10,15,19,21",25,1,4.412186622619629
calibration,6,low,"3,8,10,15,19,21",26,1432,3.8584182262420654
calibration,6,low,"3,8,10,15,19,21",27,3131,4.268517971038818
calibration,6,low,"3,8,10,15,19,21",28,4718,4.366477966308594
calibration,6,low,"3,8,10,15,19,21",29,2055,3.948033571243286
calibration,6,low,"3,8,10,15,19,21",30,4817,4.137342929840088
calibration,6,low,"3,8,10,15,19,21",31,2110,3.9541618824005127
calibration,6,low,"3,8,10,15,19,21",32,4972,3.905937910079956
calibration,6,low,"3,8,10,15,19,21",33,3779,3.4390101432800293
calibration,6,low,"3,8,10,15,19,21",34,4553,2.7723429203033447
calibration,6,low,"3,8,10,15,19,21",35,4505,3.9509944915771484
calibration,6,low,"3,8,10,15,19,21",36,779,4.056523323059082
calibration,6,low,"3,8,10,15,19,21",37,375,4.320228576660156
calibration,6,low,"3,8,10,15,19,21",38,3175,4.162497043609619
calibration,6,low,"3,8,10,15,19,21",39,1099,3.801661491394043
calibration,6,low,"3,8,10,15,19,21",40,3387,4.635923862457275
calibration,6,low,"3,8,10,15,19,21",41,3081,3.315105676651001
calibration,6,low,"3,8,10,15,19,21",42,461,3.6095917224884033
calibration,6,low,"3,8,10,15,19,21",43,429,4.365606784820557
calibration,6,low,"3,8,10,15,19,21",44,2649,4.414455413818359
calibration,6,low,"3,8,10,15,19,21",45,1815,3.9270880222320557
calibration,6,low,"3,8,10,15,19,21",46,4318,4.093564033508301
calibration,6,low,"3,8,10,15,19,21",47,226,4.227287292480469
calibration,6,low,"3,8,10,15,19,21",48,4210,4.104198455810547
calibration,6,low,"3,8,10,15,19,21",49,892,3.9816648960113525
calibration,6,low,"3,8,10,15,19,21",50,2021,4.095324993133545
calibration,6,low,"3,8,10,15,19,21",51,2579,3.6423935890197754
calibration,6,low,"3,8,10,15,19,21",52,2843,3.918290376663208
calibration,6,low,"3,8,10,15,19,21",53,2661,3.4151787757873535
calibration,6,low,"3,8,10,15,19,21",54,426,4.5193610191345215
calibration,6,low,"3,8,10,15,19,21",55,768,4.570492744445801
calibration,6,low,"3,8,10,15,19,21",56,2163,4.16519021987915
calibration,6,low,"3,8,10,15,19,21",57,2378,4.137422561645508
calibration,6,low,"3,8,10,15,19,21",58,1777,4.297048568725586
calibration,6,low,"3,8,10,15,19,21",59,2019,3.9662322998046875
calibration,6,low,"3,8,10,15,19,21",60,611,4.035272121429443
calibration,6,low,"3,8,10,15,19,21",61,1632,4.325669288635254
calibration,6,low,"3,8,10,15,19,21",62,1668,3.6032280921936035
calibration,6,low,"3,8,10,15,19,21",63,2131,3.845473289489746
calibration,6,low,"3,8,10,15,19,21",64,4582,2.0046257972717285
calibration,6,low,"3,8,10,15,19,21",65,3185,3.9241037368774414
calibration,6,low,"3,8,10,15,19,21",66,3604,3.9539263248443604
calibration,6,low,"3,8,10,15,19,21",67,2688,4.095481872558594
calibration,6,low,"3,8,10,15,19,21",68,1024,4.272944450378418
calibration,6,low,"3,8,10,15,19,21",69,3447,4.383082866668701
calibration,6,low,"3,8,10,15,19,21",70,1624,3.7823545932769775
calibration,6,low,"3,8,10,15,19,21",71,683,3.393561363220215
calibration,6,low,"3,8,10,15,19,21",72,3712,4.166545867919922
calibration,6,low,"3,8,10,15,19,21",73,4597,3.1672606468200684
calibration,6,low,"3,8,10,15,19,21",74,2003,4.1405463218688965
calibration,6,low,"3,8,10,15,19,21",75,38,4.15379524230957
calibration,6,low,"3,8,10,15,19,21",76,2557,3.756103515625
calibration,6,low,"3,8,10,15,19,21",77,648,4.214961528778076
calibration,6,low,"3,8,10,15,19,21",78,2091,3.7905831336975098
calibration,6,low,"3,8,10,15,19,21",79,2261,4.314248561859131
calibration,6,low,"3,8,10,15,19,21",80,2086,4.280613899230957
calibration,6,low,"3,8,10,15,19,21",81,4297,4.230109214782715
calibration,6,low,"3,8,10,15,19,21",82,3993,3.6362037658691406
calibration,6,low,"3,8,10,15,19,21",83,559,4.005019664764404
calibration,6,low,"3,8,10,15,19,21",84,3219,4.451508522033691
calibration,6,low,"3,8,10,15,19,21",85,3324,4.515032768249512
calibration,6,low,"3,8,10,15,19,21",86,4366,4.17218542098999
calibration,6,low,"3,8,10,15,19,21",87,323,4.396951675415039
calibration,6,low,"3,8,10,15,19,21",88,3151,3.8681740760803223
calibration,6,low,"3,8,10,15,19,21",89,2912,3.8773319721221924
calibration,6,low,"3,8,10,15,19,21",90,2892,4.342549800872803
calibration,6,low,"3,8,10,15,19,21",91,1031,4.4923930168151855
calibration,6,low,"3,8,10,15,19,21",92,2905,3.3582537174224854
calibration,6,low,"3,8,10,15,19,21",93,1747,4.124176502227783
calibration,6,low,"3,8,10,15,19,21",94,1426,4.149710178375244
calibration,6,low,"3,8,10,15,19,21",95,1288,3.8305437564849854
calibration,6,low,"3,8,12,15,17,21",0,720,4.564385414123535
calibration,6,low,"3,8,12,15,17,21",1,3796,4.259788990020752
calibration,6,low,"3,8,12,15,17,21",2,2979,3.768181085586548
calibration,6,low,"3,8,12,15,17,21",3,3195,4.0291523933410645
calibration,6,low,"3,8,12,15,17,21",4,3348,3.978416681289673
calibration,6,low,"3,8,12,15,17,21",5,636,3.978799343109131
calibration,6,low,"3,8,12,15,17,21",6,655,4.092957973480225
calibration,6,low,"3,8,12,15,17,21",7,4470,3.9420807361602783
calibration,6,low,"3,8,12,15,17,21",8,3767,3.5868332386016846
calibration,6,low,"3,8,12,15,17,21",9,1123,3.8861865997314453
calibration,6,low,"3,8,12,15,17,21",10,1907,3.906235694885254
calibration,6,low,"3,8,12,15,17,21",11,4325,4.353415012359619
calibration,6,low,"3,8,12,15,17,21",12,3374,4.194461822509766
calibration,6,low,"3,8,12,15,17,21",13,552,3.5520293712615967
calibration,6,low,"3,8,12,15,17,21",14,1983,4.236478805541992
calibration,6,low,"3,8,12,15,17,21",15,279,3.809849262237549
calibration,6,low,"3,8,12,15,17,21",16,3116,4.100580215454102
calibration,6,low,"3,8,12,15,17,21",17,3247,4.6279449462890625
calibration,6,low,"3,8,12,15,17,21",18,4798,4.15852689743042
calibration,6,low,"3,8,12,15,17,21",19,2782,3.8144569396972656
calibration,6,low,"3,8,12,15,17,21",20,2029,4.151203155517578
calibration,6,low,"3,8,12,15,17,21",21,3681,3.831778049468994
calibration,6,low,"3,8,12,15,17,21",22,252,3.669696569442749
calibration,6,low,"3,8,12,15,17,21",23,2694,4.0526628494262695
calibration,6,low,"3,8,12,15,17,21",24,1696,4.331924915313721
calibration,6,low,"3,8,12,15,17,21",25,1,4.291344165802002
calibration,6,low,"3,8,12,15,17,21",26,1432,3.7716195583343506
calibration,6,low,"3,8,12,15,17,21",27,3131,4.1899261474609375
calibration,6,low,"3,8,12,15,17,21",28,4718,4.143832683563232
calibration,6,low,"3,8,12,15,17,21",29,2055,3.8443965911865234
calibration,6,low,"3,8,12,15,17,21",30,4817,3.9900052547454834
calibration,6,low,"3,8,12,15,17,21",31,2110,4.00280237197876
calibration,6,low,"3,8,12,15,17,21",32,4972,3.753283739089966
calibration,6,low,"3,8,12,15,17,21",33,3779,3.3616409301757812
calibration,6,low,"3,8,12,15,17,21",34,4553,2.630366563796997
calibration,6,low,"3,8,12,15,17,21",35,4505,3.674755334854126
calibration,6,low,"3,8,12,15,17,21",36,779,4.149457931518555
calibration,6,low,"3,8,12,15,17,21",37,375,4.330667972564697
calibration,6,low,"3,8,12,15,17,21",38,3175,3.93498158454895
calibration,6,low,"3,8,12,15,17,21",39,1099,3.8315348625183105
calibration,6,low,"3,8,12,15,17,21",40,3387,4.686113357543945
calibration,6,low,"3,8,12,15,17,21",41,3081,3.293142080307007
calibration,6,low,"3,8,12,15,17,21",42,461,3.6265339851379395
calibration,6,low,"3,8,12,15,17,21",43,429,4.5119948387146
calibration,6,low,"3,8,12,15,17,21",44,2649,4.3222527503967285
calibration,6,low,"3,8,12,15,17,21",45,1815,3.672621726989746
calibration,6,low,"3,8,12,15,17,21",46,4318,4.048062801361084
calibration,6,low,"3,8,12,15,17,21",47,226,4.234929084777832
calibration,6,low,"3,8,12,15,17,21",48,4210,3.920891523361206
calibration,6,low,"3,8,12,15,17,21",49,892,3.692068576812744
calibration,6,low,"3,8,12,15,17,21",50,2021,3.9983534812927246
calibration,6,low,"3,8,12,15,17,21",51,2579,3.576795816421509
calibration,6,low,"3,8,12,15,17,21",52,2843,3.8300628662109375
calibration,6,low,"3,8,12,15,17,21",53,2661,3.206449508666992
calibration,6,low,"3,8,12,15,17,21",54,426,4.352534294128418
calibration,6,low,"3,8,12,15,17,21",55,768,4.604004859924316
calibration,6,low,"3,8,12,15,17,21",56,2163,4.06109619140625
calibration,6,low,"3,8,12,15,17,21",57,2378,3.9697790145874023
calibration,6,low,"3,8,12,15,17,21",58,1777,4.160173416137695
calibration,6,low,"3,8,12,15,17,21",59,2019,3.7684738636016846
calibration,6,low,"3,8,12,15,17,21",60,611,3.9957425594329834
calibration,6,low,"3,8,12,15,17,21",61,1632,4.083184242248535
calibration,6,low,"3,8,12,15,17,21",62,1668,3.442873001098633
calibration,6,low,"3,8,12,15,17,21",63,2131,3.6483042240142822
calibration,6,low,"3,8,12,15,17,21",64,4582,1.8518952131271362
calibration,6,low,"3,8,12,15,17,21",65,3185,3.583980083465576
calibration,6,low,"3,8,12,15,17,21",66,3604,3.846560478210449
calibration,6,low,"3,8,12,15,17,21",67,2688,3.8909192085266113
calibration,6,low,"3,8,12,15,17,21",68,1024,4.108632564544678
calibration,6,low,"3,8,12,15,17,21",69,3447,4.189821720123291
calibration,6,low,"3,8,12,15,17,21",70,1624,3.770968437194824
calibration,6,low,"3,8,12,15,17,21",71,683,3.286738157272339
calibration,6,low,"3,8,12,15,17,21",72,3712,4.08358907699585
calibration,6,low,"3,8,12,15,17,21",73,4597,2.935487747192383
calibration,6,low,"3,8,12,15,17,21",74,2003,4.120472431182861
calibration,6,low,"3,8,12,15,17,21",75,38,4.111089706420898
calibration,6,low,"3,8,12,15,17,21",76,2557,3.718050003051758
calibration,6,low,"3,8,12,15,17,21",77,648,4.240900993347168
calibration,6,low,"3,8,12,15,17,21",78,2091,3.7241287231445312
calibration,6,low,"3,8,12,15,17,21",79,2261,4.280463695526123
calibration,6,low,"3,8,12,15,17,21",80,2086,4.1788811683654785
calibration,6,low,"3,8,12,15,17,21",81,4297,4.029666423797607
calibration,6,low,"3,8,12,15,17,21",82,3993,3.4765865802764893
calibration,6,low,"3,8,12,15,17,21",83,559,3.9225475788116455
calibration,6,low,"3,8,12,15,17,21",84,3219,4.366502285003662
calibration,6,low,"3,8,12,15,17,21",85,3324,4.2855353355407715
calibration,6,low,"3,8,12,15,17,21",86,4366,4.128192901611328
calibration,6,low,"3,8,12,15,17,21",87,323,4.194886684417725
calibration,6,low,"3,8,12,15,17,21",88,3151,3.9887938499450684
calibration,6,low,"3,8,12,15,17,21",89,2912,3.768598794937134
calibration,6,low,"3,8,12,15,17,21",90,2892,4.371170997619629
calibration,6,low,"3,8,12,15,17,21",91,1031,4.460091590881348
calibration,6,low,"3,8,12,15,17,21",92,2905,3.2288146018981934
calibration,6,low,"3,8,12,15,17,21",93,1747,4.2220659255981445
calibration,6,low,"3,8,12,15,17,21",94,1426,4.194453716278076
calibration,6,low,"3,8,12,15,17,21",95,1288,3.7243247032165527
calibration,6,low,"6,8,10,12,21,24",0,720,4.5887370109558105
calibration,6,low,"6,8,10,12,21,24",1,3796,4.356409549713135
calibration,6,low,"6,8,10,12,21,24",2,2979,4.282084941864014
calibration,6,low,"6,8,10,12,21,24",3,3195,4.2987141609191895
calibration,6,low,"6,8,10,12,21,24",4,3348,4.293612957000732
calibration,6,low,"6,8,10,12,21,24",5,636,4.164313316345215
calibration,6,low,"6,8,10,12,21,24",6,655,4.1404709815979
calibration,6,low,"6,8,10,12,21,24",7,4470,4.2255964279174805
calibration,6,low,"6,8,10,12,21,24",8,3767,3.889089584350586
calibration,6,low,"6,8,10,12,21,24",9,1123,3.9890170097351074
calibration,6,low,"6,8,10,12,21,24",10,1907,4.149622440338135
calibration,6,low,"6,8,10,12,21,24",11,4325,4.463066577911377
calibration,6,low,"6,8,10,12,21,24",12,3374,4.287949085235596
calibration,6,low,"6,8,10,12,21,24",13,552,3.982617139816284
calibration,6,low,"6,8,10,12,21,24",14,1983,4.440667152404785
calibration,6,low,"6,8,10,12,21,24",15,279,4.063928604125977
calibration,6,low,"6,8,10,12,21,24",16,3116,4.334856033325195
calibration,6,low,"6,8,10,12,21,24",17,3247,4.7414021492004395
calibration,6,low,"6,8,10,12,21,24",18,4798,4.425238609313965
calibration,6,low,"6,8,10,12,21,24",19,2782,4.035057067871094
calibration,6,low,"6,8,10,12,21,24",20,2029,4.2966790199279785
calibration,6,low,"6,8,10,12,21,24",21,3681,4.185360431671143
calibration,6,low,"6,8,10,12,21,24",22,252,3.847490072250366
calibration,6,low,"6,8,10,12,21,24",23,2694,4.127012729644775
calibration,6,low,"6,8,10,12,21,24",24,1696,4.46115255355835
calibration,6,low,"6,8,10,12,21,24",25,1,4.498968124389648
calibration,6,low,"6,8,10,12,21,24",26,1432,4.0405592918396
calibration,6,low,"6,8,10,12,21,24",27,3131,4.306901454925537
calibration,6,low,"6,8,10,12,21,24",28,4718,4.561493396759033
calibration,6,low,"6,8,10,12,21,24",29,2055,4.182313442230225
calibration,6,low,"6,8,10,12,21,24",30,4817,4.165034294128418
calibration,6,low,"6,8,10,12,21,24",31,2110,3.969001293182373
calibration,6,low,"6,8,10,12,21,24",32,4972,4.0371904373168945
calibration,6,low,"6,8,10,12,21,24",33,3779,3.678766965866089
calibration,6,low,"6,8,10,12,21,24",34,4553,2.8955793380737305
calibration,6,low,"6,8,10,12,21,24",35,4505,4.0906081199646
calibration,6,low,"6,8,10,12,21,24",36,779,4.292935371398926
calibration,6,low,"6,8,10,12,21,24",37,375,4.486588954925537
calibration,6,low,"6,8,10,12,21,24",38,3175,4.243585586547852
calibration,6,low,"6,8,10,12,21,24",39,1099,3.727293014526367
calibration,6,low,"6,8,10,12,21,24",40,3387,4.758357048034668
calibration,6,low,"6,8,10,12,21,24",41,3081,3.541947364807129
calibration,6,low,"6,8,10,12,21,24",42,461,3.9190866947174072
calibration,6,low,"6,8,10,12,21,24",43,429,4.688223361968994
calibration,6,low,"6,8,10,12,21,24",44,2649,4.513444423675537
calibration,6,low,"6,8,10,12,21,24",45,1815,3.916210412979126
calibration,6,low,"6,8,10,12,21,24",46,4318,4.392164707183838
calibration,6,low,"6,8,10,12,21,24",47,226,4.320501804351807
calibration,6,low,"6,8,10,12,21,24",48,4210,4.395363807678223
calibration,6,low,"6,8,10,12,21,24",49,892,3.9655375480651855
calibration,6,low,"6,8,10,12,21,24",50,2021,4.118846893310547
calibration,6,low,"6,8,10,12,21,24",51,2579,4.015925407409668
calibration,6,low,"6,8,10,12,21,24",52,2843,4.135908603668213
calibration,6,low,"6,8,10,12,21,24",53,2661,3.6281332969665527
calibration,6,low,"6,8,10,12,21,24",54,426,4.5396528244018555
calibration,6,low,"6,8,10,12,21,24",55,768,4.626874923706055
calibration,6,low,"6,8,10,12,21,24",56,2163,4.292593002319336
calibration,6,low,"6,8,10,12,21,24",57,2378,4.294121742248535
calibration,6,low,"6,8,10,12,21,24",58,1777,4.457442283630371
calibration,6,low,"6,8,10,12,21,24",59,2019,3.89825177192688
calibration,6,low,"6,8,10,12,21,24",60,611,4.07683801651001
calibration,6,low,"6,8,10,12,21,24",61,1632,4.503589630126953
calibration,6,low,"6,8,10,12,21,24",62,1668,3.530332088470459
calibration,6,low,"6,8,10,12,21,24",63,2131,3.9250500202178955
calibration,6,low,"6,8,10,12,21,24",64,4582,1.6014043092727661
calibration,6,low,"6,8,10,12,21,24",65,3185,3.9178216457366943
calibration,6,low,"6,8,10,12,21,24",66,3604,4.1539788246154785
calibration,6,low,"6,8,10,12,21,24",67,2688,4.324878215789795
calibration,6,low,"6,8,10,12,21,24",68,1024,4.476395606994629
calibration,6,low,"6,8,10,12,21,24",69,3447,4.459447383880615
calibration,6,low,"6,8,10,12,21,24",70,1624,3.770944833755493
calibration,6,low,"6,8,10,12,21,24",71,683,3.6271615028381348
calibration,6,low,"6,8,10,12,21,24",72,3712,4.215460300445557
calibration,6,low,"6,8,10,12,21,24",73,4597,3.2623305320739746
calibration,6,low,"6,8,10,12,21,24",74,2003,4.199031829833984
calibration,6,low,"6,8,10,12,21,24",75,38,4.353559494018555
calibration,6,low,"6,8,10,12,21,24",76,2557,3.8207597732543945
calibration,6,low,"6,8,10,12,21,24",77,648,4.161959648132324
calibration,6,low,"6,8,10,12,21,24",78,2091,3.6545510292053223
calibration,6,low,"6,8,10,12,21,24",79,2261,4.323846817016602
calibration,6,low,"6,8,10,12,21,24",80,2086,4.322713851928711
calibration,6,low,"6,8,10,12,21,24",81,4297,4.212371826171875
calibration,6,low,"6,8,10,12,21,24",82,3993,3.7559492588043213
calibration,6,low,"6,8,10,12,21,24",83,559,4.077627658843994
calibration,6,low,"6,8,10,12,21,24",84,3219,4.820074558258057
calibration,6,low,"6,8,10,12,21,24",85,3324,4.711911201477051
calibration,6,low,"6,8,10,12,21,24",86,4366,4.270947456359863
calibration,6,low,"6,8,10,12,21,24",87,323,4.450894832611084
calibration,6,low,"6,8,10,12,21,24",88,3151,4.091322898864746
calibration,6,low,"6,8,10,12,21,24",89,2912,3.8650858402252197
calibration,6,low,"6,8,10,12,21,24",90,2892,4.327284812927246
calibration,6,low,"6,8,10,12,21,24",91,1031,4.674057483673096
calibration,6,low,"6,8,10,12,21,24",92,2905,3.3814024925231934
calibration,6,low,"6,8,10,12,21,24",93,1747,4.467871189117432
calibration,6,low,"6,8,10,12,21,24",94,1426,4.441551685333252
calibration,6,low,"6,8,10,12,21,24",95,1288,4.060233116149902
calibration,6,low,"6,8,10,15,17,21",0,720,4.09214448928833
calibration,6,low,"6,8,10,15,17,21",1,3796,3.9695558547973633
calibration,6,low,"6,8,10,15,17,21",2,2979,3.710254430770874
calibration,6,low,"6,8,10,15,17,21",3,3195,3.74027156829834
calibration,6,low,"6,8,10,15,17,21",4,3348,3.7599399089813232
calibration,6,low,"6,8,10,15,17,21",5,636,3.6223092079162598
calibration,6,low,"6,8,10,15,17,21",6,655,3.6867382526397705
calibration,6,low,"6,8,10,15,17,21",7,4470,3.825693130493164
calibration,6,low,"6,8,10,15,17,21",8,3767,3.4430923461914062
calibration,6,low,"6,8,10,15,17,21",9,1123,3.519531726837158
calibration,6,low,"6,8,10,15,17,21",10,1907,3.683459997177124
calibration,6,low,"6,8,10,15,17,21",11,4325,3.9722132682800293
calibration,6,low,"6,8,10,15,17,21",12,3374,3.80869722366333
calibration,6,low,"6,8,10,15,17,21",13,552,3.364488124847412
calibration,6,low,"6,8,10,15,17,21",14,1983,3.8532400131225586
calibration,6,low,"6,8,10,15,17,21",15,279,3.583153247833252
calibration,6,low,"6,8,10,15,17,21",16,3116,3.8958330154418945
calibration,6,low,"6,8,10,15,17,21",17,3247,4.295096397399902
calibration,6,low,"6,8,10,15,17,21",18,4798,3.9642093181610107
calibration,6,low,"6,8,10,15,17,21",19,2782,3.587306022644043
calibration,6,low,"6,8,10,15,17,21",20,2029,3.84125018119812
calibration,6,low,"6,8,10,15,17,21",21,3681,3.731581926345825
calibration,6,low,"6,8,10,15,17,21",22,252,3.3883213996887207
calibration,6,low,"6,8,10,15,17,21",23,2694,3.5917773246765137
calibration,6,low,"6,8,10,15,17,21",24,1696,4.023172855377197
calibration,6,low,"6,8,10,15,17,21",25,1,4.127350330352783
calibration,6,low,"6,8,10,15,17,21",26,1432,3.6887311935424805
calibration,6,low,"6,8,10,15,17,21",27,3131,4.026236057281494
calibration,6,low,"6,8,10,15,17,21",28,4718,3.8911795616149902
calibration,6,low,"6,8,10,15,17,21",29,2055,3.4764020442962646
calibration,6,low,"6,8,10,15,17,21",30,4817,3.7659785747528076
calibration,6,low,"6,8,10,15,17,21",31,2110,3.7063422203063965
calibration,6,low,"6,8,10,15,17,21",32,4972,3.5112433433532715
calibration,6,low,"6,8,10,15,17,21",33,3779,3.14621639251709
calibration,6,low,"6,8,10,15,17,21",34,4553,2.5393004417419434
calibration,6,low,"6,8,10,15,17,21",35,4505,3.508368730545044
calibration,6,low,"6,8,10,15,17,21",36,779,3.724935293197632
calibration,6,low,"6,8,10,15,17,21",37,375,4.00264310836792
calibration,6,low,"6,8,10,15,17,21",38,3175,3.7486908435821533
calibration,6,low,"6,8,10,15,17,21",39,1099,3.45640230178833
calibration,6,low,"6,8,10,15,17,21",40,3387,4.303939342498779
calibration,6,low,"6,8,10,15,17,21",41,3081,3.123913288116455
calibration,6,low,"6,8,10,15,17,21",42,461,3.2744359970092773
calibration,6,low,"6,8,10,15,17,21",43,429,3.9471213817596436
calibration,6,low,"6,8,10,15,17,21",44,2649,3.876056671142578
calibration,6,low,"6,8,10,15,17,21",45,1815,3.3908588886260986
calibration,6,low,"6,8,10,15,17,21",46,4318,3.7504730224609375
calibration,6,low,"6,8,10,15,17,21",47,226,3.875415325164795
calibration,6,low,"6,8,10,15,17,21",48,4210,3.7858870029449463
calibration,6,low,"6,8,10,15,17,21",49,892,3.4473016262054443
calibration,6,low,"6,8,10,15,17,21",50,2021,3.70351505279541
calibration,6,low,"6,8,10,15,17,21",51,2579,3.516242742538452
calibration,6,low,"6,8,10,15,17,21",52,2843,3.6662440299987793
calibration,6,low,"6,8,10,15,17,21",53,2661,3.104790210723877
calibration,6,low,"6,8,10,15,17,21",54,426,3.9850683212280273
calibration,6,low,"6,8,10,15,17,21",55,768,4.245029926300049
calibration,6,low,"6,8,10,15,17,21",56,2163,3.9106640815734863
calibration,6,low,"6,8,10,15,17,21",57,2378,3.759766101837158
calibration,6,low,"6,8,10,15,17,21",58,1777,3.9159457683563232
calibration,6,low,"6,8,10,15,17,21",59,2019,3.4077064990997314
calibration,6,low,"6,8,10,15,17,21",60,611,3.753910541534424
calibration,6,low,"6,8,10,15,17,21",61,1632,3.922576427459717
calibration,6,low,"6,8,10,15,17,21",62,1668,3.187854051589966
calibration,6,low,"6,8,10,15,17,21",63,2131,3.400092363357544
calibration,6,low,"6,8,10,15,17,21",64,4582,1.5389103889465332
calibration,6,low,"6,8,10,15,17,21",65,3185,3.438908815383911
calibration,6,low,"6,8,10,15,17,21",66,3604,3.5512540340423584
calibration,6,low,"6,8,10,15,17,21",67,2688,3.7196993827819824
calibration,6,low,"6,8,10,15,17,21",68,1024,3.923105239868164
calibration,6,low,"6,8,10,15,17,21",69,3447,3.8956475257873535
calibration,6,low,"6,8,10,15,17,21",70,1624,3.4156975746154785
calibration,6,low,"6,8,10,15,17,21",71,683,3.022698163986206
calibration,6,low,"6,8,10,15,17,21",72,3712,3.8354814052581787
calibration,6,low,"6,8,10,15,17,21",73,4597,2.8912036418914795
calibration,6,low,"6,8,10,15,17,21",74,2003,3.9170613288879395
calibration,6,low,"6,8,10,15,17,21",75,38,3.9423909187316895
calibration,6,low,"6,8,10,15,17,21",76,2557,3.467576265335083
calibration,6,low,"6,8,10,15,17,21",77,648,3.865971565246582
calibration,6,low,"6,8,10,15,17,21",78,2091,3.440889835357666
calibration,6,low,"6,8,10,15,17,21",79,2261,3.91072940826416
calibration,6,low,"6,8,10,15,17,21",80,2086,3.911179780960083
calibration,6,low,"6,8,10,15,17,21",81,4297,3.7460339069366455
calibration,6,low,"6,8,10,15,17,21",82,3993,3.2546796798706055
calibration,6,low,"6,8,10,15,17,21",83,559,3.653118371963501
calibration,6,low,"6,8,10,15,17,21",84,3219,4.1576924324035645
calibration,6,low,"6,8,10,15,17,21",85,3324,4.058236122131348
calibration,6,low,"6,8,10,15,17,21",86,4366,3.8459885120391846
calibration,6,low,"6,8,10,15,17,21",87,323,4.000654697418213
calibration,6,low,"6,8,10,15,17,21",88,3151,3.523991346359253
calibration,6,low,"6,8,10,15,17,21",89,2912,3.4084692001342773
calibration,6,low,"6,8,10,15,17,21",90,2892,3.805337905883789
calibration,6,low,"6,8,10,15,17,21",91,1031,4.170042514801025
calibration,6,low,"6,8,10,15,17,21",92,2905,2.860659122467041
calibration,6,low,"6,8,10,15,17,21",93,1747,3.805805206298828
calibration,6,low,"6,8,10,15,17,21",94,1426,3.9000937938690186
calibration,6,low,"6,8,10,15,17,21",95,1288,3.6015782356262207
calibration,6,low,"6,10,15,17,19,26",0,720,3.873809337615967
calibration,6,low,"6,10,15,17,19,26",1,3796,3.965872049331665
calibration,6,low,"6,10,15,17,19,26",2,2979,3.6513495445251465
calibration,6,low,"6,10,15,17,19,26",3,3195,3.619123935699463
calibration,6,low,"6,10,15,17,19,26",4,3348,3.6505744457244873
calibration,6,low,"6,10,15,17,19,26",5,636,3.5921547412872314
calibration,6,low,"6,10,15,17,19,26",6,655,3.601245641708374
calibration,6,low,"6,10,15,17,19,26",7,4470,3.6891515254974365
calibration,6,low,"6,10,15,17,19,26",8,3767,3.3181986808776855
calibration,6,low,"6,10,15,17,19,26",9,1123,3.56774640083313
calibration,6,low,"6,10,15,17,19,26",10,1907,3.6427013874053955
calibration,6,low,"6,10,15,17,19,26",11,4325,3.6543877124786377
calibration,6,low,"6,10,15,17,19,26",12,3374,3.9006028175354004
calibration,6,low,"6,10,15,17,19,26",13,552,3.309108257293701
calibration,6,low,"6,10,15,17,19,26",14,1983,3.6845009326934814
calibration,6,low,"6,10,15,17,19,26",15,279,3.5805141925811768
calibration,6,low,"6,10,15,17,19,26",16,3116,3.892953634262085
calibration,6,low,"6,10,15,17,19,26",17,3247,4.106544494628906
calibration,6,low,"6,10,15,17,19,26",18,4798,3.780672311782837
calibration,6,low,"6,10,15,17,19,26",19,2782,3.5154385566711426
calibration,6,low,"6,10,15,17,19,26",20,2029,3.716794967651367
calibration,6,low,"6,10,15,17,19,26",21,3681,3.6184115409851074
calibration,6,low,"6,10,15,17,19,26",22,252,3.129756212234497
calibration,6,low,"6,10,15,17,19,26",23,2694,3.6357040405273438
calibration,6,low,"6,10,15,17,19,26",24,1696,4.012882232666016
calibration,6,low,"6,10,15,17,19,26",25,1,3.972658157348633
calibration,6,low,"6,10,15,17,19,26",26,1432,3.684461832046509
calibration,6,low,"6,10,15,17,19,26",27,3131,3.889369010925293
calibration,6,low,"6,10,15,17,19,26",28,4718,3.9592833518981934
calibration,6,low,"6,10,15,17,19,26",29,2055,3.4547812938690186
calibration,6,low,"6,10,15,17,19,26",30,4817,3.7251367568969727
calibration,6,low,"6,10,15,17,19,26",31,2110,3.6215109825134277
calibration,6,low,"6,10,15,17,19,26",32,4972,3.4645183086395264
calibration,6,low,"6,10,15,17,19,26",33,3779,3.155834913253784
calibration,6,low,"6,10,15,17,19,26",34,4553,2.644477128982544
calibration,6,low,"6,10,15,17,19,26",35,4505,3.4382822513580322
calibration,6,low,"6,10,15,17,19,26",36,779,3.6378378868103027
calibration,6,low,"6,10,15,17,19,26",37,375,3.9039595127105713
calibration,6,low,"6,10,15,17,19,26",38,3175,3.756409168243408
calibration,6,low,"6,10,15,17,19,26",39,1099,3.3653619289398193
calibration,6,low,"6,10,15,17,19,26",40,3387,4.096118927001953
calibration,6,low,"6,10,15,17,19,26",41,3081,2.9716601371765137
calibration,6,low,"6,10,15,17,19,26",42,461,3.2894461154937744
calibration,6,low,"6,10,15,17,19,26",43,429,3.817873954772949
calibration,6,low,"6,10,15,17,19,26",44,2649,3.689786195755005
calibration,6,low,"6,10,15,17,19,26",45,1815,3.4862253665924072
calibration,6,low,"6,10,15,17,19,26",46,4318,3.616758108139038
calibration,6,low,"6,10,15,17,19,26",47,226,3.8187315464019775
calibration,6,low,"6,10,15,17,19,26",48,4210,3.5705270767211914
calibration,6,low,"6,10,15,17,19,26",49,892,3.4266319274902344
calibration,6,low,"6,10,15,17,19,26",50,2021,3.730785369873047
calibration,6,low,"6,10,15,17,19,26",51,2579,3.2476072311401367
calibration,6,low,"6,10,15,17,19,26",52,2843,3.5558021068573
calibration,6,low,"6,10,15,17,19,26",53,2661,2.9918649196624756
calibration,6,low,"6,10,15,17,19,26",54,426,3.9072489738464355
calibration,6,low,"6,10,15,17,19,26",55,768,4.078661918640137
calibration,6,low,"6,10,15,17,19,26",56,2163,3.737447738647461
calibration,6,low,"6,10,15,17,19,26",57,2378,3.610764741897583
calibration,6,low,"6,10,15,17,19,26",58,1777,3.9932315349578857
calibration,6,low,"6,10,15,17,19,26",59,2019,3.396496295928955
calibration,6,low,"6,10,15,17,19,26",60,611,3.5991923809051514
calibration,6,low,"6,10,15,17,19,26",61,1632,3.836311101913452
calibration,6,low,"6,10,15,17,19,26",62,1668,3.2058095932006836
calibration,6,low,"6,10,15,17,19,26",63,2131,3.3710060119628906
calibration,6,low,"6,10,15,17,19,26",64,4582,1.7950369119644165
calibration,6,low,"6,10,15,17,19,26",65,3185,3.4221386909484863
calibration,6,low,"6,10,15,17,19,26",66,3604,3.5357306003570557
calibration,6,low,"6,10,15,17,19,26",67,2688,3.6918680667877197
calibration,6,low,"6,10,15,17,19,26",68,1024,3.798016309738159
calibration,6,low,"6,10,15,17,19,26",69,3447,3.7930667400360107
calibration,6,low,"6,10,15,17,19,26",70,1624,3.3950891494750977
calibration,6,low,"6,10,15,17,19,26",71,683,2.8759169578552246
calibration,6,low,"6,10,15,17,19,26",72,3712,3.7214038372039795
calibration,6,low,"6,10,15,17,19,26",73,4597,3.0658352375030518
calibration,6,low,"6,10,15,17,19,26",74,2003,3.751837968826294
calibration,6,low,"6,10,15,17,19,26",75,38,3.75058913230896
calibration,6,low,"6,10,15,17,19,26",76,2557,3.4735653400421143
calibration,6,low,"6,10,15,17,19,26",77,648,3.868441104888916
calibration,6,low,"6,10,15,17,19,26",78,2091,3.295552968978882
calibration,6,low,"6,10,15,17,19,26",79,2261,3.8025002479553223
calibration,6,low,"6,10,15,17,19,26",80,2086,3.795445203781128
calibration,6,low,"6,10,15,17,19,26",81,4297,3.568382740020752
calibration,6,low,"6,10,15,17,19,26",82,3993,3.2976245880126953
calibration,6,low,"6,10,15,17,19,26",83,559,3.533172607421875
calibration,6,low,"6,10,15,17,19,26",84,3219,3.9851205348968506
calibration,6,low,"6,10,15,17,19,26",85,3324,3.815990447998047
calibration,6,low,"6,10,15,17,19,26",86,4366,3.6936490535736084
calibration,6,low,"6,10,15,17,19,26",87,323,3.9240541458129883
calibration,6,low,"6,10,15,17,19,26",88,3151,3.626307487487793
calibration,6,low,"6,10,15,17,19,26",89,2912,3.2439680099487305
calibration,6,low,"6,10,15,17,19,26",90,2892,3.900378704071045
calibration,6,low,"6,10,15,17,19,26",91,1031,4.1129279136657715
calibration,6,low,"6,10,15,17,19,26",92,2905,2.914787769317627
calibration,6,low,"6,10,15,17,19,26",93,1747,3.700932502746582
calibration,6,low,"6,10,15,17,19,26",94,1426,3.8098034858703613
calibration,6,low,"6,10,15,17,19,26",95,1288,3.539355516433716
calibration,6,low,"6,10,15,17,21,24",0,720,4.4029364585876465
calibration,6,low,"6,10,15,17,21,24",1,3796,4.289697170257568
calibration,6,low,"6,10,15,17,21,24",2,2979,4.184736251831055
calibration,6,low,"6,10,15,17,21,24",3,3195,4.124296188354492
calibration,6,low,"6,10,15,17,21,24",4,3348,4.0884904861450195
calibration,6,low,"6,10,15,17,21,24",5,636,3.9308414459228516
calibration,6,low,"6,10,15,17,21,24",6,655,4.163179874420166
calibration,6,low,"6,10,15,17,21,24",7,4470,4.072939395904541
calibration,6,low,"6,10,15,17,21,24",8,3767,3.742166519165039
calibration,6,low,"6,10,15,17,21,24",9,1123,3.9113080501556396
calibration,6,low,"6,10,15,17,21,24",10,1907,4.041309356689453
calibration,6,low,"6,10,15,17,21,24",11,4325,4.22459077835083
calibration,6,low,"6,10,15,17,21,24",12,3374,4.274354934692383
calibration,6,low,"6,10,15,17,21,24",13,552,3.7531144618988037
calibration,6,low,"6,10,15,17,21,24",14,1983,4.1178202629089355
calibration,6,low,"6,10,15,17,21,24",15,279,4.028991222381592
calibration,6,low,"6,10,15,17,21,24",16,3116,4.158819198608398
calibration,6,low,"6,10,15,17,21,24",17,3247,4.494313716888428
calibration,6,low,"6,10,15,17,21,24",18,4798,4.25722074508667
calibration,6,low,"6,10,15,17,21,24",19,2782,4.008500576019287
calibration,6,low,"6,10,15,17,21,24",20,2029,4.1425018310546875
calibration,6,low,"6,10,15,17,21,24",21,3681,3.985496759414673
calibration,6,low,"6,10,15,17,21,24",22,252,3.737227201461792
calibration,6,low,"6,10,15,17,21,24",23,2694,3.953925132751465
calibration,6,low,"6,10,15,17,21,24",24,1696,4.279399394989014
calibration,6,low,"6,10,15,17,21,24",25,1,4.426216125488281
calibration,6,low,"6,10,15,17,21,24",26,1432,3.9087905883789062
calibration,6,low,"6,10,15,17,21,24",27,3131,4.200800895690918
calibration,6,low,"6,10,15,17,21,24",28,4718,4.411797046661377
calibration,6,low,"6,10,15,17,21,24",29,2055,3.802406072616577
calibration,6,low,"6,10,15,17,21,24",30,4817,4.181553363800049
calibration,6,low,"6,10,15,17,21,24",31,2110,3.8828306198120117
calibration,6,low,"6,10,15,17,21,24",32,4972,3.9748082160949707
calibration,6,low,"6,10,15,17,21,24",33,3779,3.7408998012542725
calibration,6,low,"6,10,15,17,21,24",34,4553,2.99234938621521
calibration,6,low,"6,10,15,17,21,24",35,4505,3.9420905113220215
calibration,6,low,"6,10,15,17,21,24",36,779,4.2684502601623535
calibration,6,low,"6,10,15,17,21,24",37,375,4.434610366821289
calibration,6,low,"6,10,15,17,21,24",38,3175,4.369816303253174
calibration,6,low,"6,10,15,17,21,24",39,1099,3.749145984649658
calibration,6,low,"6,10,15,17,21,24",40,3387,4.443639278411865
calibration,6,low,"6,10,15,17,21,24",41,3081,3.458252429962158
calibration,6,low,"6,10,15,17,21,24",42,461,3.566863536834717
calibration,6,low,"6,10,15,17,21,24",43,429,4.27592658996582
calibration,6,low,"6,10,15,17,21,24",44,2649,4.326435565948486
calibration,6,low,"6,10,15,17,21,24",45,1815,3.7501633167266846
calibration,6,low,"6,10,15,17,21,24",46,4318,4.089803695678711
calibration,6,low,"6,10,15,17,21,24",47,226,4.130895614624023
calibration,6,low,"6,10,15,17,21,24",48,4210,4.1455559730529785
calibration,6,low,"6,10,15,17,21,24",49,892,3.7747297286987305
calibration,6,low,"6,10,15,17,21,24",50,2021,4.198041915893555
calibration,6,low,"6,10,15,17,21,24",51,2579,3.6771140098571777
calibration,6,low,"6,10,15,17,21,24",52,2843,3.964113712310791
calibration,6,low,"6,10,15,17,21,24",53,2661,3.2487168312072754
calibration,6,low,"6,10,15,17,21,24",54,426,4.324546813964844
calibration,6,low,"6,10,15,17,21,24",55,768,4.482558727264404
calibration,6,low,"6,10,15,17,21,24",56,2163,4.281387805938721
calibration,6,low,"6,10,15,17,21,24",57,2378,4.113359451293945
calibration,6,low,"6,10,15,17,21,24",58,1777,4.341047763824463
calibration,6,low,"6,10,15,17,21,24",59,2019,3.9242019653320312
calibration,6,low,"6,10,15,17,21,24",60,611,3.9968690872192383
calibration,6,low,"6,10,15,17,21,24",61,1632,4.409446716308594
calibration,6,low,"6,10,15,17,21,24",62,1668,3.5172643661499023
calibration,6,low,"6,10,15,17,21,24",63,2131,3.9331021308898926
calibration,6,low,"6,10,15,17,21,24",64,4582,1.6235171556472778
calibration,6,low,"6,10,15,17,21,24",65,3185,3.8125884532928467
calibration,6,low,"6,10,15,17,21,24",66,3604,3.8645808696746826
calibration,6,low,"6,10,15,17,21,24",67,2688,4.334417819976807
calibration,6,low,"6,10,15,17,21,24",68,1024,4.3452887535095215
calibration,6,low,"6,10,15,17,21,24",69,3447,4.45223331451416
calibration,6,low,"6,10,15,17,21,24",70,1624,3.7728025913238525
calibration,6,low,"6,10,15,17,21,24",71,683,3.4748642444610596
calibration,6,low,"6,10,15,17,21,24",72,3712,4.176023960113525
calibration,6,low,"6,10,15,17,21,24",73,4597,3.1914525032043457
calibration,6,low,"6,10,15,17,21,24",74,2003,4.2048468589782715
calibration,6,low,"6,10,15,17,21,24",75,38,4.21951150894165
calibration,6,low,"6,10,15,17,21,24",76,2557,3.6826069355010986
calibration,6,low,"6,10,15,17,21,24",77,648,4.172095775604248
calibration,6,low,"6,10,15,17,21,24",78,2091,3.657135248184204
calibration,6,low,"6,10,15,17,21,24",79,2261,4.218632698059082
calibration,6,low,"6,10,15,17,21,24",80,2086,4.116253852844238
calibration,6,low,"6,10,15,17,21,24",81,4297,4.014176368713379
calibration,6,low,"6,10,15,17,21,24",82,3993,3.63673996925354
calibration,6,low,"6,10,15,17,21,24",83,559,3.998445510864258
calibration,6,low,"6,10,15,17,21,24",84,3219,4.461552619934082
calibration,6,low,"6,10,15,17,21,24",85,3324,4.469727516174316
calibration,6,low,"6,10,15,17,21,24",86,4366,4.289359092712402
calibration,6,low,"6,10,15,17,21,24",87,323,4.434514999389648
calibration,6,low,"6,10,15,17,21,24",88,3151,4.152273178100586
calibration,6,low,"6,10,15,17,21,24",89,2912,3.698734998703003
calibration,6,low,"6,10,15,17,21,24",90,2892,4.203738689422607
calibration,6,low,"6,10,15,17,21,24",91,1031,4.675230026245117
calibration,6,low,"6,10,15,17,21,24",92,2905,3.063967227935791
calibration,6,low,"6,10,15,17,21,24",93,1747,4.258151054382324
calibration,6,low,"6,10,15,17,21,24",94,1426,4.247648239135742
calibration,6,low,"6,10,15,17,21,24",95,1288,3.8392326831817627
calibration,6,low,"6,12,15,19,21,24",0,720,4.6535491943359375
calibration,6,low,"6,12,15,19,21,24",1,3796,4.611588954925537
calibration,6,low,"6,12,15,19,21,24",2,2979,4.362332820892334
calibration,6,low,"6,12,15,19,21,24",3,3195,4.538834571838379
calibration,6,low,"6,12,15,19,21,24",4,3348,4.279571056365967
calibration,6,low,"6,12,15,19,21,24",5,636,4.317117214202881
calibration,6,low,"6,12,15,19,21,24",6,655,4.203854084014893
calibration,6,low,"6,12,15,19,21,24",7,4470,4.267140865325928
calibration,6,low,"6,12,15,19,21,24",8,3767,3.8450520038604736
calibration,6,low,"6,12,15,19,21,24",9,1123,4.211598873138428
calibration,6,low,"6,12,15,19,21,24",10,1907,4.263454914093018
calibration,6,low,"6,12,15,19,21,24",11,4325,4.503829002380371
calibration,6,low,"6,12,15,19,21,24",12,3374,4.756107807159424
calibration,6,low,"6,12,15,19,21,24",13,552,3.939124584197998
calibration,6,low,"6,12,15,19,21,24",14,1983,4.46281099319458
calibration,6,low,"6,12,15,19,21,24",15,279,4.255117416381836
calibration,6,low,"6,12,15,19,21,24",16,3116,4.43699312210083
calibration,6,low,"6,12,15,19,21,24",17,3247,4.731498718261719
calibration,6,low,"6,12,15,19,21,24",18,4798,4.447821617126465
calibration,6,low,"6,12,15,19,21,24",19,2782,4.206786632537842
calibration,6,low,"6,12,15,19,21,24",20,2029,4.238612651824951
calibration,6,low,"6,12,15,19,21,24",21,3681,4.310316562652588
calibration,6,low,"6,12,15,19,21,24",22,252,3.9430482387542725
calibration,6,low,"6,12,15,19,21,24",23,2694,4.318170547485352
calibration,6,low,"6,12,15,19,21,24",24,1696,4.6000800132751465
calibration,6,low,"6,12,15,19,21,24",25,1,4.571201324462891
calibration,6,low,"6,12,15,19,21,24",26,1432,4.276246070861816
calibration,6,low,"6,12,15,19,21,24",27,3131,4.569925308227539
calibration,6,low,"6,12,15,19,21,24",28,4718,4.54953670501709
calibration,6,low,"6,12,15,19,21,24",29,2055,4.003214359283447
calibration,6,low,"6,12,15,19,21,24",30,4817,4.422338008880615
calibration,6,low,"6,12,15,19,21,24",31,2110,4.10611629486084
calibration,6,low,"6,12,15,19,21,24",32,4972,4.225301265716553
calibration,6,low,"6,12,15,19,21,24",33,3779,3.819837808609009
calibration,6,low,"6,12,15,19,21,24",34,4553,3.176459550857544
calibration,6,low,"6,12,15,19,21,24",35,4505,4.359336853027344
calibration,6,low,"6,12,15,19,21,24",36,779,4.608897686004639
calibration,6,low,"6,12,15,19,21,24",37,375,4.817129611968994
calibration,6,low,"6,12,15,19,21,24",38,3175,4.490440845489502
calibration,6,low,"6,12,15,19,21,24",39,1099,4.017154693603516
calibration,6,low,"6,12,15,19,21,24",40,3387,4.900087833404541
calibration,6,low,"6,12,15,19,21,24",41,3081,3.4155988693237305
calibration,6,low,"6,12,15,19,21,24",42,461,4.228613376617432
calibration,6,low,"6,12,15,19,21,24",43,429,4.417099475860596
calibration,6,low,"6,12,15,19,21,24",44,2649,4.56886625289917
calibration,6,low,"6,12,15,19,21,24",45,1815,4.068516254425049
calibration,6,low,"6,12,15,19,21,24",46,4318,4.521422863006592
calibration,6,low,"6,12,15,19,21,24",47,226,4.38444185256958
calibration,6,low,"6,12,15,19,21,24",48,4210,4.470113277435303
calibration,6,low,"6,12,15,19,21,24",49,892,3.942929744720459
calibration,6,low,"6,12,15,19,21,24",50,2021,4.35261344909668
calibration,6,low,"6,12,15,19,21,24",51,2579,3.8373591899871826
calibration,6,low,"6,12,15,19,21,24",52,2843,4.233282566070557
calibration,6,low,"6,12,15,19,21,24",53,2661,3.5003035068511963
calibration,6,low,"6,12,15,19,21,24",54,426,4.659687519073486
calibration,6,low,"6,12,15,19,21,24",55,768,4.604832172393799
calibration,6,low,"6,12,15,19,21,24",56,2163,4.455882549285889
calibration,6,low,"6,12,15,19,21,24",57,2378,4.391331195831299
calibration,6,low,"6,12,15,19,21,24",58,1777,4.514218807220459
calibration,6,low,"6,12,15,19,21,24",59,2019,4.242390155792236
calibration,6,low,"6,12,15,19,21,24",60,611,4.298383712768555
calibration,6,low,"6,12,15,19,21,24",61,1632,4.528212547302246
calibration,6,low,"6,12,15,19,21,24",62,1668,3.7914795875549316
calibration,6,low,"6,12,15,19,21,24",63,2131,4.196560382843018
calibration,6,low,"6,12,15,19,21,24",64,4582,2.166229724884033
calibration,6,low,"6,12,15,19,21,24",65,3185,4.330741882324219
calibration,6,low,"6,12,15,19,21,24",66,3604,3.969115972518921
calibration,6,low,"6,12,15,19,21,24",67,2688,4.564435005187988
calibration,6,low,"6,12,15,19,21,24",68,1024,4.493633270263672
calibration,6,low,"6,12,15,19,21,24",69,3447,4.583080291748047
calibration,6,low,"6,12,15,19,21,24",70,1624,4.386318206787109
calibration,6,low,"6,12,15,19,21,24",71,683,3.753314256668091
calibration,6,low,"6,12,15,19,21,24",72,3712,4.374711513519287
calibration,6,low,"6,12,15,19,21,24",73,4597,3.49035382270813
calibration,6,low,"6,12,15,19,21,24",74,2003,4.520872116088867
calibration,6,low,"6,12,15,19,21,24",75,38,4.526127815246582
calibration,6,low,"6,12,15,19,21,24",76,2557,3.9934632778167725
calibration,6,low,"6,12,15,19,21,24",77,648,4.378488540649414
calibration,6,low,"6,12,15,19,21,24",78,2091,4.035459995269775
calibration,6,low,"6,12,15,19,21,24",79,2261,4.349580764770508
calibration,6,low,"6,12,15,19,21,24",80,2086,4.317192554473877
calibration,6,low,"6,12,15,19,21,24",81,4297,4.221220970153809
calibration,6,low,"6,12,15,19,21,24",82,3993,3.9123024940490723
calibration,6,low,"6,12,15,19,21,24",83,559,4.134091377258301
calibration,6,low,"6,12,15,19,21,24",84,3219,4.654055118560791
calibration,6,low,"6,12,15,19,21,24",85,3324,4.769995212554932
calibration,6,low,"6,12,15,19,21,24",86,4366,4.353217124938965
calibration,6,low,"6,12,15,19,21,24",87,323,4.664003372192383
calibration,6,low,"6,12,15,19,21,24",88,3151,4.258742809295654
calibration,6,low,"6,12,15,19,21,24",89,2912,3.8571927547454834
calibration,6,low,"6,12,15,19,21,24",90,2892,4.464175701141357
calibration,6,low,"6,12,15,19,21,24",91,1031,4.703946590423584
calibration,6,low,"6,12,15,19,21,24",92,2905,3.552234172821045
calibration,6,low,"6,12,15,19,21,24",93,1747,4.401811599731445
calibration,6,low,"6,12,15,19,21,24",94,1426,4.3348493576049805
calibration,6,low,"6,12,15,19,21,24",95,1288,4.098289966583252
calibration,6,low,"8,10,17,19,21,24",0,720,4.811809062957764
calibration,6,low,"8,10,17,19,21,24",1,3796,4.560462951660156
calibration,6,low,"8,10,17,19,21,24",2,2979,4.541828632354736
calibration,6,low,"8,10,17,19,21,24",3,3195,4.610771179199219
calibration,6,low,"8,10,17,19,21,24",4,3348,4.3847503662109375
calibration,6,low,"8,10,17,19,21,24",5,636,4.281318664550781
calibration,6,low,"8,10,17,19,21,24",6,655,4.414331912994385
calibration,6,low,"8,10,17,19,21,24",7,4470,4.262704372406006
calibration,6,low,"8,10,17,19,21,24",8,3767,4.125021934509277
calibration,6,low,"8,10,17,19,21,24",9,1123,4.270175933837891
calibration,6,low,"8,10,17,19,21,24",10,1907,4.315249919891357
calibration,6,low,"8,10,17,19,21,24",11,4325,4.492385387420654
calibration,6,low,"8,10,17,19,21,24",12,3374,4.799814224243164
calibration,6,low,"8,10,17,19,21,24",13,552,4.124466419219971
calibration,6,low,"8,10,17,19,21,24",14,1983,4.537038803100586
calibration,6,low,"8,10,17,19,21,24",15,279,4.246665954589844
calibration,6,low,"8,10,17,19,21,24",16,3116,4.3889689445495605
calibration,6,low,"8,10,17,19,21,24",17,3247,4.8014349937438965
calibration,6,low,"8,10,17,19,21,24",18,4798,4.593739032745361
calibration,6,low,"8,10,17,19,21,24",19,2782,4.246407985687256
calibration,6,low,"8,10,17,19,21,24",20,2029,4.478461742401123
calibration,6,low,"8,10,17,19,21,24",21,3681,4.399662017822266
calibration,6,low,"8,10,17,19,21,24",22,252,3.9620962142944336
calibration,6,low,"8,10,17,19,21,24",23,2694,4.49556303024292
calibration,6,low,"8,10,17,19,21,24",24,1696,4.657140254974365
calibration,6,low,"8,10,17,19,21,24",25,1,4.719550132751465
calibration,6,low,"8,10,17,19,21,24",26,1432,4.280389785766602
calibration,6,low,"8,10,17,19,21,24",27,3131,4.5543036460876465
calibration,6,low,"8,10,17,19,21,24",28,4718,4.658958911895752
calibration,6,low,"8,10,17,19,21,24",29,2055,4.126437187194824
calibration,6,low,"8,10,17,19,21,24",30,4817,4.460118770599365
calibration,6,low,"8,10,17,19,21,24",31,2110,4.200051784515381
calibration,6,low,"8,10,17,19,21,24",32,4972,4.275341033935547
calibration,6,low,"8,10,17,19,21,24",33,3779,3.963409662246704
calibration,6,low,"8,10,17,19,21,24",34,4553,3.1477863788604736
calibration,6,low,"8,10,17,19,21,24",35,4505,4.517541885375977
calibration,6,low,"8,10,17,19,21,24",36,779,4.5201945304870605
calibration,6,low,"8,10,17,19,21,24",37,375,4.689417362213135
calibration,6,low,"8,10,17,19,21,24",38,3175,4.427544593811035
calibration,6,low,"8,10,17,19,21,24",39,1099,4.11472225189209
calibration,6,low,"8,10,17,19,21,24",40,3387,4.876407146453857
calibration,6,low,"8,10,17,19,21,24",41,3081,3.4004158973693848
calibration,6,low,"8,10,17,19,21,24",42,461,4.295777797698975
calibration,6,low,"8,10,17,19,21,24",43,429,4.468786239624023
calibration,6,low,"8,10,17,19,21,24",44,2649,4.760124683380127
calibration,6,low,"8,10,17,19,21,24",45,1815,4.170246601104736
calibration,6,low,"8,10,17,19,21,24",46,4318,4.477210521697998
calibration,6,low,"8,10,17,19,21,24",47,226,4.321046352386475
calibration,6,low,"8,10,17,19,21,24",48,4210,4.6758270263671875
calibration,6,low,"8,10,17,19,21,24",49,892,4.036776065826416
calibration,6,low,"8,10,17,19,21,24",50,2021,4.683164596557617
calibration,6,low,"8,10,17,19,21,24",51,2579,3.9736154079437256
calibration,6,low,"8,10,17,19,21,24",52,2843,4.226223468780518
calibration,6,low,"8,10,17,19,21,24",53,2661,3.6450939178466797
calibration,6,low,"8,10,17,19,21,24",54,426,4.695058345794678
calibration,6,low,"8,10,17,19,21,24",55,768,4.7560505867004395
calibration,6,low,"8,10,17,19,21,24",56,2163,4.3679399490356445
calibration,6,low,"8,10,17,19,21,24",57,2378,4.57216215133667
calibration,6,low,"8,10,17,19,21,24",58,1777,4.583436012268066
calibration,6,low,"8,10,17,19,21,24",59,2019,4.270686149597168
calibration,6,low,"8,10,17,19,21,24",60,611,4.279040336608887
calibration,6,low,"8,10,17,19,21,24",61,1632,4.679616928100586
calibration,6,low,"8,10,17,19,21,24",62,1668,3.8262579441070557
calibration,6,low,"8,10,17,19,21,24",63,2131,4.138193130493164
calibration,6,low,"8,10,17,19,21,24",64,4582,2.0723507404327393
calibration,6,low,"8,10,17,19,21,24",65,3185,4.33461856842041
calibration,6,low,"8,10,17,19,21,24",66,3604,4.15444278717041
calibration,6,low,"8,10,17,19,21,24",67,2688,4.48490571975708
calibration,6,low,"8,10,17,19,21,24",68,1024,4.63608455657959
calibration,6,low,"8,10,17,19,21,24",69,3447,4.68953800201416
calibration,6,low,"8,10,17,19,21,24",70,1624,4.342685222625732
calibration,6,low,"8,10,17,19,21,24",71,683,3.715608596801758
calibration,6,low,"8,10,17,19,21,24",72,3712,4.487102031707764
calibration,6,low,"8,10,17,19,21,24",73,4597,3.581284523010254
calibration,6,low,"8,10,17,19,21,24",74,2003,4.426663875579834
calibration,6,low,"8,10,17,19,21,24",75,38,4.490769386291504
calibration,6,low,"8,10,17,19,21,24",76,2557,4.10814094543457
calibration,6,low,"8,10,17,19,21,24",77,648,4.491612434387207
calibration,6,low,"8,10,17,19,21,24",78,2091,3.8900859355926514
calibration,6,low,"8,10,17,19,21,24",79,2261,4.426386833190918
calibration,6,low,"8,10,17,19,21,24",80,2086,4.561404705047607
calibration,6,low,"8,10,17,19,21,24",81,4297,4.31394624710083
calibration,6,low,"8,10,17,19,21,24",82,3993,3.95522403717041
calibration,6,low,"8,10,17,19,21,24",83,559,4.19901704788208
calibration,6,low,"8,10,17,19,21,24",84,3219,4.742926597595215
calibration,6,low,"8,10,17,19,21,24",85,3324,4.968615531921387
calibration,6,low,"8,10,17,19,21,24",86,4366,4.546329021453857
calibration,6,low,"8,10,17,19,21,24",87,323,4.5470709800720215
calibration,6,low,"8,10,17,19,21,24",88,3151,4.387974262237549
calibration,6,low,"8,10,17,19,21,24",89,2912,4.04848051071167
calibration,6,low,"8,10,17,19,21,24",90,2892,4.666236400604248
calibration,6,low,"8,10,17,19,21,24",91,1031,4.846756935119629
calibration,6,low,"8,10,17,19,21,24",92,2905,3.6453981399536133
calibration,6,low,"8,10,17,19,21,24",93,1747,4.380908012390137
calibration,6,low,"8,10,17,19,21,24",94,1426,4.511611461639404
calibration,6,low,"8,10,17,19,21,24",95,1288,4.13986873626709
calibration,8,global,"1,3,6,8,12,19,21,24",0,720,9.118265151977539
calibration,8,global,"1,3,6,8,12,19,21,24",1,3796,10.17658805847168
calibration,8,global,"1,3,6,8,12,19,21,24",2,2979,8.880142211914062
calibration,8,global,"1,3,6,8,12,19,21,24",3,3195,9.10557746887207
calibration,8,global,"1,3,6,8,12,19,21,24",4,3348,8.207006454467773
calibration,8,global,"1,3,6,8,12,19,21,24",5,636,9.84005069732666
calibration,8,global,"1,3,6,8,12,19,21,24",6,655,8.782792091369629
calibration,8,global,"1,3,6,8,12,19,21,24",7,4470,8.307493209838867
calibration,8,global,"1,3,6,8,12,19,21,24",8,3767,8.872333526611328
calibration,8,global,"1,3,6,8,12,19,21,24",9,1123,9.135916709899902
calibration,8,global,"1,3,6,8,12,19,21,24",10,1907,8.773456573486328
calibration,8,global,"1,3,6,8,12,19,21,24",11,4325,12.81229019165039
calibration,8,global,"1,3,6,8,12,19,21,24",12,3374,13.055115699768066
calibration,8,global,"1,3,6,8,12,19,21,24",13,552,8.512989044189453
calibration,8,global,"1,3,6,8,12,19,21,24",14,1983,9.323771476745605
calibration,8,global,"1,3,6,8,12,19,21,24",15,279,8.965460777282715
calibration,8,global,"1,3,6,8,12,19,21,24",16,3116,8.651464462280273
calibration,8,global,"1,3,6,8,12,19,21,24",17,3247,8.790054321289062
calibration,8,global,"1,3,6,8,12,19,21,24",18,4798,9.176350593566895
calibration,8,global,"1,3,6,8,12,19,21,24",19,2782,10.16694450378418
calibration,8,global,"1,3,6,8,12,19,21,24",20,2029,8.72812557220459
calibration,8,global,"1,3,6,8,12,19,21,24",21,3681,8.236771583557129
calibration,8,global,"1,3,6,8,12,19,21,24",22,252,9.569389343261719
calibration,8,global,"1,3,6,8,12,19,21,24",23,2694,8.550836563110352
calibration,8,global,"1,3,6,8,12,19,21,24",24,1696,8.99255657196045
calibration,8,global,"1,3,6,8,12,19,21,24",25,1,9.573620796203613
calibration,8,global,"1,3,6,8,12,19,21,24",26,1432,7.952265739440918
calibration,8,global,"1,3,6,8,12,19,21,24",27,3131,10.246970176696777
calibration,8,global,"1,3,6,8,12,19,21,24",28,4718,8.722304344177246
calibration,8,global,"1,3,6,8,12,19,21,24",29,2055,8.360862731933594
calibration,8,global,"1,3,6,8,12,19,21,24",30,4817,8.409520149230957
calibration,8,global,"1,3,6,8,12,19,21,24",31,2110,8.440217018127441
calibration,8,global,"1,3,6,8,12,19,21,24",32,4972,10.867936134338379
calibration,8,global,"1,3,6,8,12,19,21,24",33,3779,17.69411849975586
calibration,8,global,"1,3,6,8,12,19,21,24",34,4553,14.919291496276855
calibration,8,global,"1,3,6,8,12,19,21,24",35,4505,12.269104957580566
calibration,8,global,"1,3,6,8,12,19,21,24",36,779,10.375191688537598
calibration,8,global,"1,3,6,8,12,19,21,24",37,375,8.783039093017578
calibration,8,global,"1,3,6,8,12,19,21,24",38,3175,8.179523468017578
calibration,8,global,"1,3,6,8,12,19,21,24",39,1099,8.078104972839355
calibration,8,global,"1,3,6,8,12,19,21,24",40,3387,10.35993480682373
calibration,8,global,"1,3,6,8,12,19,21,24",41,3081,7.458338260650635
calibration,8,global,"1,3,6,8,12,19,21,24",42,461,17.78151512145996
calibration,8,global,"1,3,6,8,12,19,21,24",43,429,9.354722023010254
calibration,8,global,"1,3,6,8,12,19,21,24",44,2649,14.678091049194336
calibration,8,global,"1,3,6,8,12,19,21,24",45,1815,7.949090480804443
calibration,8,global,"1,3,6,8,12,19,21,24",46,4318,8.2197265625
calibration,8,global,"1,3,6,8,12,19,21,24",47,226,8.691505432128906
calibration,8,global,"1,3,6,8,12,19,21,24",48,4210,11.066463470458984
calibration,8,global,"1,3,6,8,12,19,21,24",49,892,14.053759574890137
calibration,8,global,"1,3,6,8,12,19,21,24",50,2021,8.256403923034668
calibration,8,global,"1,3,6,8,12,19,21,24",51,2579,8.15376091003418
calibration,8,global,"1,3,6,8,12,19,21,24",52,2843,8.40521240234375
calibration,8,global,"1,3,6,8,12,19,21,24",53,2661,12.209922790527344
calibration,8,global,"1,3,6,8,12,19,21,24",54,426,8.894625663757324
calibration,8,global,"1,3,6,8,12,19,21,24",55,768,8.374428749084473
calibration,8,global,"1,3,6,8,12,19,21,24",56,2163,8.62753963470459
calibration,8,global,"1,3,6,8,12,19,21,24",57,2378,8.3875150680542
calibration,8,global,"1,3,6,8,12,19,21,24",58,1777,8.479264259338379
calibration,8,global,"1,3,6,8,12,19,21,24",59,2019,11.214029312133789
calibration,8,global,"1,3,6,8,12,19,21,24",60,611,7.857017517089844
calibration,8,global,"1,3,6,8,12,19,21,24",61,1632,10.984737396240234
calibration,8,global,"1,3,6,8,12,19,21,24",62,1668,10.406462669372559
calibration,8,global,"1,3,6,8,12,19,21,24",63,2131,8.173980712890625
calibration,8,global,"1,3,6,8,12,19,21,24",64,4582,9.69963550567627
calibration,8,global,"1,3,6,8,12,19,21,24",65,3185,8.735313415527344
calibration,8,global,"1,3,6,8,12,19,21,24",66,3604,9.404858589172363
calibration,8,global,"1,3,6,8,12,19,21,24",67,2688,9.29548168182373
calibration,8,global,"1,3,6,8,12,19,21,24",68,1024,9.10705852508545
calibration,8,global,"1,3,6,8,12,19,21,24",69,3447,8.450554847717285
calibration,8,global,"1,3,6,8,12,19,21,24",70,1624,8.072383880615234
calibration,8,global,"1,3,6,8,12,19,21,24",71,683,15.304021835327148
calibration,8,global,"1,3,6,8,12,19,21,24",72,3712,8.524128913879395
calibration,8,global,"1,3,6,8,12,19,21,24",73,4597,10.588735580444336
calibration,8,global,"1,3,6,8,12,19,21,24",74,2003,16.661439895629883
calibration,8,global,"1,3,6,8,12,19,21,24",75,38,9.401311874389648
calibration,8,global,"1,3,6,8,12,19,21,24",76,2557,11.442151069641113
calibration,8,global,"1,3,6,8,12,19,21,24",77,648,10.506369590759277
calibration,8,global,"1,3,6,8,12,19,21,24",78,2091,11.047721862792969
calibration,8,global,"1,3,6,8,12,19,21,24",79,2261,10.383049011230469
calibration,8,global,"1,3,6,8,12,19,21,24",80,2086,8.629300117492676
calibration,8,global,"1,3,6,8,12,19,21,24",81,4297,9.914275169372559
calibration,8,global,"1,3,6,8,12,19,21,24",82,3993,10.606712341308594
calibration,8,global,"1,3,6,8,12,19,21,24",83,559,8.701190948486328
calibration,8,global,"1,3,6,8,12,19,21,24",84,3219,8.979168891906738
calibration,8,global,"1,3,6,8,12,19,21,24",85,3324,10.00654411315918
calibration,8,global,"1,3,6,8,12,19,21,24",86,4366,7.924918174743652
calibration,8,global,"1,3,6,8,12,19,21,24",87,323,9.358929634094238
calibration,8,global,"1,3,6,8,12,19,21,24",88,3151,8.732735633850098
calibration,8,global,"1,3,6,8,12,19,21,24",89,2912,8.842644691467285
calibration,8,global,"1,3,6,8,12,19,21,24",90,2892,8.771777153015137
calibration,8,global,"1,3,6,8,12,19,21,24",91,1031,12.920409202575684
calibration,8,global,"1,3,6,8,12,19,21,24",92,2905,9.20523452758789
calibration,8,global,"1,3,6,8,12,19,21,24",93,1747,14.109030723571777
calibration,8,global,"1,3,6,8,12,19,21,24",94,1426,8.81674575805664
calibration,8,global,"1,3,6,8,12,19,21,24",95,1288,9.76805591583252
calibration,8,global,"1,3,8,10,15,17,19,21",0,720,8.241447448730469
calibration,8,global,"1,3,8,10,15,17,19,21",1,3796,7.9261250495910645
calibration,8,global,"1,3,8,10,15,17,19,21",2,2979,7.030541896820068
calibration,8,global,"1,3,8,10,15,17,19,21",3,3195,7.985827445983887
calibration,8,global,"1,3,8,10,15,17,19,21",4,3348,7.1721978187561035
calibration,8,global,"1,3,8,10,15,17,19,21",5,636,8.01887321472168
calibration,8,global,"1,3,8,10,15,17,19,21",6,655,7.71743631362915
calibration,8,global,"1,3,8,10,15,17,19,21",7,4470,8.367208480834961
calibration,8,global,"1,3,8,10,15,17,19,21",8,3767,7.119307994842529
calibration,8,global,"1,3,8,10,15,17,19,21",9,1123,8.601218223571777
calibration,8,global,"1,3,8,10,15,17,19,21",10,1907,6.972980499267578
calibration,8,global,"1,3,8,10,15,17,19,21",11,4325,7.609938621520996
calibration,8,global,"1,3,8,10,15,17,19,21",12,3374,8.138721466064453
calibration,8,global,"1,3,8,10,15,17,19,21",13,552,8.04905891418457
calibration,8,global,"1,3,8,10,15,17,19,21",14,1983,7.793649196624756
calibration,8,global,"1,3,8,10,15,17,19,21",15,279,6.821890830993652
calibration,8,global,"1,3,8,10,15,17,19,21",16,3116,7.038803577423096
calibration,8,global,"1,3,8,10,15,17,19,21",17,3247,8.419946670532227
calibration,8,global,"1,3,8,10,15,17,19,21",18,4798,8.770692825317383
calibration,8,global,"1,3,8,10,15,17,19,21",19,2782,7.536920547485352
calibration,8,global,"1,3,8,10,15,17,19,21",20,2029,7.785383701324463
calibration,8,global,"1,3,8,10,15,17,19,21",21,3681,7.217719554901123
calibration,8,global,"1,3,8,10,15,17,19,21",22,252,7.18117618560791
calibration,8,global,"1,3,8,10,15,17,19,21",23,2694,8.081639289855957
calibration,8,global,"1,3,8,10,15,17,19,21",24,1696,7.800832748413086
calibration,8,global,"1,3,8,10,15,17,19,21",25,1,7.405052661895752
calibration,8,global,"1,3,8,10,15,17,19,21",26,1432,7.514373302459717
calibration,8,global,"1,3,8,10,15,17,19,21",27,3131,7.515446186065674
calibration,8,global,"1,3,8,10,15,17,19,21",28,4718,7.744203090667725
calibration,8,global,"1,3,8,10,15,17,19,21",29,2055,6.492842197418213
calibration,8,global,"1,3,8,10,15,17,19,21",30,4817,7.792520523071289
calibration,8,global,"1,3,8,10,15,17,19,21",31,2110,7.5980658531188965
calibration,8,global,"1,3,8,10,15,17,19,21",32,4972,8.213973999023438
calibration,8,global,"1,3,8,10,15,17,19,21",33,3779,7.638359546661377
calibration,8,global,"1,3,8,10,15,17,19,21",34,4553,7.43591833114624
calibration,8,global,"1,3,8,10,15,17,19,21",35,4505,8.347672462463379
calibration,8,global,"1,3,8,10,15,17,19,21",36,779,7.312777519226074
calibration,8,global,"1,3,8,10,15,17,19,21",37,375,7.337878227233887
calibration,8,global,"1,3,8,10,15,17,19,21",38,3175,7.639372825622559
calibration,8,global,"1,3,8,10,15,17,19,21",39,1099,7.3626580238342285
calibration,8,global,"1,3,8,10,15,17,19,21",40,3387,7.975390911102295
calibration,8,global,"1,3,8,10,15,17,19,21",41,3081,6.268497467041016
calibration,8,global,"1,3,8,10,15,17,19,21",42,461,7.415619850158691
calibration,8,global,"1,3,8,10,15,17,19,21",43,429,7.367645740509033
calibration,8,global,"1,3,8,10,15,17,19,21",44,2649,8.668257713317871
calibration,8,global,"1,3,8,10,15,17,19,21",45,1815,8.392339706420898
calibration,8,global,"1,3,8,10,15,17,19,21",46,4318,7.085189342498779
calibration,8,global,"1,3,8,10,15,17,19,21",47,226,8.789706230163574
calibration,8,global,"1,3,8,10,15,17,19,21",48,4210,10.452386856079102
calibration,8,global,"1,3,8,10,15,17,19,21",49,892,7.457457542419434
calibration,8,global,"1,3,8,10,15,17,19,21",50,2021,8.323158264160156
calibration,8,global,"1,3,8,10,15,17,19,21",51,2579,7.3734612464904785
calibration,8,global,"1,3,8,10,15,17,19,21",52,2843,7.274875640869141
calibration,8,global,"1,3,8,10,15,17,19,21",53,2661,6.737259387969971
calibration,8,global,"1,3,8,10,15,17,19,21",54,426,8.33777141571045
calibration,8,global,"1,3,8,10,15,17,19,21",55,768,7.0445942878723145
calibration,8,global,"1,3,8,10,15,17,19,21",56,2163,8.033934593200684
calibration,8,global,"1,3,8,10,15,17,19,21",57,2378,7.068963050842285
calibration,8,global,"1,3,8,10,15,17,19,21",58,1777,7.078689098358154
calibration,8,global,"1,3,8,10,15,17,19,21",59,2019,8.050789833068848
calibration,8,global,"1,3,8,10,15,17,19,21",60,611,7.073541641235352
calibration,8,global,"1,3,8,10,15,17,19,21",61,1632,10.34790325164795
calibration,8,global,"1,3,8,10,15,17,19,21",62,1668,7.622316837310791
calibration,8,global,"1,3,8,10,15,17,19,21",63,2131,7.949180603027344
calibration,8,global,"1,3,8,10,15,17,19,21",64,4582,6.579495429992676
calibration,8,global,"1,3,8,10,15,17,19,21",65,3185,6.9153547286987305
calibration,8,global,"1,3,8,10,15,17,19,21",66,3604,7.021324634552002
calibration,8,global,"1,3,8,10,15,17,19,21",67,2688,7.915953636169434
calibration,8,global,"1,3,8,10,15,17,19,21",68,1024,7.557773113250732
calibration,8,global,"1,3,8,10,15,17,19,21",69,3447,7.543154716491699
calibration,8,global,"1,3,8,10,15,17,19,21",70,1624,7.27243185043335
calibration,8,global,"1,3,8,10,15,17,19,21",71,683,8.134572982788086
calibration,8,global,"1,3,8,10,15,17,19,21",72,3712,7.716533660888672
calibration,8,global,"1,3,8,10,15,17,19,21",73,4597,6.693961143493652
calibration,8,global,"1,3,8,10,15,17,19,21",74,2003,8.160613059997559
calibration,8,global,"1,3,8,10,15,17,19,21",75,38,7.5806684494018555
calibration,8,global,"1,3,8,10,15,17,19,21",76,2557,7.635007381439209
calibration,8,global,"1,3,8,10,15,17,19,21",77,648,7.230599403381348
calibration,8,global,"1,3,8,10,15,17,19,21",78,2091,7.458888053894043
calibration,8,global,"1,3,8,10,15,17,19,21",79,2261,7.553285598754883
calibration,8,global,"1,3,8,10,15,17,19,21",80,2086,7.797029972076416
calibration,8,global,"1,3,8,10,15,17,19,21",81,4297,6.844845771789551
calibration,8,global,"1,3,8,10,15,17,19,21",82,3993,7.065175533294678
calibration,8,global,"1,3,8,10,15,17,19,21",83,559,7.752293109893799
calibration,8,global,"1,3,8,10,15,17,19,21",84,3219,7.5866169929504395
calibration,8,global,"1,3,8,10,15,17,19,21",85,3324,9.135126113891602
calibration,8,global,"1,3,8,10,15,17,19,21",86,4366,7.542599678039551
calibration,8,global,"1,3,8,10,15,17,19,21",87,323,7.748981952667236
calibration,8,global,"1,3,8,10,15,17,19,21",88,3151,7.705328464508057
calibration,8,global,"1,3,8,10,15,17,19,21",89,2912,7.176965236663818
calibration,8,global,"1,3,8,10,15,17,19,21",90,2892,7.613086223602295
calibration,8,global,"1,3,8,10,15,17,19,21",91,1031,7.347664833068848
calibration,8,global,"1,3,8,10,15,17,19,21",92,2905,6.446470260620117
calibration,8,global,"1,3,8,10,15,17,19,21",93,1747,7.843212127685547
calibration,8,global,"1,3,8,10,15,17,19,21",94,1426,7.0444817543029785
calibration,8,global,"1,3,8,10,15,17,19,21",95,1288,7.407016277313232
calibration,8,global,"1,3,8,12,15,21,24,26",0,720,8.071470260620117
calibration,8,global,"1,3,8,12,15,21,24,26",1,3796,8.253043174743652
calibration,8,global,"1,3,8,12,15,21,24,26",2,2979,7.206340312957764
calibration,8,global,"1,3,8,12,15,21,24,26",3,3195,7.73893404006958
calibration,8,global,"1,3,8,12,15,21,24,26",4,3348,7.453193664550781
calibration,8,global,"1,3,8,12,15,21,24,26",5,636,9.858332633972168
calibration,8,global,"1,3,8,12,15,21,24,26",6,655,7.758686542510986
calibration,8,global,"1,3,8,12,15,21,24,26",7,4470,8.17957878112793
calibration,8,global,"1,3,8,12,15,21,24,26",8,3767,7.2969489097595215
calibration,8,global,"1,3,8,12,15,21,24,26",9,1123,8.870465278625488
calibration,8,global,"1,3,8,12,15,21,24,26",10,1907,7.664794445037842
calibration,8,global,"1,3,8,12,15,21,24,26",11,4325,8.361129760742188
calibration,8,global,"1,3,8,12,15,21,24,26",12,3374,8.044208526611328
calibration,8,global,"1,3,8,12,15,21,24,26",13,552,7.66560173034668
calibration,8,global,"1,3,8,12,15,21,24,26",14,1983,7.488886833190918
calibration,8,global,"1,3,8,12,15,21,24,26",15,279,6.981508255004883
calibration,8,global,"1,3,8,12,15,21,24,26",16,3116,6.980136394500732
calibration,8,global,"1,3,8,12,15,21,24,26",17,3247,8.56922721862793
calibration,8,global,"1,3,8,12,15,21,24,26",18,4798,9.060367584228516
calibration,8,global,"1,3,8,12,15,21,24,26",19,2782,7.423303604125977
calibration,8,global,"1,3,8,12,15,21,24,26",20,2029,7.794884204864502
calibration,8,global,"1,3,8,12,15,21,24,26",21,3681,7.629858016967773
calibration,8,global,"1,3,8,12,15,21,24,26",22,252,7.400035858154297
calibration,8,global,"1,3,8,12,15,21,24,26",23,2694,8.103376388549805
calibration,8,global,"1,3,8,12,15,21,24,26",24,1696,7.508318901062012
calibration,8,global,"1,3,8,12,15,21,24,26",25,1,7.770890712738037
calibration,8,global,"1,3,8,12,15,21,24,26",26,1432,7.988013744354248
calibration,8,global,"1,3,8,12,15,21,24,26",27,3131,7.2637434005737305
calibration,8,global,"1,3,8,12,15,21,24,26",28,4718,7.5638346672058105
calibration,8,global,"1,3,8,12,15,21,24,26",29,2055,7.29302978515625
calibration,8,global,"1,3,8,12,15,21,24,26",30,4817,7.596085548400879
calibration,8,global,"1,3,8,12,15,21,24,26",31,2110,7.6230387687683105
calibration,8,global,"1,3,8,12,15,21,24,26",32,4972,10.33560848236084
calibration,8,global,"1,3,8,12,15,21,24,26",33,3779,7.667352676391602
calibration,8,global,"1,3,8,12,15,21,24,26",34,4553,10.399669647216797
calibration,8,global,"1,3,8,12,15,21,24,26",35,4505,8.637360572814941
calibration,8,global,"1,3,8,12,15,21,24,26",36,779,7.468266487121582
calibration,8,global,"1,3,8,12,15,21,24,26",37,375,7.27714204788208
calibration,8,global,"1,3,8,12,15,21,24,26",38,3175,7.787369251251221
calibration,8,global,"1,3,8,12,15,21,24,26",39,1099,6.948120594024658
calibration,8,global,"1,3,8,12,15,21,24,26",40,3387,7.698365211486816
calibration,8,global,"1,3,8,12,15,21,24,26",41,3081,6.240492820739746
calibration,8,global,"1,3,8,12,15,21,24,26",42,461,7.643472194671631
calibration,8,global,"1,3,8,12,15,21,24,26",43,429,7.834688663482666
calibration,8,global,"1,3,8,12,15,21,24,26",44,2649,8.612811088562012
calibration,8,global,"1,3,8,12,15,21,24,26",45,1815,8.011271476745605
calibration,8,global,"1,3,8,12,15,21,24,26",46,4318,7.152699947357178
calibration,8,global,"1,3,8,12,15,21,24,26",47,226,7.931344509124756
calibration,8,global,"1,3,8,12,15,21,24,26",48,4210,10.00301742553711
calibration,8,global,"1,3,8,12,15,21,24,26",49,892,8.06761360168457
calibration,8,global,"1,3,8,12,15,21,24,26",50,2021,7.870726585388184
calibration,8,global,"1,3,8,12,15,21,24,26",51,2579,7.394460678100586
calibration,8,global,"1,3,8,12,15,21,24,26",52,2843,7.459062576293945
calibration,8,global,"1,3,8,12,15,21,24,26",53,2661,7.253153324127197
calibration,8,global,"1,3,8,12,15,21,24,26",54,426,7.949123382568359
calibration,8,global,"1,3,8,12,15,21,24,26",55,768,7.586683750152588
calibration,8,global,"1,3,8,12,15,21,24,26",56,2163,8.11596965789795
calibration,8,global,"1,3,8,12,15,21,24,26",57,2378,7.895895481109619
calibration,8,global,"1,3,8,12,15,21,24,26",58,1777,7.37331485748291
calibration,8,global,"1,3,8,12,15,21,24,26",59,2019,7.825038433074951
calibration,8,global,"1,3,8,12,15,21,24,26",60,611,7.183514595031738
calibration,8,global,"1,3,8,12,15,21,24,26",61,1632,10.189706802368164
calibration,8,global,"1,3,8,12,15,21,24,26",62,1668,8.161139488220215
calibration,8,global,"1,3,8,12,15,21,24,26",63,2131,8.3221435546875
calibration,8,global,"1,3,8,12,15,21,24,26",64,4582,7.160148620605469
calibration,8,global,"1,3,8,12,15,21,24,26",65,3185,7.252882957458496
calibration,8,global,"1,3,8,12,15,21,24,26",66,3604,7.170924186706543
calibration,8,global,"1,3,8,12,15,21,24,26",67,2688,7.949304580688477
calibration,8,global,"1,3,8,12,15,21,24,26",68,1024,8.022940635681152
calibration,8,global,"1,3,8,12,15,21,24,26",69,3447,7.609541416168213
calibration,8,global,"1,3,8,12,15,21,24,26",70,1624,7.164837837219238
calibration,8,global,"1,3,8,12,15,21,24,26",71,683,11.797905921936035
calibration,8,global,"1,3,8,12,15,21,24,26",72,3712,7.862611293792725
calibration,8,global,"1,3,8,12,15,21,24,26",73,4597,7.179298400878906
calibration,8,global,"1,3,8,12,15,21,24,26",74,2003,9.470158576965332
calibration,8,global,"1,3,8,12,15,21,24,26",75,38,7.553011894226074
calibration,8,global,"1,3,8,12,15,21,24,26",76,2557,7.655243873596191
calibration,8,global,"1,3,8,12,15,21,24,26",77,648,7.301013946533203
calibration,8,global,"1,3,8,12,15,21,24,26",78,2091,7.758453845977783
calibration,8,global,"1,3,8,12,15,21,24,26",79,2261,7.631676197052002
calibration,8,global,"1,3,8,12,15,21,24,26",80,2086,8.69356918334961
calibration,8,global,"1,3,8,12,15,21,24,26",81,4297,7.482086658477783
calibration,8,global,"1,3,8,12,15,21,24,26",82,3993,7.069755554199219
calibration,8,global,"1,3,8,12,15,21,24,26",83,559,7.495431423187256
calibration,8,global,"1,3,8,12,15,21,24,26",84,3219,7.857917308807373
calibration,8,global,"1,3,8,12,15,21,24,26",85,3324,8.575884819030762
calibration,8,global,"1,3,8,12,15,21,24,26",86,4366,7.482189655303955
calibration,8,global,"1,3,8,12,15,21,24,26",87,323,7.410452365875244
calibration,8,global,"1,3,8,12,15,21,24,26",88,3151,7.132379531860352
calibration,8,global,"1,3,8,12,15,21,24,26",89,2912,7.223758697509766
calibration,8,global,"1,3,8,12,15,21,24,26",90,2892,7.573659896850586
calibration,8,global,"1,3,8,12,15,21,24,26",91,1031,7.6732611656188965
calibration,8,global,"1,3,8,12,15,21,24,26",92,2905,6.8381876945495605
calibration,8,global,"1,3,8,12,15,21,24,26",93,1747,8.253721237182617
calibration,8,global,"1,3,8,12,15,21,24,26",94,1426,7.485612392425537
calibration,8,global,"1,3,8,12,15,21,24,26",95,1288,7.5783586502075195
calibration,8,global,"1,3,10,12,15,17,21,26",0,720,7.797224044799805
calibration,8,global,"1,3,10,12,15,17,21,26",1,3796,7.80605936050415
calibration,8,global,"1,3,10,12,15,17,21,26",2,2979,7.216371059417725
calibration,8,global,"1,3,10,12,15,17,21,26",3,3195,7.3209757804870605
calibration,8,global,"1,3,10,12,15,17,21,26",4,3348,6.6935224533081055
calibration,8,global,"1,3,10,12,15,17,21,26",5,636,9.252161026000977
calibration,8,global,"1,3,10,12,15,17,21,26",6,655,7.305260181427002
calibration,8,global,"1,3,10,12,15,17,21,26",7,4470,8.077275276184082
calibration,8,global,"1,3,10,12,15,17,21,26",8,3767,7.304571151733398
calibration,8,global,"1,3,10,12,15,17,21,26",9,1123,8.024153709411621
calibration,8,global,"1,3,10,12,15,17,21,26",10,1907,6.668835163116455
calibration,8,global,"1,3,10,12,15,17,21,26",11,4325,8.058586120605469
calibration,8,global,"1,3,10,12,15,17,21,26",12,3374,7.90654993057251
calibration,8,global,"1,3,10,12,15,17,21,26",13,552,7.431850910186768
calibration,8,global,"1,3,10,12,15,17,21,26",14,1983,7.547696113586426
calibration,8,global,"1,3,10,12,15,17,21,26",15,279,6.955679893493652
calibration,8,global,"1,3,10,12,15,17,21,26",16,3116,6.7558698654174805
calibration,8,global,"1,3,10,12,15,17,21,26",17,3247,8.240161895751953
calibration,8,global,"1,3,10,12,15,17,21,26",18,4798,8.669261932373047
calibration,8,global,"1,3,10,12,15,17,21,26",19,2782,7.287751197814941
calibration,8,global,"1,3,10,12,15,17,21,26",20,2029,7.406183242797852
calibration,8,global,"1,3,10,12,15,17,21,26",21,3681,7.177661895751953
calibration,8,global,"1,3,10,12,15,17,21,26",22,252,7.9755096435546875
calibration,8,global,"1,3,10,12,15,17,21,26",23,2694,7.722465991973877
calibration,8,global,"1,3,10,12,15,17,21,26",24,1696,7.725257396697998
calibration,8,global,"1,3,10,12,15,17,21,26",25,1,7.12761116027832
calibration,8,global,"1,3,10,12,15,17,21,26",26,1432,8.191434860229492
calibration,8,global,"1,3,10,12,15,17,21,26",27,3131,7.670249938964844
calibration,8,global,"1,3,10,12,15,17,21,26",28,4718,7.653517723083496
calibration,8,global,"1,3,10,12,15,17,21,26",29,2055,6.605965614318848
calibration,8,global,"1,3,10,12,15,17,21,26",30,4817,7.20719575881958
calibration,8,global,"1,3,10,12,15,17,21,26",31,2110,7.457627296447754
calibration,8,global,"1,3,10,12,15,17,21,26",32,4972,8.7067289352417
calibration,8,global,"1,3,10,12,15,17,21,26",33,3779,7.5046539306640625
calibration,8,global,"1,3,10,12,15,17,21,26",34,4553,6.6942138671875
calibration,8,global,"1,3,10,12,15,17,21,26",35,4505,8.378538131713867
calibration,8,global,"1,3,10,12,15,17,21,26",36,779,7.312844276428223
calibration,8,global,"1,3,10,12,15,17,21,26",37,375,7.10919713973999
calibration,8,global,"1,3,10,12,15,17,21,26",38,3175,7.1159234046936035
calibration,8,global,"1,3,10,12,15,17,21,26",39,1099,7.447281837463379
calibration,8,global,"1,3,10,12,15,17,21,26",40,3387,7.636385440826416
calibration,8,global,"1,3,10,12,15,17,21,26",41,3081,6.161824703216553
calibration,8,global,"1,3,10,12,15,17,21,26",42,461,8.198758125305176
calibration,8,global,"1,3,10,12,15,17,21,26",43,429,7.178898334503174
calibration,8,global,"1,3,10,12,15,17,21,26",44,2649,8.802407264709473
calibration,8,global,"1,3,10,12,15,17,21,26",45,1815,7.775552272796631
calibration,8,global,"1,3,10,12,15,17,21,26",46,4318,6.994213104248047
calibration,8,global,"1,3,10,12,15,17,21,26",47,226,8.143759727478027
calibration,8,global,"1,3,10,12,15,17,21,26",48,4210,10.258973121643066
calibration,8,global,"1,3,10,12,15,17,21,26",49,892,7.864276885986328
calibration,8,global,"1,3,10,12,15,17,21,26",50,2021,7.412126064300537
calibration,8,global,"1,3,10,12,15,17,21,26",51,2579,7.183069229125977
calibration,8,global,"1,3,10,12,15,17,21,26",52,2843,7.238316535949707
calibration,8,global,"1,3,10,12,15,17,21,26",53,2661,7.195450305938721
calibration,8,global,"1,3,10,12,15,17,21,26",54,426,7.737659931182861
calibration,8,global,"1,3,10,12,15,17,21,26",55,768,6.98932409286499
calibration,8,global,"1,3,10,12,15,17,21,26",56,2163,7.912341117858887
calibration,8,global,"1,3,10,12,15,17,21,26",57,2378,7.071476459503174
calibration,8,global,"1,3,10,12,15,17,21,26",58,1777,6.970875263214111
calibration,8,global,"1,3,10,12,15,17,21,26",59,2019,7.338988304138184
calibration,8,global,"1,3,10,12,15,17,21,26",60,611,7.107801914215088
calibration,8,global,"1,3,10,12,15,17,21,26",61,1632,9.377042770385742
calibration,8,global,"1,3,10,12,15,17,21,26",62,1668,8.36609172821045
calibration,8,global,"1,3,10,12,15,17,21,26",63,2131,7.348666191101074
calibration,8,global,"1,3,10,12,15,17,21,26",64,4582,4.171850204467773
calibration,8,global,"1,3,10,12,15,17,21,26",65,3185,6.909754753112793
calibration,8,global,"1,3,10,12,15,17,21,26",66,3604,6.959150791168213
calibration,8,global,"1,3,10,12,15,17,21,26",67,2688,7.246000289916992
calibration,8,global,"1,3,10,12,15,17,21,26",68,1024,7.586614608764648
calibration,8,global,"1,3,10,12,15,17,21,26",69,3447,7.195828437805176
calibration,8,global,"1,3,10,12,15,17,21,26",70,1624,7.020966053009033
calibration,8,global,"1,3,10,12,15,17,21,26",71,683,8.900222778320312
calibration,8,global,"1,3,10,12,15,17,21,26",72,3712,7.285330295562744
calibration,8,global,"1,3,10,12,15,17,21,26",73,4597,6.717206954956055
calibration,8,global,"1,3,10,12,15,17,21,26",74,2003,8.279539108276367
calibration,8,global,"1,3,10,12,15,17,21,26",75,38,7.785085201263428
calibration,8,global,"1,3,10,12,15,17,21,26",76,2557,7.24269962310791
calibration,8,global,"1,3,10,12,15,17,21,26",77,648,7.099091529846191
calibration,8,global,"1,3,10,12,15,17,21,26",78,2091,7.488812446594238
calibration,8,global,"1,3,10,12,15,17,21,26",79,2261,7.413410663604736
calibration,8,global,"1,3,10,12,15,17,21,26",80,2086,7.780009746551514
calibration,8,global,"1,3,10,12,15,17,21,26",81,4297,6.6902947425842285
calibration,8,global,"1,3,10,12,15,17,21,26",82,3993,6.850020408630371
calibration,8,global,"1,3,10,12,15,17,21,26",83,559,7.125121116638184
calibration,8,global,"1,3,10,12,15,17,21,26",84,3219,7.071335792541504
calibration,8,global,"1,3,10,12,15,17,21,26",85,3324,8.697311401367188
calibration,8,global,"1,3,10,12,15,17,21,26",86,4366,6.837535858154297
calibration,8,global,"1,3,10,12,15,17,21,26",87,323,7.3615336418151855
calibration,8,global,"1,3,10,12,15,17,21,26",88,3151,6.862780570983887
calibration,8,global,"1,3,10,12,15,17,21,26",89,2912,6.671070575714111
calibration,8,global,"1,3,10,12,15,17,21,26",90,2892,6.944464206695557
calibration,8,global,"1,3,10,12,15,17,21,26",91,1031,7.460668087005615
calibration,8,global,"1,3,10,12,15,17,21,26",92,2905,5.843142032623291
calibration,8,global,"1,3,10,12,15,17,21,26",93,1747,7.912024021148682
calibration,8,global,"1,3,10,12,15,17,21,26",94,1426,6.993000507354736
calibration,8,global,"1,3,10,12,15,17,21,26",95,1288,7.43834924697876
calibration,8,global,"1,3,12,15,17,19,24,26",0,720,8.02431869506836
calibration,8,global,"1,3,12,15,17,19,24,26",1,3796,7.860662937164307
calibration,8,global,"1,3,12,15,17,19,24,26",2,2979,7.138688087463379
calibration,8,global,"1,3,12,15,17,19,24,26",3,3195,7.765614032745361
calibration,8,global,"1,3,12,15,17,19,24,26",4,3348,6.639333248138428
calibration,8,global,"1,3,12,15,17,19,24,26",5,636,8.331883430480957
calibration,8,global,"1,3,12,15,17,19,24,26",6,655,7.01800537109375
calibration,8,global,"1,3,12,15,17,19,24,26",7,4470,7.667386054992676
calibration,8,global,"1,3,12,15,17,19,24,26",8,3767,7.054075241088867
calibration,8,global,"1,3,12,15,17,19,24,26",9,1123,7.643067836761475
calibration,8,global,"1,3,12,15,17,19,24,26",10,1907,6.70459508895874
calibration,8,global,"1,3,12,15,17,19,24,26",11,4325,8.269651412963867
calibration,8,global,"1,3,12,15,17,19,24,26",12,3374,8.086661338806152
calibration,8,global,"1,3,12,15,17,19,24,26",13,552,7.188961982727051
calibration,8,global,"1,3,12,15,17,19,24,26",14,1983,7.573990821838379
calibration,8,global,"1,3,12,15,17,19,24,26",15,279,6.8083977699279785
calibration,8,global,"1,3,12,15,17,19,24,26",16,3116,6.675349712371826
calibration,8,global,"1,3,12,15,17,19,24,26",17,3247,8.140702247619629
calibration,8,global,"1,3,12,15,17,19,24,26",18,4798,8.678014755249023
calibration,8,global,"1,3,12,15,17,19,24,26",19,2782,7.392120361328125
calibration,8,global,"1,3,12,15,17,19,24,26",20,2029,7.213411331176758
calibration,8,global,"1,3,12,15,17,19,24,26",21,3681,6.956348896026611
calibration,8,global,"1,3,12,15,17,19,24,26",22,252,7.607999801635742
calibration,8,global,"1,3,12,15,17,19,24,26",23,2694,7.489046573638916
calibration,8,global,"1,3,12,15,17,19,24,26",24,1696,7.262929439544678
calibration,8,global,"1,3,12,15,17,19,24,26",25,1,6.906084060668945
calibration,8,global,"1,3,12,15,17,19,24,26",26,1432,7.177346706390381
calibration,8,global,"1,3,12,15,17,19,24,26",27,3131,7.430332660675049
calibration,8,global,"1,3,12,15,17,19,24,26",28,4718,7.674558162689209
calibration,8,global,"1,3,12,15,17,19,24,26",29,2055,6.442987442016602
calibration,8,global,"1,3,12,15,17,19,24,26",30,4817,7.49815559387207
calibration,8,global,"1,3,12,15,17,19,24,26",31,2110,7.191661357879639
calibration,8,global,"1,3,12,15,17,19,24,26",32,4972,9.000253677368164
calibration,8,global,"1,3,12,15,17,19,24,26",33,3779,7.613128662109375
calibration,8,global,"1,3,12,15,17,19,24,26",34,4553,6.9243011474609375
calibration,8,global,"1,3,12,15,17,19,24,26",35,4505,9.171991348266602
calibration,8,global,"1,3,12,15,17,19,24,26",36,779,8.005809783935547
calibration,8,global,"1,3,12,15,17,19,24,26",37,375,7.023092269897461
calibration,8,global,"1,3,12,15,17,19,24,26",38,3175,6.8754119873046875
calibration,8,global,"1,3,12,15,17,19,24,26",39,1099,6.649075031280518
calibration,8,global,"1,3,12,15,17,19,24,26",40,3387,7.9504828453063965
calibration,8,global,"1,3,12,15,17,19,24,26",41,3081,5.9306159019470215
calibration,8,global,"1,3,12,15,17,19,24,26",42,461,7.48361349105835
calibration,8,global,"1,3,12,15,17,19,24,26",43,429,7.591841697692871
calibration,8,global,"1,3,12,15,17,19,24,26",44,2649,9.837177276611328
calibration,8,global,"1,3,12,15,17,19,24,26",45,1815,8.162672996520996
calibration,8,global,"1,3,12,15,17,19,24,26",46,4318,6.952127456665039
calibration,8,global,"1,3,12,15,17,19,24,26",47,226,7.518980979919434
calibration,8,global,"1,3,12,15,17,19,24,26",48,4210,11.174779891967773
calibration,8,global,"1,3,12,15,17,19,24,26",49,892,8.83029842376709
calibration,8,global,"1,3,12,15,17,19,24,26",50,2021,7.296538829803467
calibration,8,global,"1,3,12,15,17,19,24,26",51,2579,7.187732219696045
calibration,8,global,"1,3,12,15,17,19,24,26",52,2843,7.114818572998047
calibration,8,global,"1,3,12,15,17,19,24,26",53,2661,7.518488883972168
calibration,8,global,"1,3,12,15,17,19,24,26",54,426,7.47125244140625
calibration,8,global,"1,3,12,15,17,19,24,26",55,768,6.980019569396973
calibration,8,global,"1,3,12,15,17,19,24,26",56,2163,7.60181999206543
calibration,8,global,"1,3,12,15,17,19,24,26",57,2378,6.735556125640869
calibration,8,global,"1,3,12,15,17,19,24,26",58,1777,6.612818241119385
calibration,8,global,"1,3,12,15,17,19,24,26",59,2019,8.128921508789062
calibration,8,global,"1,3,12,15,17,19,24,26",60,611,6.927263259887695
calibration,8,global,"1,3,12,15,17,19,24,26",61,1632,9.064787864685059
calibration,8,global,"1,3,12,15,17,19,24,26",62,1668,7.977666854858398
calibration,8,global,"1,3,12,15,17,19,24,26",63,2131,7.511267185211182
calibration,8,global,"1,3,12,15,17,19,24,26",64,4582,4.596518039703369
calibration,8,global,"1,3,12,15,17,19,24,26",65,3185,6.834630489349365
calibration,8,global,"1,3,12,15,17,19,24,26",66,3604,7.078711986541748
calibration,8,global,"1,3,12,15,17,19,24,26",67,2688,7.378209114074707
calibration,8,global,"1,3,12,15,17,19,24,26",68,1024,7.768270969390869
calibration,8,global,"1,3,12,15,17,19,24,26",69,3447,7.028077602386475
calibration,8,global,"1,3,12,15,17,19,24,26",70,1624,6.573917388916016
calibration,8,global,"1,3,12,15,17,19,24,26",71,683,7.4210124015808105
calibration,8,global,"1,3,12,15,17,19,24,26",72,3712,7.135808944702148
calibration,8,global,"1,3,12,15,17,19,24,26",73,4597,6.825949668884277
calibration,8,global,"1,3,12,15,17,19,24,26",74,2003,7.905958652496338
calibration,8,global,"1,3,12,15,17,19,24,26",75,38,7.409704685211182
calibration,8,global,"1,3,12,15,17,19,24,26",76,2557,7.406710147857666
calibration,8,global,"1,3,12,15,17,19,24,26",77,648,6.815612316131592
calibration,8,global,"1,3,12,15,17,19,24,26",78,2091,7.53679895401001
calibration,8,global,"1,3,12,15,17,19,24,26",79,2261,7.205533981323242
calibration,8,global,"1,3,12,15,17,19,24,26",80,2086,7.746176719665527
calibration,8,global,"1,3,12,15,17,19,24,26",81,4297,6.851851940155029
calibration,8,global,"1,3,12,15,17,19,24,26",82,3993,6.606352806091309
calibration,8,global,"1,3,12,15,17,19,24,26",83,559,6.987143039703369
calibration,8,global,"1,3,12,15,17,19,24,26",84,3219,6.967126369476318
calibration,8,global,"1,3,12,15,17,19,24,26",85,3324,7.957144260406494
calibration,8,global,"1,3,12,15,17,19,24,26",86,4366,6.812229633331299
calibration,8,global,"1,3,12,15,17,19,24,26",87,323,7.2513346672058105
calibration,8,global,"1,3,12,15,17,19,24,26",88,3151,6.756382465362549
calibration,8,global,"1,3,12,15,17,19,24,26",89,2912,6.335700511932373
calibration,8,global,"1,3,12,15,17,19,24,26",90,2892,7.111680507659912
calibration,8,global,"1,3,12,15,17,19,24,26",91,1031,7.5427422523498535
calibration,8,global,"1,3,12,15,17,19,24,26",92,2905,5.81773042678833
calibration,8,global,"1,3,12,15,17,19,24,26",93,1747,8.339832305908203
calibration,8,global,"1,3,12,15,17,19,24,26",94,1426,6.89124870300293
calibration,8,global,"1,3,12,15,17,19,24,26",95,1288,7.318777084350586
calibration,8,global,"1,6,10,12,15,17,21,26",0,720,7.920347213745117
calibration,8,global,"1,6,10,12,15,17,21,26",1,3796,7.342098712921143
calibration,8,global,"1,6,10,12,15,17,21,26",2,2979,7.15159273147583
calibration,8,global,"1,6,10,12,15,17,21,26",3,3195,7.408371448516846
calibration,8,global,"1,6,10,12,15,17,21,26",4,3348,10.66413688659668
calibration,8,global,"1,6,10,12,15,17,21,26",5,636,8.371033668518066
calibration,8,global,"1,6,10,12,15,17,21,26",6,655,7.326937198638916
calibration,8,global,"1,6,10,12,15,17,21,26",7,4470,7.961404800415039
calibration,8,global,"1,6,10,12,15,17,21,26",8,3767,7.28767204284668
calibration,8,global,"1,6,10,12,15,17,21,26",9,1123,9.082975387573242
calibration,8,global,"1,6,10,12,15,17,21,26",10,1907,6.983936309814453
calibration,8,global,"1,6,10,12,15,17,21,26",11,4325,12.019070625305176
calibration,8,global,"1,6,10,12,15,17,21,26",12,3374,9.801620483398438
calibration,8,global,"1,6,10,12,15,17,21,26",13,552,7.371744632720947
calibration,8,global,"1,6,10,12,15,17,21,26",14,1983,8.329707145690918
calibration,8,global,"1,6,10,12,15,17,21,26",15,279,6.705377578735352
calibration,8,global,"1,6,10,12,15,17,21,26",16,3116,7.349024295806885
calibration,8,global,"1,6,10,12,15,17,21,26",17,3247,8.689260482788086
calibration,8,global,"1,6,10,12,15,17,21,26",18,4798,8.621288299560547
calibration,8,global,"1,6,10,12,15,17,21,26",19,2782,6.918058395385742
calibration,8,global,"1,6,10,12,15,17,21,26",20,2029,7.366673469543457
calibration,8,global,"1,6,10,12,15,17,21,26",21,3681,7.027012825012207
calibration,8,global,"1,6,10,12,15,17,21,26",22,252,8.206971168518066
calibration,8,global,"1,6,10,12,15,17,21,26",23,2694,8.144125938415527
calibration,8,global,"1,6,10,12,15,17,21,26",24,1696,12.160061836242676
calibration,8,global,"1,6,10,12,15,17,21,26",25,1,7.957415580749512
calibration,8,global,"1,6,10,12,15,17,21,26",26,1432,9.807286262512207
calibration,8,global,"1,6,10,12,15,17,21,26",27,3131,7.503345489501953
calibration,8,global,"1,6,10,12,15,17,21,26",28,4718,6.930569171905518
calibration,8,global,"1,6,10,12,15,17,21,26",29,2055,8.952098846435547
calibration,8,global,"1,6,10,12,15,17,21,26",30,4817,7.112734794616699
calibration,8,global,"1,6,10,12,15,17,21,26",31,2110,8.366317749023438
calibration,8,global,"1,6,10,12,15,17,21,26",32,4972,9.790033340454102
calibration,8,global,"1,6,10,12,15,17,21,26",33,3779,8.694313049316406
calibration,8,global,"1,6,10,12,15,17,21,26",34,4553,8.560822486877441
calibration,8,global,"1,6,10,12,15,17,21,26",35,4505,8.463282585144043
calibration,8,global,"1,6,10,12,15,17,21,26",36,779,8.5870943069458
calibration,8,global,"1,6,10,12,15,17,21,26",37,375,6.969981670379639
calibration,8,global,"1,6,10,12,15,17,21,26",38,3175,10.529781341552734
calibration,8,global,"1,6,10,12,15,17,21,26",39,1099,7.090566158294678
calibration,8,global,"1,6,10,12,15,17,21,26",40,3387,7.826393127441406
calibration,8,global,"1,6,10,12,15,17,21,26",41,3081,6.327567100524902
calibration,8,global,"1,6,10,12,15,17,21,26",42,461,9.179668426513672
calibration,8,global,"1,6,10,12,15,17,21,26",43,429,7.241672039031982
calibration,8,global,"1,6,10,12,15,17,21,26",44,2649,9.940433502197266
calibration,8,global,"1,6,10,12,15,17,21,26",45,1815,11.533212661743164
calibration,8,global,"1,6,10,12,15,17,21,26",46,4318,6.954708099365234
calibration,8,global,"1,6,10,12,15,17,21,26",47,226,10.291607856750488
calibration,8,global,"1,6,10,12,15,17,21,26",48,4210,12.264607429504395
calibration,8,global,"1,6,10,12,15,17,21,26",49,892,11.53055191040039
calibration,8,global,"1,6,10,12,15,17,21,26",50,2021,7.976180553436279
calibration,8,global,"1,6,10,12,15,17,21,26",51,2579,7.424197673797607
calibration,8,global,"1,6,10,12,15,17,21,26",52,2843,7.038633346557617
calibration,8,global,"1,6,10,12,15,17,21,26",53,2661,8.448047637939453
calibration,8,global,"1,6,10,12,15,17,21,26",54,426,7.984426498413086
calibration,8,global,"1,6,10,12,15,17,21,26",55,768,7.385082721710205
calibration,8,global,"1,6,10,12,15,17,21,26",56,2163,8.44453239440918
calibration,8,global,"1,6,10,12,15,17,21,26",57,2378,7.195035457611084
calibration,8,global,"1,6,10,12,15,17,21,26",58,1777,6.885574817657471
calibration,8,global,"1,6,10,12,15,17,21,26",59,2019,7.3468852043151855
calibration,8,global,"1,6,10,12,15,17,21,26",60,611,6.586145877838135
calibration,8,global,"1,6,10,12,15,17,21,26",61,1632,10.435118675231934
calibration,8,global,"1,6,10,12,15,17,21,26",62,1668,9.312097549438477
calibration,8,global,"1,6,10,12,15,17,21,26",63,2131,7.737964153289795
calibration,8,global,"1,6,10,12,15,17,21,26",64,4582,5.469110012054443
calibration,8,global,"1,6,10,12,15,17,21,26",65,3185,6.818030834197998
calibration,8,global,"1,6,10,12,15,17,21,26",66,3604,7.918704986572266
calibration,8,global,"1,6,10,12,15,17,21,26",67,2688,7.630910873413086
calibration,8,global,"1,6,10,12,15,17,21,26",68,1024,11.999825477600098
calibration,8,global,"1,6,10,12,15,17,21,26",69,3447,7.326457977294922
calibration,8,global,"1,6,10,12,15,17,21,26",70,1624,6.71150016784668
calibration,8,global,"1,6,10,12,15,17,21,26",71,683,6.922008514404297
calibration,8,global,"1,6,10,12,15,17,21,26",72,3712,7.237586498260498
calibration,8,global,"1,6,10,12,15,17,21,26",73,4597,7.193174839019775
calibration,8,global,"1,6,10,12,15,17,21,26",74,2003,7.359509468078613
calibration,8,global,"1,6,10,12,15,17,21,26",75,38,7.11867618560791
calibration,8,global,"1,6,10,12,15,17,21,26",76,2557,8.661940574645996
calibration,8,global,"1,6,10,12,15,17,21,26",77,648,7.664376735687256
calibration,8,global,"1,6,10,12,15,17,21,26",78,2091,7.296167850494385
calibration,8,global,"1,6,10,12,15,17,21,26",79,2261,6.989706993103027
calibration,8,global,"1,6,10,12,15,17,21,26",80,2086,7.775473594665527
calibration,8,global,"1,6,10,12,15,17,21,26",81,4297,6.576508045196533
calibration,8,global,"1,6,10,12,15,17,21,26",82,3993,8.068511962890625
calibration,8,global,"1,6,10,12,15,17,21,26",83,559,7.150979518890381
calibration,8,global,"1,6,10,12,15,17,21,26",84,3219,7.051397323608398
calibration,8,global,"1,6,10,12,15,17,21,26",85,3324,8.210165023803711
calibration,8,global,"1,6,10,12,15,17,21,26",86,4366,7.041561126708984
calibration,8,global,"1,6,10,12,15,17,21,26",87,323,7.138601303100586
calibration,8,global,"1,6,10,12,15,17,21,26",88,3151,7.579304218292236
calibration,8,global,"1,6,10,12,15,17,21,26",89,2912,6.633782386779785
calibration,8,global,"1,6,10,12,15,17,21,26",90,2892,6.667903900146484
calibration,8,global,"1,6,10,12,15,17,21,26",91,1031,8.774842262268066
calibration,8,global,"1,6,10,12,15,17,21,26",92,2905,6.353409767150879
calibration,8,global,"1,6,10,12,15,17,21,26",93,1747,7.940441131591797
calibration,8,global,"1,6,10,12,15,17,21,26",94,1426,7.8667216300964355
calibration,8,global,"1,6,10,12,15,17,21,26",95,1288,6.924068927764893
calibration,8,global,"1,6,10,12,15,19,21,26",0,720,8.810382843017578
calibration,8,global,"1,6,10,12,15,19,21,26",1,3796,8.207236289978027
calibration,8,global,"1,6,10,12,15,19,21,26",2,2979,7.391741752624512
calibration,8,global,"1,6,10,12,15,19,21,26",3,3195,8.057086944580078
calibration,8,global,"1,6,10,12,15,19,21,26",4,3348,10.554398536682129
calibration,8,global,"1,6,10,12,15,19,21,26",5,636,9.005684852600098
calibration,8,global,"1,6,10,12,15,19,21,26",6,655,7.929327964782715
calibration,8,global,"1,6,10,12,15,19,21,26",7,4470,8.012301445007324
calibration,8,global,"1,6,10,12,15,19,21,26",8,3767,7.525979995727539
calibration,8,global,"1,6,10,12,15,19,21,26",9,1123,9.239882469177246
calibration,8,global,"1,6,10,12,15,19,21,26",10,1907,7.487882614135742
calibration,8,global,"1,6,10,12,15,19,21,26",11,4325,12.121594429016113
calibration,8,global,"1,6,10,12,15,19,21,26",12,3374,10.550931930541992
calibration,8,global,"1,6,10,12,15,19,21,26",13,552,8.037453651428223
calibration,8,global,"1,6,10,12,15,19,21,26",14,1983,8.805662155151367
calibration,8,global,"1,6,10,12,15,19,21,26",15,279,7.432406902313232
calibration,8,global,"1,6,10,12,15,19,21,26",16,3116,8.220577239990234
calibration,8,global,"1,6,10,12,15,19,21,26",17,3247,9.041486740112305
calibration,8,global,"1,6,10,12,15,19,21,26",18,4798,9.091330528259277
calibration,8,global,"1,6,10,12,15,19,21,26",19,2782,7.395738124847412
calibration,8,global,"1,6,10,12,15,19,21,26",20,2029,7.735508441925049
calibration,8,global,"1,6,10,12,15,19,21,26",21,3681,7.481764793395996
calibration,8,global,"1,6,10,12,15,19,21,26",22,252,9.240140914916992
calibration,8,global,"1,6,10,12,15,19,21,26",23,2694,8.608721733093262
calibration,8,global,"1,6,10,12,15,19,21,26",24,1696,12.48996639251709
calibration,8,global,"1,6,10,12,15,19,21,26",25,1,8.405817031860352
calibration,8,global,"1,6,10,12,15,19,21,26",26,1432,9.6436128616333
calibration,8,global,"1,6,10,12,15,19,21,26",27,3131,8.114692687988281
calibration,8,global,"1,6,10,12,15,19,21,26",28,4718,7.476377010345459
calibration,8,global,"1,6,10,12,15,19,21,26",29,2055,9.018319129943848
calibration,8,global,"1,6,10,12,15,19,21,26",30,4817,7.60014533996582
calibration,8,global,"1,6,10,12,15,19,21,26",31,2110,8.831881523132324
calibration,8,global,"1,6,10,12,15,19,21,26",32,4972,9.83069133758545
calibration,8,global,"1,6,10,12,15,19,21,26",33,3779,8.857102394104004
calibration,8,global,"1,6,10,12,15,19,21,26",34,4553,7.880367279052734
calibration,8,global,"1,6,10,12,15,19,21,26",35,4505,8.2708101272583
calibration,8,global,"1,6,10,12,15,19,21,26",36,779,9.348764419555664
calibration,8,global,"1,6,10,12,15,19,21,26",37,375,7.25642728805542
calibration,8,global,"1,6,10,12,15,19,21,26",38,3175,10.274949073791504
calibration,8,global,"1,6,10,12,15,19,21,26",39,1099,7.441461563110352
calibration,8,global,"1,6,10,12,15,19,21,26",40,3387,8.607733726501465
calibration,8,global,"1,6,10,12,15,19,21,26",41,3081,7.0663251876831055
calibration,8,global,"1,6,10,12,15,19,21,26",42,461,9.013215065002441
calibration,8,global,"1,6,10,12,15,19,21,26",43,429,7.443082809448242
calibration,8,global,"1,6,10,12,15,19,21,26",44,2649,9.43575382232666
calibration,8,global,"1,6,10,12,15,19,21,26",45,1815,11.261808395385742
calibration,8,global,"1,6,10,12,15,19,21,26",46,4318,7.620192527770996
calibration,8,global,"1,6,10,12,15,19,21,26",47,226,10.22207260131836
calibration,8,global,"1,6,10,12,15,19,21,26",48,4210,11.978157997131348
calibration,8,global,"1,6,10,12,15,19,21,26",49,892,12.296504974365234
calibration,8,global,"1,6,10,12,15,19,21,26",50,2021,8.669839859008789
calibration,8,global,"1,6,10,12,15,19,21,26",51,2579,8.048463821411133
calibration,8,global,"1,6,10,12,15,19,21,26",52,2843,7.454254150390625
calibration,8,global,"1,6,10,12,15,19,21,26",53,2661,8.05076789855957
calibration,8,global,"1,6,10,12,15,19,21,26",54,426,8.416715621948242
calibration,8,global,"1,6,10,12,15,19,21,26",55,768,7.808358669281006
calibration,8,global,"1,6,10,12,15,19,21,26",56,2163,9.238790512084961
calibration,8,global,"1,6,10,12,15,19,21,26",57,2378,7.8284406661987305
calibration,8,global,"1,6,10,12,15,19,21,26",58,1777,7.673926830291748
calibration,8,global,"1,6,10,12,15,19,21,26",59,2019,8.291070938110352
calibration,8,global,"1,6,10,12,15,19,21,26",60,611,7.201473712921143
calibration,8,global,"1,6,10,12,15,19,21,26",61,1632,10.79769515991211
calibration,8,global,"1,6,10,12,15,19,21,26",62,1668,9.796414375305176
calibration,8,global,"1,6,10,12,15,19,21,26",63,2131,8.232407569885254
calibration,8,global,"1,6,10,12,15,19,21,26",64,4582,5.6137237548828125
calibration,8,global,"1,6,10,12,15,19,21,26",65,3185,7.633225440979004
calibration,8,global,"1,6,10,12,15,19,21,26",66,3604,8.442949295043945
calibration,8,global,"1,6,10,12,15,19,21,26",67,2688,8.414599418640137
calibration,8,global,"1,6,10,12,15,19,21,26",68,1024,12.361821174621582
calibration,8,global,"1,6,10,12,15,19,21,26",69,3447,8.008267402648926
calibration,8,global,"1,6,10,12,15,19,21,26",70,1624,7.054764747619629
calibration,8,global,"1,6,10,12,15,19,21,26",71,683,7.052631855010986
calibration,8,global,"1,6,10,12,15,19,21,26",72,3712,8.0931978225708
calibration,8,global,"1,6,10,12,15,19,21,26",73,4597,7.339437484741211
calibration,8,global,"1,6,10,12,15,19,21,26",74,2003,8.309322357177734
calibration,8,global,"1,6,10,12,15,19,21,26",75,38,7.3537116050720215
calibration,8,global,"1,6,10,12,15,19,21,26",76,2557,8.929176330566406
calibration,8,global,"1,6,10,12,15,19,21,26",77,648,8.416263580322266
calibration,8,global,"1,6,10,12,15,19,21,26",78,2091,8.297533988952637
calibration,8,global,"1,6,10,12,15,19,21,26",79,2261,7.398117542266846
calibration,8,global,"1,6,10,12,15,19,21,26",80,2086,8.247742652893066
calibration,8,global,"1,6,10,12,15,19,21,26",81,4297,7.063403129577637
calibration,8,global,"1,6,10,12,15,19,21,26",82,3993,8.578271865844727
calibration,8,global,"1,6,10,12,15,19,21,26",83,559,7.730531692504883
calibration,8,global,"1,6,10,12,15,19,21,26",84,3219,7.7032270431518555
calibration,8,global,"1,6,10,12,15,19,21,26",85,3324,9.380290031433105
calibration,8,global,"1,6,10,12,15,19,21,26",86,4366,7.576451778411865
calibration,8,global,"1,6,10,12,15,19,21,26",87,323,7.542364597320557
calibration,8,global,"1,6,10,12,15,19,21,26",88,3151,8.253206253051758
calibration,8,global,"1,6,10,12,15,19,21,26",89,2912,7.198296070098877
calibration,8,global,"1,6,10,12,15,19,21,26",90,2892,7.495259761810303
calibration,8,global,"1,6,10,12,15,19,21,26",91,1031,9.535157203674316
calibration,8,global,"1,6,10,12,15,19,21,26",92,2905,6.779934406280518
calibration,8,global,"1,6,10,12,15,19,21,26",93,1747,8.477242469787598
calibration,8,global,"1,6,10,12,15,19,21,26",94,1426,7.993032455444336
calibration,8,global,"1,6,10,12,15,19,21,26",95,1288,7.297662258148193
calibration,8,global,"1,6,10,15,17,19,21,26",0,720,8.27839183807373
calibration,8,global,"1,6,10,15,17,19,21,26",1,3796,7.8440141677856445
calibration,8,global,"1,6,10,15,17,19,21,26",2,2979,7.371759414672852
calibration,8,global,"1,6,10,15,17,19,21,26",3,3195,7.490714073181152
calibration,8,global,"1,6,10,15,17,19,21,26",4,3348,10.50835132598877
calibration,8,global,"1,6,10,15,17,19,21,26",5,636,9.265469551086426
calibration,8,global,"1,6,10,15,17,19,21,26",6,655,7.675215721130371
calibration,8,global,"1,6,10,15,17,19,21,26",7,4470,8.063356399536133
calibration,8,global,"1,6,10,15,17,19,21,26",8,3767,7.573677062988281
calibration,8,global,"1,6,10,15,17,19,21,26",9,1123,9.191184997558594
calibration,8,global,"1,6,10,15,17,19,21,26",10,1907,7.227910995483398
calibration,8,global,"1,6,10,15,17,19,21,26",11,4325,12.297019958496094
calibration,8,global,"1,6,10,15,17,19,21,26",12,3374,10.223831176757812
calibration,8,global,"1,6,10,15,17,19,21,26",13,552,7.751132488250732
calibration,8,global,"1,6,10,15,17,19,21,26",14,1983,8.727497100830078
calibration,8,global,"1,6,10,15,17,19,21,26",15,279,7.001612186431885
calibration,8,global,"1,6,10,15,17,19,21,26",16,3116,7.312832355499268
calibration,8,global,"1,6,10,15,17,19,21,26",17,3247,9.04922103881836
calibration,8,global,"1,6,10,15,17,19,21,26",18,4798,9.434715270996094
calibration,8,global,"1,6,10,15,17,19,21,26",19,2782,7.062674045562744
calibration,8,global,"1,6,10,15,17,19,21,26",20,2029,7.55842924118042
calibration,8,global,"1,6,10,15,17,19,21,26",21,3681,7.051576137542725
calibration,8,global,"1,6,10,15,17,19,21,26",22,252,8.402265548706055
calibration,8,global,"1,6,10,15,17,19,21,26",23,2694,8.227078437805176
calibration,8,global,"1,6,10,15,17,19,21,26",24,1696,11.125896453857422
calibration,8,global,"1,6,10,15,17,19,21,26",25,1,8.293511390686035
calibration,8,global,"1,6,10,15,17,19,21,26",26,1432,8.651252746582031
calibration,8,global,"1,6,10,15,17,19,21,26",27,3131,7.658505439758301
calibration,8,global,"1,6,10,15,17,19,21,26",28,4718,7.105044364929199
calibration,8,global,"1,6,10,15,17,19,21,26",29,2055,8.481534957885742
calibration,8,global,"1,6,10,15,17,19,21,26",30,4817,7.482844829559326
calibration,8,global,"1,6,10,15,17,19,21,26",31,2110,8.294828414916992
calibration,8,global,"1,6,10,15,17,19,21,26",32,4972,11.353022575378418
calibration,8,global,"1,6,10,15,17,19,21,26",33,3779,8.888096809387207
calibration,8,global,"1,6,10,15,17,19,21,26",34,4553,8.796426773071289
calibration,8,global,"1,6,10,15,17,19,21,26",35,4505,9.094438552856445
calibration,8,global,"1,6,10,15,17,19,21,26",36,779,8.747943878173828
calibration,8,global,"1,6,10,15,17,19,21,26",37,375,7.239020824432373
calibration,8,global,"1,6,10,15,17,19,21,26",38,3175,10.358072280883789
calibration,8,global,"1,6,10,15,17,19,21,26",39,1099,7.0794291496276855
calibration,8,global,"1,6,10,15,17,19,21,26",40,3387,7.988964557647705
calibration,8,global,"1,6,10,15,17,19,21,26",41,3081,6.584287643432617
calibration,8,global,"1,6,10,15,17,19,21,26",42,461,9.105691909790039
calibration,8,global,"1,6,10,15,17,19,21,26",43,429,7.115090847015381
calibration,8,global,"1,6,10,15,17,19,21,26",44,2649,11.062073707580566
calibration,8,global,"1,6,10,15,17,19,21,26",45,1815,11.495686531066895
calibration,8,global,"1,6,10,15,17,19,21,26",46,4318,7.082026481628418
calibration,8,global,"1,6,10,15,17,19,21,26",47,226,9.948973655700684
calibration,8,global,"1,6,10,15,17,19,21,26",48,4210,12.923279762268066
calibration,8,global,"1,6,10,15,17,19,21,26",49,892,11.91020393371582
calibration,8,global,"1,6,10,15,17,19,21,26",50,2021,8.231531143188477
calibration,8,global,"1,6,10,15,17,19,21,26",51,2579,7.284106731414795
calibration,8,global,"1,6,10,15,17,19,21,26",52,2843,7.439857006072998
calibration,8,global,"1,6,10,15,17,19,21,26",53,2661,8.414742469787598
calibration,8,global,"1,6,10,15,17,19,21,26",54,426,8.114448547363281
calibration,8,global,"1,6,10,15,17,19,21,26",55,768,7.521458625793457
calibration,8,global,"1,6,10,15,17,19,21,26",56,2163,8.4439058303833
calibration,8,global,"1,6,10,15,17,19,21,26",57,2378,7.189610004425049
calibration,8,global,"1,6,10,15,17,19,21,26",58,1777,7.155762195587158
calibration,8,global,"1,6,10,15,17,19,21,26",59,2019,7.837280750274658
calibration,8,global,"1,6,10,15,17,19,21,26",60,611,6.647690296173096
calibration,8,global,"1,6,10,15,17,19,21,26",61,1632,10.975860595703125
calibration,8,global,"1,6,10,15,17,19,21,26",62,1668,9.585556983947754
calibration,8,global,"1,6,10,15,17,19,21,26",63,2131,7.529801368713379
calibration,8,global,"1,6,10,15,17,19,21,26",64,4582,5.423981189727783
calibration,8,global,"1,6,10,15,17,19,21,26",65,3185,7.206600189208984
calibration,8,global,"1,6,10,15,17,19,21,26",66,3604,8.24445629119873
calibration,8,global,"1,6,10,15,17,19,21,26",67,2688,8.433479309082031
calibration,8,global,"1,6,10,15,17,19,21,26",68,1024,11.956188201904297
calibration,8,global,"1,6,10,15,17,19,21,26",69,3447,7.385485649108887
calibration,8,global,"1,6,10,15,17,19,21,26",70,1624,6.953995227813721
calibration,8,global,"1,6,10,15,17,19,21,26",71,683,6.925421714782715
calibration,8,global,"1,6,10,15,17,19,21,26",72,3712,7.872335433959961
calibration,8,global,"1,6,10,15,17,19,21,26",73,4597,7.199675559997559
calibration,8,global,"1,6,10,15,17,19,21,26",74,2003,7.74619722366333
calibration,8,global,"1,6,10,15,17,19,21,26",75,38,7.152574062347412
calibration,8,global,"1,6,10,15,17,19,21,26",76,2557,8.712736129760742
calibration,8,global,"1,6,10,15,17,19,21,26",77,648,8.494853973388672
calibration,8,global,"1,6,10,15,17,19,21,26",78,2091,8.018277168273926
calibration,8,global,"1,6,10,15,17,19,21,26",79,2261,7.141745090484619
calibration,8,global,"1,6,10,15,17,19,21,26",80,2086,8.186347007751465
calibration,8,global,"1,6,10,15,17,19,21,26",81,4297,6.647039890289307
calibration,8,global,"1,6,10,15,17,19,21,26",82,3993,8.48178768157959
calibration,8,global,"1,6,10,15,17,19,21,26",83,559,7.678167819976807
calibration,8,global,"1,6,10,15,17,19,21,26",84,3219,7.2967305183410645
calibration,8,global,"1,6,10,15,17,19,21,26",85,3324,8.813310623168945
calibration,8,global,"1,6,10,15,17,19,21,26",86,4366,7.1045098304748535
calibration,8,global,"1,6,10,15,17,19,21,26",87,323,7.229887962341309
calibration,8,global,"1,6,10,15,17,19,21,26",88,3151,7.71026086807251
calibration,8,global,"1,6,10,15,17,19,21,26",89,2912,6.987975120544434
calibration,8,global,"1,6,10,15,17,19,21,26",90,2892,7.140069007873535
calibration,8,global,"1,6,10,15,17,19,21,26",91,1031,9.011579513549805
calibration,8,global,"1,6,10,15,17,19,21,26",92,2905,6.619370460510254
calibration,8,global,"1,6,10,15,17,19,21,26",93,1747,7.9690375328063965
calibration,8,global,"1,6,10,15,17,19,21,26",94,1426,8.087206840515137
calibration,8,global,"1,6,10,15,17,19,21,26",95,1288,7.688530921936035
calibration,8,global,"1,8,10,12,15,17,19,21",0,720,8.160053253173828
calibration,8,global,"1,8,10,12,15,17,19,21",1,3796,7.633913993835449
calibration,8,global,"1,8,10,12,15,17,19,21",2,2979,7.499654769897461
calibration,8,global,"1,8,10,12,15,17,19,21",3,3195,7.769558906555176
calibration,8,global,"1,8,10,12,15,17,19,21",4,3348,10.202401161193848
calibration,8,global,"1,8,10,12,15,17,19,21",5,636,8.621177673339844
calibration,8,global,"1,8,10,12,15,17,19,21",6,655,8.307889938354492
calibration,8,global,"1,8,10,12,15,17,19,21",7,4470,7.727741241455078
calibration,8,global,"1,8,10,12,15,17,19,21",8,3767,7.598170757293701
calibration,8,global,"1,8,10,12,15,17,19,21",9,1123,11.003889083862305
calibration,8,global,"1,8,10,12,15,17,19,21",10,1907,7.181428909301758
calibration,8,global,"1,8,10,12,15,17,19,21",11,4325,11.20804500579834
calibration,8,global,"1,8,10,12,15,17,19,21",12,3374,10.47498607635498
calibration,8,global,"1,8,10,12,15,17,19,21",13,552,7.635707855224609
calibration,8,global,"1,8,10,12,15,17,19,21",14,1983,8.493053436279297
calibration,8,global,"1,8,10,12,15,17,19,21",15,279,6.798835754394531
calibration,8,global,"1,8,10,12,15,17,19,21",16,3116,7.145287990570068
calibration,8,global,"1,8,10,12,15,17,19,21",17,3247,9.339917182922363
calibration,8,global,"1,8,10,12,15,17,19,21",18,4798,8.45025634765625
calibration,8,global,"1,8,10,12,15,17,19,21",19,2782,7.201961517333984
calibration,8,global,"1,8,10,12,15,17,19,21",20,2029,7.5826735496521
calibration,8,global,"1,8,10,12,15,17,19,21",21,3681,7.106515884399414
calibration,8,global,"1,8,10,12,15,17,19,21",22,252,9.45527458190918
calibration,8,global,"1,8,10,12,15,17,19,21",23,2694,8.374250411987305
calibration,8,global,"1,8,10,12,15,17,19,21",24,1696,10.97011661529541
calibration,8,global,"1,8,10,12,15,17,19,21",25,1,9.241251945495605
calibration,8,global,"1,8,10,12,15,17,19,21",26,1432,9.561555862426758
calibration,8,global,"1,8,10,12,15,17,19,21",27,3131,7.871856212615967
calibration,8,global,"1,8,10,12,15,17,19,21",28,4718,7.1488494873046875
calibration,8,global,"1,8,10,12,15,17,19,21",29,2055,9.850629806518555
calibration,8,global,"1,8,10,12,15,17,19,21",30,4817,7.510293960571289
calibration,8,global,"1,8,10,12,15,17,19,21",31,2110,8.521453857421875
calibration,8,global,"1,8,10,12,15,17,19,21",32,4972,10.24342155456543
calibration,8,global,"1,8,10,12,15,17,19,21",33,3779,9.132716178894043
calibration,8,global,"1,8,10,12,15,17,19,21",34,4553,7.46238899230957
calibration,8,global,"1,8,10,12,15,17,19,21",35,4505,8.198691368103027
calibration,8,global,"1,8,10,12,15,17,19,21",36,779,9.019390106201172
calibration,8,global,"1,8,10,12,15,17,19,21",37,375,6.994924068450928
calibration,8,global,"1,8,10,12,15,17,19,21",38,3175,10.046945571899414
calibration,8,global,"1,8,10,12,15,17,19,21",39,1099,7.306321620941162
calibration,8,global,"1,8,10,12,15,17,19,21",40,3387,8.059706687927246
calibration,8,global,"1,8,10,12,15,17,19,21",41,3081,6.395462989807129
calibration,8,global,"1,8,10,12,15,17,19,21",42,461,9.05041217803955
calibration,8,global,"1,8,10,12,15,17,19,21",43,429,7.079187870025635
calibration,8,global,"1,8,10,12,15,17,19,21",44,2649,10.30504322052002
calibration,8,global,"1,8,10,12,15,17,19,21",45,1815,10.647367477416992
calibration,8,global,"1,8,10,12,15,17,19,21",46,4318,7.297050476074219
calibration,8,global,"1,8,10,12,15,17,19,21",47,226,10.684345245361328
calibration,8,global,"1,8,10,12,15,17,19,21",48,4210,11.324219703674316
calibration,8,global,"1,8,10,12,15,17,19,21",49,892,10.73684310913086
calibration,8,global,"1,8,10,12,15,17,19,21",50,2021,8.529854774475098
calibration,8,global,"1,8,10,12,15,17,19,21",51,2579,7.74612283706665
calibration,8,global,"1,8,10,12,15,17,19,21",52,2843,7.460188388824463
calibration,8,global,"1,8,10,12,15,17,19,21",53,2661,8.302062034606934
calibration,8,global,"1,8,10,12,15,17,19,21",54,426,8.374933242797852
calibration,8,global,"1,8,10,12,15,17,19,21",55,768,7.3092803955078125
calibration,8,global,"1,8,10,12,15,17,19,21",56,2163,8.620355606079102
calibration,8,global,"1,8,10,12,15,17,19,21",57,2378,7.103690147399902
calibration,8,global,"1,8,10,12,15,17,19,21",58,1777,7.111295700073242
calibration,8,global,"1,8,10,12,15,17,19,21",59,2019,7.835230827331543
calibration,8,global,"1,8,10,12,15,17,19,21",60,611,6.990606784820557
calibration,8,global,"1,8,10,12,15,17,19,21",61,1632,11.276839256286621
calibration,8,global,"1,8,10,12,15,17,19,21",62,1668,9.66032886505127
calibration,8,global,"1,8,10,12,15,17,19,21",63,2131,8.82798957824707
calibration,8,global,"1,8,10,12,15,17,19,21",64,4582,4.6006622314453125
calibration,8,global,"1,8,10,12,15,17,19,21",65,3185,7.534348011016846
calibration,8,global,"1,8,10,12,15,17,19,21",66,3604,7.903456211090088
calibration,8,global,"1,8,10,12,15,17,19,21",67,2688,7.989187240600586
calibration,8,global,"1,8,10,12,15,17,19,21",68,1024,11.234023094177246
calibration,8,global,"1,8,10,12,15,17,19,21",69,3447,7.322158336639404
calibration,8,global,"1,8,10,12,15,17,19,21",70,1624,7.022821426391602
calibration,8,global,"1,8,10,12,15,17,19,21",71,683,6.952820301055908
calibration,8,global,"1,8,10,12,15,17,19,21",72,3712,8.00426197052002
calibration,8,global,"1,8,10,12,15,17,19,21",73,4597,7.919484615325928
calibration,8,global,"1,8,10,12,15,17,19,21",74,2003,7.799002170562744
calibration,8,global,"1,8,10,12,15,17,19,21",75,38,7.148910999298096
calibration,8,global,"1,8,10,12,15,17,19,21",76,2557,7.832151889801025
calibration,8,global,"1,8,10,12,15,17,19,21",77,648,8.093437194824219
calibration,8,global,"1,8,10,12,15,17,19,21",78,2091,7.218484401702881
calibration,8,global,"1,8,10,12,15,17,19,21",79,2261,7.221581935882568
calibration,8,global,"1,8,10,12,15,17,19,21",80,2086,7.688292026519775
calibration,8,global,"1,8,10,12,15,17,19,21",81,4297,6.37089204788208
calibration,8,global,"1,8,10,12,15,17,19,21",82,3993,8.366593360900879
calibration,8,global,"1,8,10,12,15,17,19,21",83,559,7.002408981323242
calibration,8,global,"1,8,10,12,15,17,19,21",84,3219,7.17193603515625
calibration,8,global,"1,8,10,12,15,17,19,21",85,3324,8.723424911499023
calibration,8,global,"1,8,10,12,15,17,19,21",86,4366,6.957058429718018
calibration,8,global,"1,8,10,12,15,17,19,21",87,323,7.487812519073486
calibration,8,global,"1,8,10,12,15,17,19,21",88,3151,7.846344470977783
calibration,8,global,"1,8,10,12,15,17,19,21",89,2912,6.825465679168701
calibration,8,global,"1,8,10,12,15,17,19,21",90,2892,6.64631462097168
calibration,8,global,"1,8,10,12,15,17,19,21",91,1031,8.804791450500488
calibration,8,global,"1,8,10,12,15,17,19,21",92,2905,6.533172607421875
calibration,8,global,"1,8,10,12,15,17,19,21",93,1747,7.721146583557129
calibration,8,global,"1,8,10,12,15,17,19,21",94,1426,8.04189682006836
calibration,8,global,"1,8,10,12,15,17,19,21",95,1288,8.238832473754883
calibration,8,global,"3,6,8,12,17,19,24,26",0,720,5.391197681427002
calibration,8,global,"3,6,8,12,17,19,24,26",1,3796,5.348644256591797
calibration,8,global,"3,6,8,12,17,19,24,26",2,2979,4.838505268096924
calibration,8,global,"3,6,8,12,17,19,24,26",3,3195,5.121771335601807
calibration,8,global,"3,6,8,12,17,19,24,26",4,3348,5.079651832580566
calibration,8,global,"3,6,8,12,17,19,24,26",5,636,5.069179058074951
calibration,8,global,"3,6,8,12,17,19,24,26",6,655,4.922072410583496
calibration,8,global,"3,6,8,12,17,19,24,26",7,4470,4.904876232147217
calibration,8,global,"3,6,8,12,17,19,24,26",8,3767,4.626565933227539
calibration,8,global,"3,6,8,12,17,19,24,26",9,1123,4.950900554656982
calibration,8,global,"3,6,8,12,17,19,24,26",10,1907,4.972905158996582
calibration,8,global,"3,6,8,12,17,19,24,26",11,4325,5.0935516357421875
calibration,8,global,"3,6,8,12,17,19,24,26",12,3374,5.5225677490234375
calibration,8,global,"3,6,8,12,17,19,24,26",13,552,4.605648517608643
calibration,8,global,"3,6,8,12,17,19,24,26",14,1983,5.188478469848633
calibration,8,global,"3,6,8,12,17,19,24,26",15,279,4.805103778839111
calibration,8,global,"3,6,8,12,17,19,24,26",16,3116,5.204399585723877
calibration,8,global,"3,6,8,12,17,19,24,26",17,3247,5.605133533477783
calibration,8,global,"3,6,8,12,17,19,24,26",18,4798,5.144773483276367
calibration,8,global,"3,6,8,12,17,19,24,26",19,2782,4.809038162231445
calibration,8,global,"3,6,8,12,17,19,24,26",20,2029,5.01521110534668
calibration,8,global,"3,6,8,12,17,19,24,26",21,3681,4.828231334686279
calibration,8,global,"3,6,8,12,17,19,24,26",22,252,4.8162407875061035
calibration,8,global,"3,6,8,12,17,19,24,26",23,2694,5.167149066925049
calibration,8,global,"3,6,8,12,17,19,24,26",24,1696,5.422241687774658
calibration,8,global,"3,6,8,12,17,19,24,26",25,1,5.412651062011719
calibration,8,global,"3,6,8,12,17,19,24,26",26,1432,5.069736480712891
calibration,8,global,"3,6,8,12,17,19,24,26",27,3131,5.2915449142456055
calibration,8,global,"3,6,8,12,17,19,24,26",28,4718,5.3525800704956055
calibration,8,global,"3,6,8,12,17,19,24,26",29,2055,4.940104961395264
calibration,8,global,"3,6,8,12,17,19,24,26",30,4817,5.028071403503418
calibration,8,global,"3,6,8,12,17,19,24,26",31,2110,5.023157596588135
calibration,8,global,"3,6,8,12,17,19,24,26",32,4972,4.848358631134033
calibration,8,global,"3,6,8,12,17,19,24,26",33,3779,4.401848793029785
calibration,8,global,"3,6,8,12,17,19,24,26",34,4553,4.023303508758545
calibration,8,global,"3,6,8,12,17,19,24,26",35,4505,4.867995262145996
calibration,8,global,"3,6,8,12,17,19,24,26",36,779,5.063307285308838
calibration,8,global,"3,6,8,12,17,19,24,26",37,375,5.267426013946533
calibration,8,global,"3,6,8,12,17,19,24,26",38,3175,5.233395576477051
calibration,8,global,"3,6,8,12,17,19,24,26",39,1099,4.720860004425049
calibration,8,global,"3,6,8,12,17,19,24,26",40,3387,5.805231094360352
calibration,8,global,"3,6,8,12,17,19,24,26",41,3081,4.315742492675781
calibration,8,global,"3,6,8,12,17,19,24,26",42,461,4.890355587005615
calibration,8,global,"3,6,8,12,17,19,24,26",43,429,5.438409805297852
calibration,8,global,"3,6,8,12,17,19,24,26",44,2649,5.329452991485596
calibration,8,global,"3,6,8,12,17,19,24,26",45,1815,4.746743679046631
calibration,8,global,"3,6,8,12,17,19,24,26",46,4318,5.063608169555664
calibration,8,global,"3,6,8,12,17,19,24,26",47,226,5.165018081665039
calibration,8,global,"3,6,8,12,17,19,24,26",48,4210,5.079026222229004
calibration,8,global,"3,6,8,12,17,19,24,26",49,892,4.68867301940918
calibration,8,global,"3,6,8,12,17,19,24,26",50,2021,5.130957126617432
calibration,8,global,"3,6,8,12,17,19,24,26",51,2579,4.53347635269165
calibration,8,global,"3,6,8,12,17,19,24,26",52,2843,4.949889183044434
calibration,8,global,"3,6,8,12,17,19,24,26",53,2661,4.171849250793457
calibration,8,global,"3,6,8,12,17,19,24,26",54,426,5.347996711730957
calibration,8,global,"3,6,8,12,17,19,24,26",55,768,5.546290874481201
calibration,8,global,"3,6,8,12,17,19,24,26",56,2163,5.12264347076416
calibration,8,global,"3,6,8,12,17,19,24,26",57,2378,5.031971454620361
calibration,8,global,"3,6,8,12,17,19,24,26",58,1777,5.37021017074585
calibration,8,global,"3,6,8,12,17,19,24,26",59,2019,4.771708965301514
calibration,8,global,"3,6,8,12,17,19,24,26",60,611,5.154138565063477
calibration,8,global,"3,6,8,12,17,19,24,26",61,1632,5.186038970947266
calibration,8,global,"3,6,8,12,17,19,24,26",62,1668,4.496541976928711
calibration,8,global,"3,6,8,12,17,19,24,26",63,2131,4.694918632507324
calibration,8,global,"3,6,8,12,17,19,24,26",64,4582,3.0012943744659424
calibration,8,global,"3,6,8,12,17,19,24,26",65,3185,4.885546684265137
calibration,8,global,"3,6,8,12,17,19,24,26",66,3604,5.037727355957031
calibration,8,global,"3,6,8,12,17,19,24,26",67,2688,5.24623441696167
calibration,8,global,"3,6,8,12,17,19,24,26",68,1024,5.19765567779541
calibration,8,global,"3,6,8,12,17,19,24,26",69,3447,5.173704624176025
calibration,8,global,"3,6,8,12,17,19,24,26",70,1624,4.5549445152282715
calibration,8,global,"3,6,8,12,17,19,24,26",71,683,4.287223815917969
calibration,8,global,"3,6,8,12,17,19,24,26",72,3712,5.153158664703369
calibration,8,global,"3,6,8,12,17,19,24,26",73,4597,4.27958345413208
calibration,8,global,"3,6,8,12,17,19,24,26",74,2003,5.043979644775391
calibration,8,global,"3,6,8,12,17,19,24,26",75,38,4.910449504852295
calibration,8,global,"3,6,8,12,17,19,24,26",76,2557,5.0180158615112305
calibration,8,global,"3,6,8,12,17,19,24,26",77,648,5.084545612335205
calibration,8,global,"3,6,8,12,17,19,24,26",78,2091,4.921165466308594
calibration,8,global,"3,6,8,12,17,19,24,26",79,2261,5.021320819854736
calibration,8,global,"3,6,8,12,17,19,24,26",80,2086,5.317954063415527
calibration,8,global,"3,6,8,12,17,19,24,26",81,4297,5.011477947235107
calibration,8,global,"3,6,8,12,17,19,24,26",82,3993,4.4674296379089355
calibration,8,global,"3,6,8,12,17,19,24,26",83,559,4.805856227874756
calibration,8,global,"3,6,8,12,17,19,24,26",84,3219,5.49829626083374
calibration,8,global,"3,6,8,12,17,19,24,26",85,3324,5.418603420257568
calibration,8,global,"3,6,8,12,17,19,24,26",86,4366,4.950379848480225
calibration,8,global,"3,6,8,12,17,19,24,26",87,323,5.173547744750977
calibration,8,global,"3,6,8,12,17,19,24,26",88,3151,5.283751964569092
calibration,8,global,"3,6,8,12,17,19,24,26",89,2912,4.714842796325684
calibration,8,global,"3,6,8,12,17,19,24,26",90,2892,5.447109699249268
calibration,8,global,"3,6,8,12,17,19,24,26",91,1031,5.498405933380127
calibration,8,global,"3,6,8,12,17,19,24,26",92,2905,4.401237487792969
calibration,8,global,"3,6,8,12,17,19,24,26",93,1747,5.086429595947266
calibration,8,global,"3,6,8,12,17,19,24,26",94,1426,5.373398303985596
calibration,8,global,"3,6,8,12,17,19,24,26",95,1288,4.821519374847412
calibration,8,global,"3,6,10,12,15,17,19,24",0,720,4.694589614868164
calibration,8,global,"3,6,10,12,15,17,19,24",1,3796,4.718364238739014
calibration,8,global,"3,6,10,12,15,17,19,24",2,2979,4.343583583831787
calibration,8,global,"3,6,10,12,15,17,19,24",3,3195,4.514627456665039
calibration,8,global,"3,6,10,12,15,17,19,24",4,3348,4.476081371307373
calibration,8,global,"3,6,10,12,15,17,19,24",5,636,4.413152694702148
calibration,8,global,"3,6,10,12,15,17,19,24",6,655,4.2169189453125
calibration,8,global,"3,6,10,12,15,17,19,24",7,4470,4.222286701202393
calibration,8,global,"3,6,10,12,15,17,19,24",8,3767,3.8516178131103516
calibration,8,global,"3,6,10,12,15,17,19,24",9,1123,4.275350093841553
calibration,8,global,"3,6,10,12,15,17,19,24",10,1907,4.323545932769775
calibration,8,global,"3,6,10,12,15,17,19,24",11,4325,4.695530891418457
calibration,8,global,"3,6,10,12,15,17,19,24",12,3374,4.561398983001709
calibration,8,global,"3,6,10,12,15,17,19,24",13,552,4.2282867431640625
calibration,8,global,"3,6,10,12,15,17,19,24",14,1983,4.594499111175537
calibration,8,global,"3,6,10,12,15,17,19,24",15,279,4.292809009552002
calibration,8,global,"3,6,10,12,15,17,19,24",16,3116,4.637485980987549
calibration,8,global,"3,6,10,12,15,17,19,24",17,3247,4.943944931030273
calibration,8,global,"3,6,10,12,15,17,19,24",18,4798,4.539318084716797
calibration,8,global,"3,6,10,12,15,17,19,24",19,2782,4.367317199707031
calibration,8,global,"3,6,10,12,15,17,19,24",20,2029,4.425076961517334
calibration,8,global,"3,6,10,12,15,17,19,24",21,3681,4.245917797088623
calibration,8,global,"3,6,10,12,15,17,19,24",22,252,3.988253116607666
calibration,8,global,"3,6,10,12,15,17,19,24",23,2694,4.568297863006592
calibration,8,global,"3,6,10,12,15,17,19,24",24,1696,4.725099086761475
calibration,8,global,"3,6,10,12,15,17,19,24",25,1,4.658164024353027
calibration,8,global,"3,6,10,12,15,17,19,24",26,1432,4.380025863647461
calibration,8,global,"3,6,10,12,15,17,19,24",27,3131,4.607361793518066
calibration,8,global,"3,6,10,12,15,17,19,24",28,4718,4.581867694854736
calibration,8,global,"3,6,10,12,15,17,19,24",29,2055,4.262345790863037
calibration,8,global,"3,6,10,12,15,17,19,24",30,4817,4.399035930633545
calibration,8,global,"3,6,10,12,15,17,19,24",31,2110,4.37001895904541
calibration,8,global,"3,6,10,12,15,17,19,24",32,4972,4.254619598388672
calibration,8,global,"3,6,10,12,15,17,19,24",33,3779,3.943675994873047
calibration,8,global,"3,6,10,12,15,17,19,24",34,4553,3.2349650859832764
calibration,8,global,"3,6,10,12,15,17,19,24",35,4505,4.339183330535889
calibration,8,global,"3,6,10,12,15,17,19,24",36,779,4.573915004730225
calibration,8,global,"3,6,10,12,15,17,19,24",37,375,4.665279865264893
calibration,8,global,"3,6,10,12,15,17,19,24",38,3175,4.456775665283203
calibration,8,global,"3,6,10,12,15,17,19,24",39,1099,4.142030715942383
calibration,8,global,"3,6,10,12,15,17,19,24",40,3387,5.095098972320557
calibration,8,global,"3,6,10,12,15,17,19,24",41,3081,3.808884620666504
calibration,8,global,"3,6,10,12,15,17,19,24",42,461,4.025847911834717
calibration,8,global,"3,6,10,12,15,17,19,24",43,429,4.734644412994385
calibration,8,global,"3,6,10,12,15,17,19,24",44,2649,4.617180824279785
calibration,8,global,"3,6,10,12,15,17,19,24",45,1815,4.1327924728393555
calibration,8,global,"3,6,10,12,15,17,19,24",46,4318,4.45694637298584
calibration,8,global,"3,6,10,12,15,17,19,24",47,226,4.573095798492432
calibration,8,global,"3,6,10,12,15,17,19,24",48,4210,4.279985427856445
calibration,8,global,"3,6,10,12,15,17,19,24",49,892,4.127906799316406
calibration,8,global,"3,6,10,12,15,17,19,24",50,2021,4.329717636108398
calibration,8,global,"3,6,10,12,15,17,19,24",51,2579,4.024618625640869
calibration,8,global,"3,6,10,12,15,17,19,24",52,2843,4.257193565368652
calibration,8,global,"3,6,10,12,15,17,19,24",53,2661,3.6859898567199707
calibration,8,global,"3,6,10,12,15,17,19,24",54,426,4.788628578186035
calibration,8,global,"3,6,10,12,15,17,19,24",55,768,4.8755717277526855
calibration,8,global,"3,6,10,12,15,17,19,24",56,2163,4.510525226593018
calibration,8,global,"3,6,10,12,15,17,19,24",57,2378,4.33119010925293
calibration,8,global,"3,6,10,12,15,17,19,24",58,1777,4.69682502746582
calibration,8,global,"3,6,10,12,15,17,19,24",59,2019,4.38670539855957
calibration,8,global,"3,6,10,12,15,17,19,24",60,611,4.299272537231445
calibration,8,global,"3,6,10,12,15,17,19,24",61,1632,4.470794200897217
calibration,8,global,"3,6,10,12,15,17,19,24",62,1668,3.8138458728790283
calibration,8,global,"3,6,10,12,15,17,19,24",63,2131,4.252315044403076
calibration,8,global,"3,6,10,12,15,17,19,24",64,4582,2.378976583480835
calibration,8,global,"3,6,10,12,15,17,19,24",65,3185,4.302342414855957
calibration,8,global,"3,6,10,12,15,17,19,24",66,3604,4.219436168670654
calibration,8,global,"3,6,10,12,15,17,19,24",67,2688,4.51873254776001
calibration,8,global,"3,6,10,12,15,17,19,24",68,1024,4.5554890632629395
calibration,8,global,"3,6,10,12,15,17,19,24",69,3447,4.628888130187988
calibration,8,global,"3,6,10,12,15,17,19,24",70,1624,4.039371013641357
calibration,8,global,"3,6,10,12,15,17,19,24",71,683,3.6901392936706543
calibration,8,global,"3,6,10,12,15,17,19,24",72,3712,4.43118143081665
calibration,8,global,"3,6,10,12,15,17,19,24",73,4597,3.6741812229156494
calibration,8,global,"3,6,10,12,15,17,19,24",74,2003,4.503182888031006
calibration,8,global,"3,6,10,12,15,17,19,24",75,38,4.460003852844238
calibration,8,global,"3,6,10,12,15,17,19,24",76,2557,4.231046199798584
calibration,8,global,"3,6,10,12,15,17,19,24",77,648,4.589967250823975
calibration,8,global,"3,6,10,12,15,17,19,24",78,2091,4.2346720695495605
calibration,8,global,"3,6,10,12,15,17,19,24",79,2261,4.604808807373047
calibration,8,global,"3,6,10,12,15,17,19,24",80,2086,4.594844818115234
calibration,8,global,"3,6,10,12,15,17,19,24",81,4297,4.336847305297852
calibration,8,global,"3,6,10,12,15,17,19,24",82,3993,3.982987642288208
calibration,8,global,"3,6,10,12,15,17,19,24",83,559,4.188076972961426
calibration,8,global,"3,6,10,12,15,17,19,24",84,3219,4.766425609588623
calibration,8,global,"3,6,10,12,15,17,19,24",85,3324,4.915828704833984
calibration,8,global,"3,6,10,12,15,17,19,24",86,4366,4.43474817276001
calibration,8,global,"3,6,10,12,15,17,19,24",87,323,4.7036519050598145
calibration,8,global,"3,6,10,12,15,17,19,24",88,3151,4.5018391609191895
calibration,8,global,"3,6,10,12,15,17,19,24",89,2912,4.002146244049072
calibration,8,global,"3,6,10,12,15,17,19,24",90,2892,4.679286956787109
calibration,8,global,"3,6,10,12,15,17,19,24",91,1031,4.793348789215088
calibration,8,global,"3,6,10,12,15,17,19,24",92,2905,3.95915150642395
calibration,8,global,"3,6,10,12,15,17,19,24",93,1747,4.444194316864014
calibration,8,global,"3,6,10,12,15,17,19,24",94,1426,4.70719575881958
calibration,8,global,"3,6,10,12,15,17,19,24",95,1288,4.260795593261719
calibration,8,global,"3,8,10,12,15,17,21,24",0,720,5.569903373718262
calibration,8,global,"3,8,10,12,15,17,21,24",1,3796,5.096272945404053
calibration,8,global,"3,8,10,12,15,17,21,24",2,2979,4.761092662811279
calibration,8,global,"3,8,10,12,15,17,21,24",3,3195,5.313361644744873
calibration,8,global,"3,8,10,12,15,17,21,24",4,3348,4.8176093101501465
calibration,8,global,"3,8,10,12,15,17,21,24",5,636,4.909163951873779
calibration,8,global,"3,8,10,12,15,17,21,24",6,655,4.903932571411133
calibration,8,global,"3,8,10,12,15,17,21,24",7,4470,4.574650287628174
calibration,8,global,"3,8,10,12,15,17,21,24",8,3767,4.3381428718566895
calibration,8,global,"3,8,10,12,15,17,21,24",9,1123,4.767332077026367
calibration,8,global,"3,8,10,12,15,17,21,24",10,1907,4.963889122009277
calibration,8,global,"3,8,10,12,15,17,21,24",11,4325,5.229872226715088
calibration,8,global,"3,8,10,12,15,17,21,24",12,3374,5.168823719024658
calibration,8,global,"3,8,10,12,15,17,21,24",13,552,4.798391342163086
calibration,8,global,"3,8,10,12,15,17,21,24",14,1983,5.207714557647705
calibration,8,global,"3,8,10,12,15,17,21,24",15,279,4.8069233894348145
calibration,8,global,"3,8,10,12,15,17,21,24",16,3116,4.992748737335205
calibration,8,global,"3,8,10,12,15,17,21,24",17,3247,5.344902515411377
calibration,8,global,"3,8,10,12,15,17,21,24",18,4798,5.103409290313721
calibration,8,global,"3,8,10,12,15,17,21,24",19,2782,4.748950004577637
calibration,8,global,"3,8,10,12,15,17,21,24",20,2029,4.8834452629089355
calibration,8,global,"3,8,10,12,15,17,21,24",21,3681,4.796568393707275
calibration,8,global,"3,8,10,12,15,17,21,24",22,252,4.486486911773682
calibration,8,global,"3,8,10,12,15,17,21,24",23,2694,5.0759687423706055
calibration,8,global,"3,8,10,12,15,17,21,24",24,1696,4.980533599853516
calibration,8,global,"3,8,10,12,15,17,21,24",25,1,5.229008674621582
calibration,8,global,"3,8,10,12,15,17,21,24",26,1432,4.784689903259277
calibration,8,global,"3,8,10,12,15,17,21,24",27,3131,5.001253128051758
calibration,8,global,"3,8,10,12,15,17,21,24",28,4718,4.973870754241943
calibration,8,global,"3,8,10,12,15,17,21,24",29,2055,4.774025917053223
calibration,8,global,"3,8,10,12,15,17,21,24",30,4817,4.773068904876709
calibration,8,global,"3,8,10,12,15,17,21,24",31,2110,4.721586227416992
calibration,8,global,"3,8,10,12,15,17,21,24",32,4972,4.734729766845703
calibration,8,global,"3,8,10,12,15,17,21,24",33,3779,4.344293594360352
calibration,8,global,"3,8,10,12,15,17,21,24",34,4553,3.4045591354370117
calibration,8,global,"3,8,10,12,15,17,21,24",35,4505,4.706745624542236
calibration,8,global,"3,8,10,12,15,17,21,24",36,779,5.059302806854248
calibration,8,global,"3,8,10,12,15,17,21,24",37,375,5.273513317108154
calibration,8,global,"3,8,10,12,15,17,21,24",38,3175,4.906361103057861
calibration,8,global,"3,8,10,12,15,17,21,24",39,1099,4.696530342102051
calibration,8,global,"3,8,10,12,15,17,21,24",40,3387,5.600819110870361
calibration,8,global,"3,8,10,12,15,17,21,24",41,3081,4.167087554931641
calibration,8,global,"3,8,10,12,15,17,21,24",42,461,4.552404403686523
calibration,8,global,"3,8,10,12,15,17,21,24",43,429,5.498899936676025
calibration,8,global,"3,8,10,12,15,17,21,24",44,2649,5.361781120300293
calibration,8,global,"3,8,10,12,15,17,21,24",45,1815,4.505312919616699
calibration,8,global,"3,8,10,12,15,17,21,24",46,4318,4.978896141052246
calibration,8,global,"3,8,10,12,15,17,21,24",47,226,5.028494358062744
calibration,8,global,"3,8,10,12,15,17,21,24",48,4210,4.901486396789551
calibration,8,global,"3,8,10,12,15,17,21,24",49,892,4.653275966644287
calibration,8,global,"3,8,10,12,15,17,21,24",50,2021,5.070997714996338
calibration,8,global,"3,8,10,12,15,17,21,24",51,2579,4.422176837921143
calibration,8,global,"3,8,10,12,15,17,21,24",52,2843,4.719555377960205
calibration,8,global,"3,8,10,12,15,17,21,24",53,2661,4.032614707946777
calibration,8,global,"3,8,10,12,15,17,21,24",54,426,5.391109943389893
calibration,8,global,"3,8,10,12,15,17,21,24",55,768,5.448522090911865
calibration,8,global,"3,8,10,12,15,17,21,24",56,2163,4.919992446899414
calibration,8,global,"3,8,10,12,15,17,21,24",57,2378,5.005985260009766
calibration,8,global,"3,8,10,12,15,17,21,24",58,1777,5.090959072113037
calibration,8,global,"3,8,10,12,15,17,21,24",59,2019,4.989659786224365
calibration,8,global,"3,8,10,12,15,17,21,24",60,611,4.8636393547058105
calibration,8,global,"3,8,10,12,15,17,21,24",61,1632,5.162304401397705
calibration,8,global,"3,8,10,12,15,17,21,24",62,1668,4.316934585571289
calibration,8,global,"3,8,10,12,15,17,21,24",63,2131,4.84851598739624
calibration,8,global,"3,8,10,12,15,17,21,24",64,4582,2.3711512088775635
calibration,8,global,"3,8,10,12,15,17,21,24",65,3185,4.610148906707764
calibration,8,global,"3,8,10,12,15,17,21,24",66,3604,4.804795265197754
calibration,8,global,"3,8,10,12,15,17,21,24",67,2688,4.886974811553955
calibration,8,global,"3,8,10,12,15,17,21,24",68,1024,5.015402793884277
calibration,8,global,"3,8,10,12,15,17,21,24",69,3447,5.0465192794799805
calibration,8,global,"3,8,10,12,15,17,21,24",70,1624,4.4976277351379395
calibration,8,global,"3,8,10,12,15,17,21,24",71,683,4.2735185623168945
calibration,8,global,"3,8,10,12,15,17,21,24",72,3712,4.91898775100708
calibration,8,global,"3,8,10,12,15,17,21,24",73,4597,3.679442882537842
calibration,8,global,"3,8,10,12,15,17,21,24",74,2003,4.937259197235107
calibration,8,global,"3,8,10,12,15,17,21,24",75,38,4.824532985687256
calibration,8,global,"3,8,10,12,15,17,21,24",76,2557,4.533878803253174
calibration,8,global,"3,8,10,12,15,17,21,24",77,648,5.122951507568359
calibration,8,global,"3,8,10,12,15,17,21,24",78,2091,4.456167221069336
calibration,8,global,"3,8,10,12,15,17,21,24",79,2261,5.003376483917236
calibration,8,global,"3,8,10,12,15,17,21,24",80,2086,5.238197326660156
calibration,8,global,"3,8,10,12,15,17,21,24",81,4297,4.896492004394531
calibration,8,global,"3,8,10,12,15,17,21,24",82,3993,4.305923938751221
calibration,8,global,"3,8,10,12,15,17,21,24",83,559,5.01067590713501
calibration,8,global,"3,8,10,12,15,17,21,24",84,3219,5.265981197357178
calibration,8,global,"3,8,10,12,15,17,21,24",85,3324,5.487090587615967
calibration,8,global,"3,8,10,12,15,17,21,24",86,4366,4.975161552429199
calibration,8,global,"3,8,10,12,15,17,21,24",87,323,5.102736473083496
calibration,8,global,"3,8,10,12,15,17,21,24",88,3151,4.947330474853516
calibration,8,global,"3,8,10,12,15,17,21,24",89,2912,4.596808433532715
calibration,8,global,"3,8,10,12,15,17,21,24",90,2892,5.0798540115356445
calibration,8,global,"3,8,10,12,15,17,21,24",91,1031,5.293564796447754
calibration,8,global,"3,8,10,12,15,17,21,24",92,2905,3.9508702754974365
calibration,8,global,"3,8,10,12,15,17,21,24",93,1747,4.842051982879639
calibration,8,global,"3,8,10,12,15,17,21,24",94,1426,5.191888809204102
calibration,8,global,"3,8,10,12,15,17,21,24",95,1288,4.570054531097412
calibration,8,global,"3,8,10,12,15,19,21,24",0,720,5.522965431213379
calibration,8,global,"3,8,10,12,15,19,21,24",1,3796,5.148910999298096
calibration,8,global,"3,8,10,12,15,19,21,24",2,2979,5.073188781738281
calibration,8,global,"3,8,10,12,15,19,21,24",3,3195,5.458074569702148
calibration,8,global,"3,8,10,12,15,19,21,24",4,3348,5.094890117645264
calibration,8,global,"3,8,10,12,15,19,21,24",5,636,5.24072265625
calibration,8,global,"3,8,10,12,15,19,21,24",6,655,4.97542142868042
calibration,8,global,"3,8,10,12,15,19,21,24",7,4470,4.903173923492432
calibration,8,global,"3,8,10,12,15,19,21,24",8,3767,4.5098371505737305
calibration,8,global,"3,8,10,12,15,19,21,24",9,1123,5.183600902557373
calibration,8,global,"3,8,10,12,15,19,21,24",10,1907,4.992140769958496
calibration,8,global,"3,8,10,12,15,19,21,24",11,4325,5.4112067222595215
calibration,8,global,"3,8,10,12,15,19,21,24",12,3374,5.6399922370910645
calibration,8,global,"3,8,10,12,15,19,21,24",13,552,5.0221052169799805
calibration,8,global,"3,8,10,12,15,19,21,24",14,1983,5.669767379760742
calibration,8,global,"3,8,10,12,15,19,21,24",15,279,5.018697261810303
calibration,8,global,"3,8,10,12,15,19,21,24",16,3116,5.185065746307373
calibration,8,global,"3,8,10,12,15,19,21,24",17,3247,5.6059370040893555
calibration,8,global,"3,8,10,12,15,19,21,24",18,4798,5.260339260101318
calibration,8,global,"3,8,10,12,15,19,21,24",19,2782,4.932140827178955
calibration,8,global,"3,8,10,12,15,19,21,24",20,2029,5.283120632171631
calibration,8,global,"3,8,10,12,15,19,21,24",21,3681,4.9930925369262695
calibration,8,global,"3,8,10,12,15,19,21,24",22,252,4.65118932723999
calibration,8,global,"3,8,10,12,15,19,21,24",23,2694,5.362917423248291
calibration,8,global,"3,8,10,12,15,19,21,24",24,1696,5.234663009643555
calibration,8,global,"3,8,10,12,15,19,21,24",25,1,5.411211967468262
calibration,8,global,"3,8,10,12,15,19,21,24",26,1432,4.985504150390625
calibration,8,global,"3,8,10,12,15,19,21,24",27,3131,5.244843482971191
calibration,8,global,"3,8,10,12,15,19,21,24",28,4718,5.349674224853516
calibration,8,global,"3,8,10,12,15,19,21,24",29,2055,4.94433069229126
calibration,8,global,"3,8,10,12,15,19,21,24",30,4817,5.188243389129639
calibration,8,global,"3,8,10,12,15,19,21,24",31,2110,4.92911434173584
calibration,8,global,"3,8,10,12,15,19,21,24",32,4972,5.030040264129639
calibration,8,global,"3,8,10,12,15,19,21,24",33,3779,4.583578586578369
calibration,8,global,"3,8,10,12,15,19,21,24",34,4553,3.9581520557403564
calibration,8,global,"3,8,10,12,15,19,21,24",35,4505,5.191755294799805
calibration,8,global,"3,8,10,12,15,19,21,24",36,779,5.143537521362305
calibration,8,global,"3,8,10,12,15,19,21,24",37,375,5.442508697509766
calibration,8,global,"3,8,10,12,15,19,21,24",38,3175,5.161770820617676
calibration,8,global,"3,8,10,12,15,19,21,24",39,1099,4.740942478179932
calibration,8,global,"3,8,10,12,15,19,21,24",40,3387,5.673069000244141
calibration,8,global,"3,8,10,12,15,19,21,24",41,3081,4.31928825378418
calibration,8,global,"3,8,10,12,15,19,21,24",42,461,5.0533037185668945
calibration,8,global,"3,8,10,12,15,19,21,24",43,429,5.556705474853516
calibration,8,global,"3,8,10,12,15,19,21,24",44,2649,5.720827102661133
calibration,8,global,"3,8,10,12,15,19,21,24",45,1815,4.866563320159912
calibration,8,global,"3,8,10,12,15,19,21,24",46,4318,5.163156509399414
calibration,8,global,"3,8,10,12,15,19,21,24",47,226,5.2213239669799805
calibration,8,global,"3,8,10,12,15,19,21,24",48,4210,5.204041957855225
calibration,8,global,"3,8,10,12,15,19,21,24",49,892,4.9530181884765625
calibration,8,global,"3,8,10,12,15,19,21,24",50,2021,5.339959621429443
calibration,8,global,"3,8,10,12,15,19,21,24",51,2579,4.575259685516357
calibration,8,global,"3,8,10,12,15,19,21,24",52,2843,4.972392559051514
calibration,8,global,"3,8,10,12,15,19,21,24",53,2661,4.313216209411621
calibration,8,global,"3,8,10,12,15,19,21,24",54,426,5.6045026779174805
calibration,8,global,"3,8,10,12,15,19,21,24",55,768,5.582577705383301
calibration,8,global,"3,8,10,12,15,19,21,24",56,2163,5.067864418029785
calibration,8,global,"3,8,10,12,15,19,21,24",57,2378,5.2324652671813965
calibration,8,global,"3,8,10,12,15,19,21,24",58,1777,5.299322605133057
calibration,8,global,"3,8,10,12,15,19,21,24",59,2019,5.201505184173584
calibration,8,global,"3,8,10,12,15,19,21,24",60,611,5.077450752258301
calibration,8,global,"3,8,10,12,15,19,21,24",61,1632,5.502102375030518
calibration,8,global,"3,8,10,12,15,19,21,24",62,1668,4.610471725463867
calibration,8,global,"3,8,10,12,15,19,21,24",63,2131,5.111206531524658
calibration,8,global,"3,8,10,12,15,19,21,24",64,4582,3.0301883220672607
calibration,8,global,"3,8,10,12,15,19,21,24",65,3185,5.053990840911865
calibration,8,global,"3,8,10,12,15,19,21,24",66,3604,4.878007411956787
calibration,8,global,"3,8,10,12,15,19,21,24",67,2688,5.1575093269348145
calibration,8,global,"3,8,10,12,15,19,21,24",68,1024,5.254288196563721
calibration,8,global,"3,8,10,12,15,19,21,24",69,3447,5.237885475158691
calibration,8,global,"3,8,10,12,15,19,21,24",70,1624,4.950375080108643
calibration,8,global,"3,8,10,12,15,19,21,24",71,683,4.420933723449707
calibration,8,global,"3,8,10,12,15,19,21,24",72,3712,5.183861255645752
calibration,8,global,"3,8,10,12,15,19,21,24",73,4597,4.08990478515625
calibration,8,global,"3,8,10,12,15,19,21,24",74,2003,5.250741481781006
calibration,8,global,"3,8,10,12,15,19,21,24",75,38,5.173871994018555
calibration,8,global,"3,8,10,12,15,19,21,24",76,2557,4.7197465896606445
calibration,8,global,"3,8,10,12,15,19,21,24",77,648,5.272974014282227
calibration,8,global,"3,8,10,12,15,19,21,24",78,2091,4.822751522064209
calibration,8,global,"3,8,10,12,15,19,21,24",79,2261,5.164671897888184
calibration,8,global,"3,8,10,12,15,19,21,24",80,2086,5.366733074188232
calibration,8,global,"3,8,10,12,15,19,21,24",81,4297,5.092545986175537
calibration,8,global,"3,8,10,12,15,19,21,24",82,3993,4.564866065979004
calibration,8,global,"3,8,10,12,15,19,21,24",83,559,5.071232795715332
calibration,8,global,"3,8,10,12,15,19,21,24",84,3219,5.614313125610352
calibration,8,global,"3,8,10,12,15,19,21,24",85,3324,5.914007663726807
calibration,8,global,"3,8,10,12,15,19,21,24",86,4366,5.178365230560303
calibration,8,global,"3,8,10,12,15,19,21,24",87,323,5.388485431671143
calibration,8,global,"3,8,10,12,15,19,21,24",88,3151,5.028269290924072
calibration,8,global,"3,8,10,12,15,19,21,24",89,2912,4.909234046936035
calibration,8,global,"3,8,10,12,15,19,21,24",90,2892,5.270990371704102
calibration,8,global,"3,8,10,12,15,19,21,24",91,1031,5.414276599884033
calibration,8,global,"3,8,10,12,15,19,21,24",92,2905,4.293145179748535
calibration,8,global,"3,8,10,12,15,19,21,24",93,1747,5.085100173950195
calibration,8,global,"3,8,10,12,15,19,21,24",94,1426,5.329282760620117
calibration,8,global,"3,8,10,12,15,19,21,24",95,1288,4.775412559509277
calibration,8,global,"3,8,10,12,15,19,21,26",0,720,5.376725673675537
calibration,8,global,"3,8,10,12,15,19,21,26",1,3796,5.088064670562744
calibration,8,global,"3,8,10,12,15,19,21,26",2,2979,4.949215412139893
calibration,8,global,"3,8,10,12,15,19,21,26",3,3195,5.164384365081787
calibration,8,global,"3,8,10,12,15,19,21,26",4,3348,4.841078281402588
calibration,8,global,"3,8,10,12,15,19,21,26",5,636,5.053508281707764
calibration,8,global,"3,8,10,12,15,19,21,26",6,655,4.7224440574646
calibration,8,global,"3,8,10,12,15,19,21,26",7,4470,4.77455472946167
calibration,8,global,"3,8,10,12,15,19,21,26",8,3767,4.455992698669434
calibration,8,global,"3,8,10,12,15,19,21,26",9,1123,4.960475921630859
calibration,8,global,"3,8,10,12,15,19,21,26",10,1907,4.7768235206604
calibration,8,global,"3,8,10,12,15,19,21,26",11,4325,5.180335998535156
calibration,8,global,"3,8,10,12,15,19,21,26",12,3374,5.455100059509277
calibration,8,global,"3,8,10,12,15,19,21,26",13,552,4.663903713226318
calibration,8,global,"3,8,10,12,15,19,21,26",14,1983,5.350031852722168
calibration,8,global,"3,8,10,12,15,19,21,26",15,279,4.875295162200928
calibration,8,global,"3,8,10,12,15,19,21,26",16,3116,5.001377105712891
calibration,8,global,"3,8,10,12,15,19,21,26",17,3247,5.457214832305908
calibration,8,global,"3,8,10,12,15,19,21,26",18,4798,5.139158248901367
calibration,8,global,"3,8,10,12,15,19,21,26",19,2782,4.759638786315918
calibration,8,global,"3,8,10,12,15,19,21,26",20,2029,5.144876480102539
calibration,8,global,"3,8,10,12,15,19,21,26",21,3681,4.8354597091674805
calibration,8,global,"3,8,10,12,15,19,21,26",22,252,4.446106910705566
calibration,8,global,"3,8,10,12,15,19,21,26",23,2694,5.141760349273682
calibration,8,global,"3,8,10,12,15,19,21,26",24,1696,5.135787487030029
calibration,8,global,"3,8,10,12,15,19,21,26",25,1,5.174528121948242
calibration,8,global,"3,8,10,12,15,19,21,26",26,1432,4.888213157653809
calibration,8,global,"3,8,10,12,15,19,21,26",27,3131,5.016450881958008
calibration,8,global,"3,8,10,12,15,19,21,26",28,4718,5.189196586608887
calibration,8,global,"3,8,10,12,15,19,21,26",29,2055,4.907024383544922
calibration,8,global,"3,8,10,12,15,19,21,26",30,4817,5.0562639236450195
calibration,8,global,"3,8,10,12,15,19,21,26",31,2110,4.764750957489014
calibration,8,global,"3,8,10,12,15,19,21,26",32,4972,4.828709602355957
calibration,8,global,"3,8,10,12,15,19,21,26",33,3779,4.222970485687256
calibration,8,global,"3,8,10,12,15,19,21,26",34,4553,3.9639904499053955
calibration,8,global,"3,8,10,12,15,19,21,26",35,4505,4.993913173675537
calibration,8,global,"3,8,10,12,15,19,21,26",36,779,4.860221862792969
calibration,8,global,"3,8,10,12,15,19,21,26",37,375,5.081413269042969
calibration,8,global,"3,8,10,12,15,19,21,26",38,3175,4.933615207672119
calibration,8,global,"3,8,10,12,15,19,21,26",39,1099,4.535200119018555
calibration,8,global,"3,8,10,12,15,19,21,26",40,3387,5.4924211502075195
calibration,8,global,"3,8,10,12,15,19,21,26",41,3081,4.198952674865723
calibration,8,global,"3,8,10,12,15,19,21,26",42,461,4.765343189239502
calibration,8,global,"3,8,10,12,15,19,21,26",43,429,5.397696018218994
calibration,8,global,"3,8,10,12,15,19,21,26",44,2649,5.468238353729248
calibration,8,global,"3,8,10,12,15,19,21,26",45,1815,4.786640167236328
calibration,8,global,"3,8,10,12,15,19,21,26",46,4318,5.024238586425781
calibration,8,global,"3,8,10,12,15,19,21,26",47,226,5.037343502044678
calibration,8,global,"3,8,10,12,15,19,21,26",48,4210,4.9090094566345215
calibration,8,global,"3,8,10,12,15,19,21,26",49,892,4.7769575119018555
calibration,8,global,"3,8,10,12,15,19,21,26",50,2021,5.202834129333496
calibration,8,global,"3,8,10,12,15,19,21,26",51,2579,4.443540096282959
calibration,8,global,"3,8,10,12,15,19,21,26",52,2843,4.732783794403076
calibration,8,global,"3,8,10,12,15,19,21,26",53,2661,4.177891254425049
calibration,8,global,"3,8,10,12,15,19,21,26",54,426,5.304299354553223
calibration,8,global,"3,8,10,12,15,19,21,26",55,768,5.43533182144165
calibration,8,global,"3,8,10,12,15,19,21,26",56,2163,4.899623394012451
calibration,8,global,"3,8,10,12,15,19,21,26",57,2378,5.101595878601074
calibration,8,global,"3,8,10,12,15,19,21,26",58,1777,5.282899379730225
calibration,8,global,"3,8,10,12,15,19,21,26",59,2019,5.008627414703369
calibration,8,global,"3,8,10,12,15,19,21,26",60,611,5.0035786628723145
calibration,8,global,"3,8,10,12,15,19,21,26",61,1632,5.360215663909912
calibration,8,global,"3,8,10,12,15,19,21,26",62,1668,4.380626678466797
calibration,8,global,"3,8,10,12,15,19,21,26",63,2131,4.8034987449646
calibration,8,global,"3,8,10,12,15,19,21,26",64,4582,2.8253133296966553
calibration,8,global,"3,8,10,12,15,19,21,26",65,3185,4.805398941040039
calibration,8,global,"3,8,10,12,15,19,21,26",66,3604,4.792336940765381
calibration,8,global,"3,8,10,12,15,19,21,26",67,2688,4.956799030303955
calibration,8,global,"3,8,10,12,15,19,21,26",68,1024,5.102397441864014
calibration,8,global,"3,8,10,12,15,19,21,26",69,3447,5.095916748046875
calibration,8,global,"3,8,10,12,15,19,21,26",70,1624,4.50001335144043
calibration,8,global,"3,8,10,12,15,19,21,26",71,683,4.248775959014893
calibration,8,global,"3,8,10,12,15,19,21,26",72,3712,4.992523670196533
calibration,8,global,"3,8,10,12,15,19,21,26",73,4597,3.928985118865967
calibration,8,global,"3,8,10,12,15,19,21,26",74,2003,5.049970626831055
calibration,8,global,"3,8,10,12,15,19,21,26",75,38,4.963854789733887
calibration,8,global,"3,8,10,12,15,19,21,26",76,2557,4.601504325866699
calibration,8,global,"3,8,10,12,15,19,21,26",77,648,5.094303131103516
calibration,8,global,"3,8,10,12,15,19,21,26",78,2091,4.7064032554626465
calibration,8,global,"3,8,10,12,15,19,21,26",79,2261,5.047331809997559
calibration,8,global,"3,8,10,12,15,19,21,26",80,2086,5.229471683502197
calibration,8,global,"3,8,10,12,15,19,21,26",81,4297,4.90769100189209
calibration,8,global,"3,8,10,12,15,19,21,26",82,3993,4.433973789215088
calibration,8,global,"3,8,10,12,15,19,21,26",83,559,4.978204727172852
calibration,8,global,"3,8,10,12,15,19,21,26",84,3219,5.361058712005615
calibration,8,global,"3,8,10,12,15,19,21,26",85,3324,5.6840949058532715
calibration,8,global,"3,8,10,12,15,19,21,26",86,4366,4.89916467666626
calibration,8,global,"3,8,10,12,15,19,21,26",87,323,5.225381851196289
calibration,8,global,"3,8,10,12,15,19,21,26",88,3151,4.794764041900635
calibration,8,global,"3,8,10,12,15,19,21,26",89,2912,4.726939678192139
calibration,8,global,"3,8,10,12,15,19,21,26",90,2892,5.245957851409912
calibration,8,global,"3,8,10,12,15,19,21,26",91,1031,5.367420673370361
calibration,8,global,"3,8,10,12,15,19,21,26",92,2905,4.223542213439941
calibration,8,global,"3,8,10,12,15,19,21,26",93,1747,4.882683277130127
calibration,8,global,"3,8,10,12,15,19,21,26",94,1426,5.186126232147217
calibration,8,global,"3,8,10,12,15,19,21,26",95,1288,4.6338911056518555
calibration,8,global,"6,10,12,15,17,19,21,26",0,720,5.021000862121582
calibration,8,global,"6,10,12,15,17,19,21,26",1,3796,4.8280253410339355
calibration,8,global,"6,10,12,15,17,19,21,26",2,2979,4.827270030975342
calibration,8,global,"6,10,12,15,17,19,21,26",3,3195,4.975876331329346
calibration,8,global,"6,10,12,15,17,19,21,26",4,3348,4.412591457366943
calibration,8,global,"6,10,12,15,17,19,21,26",5,636,4.622273921966553
calibration,8,global,"6,10,12,15,17,19,21,26",6,655,4.60980224609375
calibration,8,global,"6,10,12,15,17,19,21,26",7,4470,4.613864898681641
calibration,8,global,"6,10,12,15,17,19,21,26",8,3767,4.318861484527588
calibration,8,global,"6,10,12,15,17,19,21,26",9,1123,4.627565383911133
calibration,8,global,"6,10,12,15,17,19,21,26",10,1907,4.657585620880127
calibration,8,global,"6,10,12,15,17,19,21,26",11,4325,4.673134803771973
calibration,8,global,"6,10,12,15,17,19,21,26",12,3374,5.184282302856445
calibration,8,global,"6,10,12,15,17,19,21,26",13,552,4.467195510864258
calibration,8,global,"6,10,12,15,17,19,21,26",14,1983,4.947607517242432
calibration,8,global,"6,10,12,15,17,19,21,26",15,279,4.576006889343262
calibration,8,global,"6,10,12,15,17,19,21,26",16,3116,4.878694534301758
calibration,8,global,"6,10,12,15,17,19,21,26",17,3247,5.174928665161133
calibration,8,global,"6,10,12,15,17,19,21,26",18,4798,4.937653064727783
calibration,8,global,"6,10,12,15,17,19,21,26",19,2782,4.685117721557617
calibration,8,global,"6,10,12,15,17,19,21,26",20,2029,4.873083114624023
calibration,8,global,"6,10,12,15,17,19,21,26",21,3681,4.485452651977539
calibration,8,global,"6,10,12,15,17,19,21,26",22,252,4.357932090759277
calibration,8,global,"6,10,12,15,17,19,21,26",23,2694,4.721473217010498
calibration,8,global,"6,10,12,15,17,19,21,26",24,1696,5.082621097564697
calibration,8,global,"6,10,12,15,17,19,21,26",25,1,4.974405765533447
calibration,8,global,"6,10,12,15,17,19,21,26",26,1432,4.758487701416016
calibration,8,global,"6,10,12,15,17,19,21,26",27,3131,4.884933948516846
calibration,8,global,"6,10,12,15,17,19,21,26",28,4718,4.890744209289551
calibration,8,global,"6,10,12,15,17,19,21,26",29,2055,4.379360198974609
calibration,8,global,"6,10,12,15,17,19,21,26",30,4817,4.762528896331787
calibration,8,global,"6,10,12,15,17,19,21,26",31,2110,4.610650062561035
calibration,8,global,"6,10,12,15,17,19,21,26",32,4972,4.670776844024658
calibration,8,global,"6,10,12,15,17,19,21,26",33,3779,4.173860549926758
calibration,8,global,"6,10,12,15,17,19,21,26",34,4553,3.9842135906219482
calibration,8,global,"6,10,12,15,17,19,21,26",35,4505,5.042614459991455
calibration,8,global,"6,10,12,15,17,19,21,26",36,779,5.014903545379639
calibration,8,global,"6,10,12,15,17,19,21,26",37,375,5.138161659240723
calibration,8,global,"6,10,12,15,17,19,21,26",38,3175,4.8161234855651855
calibration,8,global,"6,10,12,15,17,19,21,26",39,1099,4.238371849060059
calibration,8,global,"6,10,12,15,17,19,21,26",40,3387,5.265397548675537
calibration,8,global,"6,10,12,15,17,19,21,26",41,3081,3.910872220993042
calibration,8,global,"6,10,12,15,17,19,21,26",42,461,4.593245506286621
calibration,8,global,"6,10,12,15,17,19,21,26",43,429,4.763345718383789
calibration,8,global,"6,10,12,15,17,19,21,26",44,2649,5.115640640258789
calibration,8,global,"6,10,12,15,17,19,21,26",45,1815,4.48012113571167
calibration,8,global,"6,10,12,15,17,19,21,26",46,4318,4.630062103271484
calibration,8,global,"6,10,12,15,17,19,21,26",47,226,4.656320571899414
calibration,8,global,"6,10,12,15,17,19,21,26",48,4210,4.927485466003418
calibration,8,global,"6,10,12,15,17,19,21,26",49,892,4.254014015197754
calibration,8,global,"6,10,12,15,17,19,21,26",50,2021,5.003392696380615
calibration,8,global,"6,10,12,15,17,19,21,26",51,2579,4.311063289642334
calibration,8,global,"6,10,12,15,17,19,21,26",52,2843,4.443592548370361
calibration,8,global,"6,10,12,15,17,19,21,26",53,2661,3.997586250305176
calibration,8,global,"6,10,12,15,17,19,21,26",54,426,4.974977970123291
calibration,8,global,"6,10,12,15,17,19,21,26",55,768,5.03067684173584
calibration,8,global,"6,10,12,15,17,19,21,26",56,2163,4.699463844299316
calibration,8,global,"6,10,12,15,17,19,21,26",57,2378,4.914928913116455
calibration,8,global,"6,10,12,15,17,19,21,26",58,1777,4.966848373413086
calibration,8,global,"6,10,12,15,17,19,21,26",59,2019,4.879171848297119
calibration,8,global,"6,10,12,15,17,19,21,26",60,611,4.805535793304443
calibration,8,global,"6,10,12,15,17,19,21,26",61,1632,4.991318702697754
calibration,8,global,"6,10,12,15,17,19,21,26",62,1668,4.168046951293945
calibration,8,global,"6,10,12,15,17,19,21,26",63,2131,4.56307315826416
calibration,8,global,"6,10,12,15,17,19,21,26",64,4582,2.8725528717041016
calibration,8,global,"6,10,12,15,17,19,21,26",65,3185,4.614635944366455
calibration,8,global,"6,10,12,15,17,19,21,26",66,3604,4.489434242248535
calibration,8,global,"6,10,12,15,17,19,21,26",67,2688,5.040192127227783
calibration,8,global,"6,10,12,15,17,19,21,26",68,1024,5.0692458152771
calibration,8,global,"6,10,12,15,17,19,21,26",69,3447,5.109912872314453
calibration,8,global,"6,10,12,15,17,19,21,26",70,1624,4.611599445343018
calibration,8,global,"6,10,12,15,17,19,21,26",71,683,4.189883708953857
calibration,8,global,"6,10,12,15,17,19,21,26",72,3712,4.841381072998047
calibration,8,global,"6,10,12,15,17,19,21,26",73,4597,3.955432653427124
calibration,8,global,"6,10,12,15,17,19,21,26",74,2003,4.9066572189331055
calibration,8,global,"6,10,12,15,17,19,21,26",75,38,4.659355640411377
calibration,8,global,"6,10,12,15,17,19,21,26",76,2557,4.364314079284668
calibration,8,global,"6,10,12,15,17,19,21,26",77,648,4.954137802124023
calibration,8,global,"6,10,12,15,17,19,21,26",78,2091,4.668065071105957
calibration,8,global,"6,10,12,15,17,19,21,26",79,2261,4.788944244384766
calibration,8,global,"6,10,12,15,17,19,21,26",80,2086,4.916418075561523
calibration,8,global,"6,10,12,15,17,19,21,26",81,4297,4.462888717651367
calibration,8,global,"6,10,12,15,17,19,21,26",82,3993,4.494362831115723
calibration,8,global,"6,10,12,15,17,19,21,26",83,559,4.606334209442139
calibration,8,global,"6,10,12,15,17,19,21,26",84,3219,5.094898700714111
calibration,8,global,"6,10,12,15,17,19,21,26",85,3324,5.583169460296631
calibration,8,global,"6,10,12,15,17,19,21,26",86,4366,4.6120758056640625
calibration,8,global,"6,10,12,15,17,19,21,26",87,323,5.002974510192871
calibration,8,global,"6,10,12,15,17,19,21,26",88,3151,4.723925590515137
calibration,8,global,"6,10,12,15,17,19,21,26",89,2912,4.373086929321289
calibration,8,global,"6,10,12,15,17,19,21,26",90,2892,4.813011169433594
calibration,8,global,"6,10,12,15,17,19,21,26",91,1031,5.1278228759765625
calibration,8,global,"6,10,12,15,17,19,21,26",92,2905,4.075003147125244
calibration,8,global,"6,10,12,15,17,19,21,26",93,1747,4.857194423675537
calibration,8,global,"6,10,12,15,17,19,21,26",94,1426,4.802290916442871
calibration,8,global,"6,10,12,15,17,19,21,26",95,1288,4.727376461029053
calibration,8,low,"3,6,8,10,15,17,21,26",0,720,5.022706031799316
calibration,8,low,"3,6,8,10,15,17,21,26",1,3796,4.864285469055176
calibration,8,low,"3,6,8,10,15,17,21,26",2,2979,4.449337005615234
calibration,8,low,"3,6,8,10,15,17,21,26",3,3195,4.6587233543396
calibration,8,low,"3,6,8,10,15,17,21,26",4,3348,4.69904899597168
calibration,8,low,"3,6,8,10,15,17,21,26",5,636,4.579188346862793
calibration,8,low,"3,6,8,10,15,17,21,26",6,655,4.447746276855469
calibration,8,low,"3,6,8,10,15,17,21,26",7,4470,4.643470764160156
calibration,8,low,"3,6,8,10,15,17,21,26",8,3767,4.260310649871826
calibration,8,low,"3,6,8,10,15,17,21,26",9,1123,4.47662353515625
calibration,8,low,"3,6,8,10,15,17,21,26",10,1907,4.6012654304504395
calibration,8,low,"3,6,8,10,15,17,21,26",11,4325,4.827211856842041
calibration,8,low,"3,6,8,10,15,17,21,26",12,3374,4.681150436401367
calibration,8,low,"3,6,8,10,15,17,21,26",13,552,4.330490589141846
calibration,8,low,"3,6,8,10,15,17,21,26",14,1983,4.770934581756592
calibration,8,low,"3,6,8,10,15,17,21,26",15,279,4.552492618560791
calibration,8,low,"3,6,8,10,15,17,21,26",16,3116,4.747288227081299
calibration,8,low,"3,6,8,10,15,17,21,26",17,3247,5.266200542449951
calibration,8,low,"3,6,8,10,15,17,21,26",18,4798,5.004512310028076
calibration,8,low,"3,6,8,10,15,17,21,26",19,2782,4.584598541259766
calibration,8,low,"3,6,8,10,15,17,21,26",20,2029,4.731686115264893
calibration,8,low,"3,6,8,10,15,17,21,26",21,3681,4.6623616218566895
calibration,8,low,"3,6,8,10,15,17,21,26",22,252,4.204724311828613
calibration,8,low,"3,6,8,10,15,17,21,26",23,2694,4.573361396789551
calibration,8,low,"3,6,8,10,15,17,21,26",24,1696,4.997081756591797
calibration,8,low,"3,6,8,10,15,17,21,26",25,1,4.891881465911865
calibration,8,low,"3,6,8,10,15,17,21,26",26,1432,4.55832052230835
calibration,8,low,"3,6,8,10,15,17,21,26",27,3131,4.871521949768066
calibration,8,low,"3,6,8,10,15,17,21,26",28,4718,4.76738977432251
calibration,8,low,"3,6,8,10,15,17,21,26",29,2055,4.473586082458496
calibration,8,low,"3,6,8,10,15,17,21,26",30,4817,4.6642680168151855
calibration,8,low,"3,6,8,10,15,17,21,26",31,2110,4.508222579956055
calibration,8,low,"3,6,8,10,15,17,21,26",32,4972,4.491374492645264
calibration,8,low,"3,6,8,10,15,17,21,26",33,3779,4.1341118812561035
calibration,8,low,"3,6,8,10,15,17,21,26",34,4553,3.2468245029449463
calibration,8,low,"3,6,8,10,15,17,21,26",35,4505,4.383175373077393
calibration,8,low,"3,6,8,10,15,17,21,26",36,779,4.564991474151611
calibration,8,low,"3,6,8,10,15,17,21,26",37,375,4.804941177368164
calibration,8,low,"3,6,8,10,15,17,21,26",38,3175,4.685611248016357
calibration,8,low,"3,6,8,10,15,17,21,26",39,1099,4.256123065948486
calibration,8,low,"3,6,8,10,15,17,21,26",40,3387,5.098697662353516
calibration,8,low,"3,6,8,10,15,17,21,26",41,3081,4.0377302169799805
calibration,8,low,"3,6,8,10,15,17,21,26",42,461,4.215897083282471
calibration,8,low,"3,6,8,10,15,17,21,26",43,429,5.02476167678833
calibration,8,low,"3,6,8,10,15,17,21,26",44,2649,4.843923091888428
calibration,8,low,"3,6,8,10,15,17,21,26",45,1815,4.398056983947754
calibration,8,low,"3,6,8,10,15,17,21,26",46,4318,4.595737934112549
calibration,8,low,"3,6,8,10,15,17,21,26",47,226,4.866559982299805
calibration,8,low,"3,6,8,10,15,17,21,26",48,4210,4.603836536407471
calibration,8,low,"3,6,8,10,15,17,21,26",49,892,4.344444751739502
calibration,8,low,"3,6,8,10,15,17,21,26",50,2021,4.6134352684021
calibration,8,low,"3,6,8,10,15,17,21,26",51,2579,4.28305196762085
calibration,8,low,"3,6,8,10,15,17,21,26",52,2843,4.402901649475098
calibration,8,low,"3,6,8,10,15,17,21,26",53,2661,3.954486131668091
calibration,8,low,"3,6,8,10,15,17,21,26",54,426,4.910534858703613
calibration,8,low,"3,6,8,10,15,17,21,26",55,768,5.023658275604248
calibration,8,low,"3,6,8,10,15,17,21,26",56,2163,4.740515232086182
calibration,8,low,"3,6,8,10,15,17,21,26",57,2378,4.6083478927612305
calibration,8,low,"3,6,8,10,15,17,21,26",58,1777,4.8633294105529785
calibration,8,low,"3,6,8,10,15,17,21,26",59,2019,4.538646697998047
calibration,8,low,"3,6,8,10,15,17,21,26",60,611,4.695211410522461
calibration,8,low,"3,6,8,10,15,17,21,26",61,1632,4.746443748474121
calibration,8,low,"3,6,8,10,15,17,21,26",62,1668,4.075177192687988
calibration,8,low,"3,6,8,10,15,17,21,26",63,2131,4.367542743682861
calibration,8,low,"3,6,8,10,15,17,21,26",64,4582,2.301992893218994
calibration,8,low,"3,6,8,10,15,17,21,26",65,3185,4.373101711273193
calibration,8,low,"3,6,8,10,15,17,21,26",66,3604,4.573471546173096
calibration,8,low,"3,6,8,10,15,17,21,26",67,2688,4.6587371826171875
calibration,8,low,"3,6,8,10,15,17,21,26",68,1024,4.73295259475708
calibration,8,low,"3,6,8,10,15,17,21,26",69,3447,4.866260528564453
calibration,8,low,"3,6,8,10,15,17,21,26",70,1624,4.0698466300964355
calibration,8,low,"3,6,8,10,15,17,21,26",71,683,3.8755102157592773
calibration,8,low,"3,6,8,10,15,17,21,26",72,3712,4.627427101135254
calibration,8,low,"3,6,8,10,15,17,21,26",73,4597,3.8125998973846436
calibration,8,low,"3,6,8,10,15,17,21,26",74,2003,4.856829643249512
calibration,8,low,"3,6,8,10,15,17,21,26",75,38,4.665997505187988
calibration,8,low,"3,6,8,10,15,17,21,26",76,2557,4.458775997161865
calibration,8,low,"3,6,8,10,15,17,21,26",77,648,4.738796234130859
calibration,8,low,"3,6,8,10,15,17,21,26",78,2091,4.347367763519287
calibration,8,low,"3,6,8,10,15,17,21,26",79,2261,4.697159290313721
calibration,8,low,"3,6,8,10,15,17,21,26",80,2086,4.98435115814209
calibration,8,low,"3,6,8,10,15,17,21,26",81,4297,4.564797401428223
calibration,8,low,"3,6,8,10,15,17,21,26",82,3993,4.115750312805176
calibration,8,low,"3,6,8,10,15,17,21,26",83,559,4.592860221862793
calibration,8,low,"3,6,8,10,15,17,21,26",84,3219,5.014637470245361
calibration,8,low,"3,6,8,10,15,17,21,26",85,3324,5.074959754943848
calibration,8,low,"3,6,8,10,15,17,21,26",86,4366,4.626140117645264
calibration,8,low,"3,6,8,10,15,17,21,26",87,323,4.874145984649658
calibration,8,low,"3,6,8,10,15,17,21,26",88,3151,4.470510959625244
calibration,8,low,"3,6,8,10,15,17,21,26",89,2912,4.262640953063965
calibration,8,low,"3,6,8,10,15,17,21,26",90,2892,4.968725681304932
calibration,8,low,"3,6,8,10,15,17,21,26",91,1031,5.020289897918701
calibration,8,low,"3,6,8,10,15,17,21,26",92,2905,3.764759063720703
calibration,8,low,"3,6,8,10,15,17,21,26",93,1747,4.684335231781006
calibration,8,low,"3,6,8,10,15,17,21,26",94,1426,4.842819690704346
calibration,8,low,"3,6,8,10,15,17,21,26",95,1288,4.57582426071167
calibration,8,low,"3,6,8,10,15,19,21,24",0,720,5.4612274169921875
calibration,8,low,"3,6,8,10,15,19,21,24",1,3796,5.2664475440979
calibration,8,low,"3,6,8,10,15,19,21,24",2,2979,5.205059051513672
calibration,8,low,"3,6,8,10,15,19,21,24",3,3195,5.249448776245117
calibration,8,low,"3,6,8,10,15,19,21,24",4,3348,5.117359638214111
calibration,8,low,"3,6,8,10,15,19,21,24",5,636,5.2153778076171875
calibration,8,low,"3,6,8,10,15,19,21,24",6,655,5.040890216827393
calibration,8,low,"3,6,8,10,15,19,21,24",7,4470,5.0695576667785645
calibration,8,low,"3,6,8,10,15,19,21,24",8,3767,4.536695957183838
calibration,8,low,"3,6,8,10,15,19,21,24",9,1123,5.043635845184326
calibration,8,low,"3,6,8,10,15,19,21,24",10,1907,5.1224589347839355
calibration,8,low,"3,6,8,10,15,19,21,24",11,4325,5.445501327514648
calibration,8,low,"3,6,8,10,15,19,21,24",12,3374,5.3432512283325195
calibration,8,low,"3,6,8,10,15,19,21,24",13,552,4.847729682922363
calibration,8,low,"3,6,8,10,15,19,21,24",14,1983,5.467422962188721
calibration,8,low,"3,6,8,10,15,19,21,24",15,279,5.027684688568115
calibration,8,low,"3,6,8,10,15,19,21,24",16,3116,5.230428695678711
calibration,8,low,"3,6,8,10,15,19,21,24",17,3247,5.760259628295898
calibration,8,low,"3,6,8,10,15,19,21,24",18,4798,5.3451361656188965
calibration,8,low,"3,6,8,10,15,19,21,24",19,2782,4.947763442993164
calibration,8,low,"3,6,8,10,15,19,21,24",20,2029,5.146571159362793
calibration,8,low,"3,6,8,10,15,19,21,24",21,3681,5.13992166519165
calibration,8,low,"3,6,8,10,15,19,21,24",22,252,4.714016437530518
calibration,8,low,"3,6,8,10,15,19,21,24",23,2694,5.105494976043701
calibration,8,low,"3,6,8,10,15,19,21,24",24,1696,5.396251201629639
calibration,8,low,"3,6,8,10,15,19,21,24",25,1,5.442908763885498
calibration,8,low,"3,6,8,10,15,19,21,24",26,1432,4.936095714569092
calibration,8,low,"3,6,8,10,15,19,21,24",27,3131,5.448612689971924
calibration,8,low,"3,6,8,10,15,19,21,24",28,4718,5.524290561676025
calibration,8,low,"3,6,8,10,15,19,21,24",29,2055,4.925291061401367
calibration,8,low,"3,6,8,10,15,19,21,24",30,4817,5.29286527633667
calibration,8,low,"3,6,8,10,15,19,21,24",31,2110,4.913173675537109
calibration,8,low,"3,6,8,10,15,19,21,24",32,4972,5.104991912841797
calibration,8,low,"3,6,8,10,15,19,21,24",33,3779,4.550495624542236
calibration,8,low,"3,6,8,10,15,19,21,24",34,4553,3.593366861343384
calibration,8,low,"3,6,8,10,15,19,21,24",35,4505,4.954359531402588
calibration,8,low,"3,6,8,10,15,19,21,24",36,779,5.062923431396484
calibration,8,low,"3,6,8,10,15,19,21,24",37,375,5.278880596160889
calibration,8,low,"3,6,8,10,15,19,21,24",38,3175,5.238541126251221
calibration,8,low,"3,6,8,10,15,19,21,24",39,1099,4.658841609954834
calibration,8,low,"3,6,8,10,15,19,21,24",40,3387,5.731750965118408
calibration,8,low,"3,6,8,10,15,19,21,24",41,3081,4.381208896636963
calibration,8,low,"3,6,8,10,15,19,21,24",42,461,4.837814807891846
calibration,8,low,"3,6,8,10,15,19,21,24",43,429,5.493659019470215
calibration,8,low,"3,6,8,10,15,19,21,24",44,2649,5.552680015563965
calibration,8,low,"3,6,8,10,15,19,21,24",45,1815,4.910538196563721
calibration,8,low,"3,6,8,10,15,19,21,24",46,4318,5.113541603088379
calibration,8,low,"3,6,8,10,15,19,21,24",47,226,5.310018539428711
calibration,8,low,"3,6,8,10,15,19,21,24",48,4210,5.289907455444336
calibration,8,low,"3,6,8,10,15,19,21,24",49,892,4.955709457397461
calibration,8,low,"3,6,8,10,15,19,21,24",50,2021,5.151755332946777
calibration,8,low,"3,6,8,10,15,19,21,24",51,2579,4.785121917724609
calibration,8,low,"3,6,8,10,15,19,21,24",52,2843,4.963936805725098
calibration,8,low,"3,6,8,10,15,19,21,24",53,2661,4.502126216888428
calibration,8,low,"3,6,8,10,15,19,21,24",54,426,5.625967502593994
calibration,8,low,"3,6,8,10,15,19,21,24",55,768,5.517841815948486
calibration,8,low,"3,6,8,10,15,19,21,24",56,2163,5.311214923858643
calibration,8,low,"3,6,8,10,15,19,21,24",57,2378,5.088695526123047
calibration,8,low,"3,6,8,10,15,19,21,24",58,1777,5.315883636474609
calibration,8,low,"3,6,8,10,15,19,21,24",59,2019,5.229446887969971
calibration,8,low,"3,6,8,10,15,19,21,24",60,611,5.264559268951416
calibration,8,low,"3,6,8,10,15,19,21,24",61,1632,5.267043113708496
calibration,8,low,"3,6,8,10,15,19,21,24",62,1668,4.550196647644043
calibration,8,low,"3,6,8,10,15,19,21,24",63,2131,4.951639175415039
calibration,8,low,"3,6,8,10,15,19,21,24",64,4582,3.0663259029388428
calibration,8,low,"3,6,8,10,15,19,21,24",65,3185,5.142465114593506
calibration,8,low,"3,6,8,10,15,19,21,24",66,3604,4.990313529968262
calibration,8,low,"3,6,8,10,15,19,21,24",67,2688,5.262439250946045
calibration,8,low,"3,6,8,10,15,19,21,24",68,1024,5.321566104888916
calibration,8,low,"3,6,8,10,15,19,21,24",69,3447,5.394794940948486
calibration,8,low,"3,6,8,10,15,19,21,24",70,1624,5.028717994689941
calibration,8,low,"3,6,8,10,15,19,21,24",71,683,4.360543727874756
calibration,8,low,"3,6,8,10,15,19,21,24",72,3712,5.2912163734436035
calibration,8,low,"3,6,8,10,15,19,21,24",73,4597,4.246398448944092
calibration,8,low,"3,6,8,10,15,19,21,24",74,2003,5.234598636627197
calibration,8,low,"3,6,8,10,15,19,21,24",75,38,5.201681613922119
calibration,8,low,"3,6,8,10,15,19,21,24",76,2557,4.814545631408691
calibration,8,low,"3,6,8,10,15,19,21,24",77,648,5.2944183349609375
calibration,8,low,"3,6,8,10,15,19,21,24",78,2091,4.7878594398498535
calibration,8,low,"3,6,8,10,15,19,21,24",79,2261,5.219365119934082
calibration,8,low,"3,6,8,10,15,19,21,24",80,2086,5.321741580963135
calibration,8,low,"3,6,8,10,15,19,21,24",81,4297,5.157703876495361
calibration,8,low,"3,6,8,10,15,19,21,24",82,3993,4.533487319946289
calibration,8,low,"3,6,8,10,15,19,21,24",83,559,5.077978610992432
calibration,8,low,"3,6,8,10,15,19,21,24",84,3219,5.641120433807373
calibration,8,low,"3,6,8,10,15,19,21,24",85,3324,5.755517482757568
calibration,8,low,"3,6,8,10,15,19,21,24",86,4366,5.123714923858643
calibration,8,low,"3,6,8,10,15,19,21,24",87,323,5.428275108337402
calibration,8,low,"3,6,8,10,15,19,21,24",88,3151,4.884512901306152
calibration,8,low,"3,6,8,10,15,19,21,24",89,2912,4.886599063873291
calibration,8,low,"3,6,8,10,15,19,21,24",90,2892,5.267709732055664
calibration,8,low,"3,6,8,10,15,19,21,24",91,1031,5.438386917114258
calibration,8,low,"3,6,8,10,15,19,21,24",92,2905,4.288020610809326
calibration,8,low,"3,6,8,10,15,19,21,24",93,1747,5.129993438720703
calibration,8,low,"3,6,8,10,15,19,21,24",94,1426,5.332190990447998
calibration,8,low,"3,6,8,10,15,19,21,24",95,1288,5.080630302429199
calibration,8,low,"3,6,8,12,15,17,19,26",0,720,5.102560520172119
calibration,8,low,"3,6,8,12,15,17,19,26",1,3796,5.0366435050964355
calibration,8,low,"3,6,8,12,15,17,19,26",2,2979,4.496030807495117
calibration,8,low,"3,6,8,12,15,17,19,26",3,3195,4.760917663574219
calibration,8,low,"3,6,8,12,15,17,19,26",4,3348,4.7815728187561035
calibration,8,low,"3,6,8,12,15,17,19,26",5,636,4.810575485229492
calibration,8,low,"3,6,8,12,15,17,19,26",6,655,4.643982410430908
calibration,8,low,"3,6,8,12,15,17,19,26",7,4470,4.579453945159912
calibration,8,low,"3,6,8,12,15,17,19,26",8,3767,4.324845314025879
calibration,8,low,"3,6,8,12,15,17,19,26",9,1123,4.675982475280762
calibration,8,low,"3,6,8,12,15,17,19,26",10,1907,4.780128002166748
calibration,8,low,"3,6,8,12,15,17,19,26",11,4325,4.790060997009277
calibration,8,low,"3,6,8,12,15,17,19,26",12,3374,5.2166571617126465
calibration,8,low,"3,6,8,12,15,17,19,26",13,552,4.295101642608643
calibration,8,low,"3,6,8,12,15,17,19,26",14,1983,4.883197784423828
calibration,8,low,"3,6,8,12,15,17,19,26",15,279,4.634506702423096
calibration,8,low,"3,6,8,12,15,17,19,26",16,3116,4.968160629272461
calibration,8,low,"3,6,8,12,15,17,19,26",17,3247,5.241305351257324
calibration,8,low,"3,6,8,12,15,17,19,26",18,4798,4.893406391143799
calibration,8,low,"3,6,8,12,15,17,19,26",19,2782,4.553698539733887
calibration,8,low,"3,6,8,12,15,17,19,26",20,2029,4.783870697021484
calibration,8,low,"3,6,8,12,15,17,19,26",21,3681,4.5202836990356445
calibration,8,low,"3,6,8,12,15,17,19,26",22,252,4.471456527709961
calibration,8,low,"3,6,8,12,15,17,19,26",23,2694,4.898096561431885
calibration,8,low,"3,6,8,12,15,17,19,26",24,1696,5.126201629638672
calibration,8,low,"3,6,8,12,15,17,19,26",25,1,5.145895957946777
calibration,8,low,"3,6,8,12,15,17,19,26",26,1432,4.732954025268555
calibration,8,low,"3,6,8,12,15,17,19,26",27,3131,5.097689628601074
calibration,8,low,"3,6,8,12,15,17,19,26",28,4718,5.019683361053467
calibration,8,low,"3,6,8,12,15,17,19,26",29,2055,4.710075855255127
calibration,8,low,"3,6,8,12,15,17,19,26",30,4817,4.654726028442383
calibration,8,low,"3,6,8,12,15,17,19,26",31,2110,4.854222297668457
calibration,8,low,"3,6,8,12,15,17,19,26",32,4972,4.667080402374268
calibration,8,low,"3,6,8,12,15,17,19,26",33,3779,4.151098728179932
calibration,8,low,"3,6,8,12,15,17,19,26",34,4553,3.650203227996826
calibration,8,low,"3,6,8,12,15,17,19,26",35,4505,4.584323883056641
calibration,8,low,"3,6,8,12,15,17,19,26",36,779,4.835947036743164
calibration,8,low,"3,6,8,12,15,17,19,26",37,375,4.8456807136535645
calibration,8,low,"3,6,8,12,15,17,19,26",38,3175,4.895981788635254
calibration,8,low,"3,6,8,12,15,17,19,26",39,1099,4.311572074890137
calibration,8,low,"3,6,8,12,15,17,19,26",40,3387,5.361888408660889
calibration,8,low,"3,6,8,12,15,17,19,26",41,3081,4.18483304977417
calibration,8,low,"3,6,8,12,15,17,19,26",42,461,4.437892436981201
calibration,8,low,"3,6,8,12,15,17,19,26",43,429,5.104183673858643
calibration,8,low,"3,6,8,12,15,17,19,26",44,2649,4.9577250480651855
calibration,8,low,"3,6,8,12,15,17,19,26",45,1815,4.401662349700928
calibration,8,low,"3,6,8,12,15,17,19,26",46,4318,4.75082540512085
calibration,8,low,"3,6,8,12,15,17,19,26",47,226,4.905563831329346
calibration,8,low,"3,6,8,12,15,17,19,26",48,4210,4.658908367156982
calibration,8,low,"3,6,8,12,15,17,19,26",49,892,4.458658695220947
calibration,8,low,"3,6,8,12,15,17,19,26",50,2021,4.7339277267456055
calibration,8,low,"3,6,8,12,15,17,19,26",51,2579,4.294520378112793
calibration,8,low,"3,6,8,12,15,17,19,26",52,2843,4.668620586395264
calibration,8,low,"3,6,8,12,15,17,19,26",53,2661,4.078789710998535
calibration,8,low,"3,6,8,12,15,17,19,26",54,426,5.092650890350342
calibration,8,low,"3,6,8,12,15,17,19,26",55,768,5.25944709777832
calibration,8,low,"3,6,8,12,15,17,19,26",56,2163,4.808690071105957
calibration,8,low,"3,6,8,12,15,17,19,26",57,2378,4.57351541519165
calibration,8,low,"3,6,8,12,15,17,19,26",58,1777,5.113624572753906
calibration,8,low,"3,6,8,12,15,17,19,26",59,2019,4.42215633392334
calibration,8,low,"3,6,8,12,15,17,19,26",60,611,4.807865619659424
calibration,8,low,"3,6,8,12,15,17,19,26",61,1632,4.7243475914001465
calibration,8,low,"3,6,8,12,15,17,19,26",62,1668,4.2136311531066895
calibration,8,low,"3,6,8,12,15,17,19,26",63,2131,4.574062824249268
calibration,8,low,"3,6,8,12,15,17,19,26",64,4582,2.7047226428985596
calibration,8,low,"3,6,8,12,15,17,19,26",65,3185,4.480080604553223
calibration,8,low,"3,6,8,12,15,17,19,26",66,3604,4.626473426818848
calibration,8,low,"3,6,8,12,15,17,19,26",67,2688,4.900279521942139
calibration,8,low,"3,6,8,12,15,17,19,26",68,1024,4.934384346008301
calibration,8,low,"3,6,8,12,15,17,19,26",69,3447,4.956127643585205
calibration,8,low,"3,6,8,12,15,17,19,26",70,1624,4.349830150604248
calibration,8,low,"3,6,8,12,15,17,19,26",71,683,3.9878697395324707
calibration,8,low,"3,6,8,12,15,17,19,26",72,3712,4.857455253601074
calibration,8,low,"3,6,8,12,15,17,19,26",73,4597,4.049149036407471
calibration,8,low,"3,6,8,12,15,17,19,26",74,2003,4.888658046722412
calibration,8,low,"3,6,8,12,15,17,19,26",75,38,4.7111735343933105
calibration,8,low,"3,6,8,12,15,17,19,26",76,2557,4.571185111999512
calibration,8,low,"3,6,8,12,15,17,19,26",77,648,4.86080265045166
calibration,8,low,"3,6,8,12,15,17,19,26",78,2091,4.700854301452637
calibration,8,low,"3,6,8,12,15,17,19,26",79,2261,4.702894687652588
calibration,8,low,"3,6,8,12,15,17,19,26",80,2086,4.994491100311279
calibration,8,low,"3,6,8,12,15,17,19,26",81,4297,4.677737236022949
calibration,8,low,"3,6,8,12,15,17,19,26",82,3993,4.225365161895752
calibration,8,low,"3,6,8,12,15,17,19,26",83,559,4.576010227203369
calibration,8,low,"3,6,8,12,15,17,19,26",84,3219,5.141835689544678
calibration,8,low,"3,6,8,12,15,17,19,26",85,3324,5.019732475280762
calibration,8,low,"3,6,8,12,15,17,19,26",86,4366,4.6200714111328125
calibration,8,low,"3,6,8,12,15,17,19,26",87,323,4.992516040802002
calibration,8,low,"3,6,8,12,15,17,19,26",88,3151,5.001276969909668
calibration,8,low,"3,6,8,12,15,17,19,26",89,2912,4.401881217956543
calibration,8,low,"3,6,8,12,15,17,19,26",90,2892,5.109822750091553
calibration,8,low,"3,6,8,12,15,17,19,26",91,1031,5.250563144683838
calibration,8,low,"3,6,8,12,15,17,19,26",92,2905,4.216986179351807
calibration,8,low,"3,6,8,12,15,17,19,26",93,1747,4.8106231689453125
calibration,8,low,"3,6,8,12,15,17,19,26",94,1426,4.980270862579346
calibration,8,low,"3,6,8,12,15,17,19,26",95,1288,4.592243194580078
calibration,8,low,"3,6,8,12,15,17,21,24",0,720,5.550224304199219
calibration,8,low,"3,6,8,12,15,17,21,24",1,3796,5.41705322265625
calibration,8,low,"3,6,8,12,15,17,21,24",2,2979,5.09267520904541
calibration,8,low,"3,6,8,12,15,17,21,24",3,3195,5.277003765106201
calibration,8,low,"3,6,8,12,15,17,21,24",4,3348,5.1514201164245605
calibration,8,low,"3,6,8,12,15,17,21,24",5,636,5.188231945037842
calibration,8,low,"3,6,8,12,15,17,21,24",6,655,5.327062606811523
calibration,8,low,"3,6,8,12,15,17,21,24",7,4470,5.012207508087158
calibration,8,low,"3,6,8,12,15,17,21,24",8,3767,4.711144924163818
calibration,8,low,"3,6,8,12,15,17,21,24",9,1123,5.0900092124938965
calibration,8,low,"3,6,8,12,15,17,21,24",10,1907,5.147707462310791
calibration,8,low,"3,6,8,12,15,17,21,24",11,4325,5.52633810043335
calibration,8,low,"3,6,8,12,15,17,21,24",12,3374,5.398315906524658
calibration,8,low,"3,6,8,12,15,17,21,24",13,552,4.8481292724609375
calibration,8,low,"3,6,8,12,15,17,21,24",14,1983,5.360403060913086
calibration,8,low,"3,6,8,12,15,17,21,24",15,279,4.942144870758057
calibration,8,low,"3,6,8,12,15,17,21,24",16,3116,5.323310375213623
calibration,8,low,"3,6,8,12,15,17,21,24",17,3247,5.696678161621094
calibration,8,low,"3,6,8,12,15,17,21,24",18,4798,5.1515045166015625
calibration,8,low,"3,6,8,12,15,17,21,24",19,2782,4.960390090942383
calibration,8,low,"3,6,8,12,15,17,21,24",20,2029,5.185775279998779
calibration,8,low,"3,6,8,12,15,17,21,24",21,3681,4.983675479888916
calibration,8,low,"3,6,8,12,15,17,21,24",22,252,4.808602809906006
calibration,8,low,"3,6,8,12,15,17,21,24",23,2694,5.149288177490234
calibration,8,low,"3,6,8,12,15,17,21,24",24,1696,5.293247699737549
calibration,8,low,"3,6,8,12,15,17,21,24",25,1,5.539990425109863
calibration,8,low,"3,6,8,12,15,17,21,24",26,1432,5.002895355224609
calibration,8,low,"3,6,8,12,15,17,21,24",27,3131,5.55210018157959
calibration,8,low,"3,6,8,12,15,17,21,24",28,4718,5.495506763458252
calibration,8,low,"3,6,8,12,15,17,21,24",29,2055,4.87532901763916
calibration,8,low,"3,6,8,12,15,17,21,24",30,4817,5.050129413604736
calibration,8,low,"3,6,8,12,15,17,21,24",31,2110,5.217520236968994
calibration,8,low,"3,6,8,12,15,17,21,24",32,4972,5.0406646728515625
calibration,8,low,"3,6,8,12,15,17,21,24",33,3779,4.656711101531982
calibration,8,low,"3,6,8,12,15,17,21,24",34,4553,3.5568928718566895
calibration,8,low,"3,6,8,12,15,17,21,24",35,4505,4.882053852081299
calibration,8,low,"3,6,8,12,15,17,21,24",36,779,5.324628829956055
calibration,8,low,"3,6,8,12,15,17,21,24",37,375,5.353438854217529
calibration,8,low,"3,6,8,12,15,17,21,24",38,3175,5.3602375984191895
calibration,8,low,"3,6,8,12,15,17,21,24",39,1099,4.830834865570068
calibration,8,low,"3,6,8,12,15,17,21,24",40,3387,5.780251979827881
calibration,8,low,"3,6,8,12,15,17,21,24",41,3081,4.619882106781006
calibration,8,low,"3,6,8,12,15,17,21,24",42,461,5.0799431800842285
calibration,8,low,"3,6,8,12,15,17,21,24",43,429,5.641569137573242
calibration,8,low,"3,6,8,12,15,17,21,24",44,2649,5.4783935546875
calibration,8,low,"3,6,8,12,15,17,21,24",45,1815,4.7156291007995605
calibration,8,low,"3,6,8,12,15,17,21,24",46,4318,5.3358612060546875
calibration,8,low,"3,6,8,12,15,17,21,24",47,226,5.295909881591797
calibration,8,low,"3,6,8,12,15,17,21,24",48,4210,5.351922512054443
calibration,8,low,"3,6,8,12,15,17,21,24",49,892,4.751757621765137
calibration,8,low,"3,6,8,12,15,17,21,24",50,2021,5.17299222946167
calibration,8,low,"3,6,8,12,15,17,21,24",51,2579,4.727732181549072
calibration,8,low,"3,6,8,12,15,17,21,24",52,2843,4.938561916351318
calibration,8,low,"3,6,8,12,15,17,21,24",53,2661,4.263935565948486
calibration,8,low,"3,6,8,12,15,17,21,24",54,426,5.591299533843994
calibration,8,low,"3,6,8,12,15,17,21,24",55,768,5.667040824890137
calibration,8,low,"3,6,8,12,15,17,21,24",56,2163,5.336954116821289
calibration,8,low,"3,6,8,12,15,17,21,24",57,2378,5.113616466522217
calibration,8,low,"3,6,8,12,15,17,21,24",58,1777,5.163383960723877
calibration,8,low,"3,6,8,12,15,17,21,24",59,2019,5.092250823974609
calibration,8,low,"3,6,8,12,15,17,21,24",60,611,5.247696399688721
calibration,8,low,"3,6,8,12,15,17,21,24",61,1632,5.248152732849121
calibration,8,low,"3,6,8,12,15,17,21,24",62,1668,4.568719387054443
calibration,8,low,"3,6,8,12,15,17,21,24",63,2131,5.0036845207214355
calibration,8,low,"3,6,8,12,15,17,21,24",64,4582,2.855684518814087
calibration,8,low,"3,6,8,12,15,17,21,24",65,3185,5.100526809692383
calibration,8,low,"3,6,8,12,15,17,21,24",66,3604,4.875349521636963
calibration,8,low,"3,6,8,12,15,17,21,24",67,2688,5.373393535614014
calibration,8,low,"3,6,8,12,15,17,21,24",68,1024,5.300823211669922
calibration,8,low,"3,6,8,12,15,17,21,24",69,3447,5.318739891052246
calibration,8,low,"3,6,8,12,15,17,21,24",70,1624,4.980708122253418
calibration,8,low,"3,6,8,12,15,17,21,24",71,683,4.329455852508545
calibration,8,low,"3,6,8,12,15,17,21,24",72,3712,5.310137748718262
calibration,8,low,"3,6,8,12,15,17,21,24",73,4597,4.332706928253174
calibration,8,low,"3,6,8,12,15,17,21,24",74,2003,5.337547779083252
calibration,8,low,"3,6,8,12,15,17,21,24",75,38,5.22563362121582
calibration,8,low,"3,6,8,12,15,17,21,24",76,2557,4.8080644607543945
calibration,8,low,"3,6,8,12,15,17,21,24",77,648,5.4381327629089355
calibration,8,low,"3,6,8,12,15,17,21,24",78,2091,4.959756851196289
calibration,8,low,"3,6,8,12,15,17,21,24",79,2261,5.092278480529785
calibration,8,low,"3,6,8,12,15,17,21,24",80,2086,5.43614387512207
calibration,8,low,"3,6,8,12,15,17,21,24",81,4297,5.223586082458496
calibration,8,low,"3,6,8,12,15,17,21,24",82,3993,4.48527717590332
calibration,8,low,"3,6,8,12,15,17,21,24",83,559,4.9179253578186035
calibration,8,low,"3,6,8,12,15,17,21,24",84,3219,5.5759806632995605
calibration,8,low,"3,6,8,12,15,17,21,24",85,3324,5.85407829284668
calibration,8,low,"3,6,8,12,15,17,21,24",86,4366,5.121590614318848
calibration,8,low,"3,6,8,12,15,17,21,24",87,323,5.410053730010986
calibration,8,low,"3,6,8,12,15,17,21,24",88,3151,5.412756443023682
calibration,8,low,"3,6,8,12,15,17,21,24",89,2912,4.804742813110352
calibration,8,low,"3,6,8,12,15,17,21,24",90,2892,5.6051764488220215
calibration,8,low,"3,6,8,12,15,17,21,24",91,1031,5.595709800720215
calibration,8,low,"3,6,8,12,15,17,21,24",92,2905,4.337510585784912
calibration,8,low,"3,6,8,12,15,17,21,24",93,1747,5.131838321685791
calibration,8,low,"3,6,8,12,15,17,21,24",94,1426,5.450117111206055
calibration,8,low,"3,6,8,12,15,17,21,24",95,1288,5.059051513671875
calibration,8,low,"3,6,8,12,15,19,21,24",0,720,5.745165824890137
calibration,8,low,"3,6,8,12,15,19,21,24",1,3796,5.730084419250488
calibration,8,low,"3,6,8,12,15,19,21,24",2,2979,5.2349090576171875
calibration,8,low,"3,6,8,12,15,19,21,24",3,3195,5.494328022003174
calibration,8,low,"3,6,8,12,15,19,21,24",4,3348,5.633530139923096
calibration,8,low,"3,6,8,12,15,19,21,24",5,636,5.570621967315674
calibration,8,low,"3,6,8,12,15,19,21,24",6,655,5.475826740264893
calibration,8,low,"3,6,8,12,15,19,21,24",7,4470,5.350412845611572
calibration,8,low,"3,6,8,12,15,19,21,24",8,3767,4.89824104309082
calibration,8,low,"3,6,8,12,15,19,21,24",9,1123,5.38998556137085
calibration,8,low,"3,6,8,12,15,19,21,24",10,1907,5.312254428863525
calibration,8,low,"3,6,8,12,15,19,21,24",11,4325,5.756552219390869
calibration,8,low,"3,6,8,12,15,19,21,24",12,3374,5.979848384857178
calibration,8,low,"3,6,8,12,15,19,21,24",13,552,5.069309711456299
calibration,8,low,"3,6,8,12,15,19,21,24",14,1983,5.875579357147217
calibration,8,low,"3,6,8,12,15,19,21,24",15,279,5.210031509399414
calibration,8,low,"3,6,8,12,15,19,21,24",16,3116,5.564995288848877
calibration,8,low,"3,6,8,12,15,19,21,24",17,3247,5.953742980957031
calibration,8,low,"3,6,8,12,15,19,21,24",18,4798,5.557345867156982
calibration,8,low,"3,6,8,12,15,19,21,24",19,2782,5.13143253326416
calibration,8,low,"3,6,8,12,15,19,21,24",20,2029,5.443027496337891
calibration,8,low,"3,6,8,12,15,19,21,24",21,3681,5.38696813583374
calibration,8,low,"3,6,8,12,15,19,21,24",22,252,5.069552421569824
calibration,8,low,"3,6,8,12,15,19,21,24",23,2694,5.4023518562316895
calibration,8,low,"3,6,8,12,15,19,21,24",24,1696,5.621741771697998
calibration,8,low,"3,6,8,12,15,19,21,24",25,1,5.859463214874268
calibration,8,low,"3,6,8,12,15,19,21,24",26,1432,5.364534854888916
calibration,8,low,"3,6,8,12,15,19,21,24",27,3131,5.741229057312012
calibration,8,low,"3,6,8,12,15,19,21,24",28,4718,5.78399658203125
calibration,8,low,"3,6,8,12,15,19,21,24",29,2055,5.286322116851807
calibration,8,low,"3,6,8,12,15,19,21,24",30,4817,5.336681842803955
calibration,8,low,"3,6,8,12,15,19,21,24",31,2110,5.175222396850586
calibration,8,low,"3,6,8,12,15,19,21,24",32,4972,5.410498142242432
calibration,8,low,"3,6,8,12,15,19,21,24",33,3779,4.9422478675842285
calibration,8,low,"3,6,8,12,15,19,21,24",34,4553,4.018913269042969
calibration,8,low,"3,6,8,12,15,19,21,24",35,4505,5.319712162017822
calibration,8,low,"3,6,8,12,15,19,21,24",36,779,5.525244235992432
calibration,8,low,"3,6,8,12,15,19,21,24",37,375,5.678922176361084
calibration,8,low,"3,6,8,12,15,19,21,24",38,3175,5.713167667388916
calibration,8,low,"3,6,8,12,15,19,21,24",39,1099,4.819433689117432
calibration,8,low,"3,6,8,12,15,19,21,24",40,3387,6.140341281890869
calibration,8,low,"3,6,8,12,15,19,21,24",41,3081,4.654679775238037
calibration,8,low,"3,6,8,12,15,19,21,24",42,461,5.440028667449951
calibration,8,low,"3,6,8,12,15,19,21,24",43,429,5.696825981140137
calibration,8,low,"3,6,8,12,15,19,21,24",44,2649,5.810040473937988
calibration,8,low,"3,6,8,12,15,19,21,24",45,1815,5.05986213684082
calibration,8,low,"3,6,8,12,15,19,21,24",46,4318,5.549644947052002
calibration,8,low,"3,6,8,12,15,19,21,24",47,226,5.7363409996032715
calibration,8,low,"3,6,8,12,15,19,21,24",48,4210,5.669675350189209
calibration,8,low,"3,6,8,12,15,19,21,24",49,892,5.0564398765563965
calibration,8,low,"3,6,8,12,15,19,21,24",50,2021,5.506027698516846
calibration,8,low,"3,6,8,12,15,19,21,24",51,2579,4.84379768371582
calibration,8,low,"3,6,8,12,15,19,21,24",52,2843,5.356931686401367
calibration,8,low,"3,6,8,12,15,19,21,24",53,2661,4.6690449714660645
calibration,8,low,"3,6,8,12,15,19,21,24",54,426,6.006433486938477
calibration,8,low,"3,6,8,12,15,19,21,24",55,768,5.9081597328186035
calibration,8,low,"3,6,8,12,15,19,21,24",56,2163,5.589388847351074
calibration,8,low,"3,6,8,12,15,19,21,24",57,2378,5.4420061111450195
calibration,8,low,"3,6,8,12,15,19,21,24",58,1777,5.641209602355957
calibration,8,low,"3,6,8,12,15,19,21,24",59,2019,5.349552154541016
calibration,8,low,"3,6,8,12,15,19,21,24",60,611,5.418349742889404
calibration,8,low,"3,6,8,12,15,19,21,24",61,1632,5.654112815856934
calibration,8,low,"3,6,8,12,15,19,21,24",62,1668,4.800334930419922
calibration,8,low,"3,6,8,12,15,19,21,24",63,2131,5.219396114349365
calibration,8,low,"3,6,8,12,15,19,21,24",64,4582,3.2175345420837402
calibration,8,low,"3,6,8,12,15,19,21,24",65,3185,5.420515537261963
calibration,8,low,"3,6,8,12,15,19,21,24",66,3604,5.149397373199463
calibration,8,low,"3,6,8,12,15,19,21,24",67,2688,5.565396785736084
calibration,8,low,"3,6,8,12,15,19,21,24",68,1024,5.6302571296691895
calibration,8,low,"3,6,8,12,15,19,21,24",69,3447,5.65418815612793
calibration,8,low,"3,6,8,12,15,19,21,24",70,1624,5.400791645050049
calibration,8,low,"3,6,8,12,15,19,21,24",71,683,4.734783172607422
calibration,8,low,"3,6,8,12,15,19,21,24",72,3712,5.632691383361816
calibration,8,low,"3,6,8,12,15,19,21,24",73,4597,4.708009243011475
calibration,8,low,"3,6,8,12,15,19,21,24",74,2003,5.533417224884033
calibration,8,low,"3,6,8,12,15,19,21,24",75,38,5.312054634094238
calibration,8,low,"3,6,8,12,15,19,21,24",76,2557,4.991725921630859
calibration,8,low,"3,6,8,12,15,19,21,24",77,648,5.661508560180664
calibration,8,low,"3,6,8,12,15,19,21,24",78,2091,5.191600799560547
calibration,8,low,"3,6,8,12,15,19,21,24",79,2261,5.421931266784668
calibration,8,low,"3,6,8,12,15,19,21,24",80,2086,5.609457015991211
calibration,8,low,"3,6,8,12,15,19,21,24",81,4297,5.46063756942749
calibration,8,low,"3,6,8,12,15,19,21,24",82,3993,4.7556023597717285
calibration,8,low,"3,6,8,12,15,19,21,24",83,559,5.266147613525391
calibration,8,low,"3,6,8,12,15,19,21,24",84,3219,5.929840087890625
calibration,8,low,"3,6,8,12,15,19,21,24",85,3324,6.040847301483154
calibration,8,low,"3,6,8,12,15,19,21,24",86,4366,5.4380316734313965
calibration,8,low,"3,6,8,12,15,19,21,24",87,323,5.806694984436035
calibration,8,low,"3,6,8,12,15,19,21,24",88,3151,5.651187419891357
calibration,8,low,"3,6,8,12,15,19,21,24",89,2912,5.283925533294678
calibration,8,low,"3,6,8,12,15,19,21,24",90,2892,5.938940525054932
calibration,8,low,"3,6,8,12,15,19,21,24",91,1031,5.887191295623779
calibration,8,low,"3,6,8,12,15,19,21,24",92,2905,4.818347930908203
calibration,8,low,"3,6,8,12,15,19,21,24",93,1747,5.47251558303833
calibration,8,low,"3,6,8,12,15,19,21,24",94,1426,5.590161323547363
calibration,8,low,"3,6,8,12,15,19,21,24",95,1288,5.548154830932617
calibration,8,low,"3,6,10,12,15,17,19,21",0,720,5.369421005249023
calibration,8,low,"3,6,10,12,15,17,19,21",1,3796,5.0522332191467285
calibration,8,low,"3,6,10,12,15,17,19,21",2,2979,4.999388694763184
calibration,8,low,"3,6,10,12,15,17,19,21",3,3195,5.073925495147705
calibration,8,low,"3,6,10,12,15,17,19,21",4,3348,4.837765216827393
calibration,8,low,"3,6,10,12,15,17,19,21",5,636,4.993124008178711
calibration,8,low,"3,6,10,12,15,17,19,21",6,655,4.63836145401001
calibration,8,low,"3,6,10,12,15,17,19,21",7,4470,4.765261173248291
calibration,8,low,"3,6,10,12,15,17,19,21",8,3767,4.330946445465088
calibration,8,low,"3,6,10,12,15,17,19,21",9,1123,4.9085373878479
calibration,8,low,"3,6,10,12,15,17,19,21",10,1907,4.785165786743164
calibration,8,low,"3,6,10,12,15,17,19,21",11,4325,5.2518181800842285
calibration,8,low,"3,6,10,12,15,17,19,21",12,3374,5.274340629577637
calibration,8,low,"3,6,10,12,15,17,19,21",13,552,4.969808578491211
calibration,8,low,"3,6,10,12,15,17,19,21",14,1983,5.449347496032715
calibration,8,low,"3,6,10,12,15,17,19,21",15,279,4.8134379386901855
calibration,8,low,"3,6,10,12,15,17,19,21",16,3116,5.116966724395752
calibration,8,low,"3,6,10,12,15,17,19,21",17,3247,5.369208335876465
calibration,8,low,"3,6,10,12,15,17,19,21",18,4798,5.017387866973877
calibration,8,low,"3,6,10,12,15,17,19,21",19,2782,4.855765342712402
calibration,8,low,"3,6,10,12,15,17,19,21",20,2029,4.930515289306641
calibration,8,low,"3,6,10,12,15,17,19,21",21,3681,4.663983345031738
calibration,8,low,"3,6,10,12,15,17,19,21",22,252,4.579287528991699
calibration,8,low,"3,6,10,12,15,17,19,21",23,2694,5.090633869171143
calibration,8,low,"3,6,10,12,15,17,19,21",24,1696,5.2326579093933105
calibration,8,low,"3,6,10,12,15,17,19,21",25,1,5.202939510345459
calibration,8,low,"3,6,10,12,15,17,19,21",26,1432,4.889182090759277
calibration,8,low,"3,6,10,12,15,17,19,21",27,3131,5.213795185089111
calibration,8,low,"3,6,10,12,15,17,19,21",28,4718,5.085130214691162
calibration,8,low,"3,6,10,12,15,17,19,21",29,2055,4.791706085205078
calibration,8,low,"3,6,10,12,15,17,19,21",30,4817,4.901679515838623
calibration,8,low,"3,6,10,12,15,17,19,21",31,2110,4.757867336273193
calibration,8,low,"3,6,10,12,15,17,19,21",32,4972,4.887716770172119
calibration,8,low,"3,6,10,12,15,17,19,21",33,3779,4.602042198181152
calibration,8,low,"3,6,10,12,15,17,19,21",34,4553,3.9319887161254883
calibration,8,low,"3,6,10,12,15,17,19,21",35,4505,4.930328369140625
calibration,8,low,"3,6,10,12,15,17,19,21",36,779,5.248443603515625
calibration,8,low,"3,6,10,12,15,17,19,21",37,375,5.212627410888672
calibration,8,low,"3,6,10,12,15,17,19,21",38,3175,5.011967182159424
calibration,8,low,"3,6,10,12,15,17,19,21",39,1099,4.490900039672852
calibration,8,low,"3,6,10,12,15,17,19,21",40,3387,5.675095081329346
calibration,8,low,"3,6,10,12,15,17,19,21",41,3081,4.378610134124756
calibration,8,low,"3,6,10,12,15,17,19,21",42,461,4.669803142547607
calibration,8,low,"3,6,10,12,15,17,19,21",43,429,5.091426849365234
calibration,8,low,"3,6,10,12,15,17,19,21",44,2649,5.514803409576416
calibration,8,low,"3,6,10,12,15,17,19,21",45,1815,4.6342453956604
calibration,8,low,"3,6,10,12,15,17,19,21",46,4318,4.762646198272705
calibration,8,low,"3,6,10,12,15,17,19,21",47,226,4.951544284820557
calibration,8,low,"3,6,10,12,15,17,19,21",48,4210,4.993441104888916
calibration,8,low,"3,6,10,12,15,17,19,21",49,892,4.626588344573975
calibration,8,low,"3,6,10,12,15,17,19,21",50,2021,4.920286178588867
calibration,8,low,"3,6,10,12,15,17,19,21",51,2579,4.530043125152588
calibration,8,low,"3,6,10,12,15,17,19,21",52,2843,4.800076007843018
calibration,8,low,"3,6,10,12,15,17,19,21",53,2661,4.216436386108398
calibration,8,low,"3,6,10,12,15,17,19,21",54,426,5.359957218170166
calibration,8,low,"3,6,10,12,15,17,19,21",55,768,5.359971046447754
calibration,8,low,"3,6,10,12,15,17,19,21",56,2163,5.022977828979492
calibration,8,low,"3,6,10,12,15,17,19,21",57,2378,4.863785743713379
calibration,8,low,"3,6,10,12,15,17,19,21",58,1777,5.223126411437988
calibration,8,low,"3,6,10,12,15,17,19,21",59,2019,5.151830673217773
calibration,8,low,"3,6,10,12,15,17,19,21",60,611,4.900646686553955
calibration,8,low,"3,6,10,12,15,17,19,21",61,1632,5.132167816162109
calibration,8,low,"3,6,10,12,15,17,19,21",62,1668,4.174046039581299
calibration,8,low,"3,6,10,12,15,17,19,21",63,2131,4.718867301940918
calibration,8,low,"3,6,10,12,15,17,19,21",64,4582,3.214817523956299
calibration,8,low,"3,6,10,12,15,17,19,21",65,3185,4.922862529754639
calibration,8,low,"3,6,10,12,15,17,19,21",66,3604,4.7177815437316895
calibration,8,low,"3,6,10,12,15,17,19,21",67,2688,5.100762844085693
calibration,8,low,"3,6,10,12,15,17,19,21",68,1024,5.044548034667969
calibration,8,low,"3,6,10,12,15,17,19,21",69,3447,5.205841541290283
calibration,8,low,"3,6,10,12,15,17,19,21",70,1624,4.890766143798828
calibration,8,low,"3,6,10,12,15,17,19,21",71,683,4.249582290649414
calibration,8,low,"3,6,10,12,15,17,19,21",72,3712,5.029175281524658
calibration,8,low,"3,6,10,12,15,17,19,21",73,4597,4.003571510314941
calibration,8,low,"3,6,10,12,15,17,19,21",74,2003,5.0178093910217285
calibration,8,low,"3,6,10,12,15,17,19,21",75,38,4.977860927581787
calibration,8,low,"3,6,10,12,15,17,19,21",76,2557,4.7316460609436035
calibration,8,low,"3,6,10,12,15,17,19,21",77,648,5.117955207824707
calibration,8,low,"3,6,10,12,15,17,19,21",78,2091,4.802089214324951
calibration,8,low,"3,6,10,12,15,17,19,21",79,2261,5.137707233428955
calibration,8,low,"3,6,10,12,15,17,19,21",80,2086,4.98768424987793
calibration,8,low,"3,6,10,12,15,17,19,21",81,4297,4.798945903778076
calibration,8,low,"3,6,10,12,15,17,19,21",82,3993,4.644834995269775
calibration,8,low,"3,6,10,12,15,17,19,21",83,559,4.774901866912842
calibration,8,low,"3,6,10,12,15,17,19,21",84,3219,5.221349239349365
calibration,8,low,"3,6,10,12,15,17,19,21",85,3324,5.8874592781066895
calibration,8,low,"3,6,10,12,15,17,19,21",86,4366,4.8923420906066895
calibration,8,low,"3,6,10,12,15,17,19,21",87,323,5.269564628601074
calibration,8,low,"3,6,10,12,15,17,19,21",88,3151,5.003760814666748
calibration,8,low,"3,6,10,12,15,17,19,21",89,2912,4.582713603973389
calibration,8,low,"3,6,10,12,15,17,19,21",90,2892,5.153510570526123
calibration,8,low,"3,6,10,12,15,17,19,21",91,1031,5.19839334487915
calibration,8,low,"3,6,10,12,15,17,19,21",92,2905,4.389746189117432
calibration,8,low,"3,6,10,12,15,17,19,21",93,1747,4.973817348480225
calibration,8,low,"3,6,10,12,15,17,19,21",94,1426,5.117015361785889
calibration,8,low,"3,6,10,12,15,17,19,21",95,1288,5.076172351837158
calibration,8,low,"3,6,10,12,15,19,24,26",0,720,4.970195293426514
calibration,8,low,"3,6,10,12,15,19,24,26",1,3796,5.057766914367676
calibration,8,low,"3,6,10,12,15,19,24,26",2,2979,4.698162078857422
calibration,8,low,"3,6,10,12,15,19,24,26",3,3195,4.794610023498535
calibration,8,low,"3,6,10,12,15,19,24,26",4,3348,4.696770668029785
calibration,8,low,"3,6,10,12,15,19,24,26",5,636,4.753312110900879
calibration,8,low,"3,6,10,12,15,19,24,26",6,655,4.553126335144043
calibration,8,low,"3,6,10,12,15,19,24,26",7,4470,4.666310787200928
calibration,8,low,"3,6,10,12,15,19,24,26",8,3767,4.314961910247803
calibration,8,low,"3,6,10,12,15,19,24,26",9,1123,4.65315580368042
calibration,8,low,"3,6,10,12,15,19,24,26",10,1907,4.642898082733154
calibration,8,low,"3,6,10,12,15,19,24,26",11,4325,4.835402488708496
calibration,8,low,"3,6,10,12,15,19,24,26",12,3374,4.928103446960449
calibration,8,low,"3,6,10,12,15,19,24,26",13,552,4.483981132507324
calibration,8,low,"3,6,10,12,15,19,24,26",14,1983,5.02571439743042
calibration,8,low,"3,6,10,12,15,19,24,26",15,279,4.61536169052124
calibration,8,low,"3,6,10,12,15,19,24,26",16,3116,4.915966987609863
calibration,8,low,"3,6,10,12,15,19,24,26",17,3247,5.351182460784912
calibration,8,low,"3,6,10,12,15,19,24,26",18,4798,4.9484333992004395
calibration,8,low,"3,6,10,12,15,19,24,26",19,2782,4.728346347808838
calibration,8,low,"3,6,10,12,15,19,24,26",20,2029,4.725170135498047
calibration,8,low,"3,6,10,12,15,19,24,26",21,3681,4.617941379547119
calibration,8,low,"3,6,10,12,15,19,24,26",22,252,4.372379779815674
calibration,8,low,"3,6,10,12,15,19,24,26",23,2694,4.835348129272461
calibration,8,low,"3,6,10,12,15,19,24,26",24,1696,5.123578071594238
calibration,8,low,"3,6,10,12,15,19,24,26",25,1,4.937232971191406
calibration,8,low,"3,6,10,12,15,19,24,26",26,1432,4.715465545654297
calibration,8,low,"3,6,10,12,15,19,24,26",27,3131,4.855982780456543
calibration,8,low,"3,6,10,12,15,19,24,26",28,4718,4.9416584968566895
calibration,8,low,"3,6,10,12,15,19,24,26",29,2055,4.4615373611450195
calibration,8,low,"3,6,10,12,15,19,24,26",30,4817,4.7832818031311035
calibration,8,low,"3,6,10,12,15,19,24,26",31,2110,4.659731864929199
calibration,8,low,"3,6,10,12,15,19,24,26",32,4972,4.598494529724121
calibration,8,low,"3,6,10,12,15,19,24,26",33,3779,4.128365516662598
calibration,8,low,"3,6,10,12,15,19,24,26",34,4553,3.862252950668335
calibration,8,low,"3,6,10,12,15,19,24,26",35,4505,4.540555953979492
calibration,8,low,"3,6,10,12,15,19,24,26",36,779,4.921454906463623
calibration,8,low,"3,6,10,12,15,19,24,26",37,375,5.038631916046143
calibration,8,low,"3,6,10,12,15,19,24,26",38,3175,4.844019412994385
calibration,8,low,"3,6,10,12,15,19,24,26",39,1099,4.345029354095459
calibration,8,low,"3,6,10,12,15,19,24,26",40,3387,5.4381632804870605
calibration,8,low,"3,6,10,12,15,19,24,26",41,3081,3.9724645614624023
calibration,8,low,"3,6,10,12,15,19,24,26",42,461,4.3873372077941895
calibration,8,low,"3,6,10,12,15,19,24,26",43,429,5.051769256591797
calibration,8,low,"3,6,10,12,15,19,24,26",44,2649,5.073320388793945
calibration,8,low,"3,6,10,12,15,19,24,26",45,1815,4.586385726928711
calibration,8,low,"3,6,10,12,15,19,24,26",46,4318,4.722950458526611
calibration,8,low,"3,6,10,12,15,19,24,26",47,226,4.842890739440918
calibration,8,low,"3,6,10,12,15,19,24,26",48,4210,4.704897403717041
calibration,8,low,"3,6,10,12,15,19,24,26",49,892,4.514008045196533
calibration,8,low,"3,6,10,12,15,19,24,26",50,2021,4.6351752281188965
calibration,8,low,"3,6,10,12,15,19,24,26",51,2579,4.35275411605835
calibration,8,low,"3,6,10,12,15,19,24,26",52,2843,4.548736095428467
calibration,8,low,"3,6,10,12,15,19,24,26",53,2661,3.9853925704956055
calibration,8,low,"3,6,10,12,15,19,24,26",54,426,5.022239685058594
calibration,8,low,"3,6,10,12,15,19,24,26",55,768,5.166834354400635
calibration,8,low,"3,6,10,12,15,19,24,26",56,2163,4.7252936363220215
calibration,8,low,"3,6,10,12,15,19,24,26",57,2378,4.6724700927734375
calibration,8,low,"3,6,10,12,15,19,24,26",58,1777,5.039738655090332
calibration,8,low,"3,6,10,12,15,19,24,26",59,2019,4.637966632843018
calibration,8,low,"3,6,10,12,15,19,24,26",60,611,4.539332866668701
calibration,8,low,"3,6,10,12,15,19,24,26",61,1632,4.909209251403809
calibration,8,low,"3,6,10,12,15,19,24,26",62,1668,4.313955307006836
calibration,8,low,"3,6,10,12,15,19,24,26",63,2131,4.515101909637451
calibration,8,low,"3,6,10,12,15,19,24,26",64,4582,2.7988672256469727
calibration,8,low,"3,6,10,12,15,19,24,26",65,3185,4.588159084320068
calibration,8,low,"3,6,10,12,15,19,24,26",66,3604,4.692288875579834
calibration,8,low,"3,6,10,12,15,19,24,26",67,2688,4.828906536102295
calibration,8,low,"3,6,10,12,15,19,24,26",68,1024,4.937835216522217
calibration,8,low,"3,6,10,12,15,19,24,26",69,3447,4.889573097229004
calibration,8,low,"3,6,10,12,15,19,24,26",70,1624,4.25877571105957
calibration,8,low,"3,6,10,12,15,19,24,26",71,683,4.031284332275391
calibration,8,low,"3,6,10,12,15,19,24,26",72,3712,4.705259799957275
calibration,8,low,"3,6,10,12,15,19,24,26",73,4597,4.014164924621582
calibration,8,low,"3,6,10,12,15,19,24,26",74,2003,4.762268543243408
calibration,8,low,"3,6,10,12,15,19,24,26",75,38,4.710382461547852
calibration,8,low,"3,6,10,12,15,19,24,26",76,2557,4.699334144592285
calibration,8,low,"3,6,10,12,15,19,24,26",77,648,4.6797075271606445
calibration,8,low,"3,6,10,12,15,19,24,26",78,2091,4.53975248336792
calibration,8,low,"3,6,10,12,15,19,24,26",79,2261,4.754284381866455
calibration,8,low,"3,6,10,12,15,19,24,26",80,2086,5.078670024871826
calibration,8,low,"3,6,10,12,15,19,24,26",81,4297,4.585581302642822
calibration,8,low,"3,6,10,12,15,19,24,26",82,3993,4.173304080963135
calibration,8,low,"3,6,10,12,15,19,24,26",83,559,4.556944370269775
calibration,8,low,"3,6,10,12,15,19,24,26",84,3219,5.190495491027832
calibration,8,low,"3,6,10,12,15,19,24,26",85,3324,5.31321907043457
calibration,8,low,"3,6,10,12,15,19,24,26",86,4366,4.728765487670898
calibration,8,low,"3,6,10,12,15,19,24,26",87,323,5.004139423370361
calibration,8,low,"3,6,10,12,15,19,24,26",88,3151,4.76150369644165
calibration,8,low,"3,6,10,12,15,19,24,26",89,2912,4.382784366607666
calibration,8,low,"3,6,10,12,15,19,24,26",90,2892,4.9930243492126465
calibration,8,low,"3,6,10,12,15,19,24,26",91,1031,5.032754898071289
calibration,8,low,"3,6,10,12,15,19,24,26",92,2905,4.154162406921387
calibration,8,low,"3,6,10,12,15,19,24,26",93,1747,4.862648963928223
calibration,8,low,"3,6,10,12,15,19,24,26",94,1426,5.022820472717285
calibration,8,low,"3,6,10,12,15,19,24,26",95,1288,4.518151760101318
calibration,8,low,"3,8,10,12,15,21,24,26",0,720,5.85614013671875
calibration,8,low,"3,8,10,12,15,21,24,26",1,3796,5.653900146484375
calibration,8,low,"3,8,10,12,15,21,24,26",2,2979,5.172753810882568
calibration,8,low,"3,8,10,12,15,21,24,26",3,3195,5.623790740966797
calibration,8,low,"3,8,10,12,15,21,24,26",4,3348,5.160905361175537
calibration,8,low,"3,8,10,12,15,21,24,26",5,636,5.355233192443848
calibration,8,low,"3,8,10,12,15,21,24,26",6,655,5.1297831535339355
calibration,8,low,"3,8,10,12,15,21,24,26",7,4470,5.13961124420166
calibration,8,low,"3,8,10,12,15,21,24,26",8,3767,4.927133560180664
calibration,8,low,"3,8,10,12,15,21,24,26",9,1123,5.132359027862549
calibration,8,low,"3,8,10,12,15,21,24,26",10,1907,5.206821918487549
calibration,8,low,"3,8,10,12,15,21,24,26",11,4325,5.480715751647949
calibration,8,low,"3,8,10,12,15,21,24,26",12,3374,5.2437543869018555
calibration,8,low,"3,8,10,12,15,21,24,26",13,552,5.259256839752197
calibration,8,low,"3,8,10,12,15,21,24,26",14,1983,5.585822582244873
calibration,8,low,"3,8,10,12,15,21,24,26",15,279,5.165658950805664
calibration,8,low,"3,8,10,12,15,21,24,26",16,3116,5.483137607574463
calibration,8,low,"3,8,10,12,15,21,24,26",17,3247,5.903293609619141
calibration,8,low,"3,8,10,12,15,21,24,26",18,4798,5.664325714111328
calibration,8,low,"3,8,10,12,15,21,24,26",19,2782,5.122578144073486
calibration,8,low,"3,8,10,12,15,21,24,26",20,2029,5.377817630767822
calibration,8,low,"3,8,10,12,15,21,24,26",21,3681,5.093896865844727
calibration,8,low,"3,8,10,12,15,21,24,26",22,252,5.2251973152160645
calibration,8,low,"3,8,10,12,15,21,24,26",23,2694,5.385250091552734
calibration,8,low,"3,8,10,12,15,21,24,26",24,1696,5.432499885559082
calibration,8,low,"3,8,10,12,15,21,24,26",25,1,5.600961685180664
calibration,8,low,"3,8,10,12,15,21,24,26",26,1432,5.110448837280273
calibration,8,low,"3,8,10,12,15,21,24,26",27,3131,5.388639450073242
calibration,8,low,"3,8,10,12,15,21,24,26",28,4718,5.456860542297363
calibration,8,low,"3,8,10,12,15,21,24,26",29,2055,5.163412570953369
calibration,8,low,"3,8,10,12,15,21,24,26",30,4817,5.437144756317139
calibration,8,low,"3,8,10,12,15,21,24,26",31,2110,5.200490474700928
calibration,8,low,"3,8,10,12,15,21,24,26",32,4972,5.077413082122803
calibration,8,low,"3,8,10,12,15,21,24,26",33,3779,4.682796955108643
calibration,8,low,"3,8,10,12,15,21,24,26",34,4553,4.174404621124268
calibration,8,low,"3,8,10,12,15,21,24,26",35,4505,5.166165351867676
calibration,8,low,"3,8,10,12,15,21,24,26",36,779,5.197710037231445
calibration,8,low,"3,8,10,12,15,21,24,26",37,375,5.490688323974609
calibration,8,low,"3,8,10,12,15,21,24,26",38,3175,5.199158668518066
calibration,8,low,"3,8,10,12,15,21,24,26",39,1099,4.939610004425049
calibration,8,low,"3,8,10,12,15,21,24,26",40,3387,5.816008567810059
calibration,8,low,"3,8,10,12,15,21,24,26",41,3081,4.375782012939453
calibration,8,low,"3,8,10,12,15,21,24,26",42,461,5.0957512855529785
calibration,8,low,"3,8,10,12,15,21,24,26",43,429,5.836904525756836
calibration,8,low,"3,8,10,12,15,21,24,26",44,2649,5.569644927978516
calibration,8,low,"3,8,10,12,15,21,24,26",45,1815,5.137465476989746
calibration,8,low,"3,8,10,12,15,21,24,26",46,4318,5.5071024894714355
calibration,8,low,"3,8,10,12,15,21,24,26",47,226,5.400826454162598
calibration,8,low,"3,8,10,12,15,21,24,26",48,4210,5.344528675079346
calibration,8,low,"3,8,10,12,15,21,24,26",49,892,4.97224235534668
calibration,8,low,"3,8,10,12,15,21,24,26",50,2021,5.41403341293335
calibration,8,low,"3,8,10,12,15,21,24,26",51,2579,4.6549482345581055
calibration,8,low,"3,8,10,12,15,21,24,26",52,2843,5.135107517242432
calibration,8,low,"3,8,10,12,15,21,24,26",53,2661,4.468761920928955
calibration,8,low,"3,8,10,12,15,21,24,26",54,426,5.529481410980225
calibration,8,low,"3,8,10,12,15,21,24,26",55,768,5.853876113891602
calibration,8,low,"3,8,10,12,15,21,24,26",56,2163,5.351624011993408
calibration,8,low,"3,8,10,12,15,21,24,26",57,2378,5.3711137771606445
calibration,8,low,"3,8,10,12,15,21,24,26",58,1777,5.501684665679932
calibration,8,low,"3,8,10,12,15,21,24,26",59,2019,5.588658809661865
calibration,8,low,"3,8,10,12,15,21,24,26",60,611,5.334718227386475
calibration,8,low,"3,8,10,12,15,21,24,26",61,1632,5.566306114196777
calibration,8,low,"3,8,10,12,15,21,24,26",62,1668,4.951396465301514
calibration,8,low,"3,8,10,12,15,21,24,26",63,2131,5.087860107421875
calibration,8,low,"3,8,10,12,15,21,24,26",64,4582,2.6753060817718506
calibration,8,low,"3,8,10,12,15,21,24,26",65,3185,4.883172512054443
calibration,8,low,"3,8,10,12,15,21,24,26",66,3604,5.017398357391357
calibration,8,low,"3,8,10,12,15,21,24,26",67,2688,5.33771276473999
calibration,8,low,"3,8,10,12,15,21,24,26",68,1024,5.626377105712891
calibration,8,low,"3,8,10,12,15,21,24,26",69,3447,5.39435338973999
calibration,8,low,"3,8,10,12,15,21,24,26",70,1624,4.540872097015381
calibration,8,low,"3,8,10,12,15,21,24,26",71,683,4.565883636474609
calibration,8,low,"3,8,10,12,15,21,24,26",72,3712,5.435081481933594
calibration,8,low,"3,8,10,12,15,21,24,26",73,4597,4.405438423156738
calibration,8,low,"3,8,10,12,15,21,24,26",74,2003,5.181756973266602
calibration,8,low,"3,8,10,12,15,21,24,26",75,38,5.227968692779541
calibration,8,low,"3,8,10,12,15,21,24,26",76,2557,4.932714939117432
calibration,8,low,"3,8,10,12,15,21,24,26",77,648,5.290323734283447
calibration,8,low,"3,8,10,12,15,21,24,26",78,2091,4.783773422241211
calibration,8,low,"3,8,10,12,15,21,24,26",79,2261,5.386803150177002
calibration,8,low,"3,8,10,12,15,21,24,26",80,2086,5.6141228675842285
calibration,8,low,"3,8,10,12,15,21,24,26",81,4297,5.3532586097717285
calibration,8,low,"3,8,10,12,15,21,24,26",82,3993,4.542897701263428
calibration,8,low,"3,8,10,12,15,21,24,26",83,559,5.319166660308838
calibration,8,low,"3,8,10,12,15,21,24,26",84,3219,5.527233600616455
calibration,8,low,"3,8,10,12,15,21,24,26",85,3324,5.7165937423706055
calibration,8,low,"3,8,10,12,15,21,24,26",86,4366,5.331204891204834
calibration,8,low,"3,8,10,12,15,21,24,26",87,323,5.315990447998047
calibration,8,low,"3,8,10,12,15,21,24,26",88,3151,5.1556925773620605
calibration,8,low,"3,8,10,12,15,21,24,26",89,2912,5.022294998168945
calibration,8,low,"3,8,10,12,15,21,24,26",90,2892,5.584483623504639
calibration,8,low,"3,8,10,12,15,21,24,26",91,1031,5.571752548217773
calibration,8,low,"3,8,10,12,15,21,24,26",92,2905,4.451681137084961
calibration,8,low,"3,8,10,12,15,21,24,26",93,1747,5.380992889404297
calibration,8,low,"3,8,10,12,15,21,24,26",94,1426,5.489803314208984
calibration,8,low,"3,8,10,12,15,21,24,26",95,1288,5.089268684387207
calibration,8,low,"3,8,10,15,17,19,21,24",0,720,5.3056321144104
calibration,8,low,"3,8,10,15,17,19,21,24",1,3796,5.071216583251953
calibration,8,low,"3,8,10,15,17,19,21,24",2,2979,5.1720733642578125
calibration,8,low,"3,8,10,15,17,19,21,24",3,3195,5.149406909942627
calibration,8,low,"3,8,10,15,17,19,21,24",4,3348,5.002373218536377
calibration,8,low,"3,8,10,15,17,19,21,24",5,636,5.049309253692627
calibration,8,low,"3,8,10,15,17,19,21,24",6,655,4.896572113037109
calibration,8,low,"3,8,10,15,17,19,21,24",7,4470,4.877780914306641
calibration,8,low,"3,8,10,15,17,19,21,24",8,3767,4.538517951965332
calibration,8,low,"3,8,10,15,17,19,21,24",9,1123,4.913334846496582
calibration,8,low,"3,8,10,15,17,19,21,24",10,1907,5.169380187988281
calibration,8,low,"3,8,10,15,17,19,21,24",11,4325,5.197240829467773
calibration,8,low,"3,8,10,15,17,19,21,24",12,3374,5.3167619705200195
calibration,8,low,"3,8,10,15,17,19,21,24",13,552,4.819798469543457
calibration,8,low,"3,8,10,15,17,19,21,24",14,1983,5.2844014167785645
calibration,8,low,"3,8,10,15,17,19,21,24",15,279,4.866271495819092
calibration,8,low,"3,8,10,15,17,19,21,24",16,3116,5.196957111358643
calibration,8,low,"3,8,10,15,17,19,21,24",17,3247,5.4487457275390625
calibration,8,low,"3,8,10,15,17,19,21,24",18,4798,5.115206241607666
calibration,8,low,"3,8,10,15,17,19,21,24",19,2782,4.959001064300537
calibration,8,low,"3,8,10,15,17,19,21,24",20,2029,5.109521389007568
calibration,8,low,"3,8,10,15,17,19,21,24",21,3681,4.990353107452393
calibration,8,low,"3,8,10,15,17,19,21,24",22,252,4.549087047576904
calibration,8,low,"3,8,10,15,17,19,21,24",23,2694,5.1141180992126465
calibration,8,low,"3,8,10,15,17,19,21,24",24,1696,5.109067440032959
calibration,8,low,"3,8,10,15,17,19,21,24",25,1,5.510525703430176
calibration,8,low,"3,8,10,15,17,19,21,24",26,1432,4.786491870880127
calibration,8,low,"3,8,10,15,17,19,21,24",27,3131,5.149305820465088
calibration,8,low,"3,8,10,15,17,19,21,24",28,4718,5.185533046722412
calibration,8,low,"3,8,10,15,17,19,21,24",29,2055,4.860550403594971
calibration,8,low,"3,8,10,15,17,19,21,24",30,4817,5.0583176612854
calibration,8,low,"3,8,10,15,17,19,21,24",31,2110,4.788278102874756
calibration,8,low,"3,8,10,15,17,19,21,24",32,4972,4.94458532333374
calibration,8,low,"3,8,10,15,17,19,21,24",33,3779,4.488150119781494
calibration,8,low,"3,8,10,15,17,19,21,24",34,4553,3.743612766265869
calibration,8,low,"3,8,10,15,17,19,21,24",35,4505,5.108638286590576
calibration,8,low,"3,8,10,15,17,19,21,24",36,779,5.0188374519348145
calibration,8,low,"3,8,10,15,17,19,21,24",37,375,5.364740371704102
calibration,8,low,"3,8,10,15,17,19,21,24",38,3175,5.196484088897705
calibration,8,low,"3,8,10,15,17,19,21,24",39,1099,4.663825511932373
calibration,8,low,"3,8,10,15,17,19,21,24",40,3387,5.4595947265625
calibration,8,low,"3,8,10,15,17,19,21,24",41,3081,4.114375114440918
calibration,8,low,"3,8,10,15,17,19,21,24",42,461,4.762842655181885
calibration,8,low,"3,8,10,15,17,19,21,24",43,429,5.27811861038208
calibration,8,low,"3,8,10,15,17,19,21,24",44,2649,5.486349582672119
calibration,8,low,"3,8,10,15,17,19,21,24",45,1815,4.758758544921875
calibration,8,low,"3,8,10,15,17,19,21,24",46,4318,4.978909492492676
calibration,8,low,"3,8,10,15,17,19,21,24",47,226,5.079823017120361
calibration,8,low,"3,8,10,15,17,19,21,24",48,4210,5.066243648529053
calibration,8,low,"3,8,10,15,17,19,21,24",49,892,4.718875408172607
calibration,8,low,"3,8,10,15,17,19,21,24",50,2021,5.362488269805908
calibration,8,low,"3,8,10,15,17,19,21,24",51,2579,4.4309186935424805
calibration,8,low,"3,8,10,15,17,19,21,24",52,2843,4.779617786407471
calibration,8,low,"3,8,10,15,17,19,21,24",53,2661,4.268195152282715
calibration,8,low,"3,8,10,15,17,19,21,24",54,426,5.429962158203125
calibration,8,low,"3,8,10,15,17,19,21,24",55,768,5.3429107666015625
calibration,8,low,"3,8,10,15,17,19,21,24",56,2163,4.99635124206543
calibration,8,low,"3,8,10,15,17,19,21,24",57,2378,5.144211292266846
calibration,8,low,"3,8,10,15,17,19,21,24",58,1777,5.076462745666504
calibration,8,low,"3,8,10,15,17,19,21,24",59,2019,4.9868621826171875
calibration,8,low,"3,8,10,15,17,19,21,24",60,611,4.965729236602783
calibration,8,low,"3,8,10,15,17,19,21,24",61,1632,5.279527187347412
calibration,8,low,"3,8,10,15,17,19,21,24",62,1668,4.455761432647705
calibration,8,low,"3,8,10,15,17,19,21,24",63,2131,4.998046398162842
calibration,8,low,"3,8,10,15,17,19,21,24",64,4582,2.7319421768188477
calibration,8,low,"3,8,10,15,17,19,21,24",65,3185,4.9733099937438965
calibration,8,low,"3,8,10,15,17,19,21,24",66,3604,4.738729476928711
calibration,8,low,"3,8,10,15,17,19,21,24",67,2688,5.163780689239502
calibration,8,low,"3,8,10,15,17,19,21,24",68,1024,5.24335241317749
calibration,8,low,"3,8,10,15,17,19,21,24",69,3447,5.2951483726501465
calibration,8,low,"3,8,10,15,17,19,21,24",70,1624,4.80081844329834
calibration,8,low,"3,8,10,15,17,19,21,24",71,683,4.219231605529785
calibration,8,low,"3,8,10,15,17,19,21,24",72,3712,5.161149024963379
calibration,8,low,"3,8,10,15,17,19,21,24",73,4597,4.110276699066162
calibration,8,low,"3,8,10,15,17,19,21,24",74,2003,5.086400985717773
calibration,8,low,"3,8,10,15,17,19,21,24",75,38,5.106664180755615
calibration,8,low,"3,8,10,15,17,19,21,24",76,2557,4.710989952087402
calibration,8,low,"3,8,10,15,17,19,21,24",77,648,5.166355133056641
calibration,8,low,"3,8,10,15,17,19,21,24",78,2091,4.64088249206543
calibration,8,low,"3,8,10,15,17,19,21,24",79,2261,5.016916751861572
calibration,8,low,"3,8,10,15,17,19,21,24",80,2086,5.304870128631592
calibration,8,low,"3,8,10,15,17,19,21,24",81,4297,4.976219654083252
calibration,8,low,"3,8,10,15,17,19,21,24",82,3993,4.4987263679504395
calibration,8,low,"3,8,10,15,17,19,21,24",83,559,4.993602275848389
calibration,8,low,"3,8,10,15,17,19,21,24",84,3219,5.376147270202637
calibration,8,low,"3,8,10,15,17,19,21,24",85,3324,5.865898609161377
calibration,8,low,"3,8,10,15,17,19,21,24",86,4366,5.147483825683594
calibration,8,low,"3,8,10,15,17,19,21,24",87,323,5.3118815422058105
calibration,8,low,"3,8,10,15,17,19,21,24",88,3151,4.976217746734619
calibration,8,low,"3,8,10,15,17,19,21,24",89,2912,4.741961479187012
calibration,8,low,"3,8,10,15,17,19,21,24",90,2892,5.116619110107422
calibration,8,low,"3,8,10,15,17,19,21,24",91,1031,5.303289413452148
calibration,8,low,"3,8,10,15,17,19,21,24",92,2905,4.116698265075684
calibration,8,low,"3,8,10,15,17,19,21,24",93,1747,4.960025787353516
calibration,8,low,"3,8,10,15,17,19,21,24",94,1426,5.026169776916504
calibration,8,low,"3,8,10,15,17,19,21,24",95,1288,4.873428821563721
calibration,8,low,"3,8,12,15,17,19,21,24",0,720,5.570580005645752
calibration,8,low,"3,8,12,15,17,19,21,24",1,3796,5.3025031089782715
calibration,8,low,"3,8,12,15,17,19,21,24",2,2979,5.3661675453186035
calibration,8,low,"3,8,12,15,17,19,21,24",3,3195,5.32572603225708
calibration,8,low,"3,8,12,15,17,19,21,24",4,3348,5.085751533508301
calibration,8,low,"3,8,12,15,17,19,21,24",5,636,5.193569183349609
calibration,8,low,"3,8,12,15,17,19,21,24",6,655,5.117593765258789
calibration,8,low,"3,8,12,15,17,19,21,24",7,4470,4.961691379547119
calibration,8,low,"3,8,12,15,17,19,21,24",8,3767,4.624833106994629
calibration,8,low,"3,8,12,15,17,19,21,24",9,1123,5.055500030517578
calibration,8,low,"3,8,12,15,17,19,21,24",10,1907,5.173266887664795
calibration,8,low,"3,8,12,15,17,19,21,24",11,4325,5.443665504455566
calibration,8,low,"3,8,12,15,17,19,21,24",12,3374,5.633362770080566
calibration,8,low,"3,8,12,15,17,19,21,24",13,552,4.965439796447754
calibration,8,low,"3,8,12,15,17,19,21,24",14,1983,5.480580806732178
calibration,8,low,"3,8,12,15,17,19,21,24",15,279,4.974266052246094
calibration,8,low,"3,8,12,15,17,19,21,24",16,3116,5.2895917892456055
calibration,8,low,"3,8,12,15,17,19,21,24",17,3247,5.738977432250977
calibration,8,low,"3,8,12,15,17,19,21,24",18,4798,5.239012718200684
calibration,8,low,"3,8,12,15,17,19,21,24",19,2782,5.110401630401611
calibration,8,low,"3,8,12,15,17,19,21,24",20,2029,5.243388652801514
calibration,8,low,"3,8,12,15,17,19,21,24",21,3681,4.988521099090576
calibration,8,low,"3,8,12,15,17,19,21,24",22,252,4.812085151672363
calibration,8,low,"3,8,12,15,17,19,21,24",23,2694,5.424188613891602
calibration,8,low,"3,8,12,15,17,19,21,24",24,1696,5.3959808349609375
calibration,8,low,"3,8,12,15,17,19,21,24",25,1,5.547942638397217
calibration,8,low,"3,8,12,15,17,19,21,24",26,1432,4.947565078735352
calibration,8,low,"3,8,12,15,17,19,21,24",27,3131,5.326452732086182
calibration,8,low,"3,8,12,15,17,19,21,24",28,4718,5.438424587249756
calibration,8,low,"3,8,12,15,17,19,21,24",29,2055,4.952771186828613
calibration,8,low,"3,8,12,15,17,19,21,24",30,4817,5.195929050445557
calibration,8,low,"3,8,12,15,17,19,21,24",31,2110,5.042567253112793
calibration,8,low,"3,8,12,15,17,19,21,24",32,4972,5.19888973236084
calibration,8,low,"3,8,12,15,17,19,21,24",33,3779,4.631096363067627
calibration,8,low,"3,8,12,15,17,19,21,24",34,4553,3.997300148010254
calibration,8,low,"3,8,12,15,17,19,21,24",35,4505,5.240417957305908
calibration,8,low,"3,8,12,15,17,19,21,24",36,779,5.310650825500488
calibration,8,low,"3,8,12,15,17,19,21,24",37,375,5.545949459075928
calibration,8,low,"3,8,12,15,17,19,21,24",38,3175,5.251950740814209
calibration,8,low,"3,8,12,15,17,19,21,24",39,1099,4.810524940490723
calibration,8,low,"3,8,12,15,17,19,21,24",40,3387,5.949159622192383
calibration,8,low,"3,8,12,15,17,19,21,24",41,3081,4.358349800109863
calibration,8,low,"3,8,12,15,17,19,21,24",42,461,5.017134666442871
calibration,8,low,"3,8,12,15,17,19,21,24",43,429,5.489382266998291
calibration,8,low,"3,8,12,15,17,19,21,24",44,2649,5.637759685516357
calibration,8,low,"3,8,12,15,17,19,21,24",45,1815,4.893736839294434
calibration,8,low,"3,8,12,15,17,19,21,24",46,4318,5.161337852478027
calibration,8,low,"3,8,12,15,17,19,21,24",47,226,5.236326217651367
calibration,8,low,"3,8,12,15,17,19,21,24",48,4210,5.256136417388916
calibration,8,low,"3,8,12,15,17,19,21,24",49,892,4.6906304359436035
calibration,8,low,"3,8,12,15,17,19,21,24",50,2021,5.235630989074707
calibration,8,low,"3,8,12,15,17,19,21,24",51,2579,4.587854385375977
calibration,8,low,"3,8,12,15,17,19,21,24",52,2843,4.985222816467285
calibration,8,low,"3,8,12,15,17,19,21,24",53,2661,4.489739894866943
calibration,8,low,"3,8,12,15,17,19,21,24",54,426,5.619873523712158
calibration,8,low,"3,8,12,15,17,19,21,24",55,768,5.599617958068848
calibration,8,low,"3,8,12,15,17,19,21,24",56,2163,5.165914535522461
calibration,8,low,"3,8,12,15,17,19,21,24",57,2378,5.378672122955322
calibration,8,low,"3,8,12,15,17,19,21,24",58,1777,5.317634582519531
calibration,8,low,"3,8,12,15,17,19,21,24",59,2019,5.3497209548950195
calibration,8,low,"3,8,12,15,17,19,21,24",60,611,5.1509504318237305
calibration,8,low,"3,8,12,15,17,19,21,24",61,1632,5.429556846618652
calibration,8,low,"3,8,12,15,17,19,21,24",62,1668,4.557938575744629
calibration,8,low,"3,8,12,15,17,19,21,24",63,2131,5.155431270599365
calibration,8,low,"3,8,12,15,17,19,21,24",64,4582,3.218029260635376
calibration,8,low,"3,8,12,15,17,19,21,24",65,3185,5.096785545349121
calibration,8,low,"3,8,12,15,17,19,21,24",66,3604,4.9875569343566895
calibration,8,low,"3,8,12,15,17,19,21,24",67,2688,5.320324420928955
calibration,8,low,"3,8,12,15,17,19,21,24",68,1024,5.266034126281738
calibration,8,low,"3,8,12,15,17,19,21,24",69,3447,5.378757953643799
calibration,8,low,"3,8,12,15,17,19,21,24",70,1624,5.195877552032471
calibration,8,low,"3,8,12,15,17,19,21,24",71,683,4.570969104766846
calibration,8,low,"3,8,12,15,17,19,21,24",72,3712,5.393038749694824
calibration,8,low,"3,8,12,15,17,19,21,24",73,4597,4.136331558227539
calibration,8,low,"3,8,12,15,17,19,21,24",74,2003,5.36013650894165
calibration,8,low,"3,8,12,15,17,19,21,24",75,38,5.241359233856201
calibration,8,low,"3,8,12,15,17,19,21,24",76,2557,4.881697654724121
calibration,8,low,"3,8,12,15,17,19,21,24",77,648,5.421306133270264
calibration,8,low,"3,8,12,15,17,19,21,24",78,2091,4.981569290161133
calibration,8,low,"3,8,12,15,17,19,21,24",79,2261,5.269696235656738
calibration,8,low,"3,8,12,15,17,19,21,24",80,2086,5.318323135375977
calibration,8,low,"3,8,12,15,17,19,21,24",81,4297,5.047544956207275
calibration,8,low,"3,8,12,15,17,19,21,24",82,3993,4.61582088470459
calibration,8,low,"3,8,12,15,17,19,21,24",83,559,5.078713417053223
calibration,8,low,"3,8,12,15,17,19,21,24",84,3219,5.51081657409668
calibration,8,low,"3,8,12,15,17,19,21,24",85,3324,5.8514299392700195
calibration,8,low,"3,8,12,15,17,19,21,24",86,4366,5.251759052276611
calibration,8,low,"3,8,12,15,17,19,21,24",87,323,5.366647720336914
calibration,8,low,"3,8,12,15,17,19,21,24",88,3151,5.404181003570557
calibration,8,low,"3,8,12,15,17,19,21,24",89,2912,4.947598457336426
calibration,8,low,"3,8,12,15,17,19,21,24",90,2892,5.396995544433594
calibration,8,low,"3,8,12,15,17,19,21,24",91,1031,5.583662509918213
calibration,8,low,"3,8,12,15,17,19,21,24",92,2905,4.483097076416016
calibration,8,low,"3,8,12,15,17,19,21,24",93,1747,5.380849838256836
calibration,8,low,"3,8,12,15,17,19,21,24",94,1426,5.249571800231934
calibration,8,low,"3,8,12,15,17,19,21,24",95,1288,4.912441730499268
calibration,8,low,"3,8,12,15,17,19,24,26",0,720,5.159210681915283
calibration,8,low,"3,8,12,15,17,19,24,26",1,3796,5.13950777053833
calibration,8,low,"3,8,12,15,17,19,24,26",2,2979,4.598587989807129
calibration,8,low,"3,8,12,15,17,19,24,26",3,3195,4.926471710205078
calibration,8,low,"3,8,12,15,17,19,24,26",4,3348,4.683893203735352
calibration,8,low,"3,8,12,15,17,19,24,26",5,636,4.804305076599121
calibration,8,low,"3,8,12,15,17,19,24,26",6,655,4.782980918884277
calibration,8,low,"3,8,12,15,17,19,24,26",7,4470,4.6938371658325195
calibration,8,low,"3,8,12,15,17,19,24,26",8,3767,4.347535133361816
calibration,8,low,"3,8,12,15,17,19,24,26",9,1123,4.688457489013672
calibration,8,low,"3,8,12,15,17,19,24,26",10,1907,4.784348964691162
calibration,8,low,"3,8,12,15,17,19,24,26",11,4325,4.919114112854004
calibration,8,low,"3,8,12,15,17,19,24,26",12,3374,5.16327428817749
calibration,8,low,"3,8,12,15,17,19,24,26",13,552,4.405035495758057
calibration,8,low,"3,8,12,15,17,19,24,26",14,1983,4.97835111618042
calibration,8,low,"3,8,12,15,17,19,24,26",15,279,4.694211959838867
calibration,8,low,"3,8,12,15,17,19,24,26",16,3116,4.91139554977417
calibration,8,low,"3,8,12,15,17,19,24,26",17,3247,5.423730850219727
calibration,8,low,"3,8,12,15,17,19,24,26",18,4798,5.009293556213379
calibration,8,low,"3,8,12,15,17,19,24,26",19,2782,4.696570873260498
calibration,8,low,"3,8,12,15,17,19,24,26",20,2029,4.833652019500732
calibration,8,low,"3,8,12,15,17,19,24,26",21,3681,4.593876361846924
calibration,8,low,"3,8,12,15,17,19,24,26",22,252,4.52403450012207
calibration,8,low,"3,8,12,15,17,19,24,26",23,2694,5.014708518981934
calibration,8,low,"3,8,12,15,17,19,24,26",24,1696,5.199439525604248
calibration,8,low,"3,8,12,15,17,19,24,26",25,1,5.072198390960693
calibration,8,low,"3,8,12,15,17,19,24,26",26,1432,4.759242057800293
calibration,8,low,"3,8,12,15,17,19,24,26",27,3131,4.975711822509766
calibration,8,low,"3,8,12,15,17,19,24,26",28,4718,5.00368070602417
calibration,8,low,"3,8,12,15,17,19,24,26",29,2055,4.615963459014893
calibration,8,low,"3,8,12,15,17,19,24,26",30,4817,4.875265598297119
calibration,8,low,"3,8,12,15,17,19,24,26",31,2110,4.719377517700195
calibration,8,low,"3,8,12,15,17,19,24,26",32,4972,4.654098033905029
calibration,8,low,"3,8,12,15,17,19,24,26",33,3779,4.098446369171143
calibration,8,low,"3,8,12,15,17,19,24,26",34,4553,3.841431140899658
calibration,8,low,"3,8,12,15,17,19,24,26",35,4505,4.700840473175049
calibration,8,low,"3,8,12,15,17,19,24,26",36,779,4.895774841308594
calibration,8,low,"3,8,12,15,17,19,24,26",37,375,5.091426849365234
calibration,8,low,"3,8,12,15,17,19,24,26",38,3175,4.818210601806641
calibration,8,low,"3,8,12,15,17,19,24,26",39,1099,4.5079450607299805
calibration,8,low,"3,8,12,15,17,19,24,26",40,3387,5.480751037597656
calibration,8,low,"3,8,12,15,17,19,24,26",41,3081,3.9563088417053223
calibration,8,low,"3,8,12,15,17,19,24,26",42,461,4.521225452423096
calibration,8,low,"3,8,12,15,17,19,24,26",43,429,5.2755656242370605
calibration,8,low,"3,8,12,15,17,19,24,26",44,2649,5.17827844619751
calibration,8,low,"3,8,12,15,17,19,24,26",45,1815,4.545273303985596
calibration,8,low,"3,8,12,15,17,19,24,26",46,4318,4.772107124328613
calibration,8,low,"3,8,12,15,17,19,24,26",47,226,4.981381416320801
calibration,8,low,"3,8,12,15,17,19,24,26",48,4210,4.729770183563232
calibration,8,low,"3,8,12,15,17,19,24,26",49,892,4.422692775726318
calibration,8,low,"3,8,12,15,17,19,24,26",50,2021,4.912492275238037
calibration,8,low,"3,8,12,15,17,19,24,26",51,2579,4.139441013336182
calibration,8,low,"3,8,12,15,17,19,24,26",52,2843,4.619531631469727
calibration,8,low,"3,8,12,15,17,19,24,26",53,2661,3.9710757732391357
calibration,8,low,"3,8,12,15,17,19,24,26",54,426,5.296812534332275
calibration,8,low,"3,8,12,15,17,19,24,26",55,768,5.347485065460205
calibration,8,low,"3,8,12,15,17,19,24,26",56,2163,4.806298732757568
calibration,8,low,"3,8,12,15,17,19,24,26",57,2378,4.802931308746338
calibration,8,low,"3,8,12,15,17,19,24,26",58,1777,4.919870376586914
calibration,8,low,"3,8,12,15,17,19,24,26",59,2019,4.664152145385742
calibration,8,low,"3,8,12,15,17,19,24,26",60,611,4.718290328979492
calibration,8,low,"3,8,12,15,17,19,24,26",61,1632,5.030457019805908
calibration,8,low,"3,8,12,15,17,19,24,26",62,1668,4.377434253692627
calibration,8,low,"3,8,12,15,17,19,24,26",63,2131,4.575255870819092
calibration,8,low,"3,8,12,15,17,19,24,26",64,4582,2.7242162227630615
calibration,8,low,"3,8,12,15,17,19,24,26",65,3185,4.483496189117432
calibration,8,low,"3,8,12,15,17,19,24,26",66,3604,4.840884685516357
calibration,8,low,"3,8,12,15,17,19,24,26",67,2688,4.858915328979492
calibration,8,low,"3,8,12,15,17,19,24,26",68,1024,4.910400390625
calibration,8,low,"3,8,12,15,17,19,24,26",69,3447,4.948542594909668
calibration,8,low,"3,8,12,15,17,19,24,26",70,1624,4.415651321411133
calibration,8,low,"3,8,12,15,17,19,24,26",71,683,4.121583938598633
calibration,8,low,"3,8,12,15,17,19,24,26",72,3712,4.95620584487915
calibration,8,low,"3,8,12,15,17,19,24,26",73,4597,3.957418203353882
calibration,8,low,"3,8,12,15,17,19,24,26",74,2003,4.867061138153076
calibration,8,low,"3,8,12,15,17,19,24,26",75,38,4.822896957397461
calibration,8,low,"3,8,12,15,17,19,24,26",76,2557,4.647721767425537
calibration,8,low,"3,8,12,15,17,19,24,26",77,648,4.896852970123291
calibration,8,low,"3,8,12,15,17,19,24,26",78,2091,4.644843578338623
calibration,8,low,"3,8,12,15,17,19,24,26",79,2261,4.856162071228027
calibration,8,low,"3,8,12,15,17,19,24,26",80,2086,5.091696739196777
calibration,8,low,"3,8,12,15,17,19,24,26",81,4297,4.788944721221924
calibration,8,low,"3,8,12,15,17,19,24,26",82,3993,4.250880241394043
calibration,8,low,"3,8,12,15,17,19,24,26",83,559,4.606011867523193
calibration,8,low,"3,8,12,15,17,19,24,26",84,3219,5.132046222686768
calibration,8,low,"3,8,12,15,17,19,24,26",85,3324,5.201996803283691
calibration,8,low,"3,8,12,15,17,19,24,26",86,4366,4.716209411621094
calibration,8,low,"3,8,12,15,17,19,24,26",87,323,4.906033515930176
calibration,8,low,"3,8,12,15,17,19,24,26",88,3151,4.824774742126465
calibration,8,low,"3,8,12,15,17,19,24,26",89,2912,4.527089595794678
calibration,8,low,"3,8,12,15,17,19,24,26",90,2892,5.066298007965088
calibration,8,low,"3,8,12,15,17,19,24,26",91,1031,5.188069820404053
calibration,8,low,"3,8,12,15,17,19,24,26",92,2905,4.128714084625244
calibration,8,low,"3,8,12,15,17,19,24,26",93,1747,4.892231464385986
calibration,8,low,"3,8,12,15,17,19,24,26",94,1426,4.921718120574951
calibration,8,low,"3,8,12,15,17,19,24,26",95,1288,4.378112316131592
calibration,8,low,"6,8,10,12,15,17,21,24",0,720,5.4051289558410645
calibration,8,low,"6,8,10,12,15,17,21,24",1,3796,5.055694580078125
calibration,8,low,"6,8,10,12,15,17,21,24",2,2979,4.998520851135254
calibration,8,low,"6,8,10,12,15,17,21,24",3,3195,5.205226421356201
calibration,8,low,"6,8,10,12,15,17,21,24",4,3348,4.853288173675537
calibration,8,low,"6,8,10,12,15,17,21,24",5,636,4.928853511810303
calibration,8,low,"6,8,10,12,15,17,21,24",6,655,4.88893461227417
calibration,8,low,"6,8,10,12,15,17,21,24",7,4470,4.888238906860352
calibration,8,low,"6,8,10,12,15,17,21,24",8,3767,4.560781955718994
calibration,8,low,"6,8,10,12,15,17,21,24",9,1123,4.7076263427734375
calibration,8,low,"6,8,10,12,15,17,21,24",10,1907,5.0764384269714355
calibration,8,low,"6,8,10,12,15,17,21,24",11,4325,5.262035846710205
calibration,8,low,"6,8,10,12,15,17,21,24",12,3374,5.102724075317383
calibration,8,low,"6,8,10,12,15,17,21,24",13,552,4.598654747009277
calibration,8,low,"6,8,10,12,15,17,21,24",14,1983,5.146424770355225
calibration,8,low,"6,8,10,12,15,17,21,24",15,279,4.570202350616455
calibration,8,low,"6,8,10,12,15,17,21,24",16,3116,4.981616497039795
calibration,8,low,"6,8,10,12,15,17,21,24",17,3247,5.423959732055664
calibration,8,low,"6,8,10,12,15,17,21,24",18,4798,5.265368461608887
calibration,8,low,"6,8,10,12,15,17,21,24",19,2782,4.6450934410095215
calibration,8,low,"6,8,10,12,15,17,21,24",20,2029,5.012078762054443
calibration,8,low,"6,8,10,12,15,17,21,24",21,3681,4.895802021026611
calibration,8,low,"6,8,10,12,15,17,21,24",22,252,4.459108829498291
calibration,8,low,"6,8,10,12,15,17,21,24",23,2694,4.949358940124512
calibration,8,low,"6,8,10,12,15,17,21,24",24,1696,5.107069969177246
calibration,8,low,"6,8,10,12,15,17,21,24",25,1,5.357696533203125
calibration,8,low,"6,8,10,12,15,17,21,24",26,1432,4.740079402923584
calibration,8,low,"6,8,10,12,15,17,21,24",27,3131,4.952757835388184
calibration,8,low,"6,8,10,12,15,17,21,24",28,4718,5.418679714202881
calibration,8,low,"6,8,10,12,15,17,21,24",29,2055,4.7421369552612305
calibration,8,low,"6,8,10,12,15,17,21,24",30,4817,4.783511638641357
calibration,8,low,"6,8,10,12,15,17,21,24",31,2110,4.702808856964111
calibration,8,low,"6,8,10,12,15,17,21,24",32,4972,4.664041996002197
calibration,8,low,"6,8,10,12,15,17,21,24",33,3779,4.6112895011901855
calibration,8,low,"6,8,10,12,15,17,21,24",34,4553,3.6575558185577393
calibration,8,low,"6,8,10,12,15,17,21,24",35,4505,4.845208168029785
calibration,8,low,"6,8,10,12,15,17,21,24",36,779,5.108653545379639
calibration,8,low,"6,8,10,12,15,17,21,24",37,375,5.102865695953369
calibration,8,low,"6,8,10,12,15,17,21,24",38,3175,5.009101867675781
calibration,8,low,"6,8,10,12,15,17,21,24",39,1099,4.364517688751221
calibration,8,low,"6,8,10,12,15,17,21,24",40,3387,5.406423091888428
calibration,8,low,"6,8,10,12,15,17,21,24",41,3081,3.987243175506592
calibration,8,low,"6,8,10,12,15,17,21,24",42,461,4.4418840408325195
calibration,8,low,"6,8,10,12,15,17,21,24",43,429,5.419101238250732
calibration,8,low,"6,8,10,12,15,17,21,24",44,2649,5.367143630981445
calibration,8,low,"6,8,10,12,15,17,21,24",45,1815,4.369423866271973
calibration,8,low,"6,8,10,12,15,17,21,24",46,4318,5.117181301116943
calibration,8,low,"6,8,10,12,15,17,21,24",47,226,5.063634872436523
calibration,8,low,"6,8,10,12,15,17,21,24",48,4210,5.035572052001953
calibration,8,low,"6,8,10,12,15,17,21,24",49,892,4.428640365600586
calibration,8,low,"6,8,10,12,15,17,21,24",50,2021,5.214789390563965
calibration,8,low,"6,8,10,12,15,17,21,24",51,2579,4.526908874511719
calibration,8,low,"6,8,10,12,15,17,21,24",52,2843,4.606635570526123
calibration,8,low,"6,8,10,12,15,17,21,24",53,2661,3.987945795059204
calibration,8,low,"6,8,10,12,15,17,21,24",54,426,5.278637409210205
calibration,8,low,"6,8,10,12,15,17,21,24",55,768,5.513362407684326
calibration,8,low,"6,8,10,12,15,17,21,24",56,2163,5.008044242858887
calibration,8,low,"6,8,10,12,15,17,21,24",57,2378,4.956540107727051
calibration,8,low,"6,8,10,12,15,17,21,24",58,1777,5.220422267913818
calibration,8,low,"6,8,10,12,15,17,21,24",59,2019,4.801113128662109
calibration,8,low,"6,8,10,12,15,17,21,24",60,611,5.0470805168151855
calibration,8,low,"6,8,10,12,15,17,21,24",61,1632,5.334408760070801
calibration,8,low,"6,8,10,12,15,17,21,24",62,1668,4.227795600891113
calibration,8,low,"6,8,10,12,15,17,21,24",63,2131,4.882587432861328
calibration,8,low,"6,8,10,12,15,17,21,24",64,4582,1.959432601928711
calibration,8,low,"6,8,10,12,15,17,21,24",65,3185,4.832012176513672
calibration,8,low,"6,8,10,12,15,17,21,24",66,3604,4.720409870147705
calibration,8,low,"6,8,10,12,15,17,21,24",67,2688,5.155755043029785
calibration,8,low,"6,8,10,12,15,17,21,24",68,1024,5.222208023071289
calibration,8,low,"6,8,10,12,15,17,21,24",69,3447,5.037477016448975
calibration,8,low,"6,8,10,12,15,17,21,24",70,1624,4.5760016441345215
calibration,8,low,"6,8,10,12,15,17,21,24",71,683,4.289539813995361
calibration,8,low,"6,8,10,12,15,17,21,24",72,3712,4.9705729484558105
calibration,8,low,"6,8,10,12,15,17,21,24",73,4597,3.7862813472747803
calibration,8,low,"6,8,10,12,15,17,21,24",74,2003,5.085989952087402
calibration,8,low,"6,8,10,12,15,17,21,24",75,38,5.046852111816406
calibration,8,low,"6,8,10,12,15,17,21,24",76,2557,4.554772853851318
calibration,8,low,"6,8,10,12,15,17,21,24",77,648,4.943363189697266
calibration,8,low,"6,8,10,12,15,17,21,24",78,2091,4.597517490386963
calibration,8,low,"6,8,10,12,15,17,21,24",79,2261,5.058889865875244
calibration,8,low,"6,8,10,12,15,17,21,24",80,2086,4.902395248413086
calibration,8,low,"6,8,10,12,15,17,21,24",81,4297,4.829419136047363
calibration,8,low,"6,8,10,12,15,17,21,24",82,3993,4.4959330558776855
calibration,8,low,"6,8,10,12,15,17,21,24",83,559,4.851794719696045
calibration,8,low,"6,8,10,12,15,17,21,24",84,3219,5.456973075866699
calibration,8,low,"6,8,10,12,15,17,21,24",85,3324,5.805393695831299
calibration,8,low,"6,8,10,12,15,17,21,24",86,4366,5.053194046020508
calibration,8,low,"6,8,10,12,15,17,21,24",87,323,5.283395290374756
calibration,8,low,"6,8,10,12,15,17,21,24",88,3151,4.812538146972656
calibration,8,low,"6,8,10,12,15,17,21,24",89,2912,4.546069622039795
calibration,8,low,"6,8,10,12,15,17,21,24",90,2892,5.166646480560303
calibration,8,low,"6,8,10,12,15,17,21,24",91,1031,5.492393970489502
calibration,8,low,"6,8,10,12,15,17,21,24",92,2905,3.940460205078125
calibration,8,low,"6,8,10,12,15,17,21,24",93,1747,4.956380367279053
calibration,8,low,"6,8,10,12,15,17,21,24",94,1426,5.261270523071289
calibration,8,low,"6,8,10,12,15,17,21,24",95,1288,4.760772705078125
calibration,8,low,"6,8,10,12,15,21,24,26",0,720,5.67213773727417
calibration,8,low,"6,8,10,12,15,21,24,26",1,3796,5.555064678192139
calibration,8,low,"6,8,10,12,15,21,24,26",2,2979,5.261562824249268
calibration,8,low,"6,8,10,12,15,21,24,26",3,3195,5.396847248077393
calibration,8,low,"6,8,10,12,15,21,24,26",4,3348,5.064057350158691
calibration,8,low,"6,8,10,12,15,21,24,26",5,636,5.493312835693359
calibration,8,low,"6,8,10,12,15,21,24,26",6,655,5.143740177154541
calibration,8,low,"6,8,10,12,15,21,24,26",7,4470,5.241094589233398
calibration,8,low,"6,8,10,12,15,21,24,26",8,3767,5.101347923278809
calibration,8,low,"6,8,10,12,15,21,24,26",9,1123,5.098020076751709
calibration,8,low,"6,8,10,12,15,21,24,26",10,1907,5.1732563972473145
calibration,8,low,"6,8,10,12,15,21,24,26",11,4325,5.434312343597412
calibration,8,low,"6,8,10,12,15,21,24,26",12,3374,5.408166408538818
calibration,8,low,"6,8,10,12,15,21,24,26",13,552,5.0667572021484375
calibration,8,low,"6,8,10,12,15,21,24,26",14,1983,5.359649181365967
calibration,8,low,"6,8,10,12,15,21,24,26",15,279,5.024078845977783
calibration,8,low,"6,8,10,12,15,21,24,26",16,3116,5.213175296783447
calibration,8,low,"6,8,10,12,15,21,24,26",17,3247,5.88024377822876
calibration,8,low,"6,8,10,12,15,21,24,26",18,4798,5.541600227355957
calibration,8,low,"6,8,10,12,15,21,24,26",19,2782,4.975453853607178
calibration,8,low,"6,8,10,12,15,21,24,26",20,2029,5.254753589630127
calibration,8,low,"6,8,10,12,15,21,24,26",21,3681,5.040267467498779
calibration,8,low,"6,8,10,12,15,21,24,26",22,252,5.280707836151123
calibration,8,low,"6,8,10,12,15,21,24,26",23,2694,5.190761089324951
calibration,8,low,"6,8,10,12,15,21,24,26",24,1696,5.462368488311768
calibration,8,low,"6,8,10,12,15,21,24,26",25,1,5.550016403198242
calibration,8,low,"6,8,10,12,15,21,24,26",26,1432,5.217547416687012
calibration,8,low,"6,8,10,12,15,21,24,26",27,3131,5.386744022369385
calibration,8,low,"6,8,10,12,15,21,24,26",28,4718,5.6375651359558105
calibration,8,low,"6,8,10,12,15,21,24,26",29,2055,5.135354995727539
calibration,8,low,"6,8,10,12,15,21,24,26",30,4817,5.2543230056762695
calibration,8,low,"6,8,10,12,15,21,24,26",31,2110,4.988565444946289
calibration,8,low,"6,8,10,12,15,21,24,26",32,4972,4.9052324295043945
calibration,8,low,"6,8,10,12,15,21,24,26",33,3779,4.651124000549316
calibration,8,low,"6,8,10,12,15,21,24,26",34,4553,4.103081703186035
calibration,8,low,"6,8,10,12,15,21,24,26",35,4505,5.100042819976807
calibration,8,low,"6,8,10,12,15,21,24,26",36,779,5.195396423339844
calibration,8,low,"6,8,10,12,15,21,24,26",37,375,5.524158000946045
calibration,8,low,"6,8,10,12,15,21,24,26",38,3175,5.299850940704346
calibration,8,low,"6,8,10,12,15,21,24,26",39,1099,4.636537075042725
calibration,8,low,"6,8,10,12,15,21,24,26",40,3387,5.76452112197876
calibration,8,low,"6,8,10,12,15,21,24,26",41,3081,4.359732627868652
calibration,8,low,"6,8,10,12,15,21,24,26",42,461,4.8918070793151855
calibration,8,low,"6,8,10,12,15,21,24,26",43,429,5.85809850692749
calibration,8,low,"6,8,10,12,15,21,24,26",44,2649,5.79370641708374
calibration,8,low,"6,8,10,12,15,21,24,26",45,1815,4.885082721710205
calibration,8,low,"6,8,10,12,15,21,24,26",46,4318,5.387155532836914
calibration,8,low,"6,8,10,12,15,21,24,26",47,226,5.357481002807617
calibration,8,low,"6,8,10,12,15,21,24,26",48,4210,5.446270942687988
calibration,8,low,"6,8,10,12,15,21,24,26",49,892,4.8230462074279785
calibration,8,low,"6,8,10,12,15,21,24,26",50,2021,5.351952075958252
calibration,8,low,"6,8,10,12,15,21,24,26",51,2579,4.727480888366699
calibration,8,low,"6,8,10,12,15,21,24,26",52,2843,5.005133628845215
calibration,8,low,"6,8,10,12,15,21,24,26",53,2661,4.645400047302246
calibration,8,low,"6,8,10,12,15,21,24,26",54,426,5.4591450691223145
calibration,8,low,"6,8,10,12,15,21,24,26",55,768,5.69533634185791
calibration,8,low,"6,8,10,12,15,21,24,26",56,2163,5.575362682342529
calibration,8,low,"6,8,10,12,15,21,24,26",57,2378,5.298836708068848
calibration,8,low,"6,8,10,12,15,21,24,26",58,1777,5.395495414733887
calibration,8,low,"6,8,10,12,15,21,24,26",59,2019,5.077520370483398
calibration,8,low,"6,8,10,12,15,21,24,26",60,611,5.448548316955566
calibration,8,low,"6,8,10,12,15,21,24,26",61,1632,5.708596706390381
calibration,8,low,"6,8,10,12,15,21,24,26",62,1668,4.78154993057251
calibration,8,low,"6,8,10,12,15,21,24,26",63,2131,5.112685680389404
calibration,8,low,"6,8,10,12,15,21,24,26",64,4582,2.4238524436950684
calibration,8,low,"6,8,10,12,15,21,24,26",65,3185,4.940474987030029
calibration,8,low,"6,8,10,12,15,21,24,26",66,3604,4.957860946655273
calibration,8,low,"6,8,10,12,15,21,24,26",67,2688,5.493229866027832
calibration,8,low,"6,8,10,12,15,21,24,26",68,1024,5.544243335723877
calibration,8,low,"6,8,10,12,15,21,24,26",69,3447,5.324223518371582
calibration,8,low,"6,8,10,12,15,21,24,26",70,1624,4.5791168212890625
calibration,8,low,"6,8,10,12,15,21,24,26",71,683,4.624560356140137
calibration,8,low,"6,8,10,12,15,21,24,26",72,3712,5.2270402908325195
calibration,8,low,"6,8,10,12,15,21,24,26",73,4597,4.287627696990967
calibration,8,low,"6,8,10,12,15,21,24,26",74,2003,5.171414852142334
calibration,8,low,"6,8,10,12,15,21,24,26",75,38,5.273502349853516
calibration,8,low,"6,8,10,12,15,21,24,26",76,2557,5.162411689758301
calibration,8,low,"6,8,10,12,15,21,24,26",77,648,5.307155132293701
calibration,8,low,"6,8,10,12,15,21,24,26",78,2091,4.807222366333008
calibration,8,low,"6,8,10,12,15,21,24,26",79,2261,5.264949798583984
calibration,8,low,"6,8,10,12,15,21,24,26",80,2086,5.449213027954102
calibration,8,low,"6,8,10,12,15,21,24,26",81,4297,5.29463529586792
calibration,8,low,"6,8,10,12,15,21,24,26",82,3993,4.797730922698975
calibration,8,low,"6,8,10,12,15,21,24,26",83,559,5.076662063598633
calibration,8,low,"6,8,10,12,15,21,24,26",84,3219,5.652345657348633
calibration,8,low,"6,8,10,12,15,21,24,26",85,3324,5.910557746887207
calibration,8,low,"6,8,10,12,15,21,24,26",86,4366,5.256392478942871
calibration,8,low,"6,8,10,12,15,21,24,26",87,323,5.464287757873535
calibration,8,low,"6,8,10,12,15,21,24,26",88,3151,5.227977275848389
calibration,8,low,"6,8,10,12,15,21,24,26",89,2912,4.833433151245117
calibration,8,low,"6,8,10,12,15,21,24,26",90,2892,5.349201202392578
calibration,8,low,"6,8,10,12,15,21,24,26",91,1031,5.904654502868652
calibration,8,low,"6,8,10,12,15,21,24,26",92,2905,4.454059600830078
calibration,8,low,"6,8,10,12,15,21,24,26",93,1747,5.424108505249023
calibration,8,low,"6,8,10,12,15,21,24,26",94,1426,5.442060947418213
calibration,8,low,"6,8,10,12,15,21,24,26",95,1288,5.029975414276123
calibration,8,low,"6,10,12,17,19,21,24,26",0,720,5.918566703796387
calibration,8,low,"6,10,12,17,19,21,24,26",1,3796,5.637972354888916
calibration,8,low,"6,10,12,17,19,21,24,26",2,2979,5.690811634063721
calibration,8,low,"6,10,12,17,19,21,24,26",3,3195,5.779884338378906
calibration,8,low,"6,10,12,17,19,21,24,26",4,3348,5.300551891326904
calibration,8,low,"6,10,12,17,19,21,24,26",5,636,5.727359294891357
calibration,8,low,"6,10,12,17,19,21,24,26",6,655,5.605906009674072
calibration,8,low,"6,10,12,17,19,21,24,26",7,4470,5.517845153808594
calibration,8,low,"6,10,12,17,19,21,24,26",8,3767,5.242143630981445
calibration,8,low,"6,10,12,17,19,21,24,26",9,1123,5.36918306350708
calibration,8,low,"6,10,12,17,19,21,24,26",10,1907,5.534047603607178
calibration,8,low,"6,10,12,17,19,21,24,26",11,4325,5.564878940582275
calibration,8,low,"6,10,12,17,19,21,24,26",12,3374,6.352274417877197
calibration,8,low,"6,10,12,17,19,21,24,26",13,552,5.448959827423096
calibration,8,low,"6,10,12,17,19,21,24,26",14,1983,5.810084819793701
calibration,8,low,"6,10,12,17,19,21,24,26",15,279,5.4492878913879395
calibration,8,low,"6,10,12,17,19,21,24,26",16,3116,5.630816459655762
calibration,8,low,"6,10,12,17,19,21,24,26",17,3247,6.113437175750732
calibration,8,low,"6,10,12,17,19,21,24,26",18,4798,5.951677322387695
calibration,8,low,"6,10,12,17,19,21,24,26",19,2782,5.504263401031494
calibration,8,low,"6,10,12,17,19,21,24,26",20,2029,5.572529315948486
calibration,8,low,"6,10,12,17,19,21,24,26",21,3681,5.440350532531738
calibration,8,low,"6,10,12,17,19,21,24,26",22,252,5.462454795837402
calibration,8,low,"6,10,12,17,19,21,24,26",23,2694,5.894479751586914
calibration,8,low,"6,10,12,17,19,21,24,26",24,1696,5.89016056060791
calibration,8,low,"6,10,12,17,19,21,24,26",25,1,5.883960247039795
calibration,8,low,"6,10,12,17,19,21,24,26",26,1432,5.764248847961426
calibration,8,low,"6,10,12,17,19,21,24,26",27,3131,5.738255977630615
calibration,8,low,"6,10,12,17,19,21,24,26",28,4718,5.9225335121154785
calibration,8,low,"6,10,12,17,19,21,24,26",29,2055,5.450027942657471
calibration,8,low,"6,10,12,17,19,21,24,26",30,4817,5.6232428550720215
calibration,8,low,"6,10,12,17,19,21,24,26",31,2110,5.2076849937438965
calibration,8,low,"6,10,12,17,19,21,24,26",32,4972,5.4425950050354
calibration,8,low,"6,10,12,17,19,21,24,26",33,3779,5.168752670288086
calibration,8,low,"6,10,12,17,19,21,24,26",34,4553,4.812676906585693
calibration,8,low,"6,10,12,17,19,21,24,26",35,4505,5.999688625335693
calibration,8,low,"6,10,12,17,19,21,24,26",36,779,5.6794352531433105
calibration,8,low,"6,10,12,17,19,21,24,26",37,375,6.1166582107543945
calibration,8,low,"6,10,12,17,19,21,24,26",38,3175,5.82159423828125
calibration,8,low,"6,10,12,17,19,21,24,26",39,1099,5.224735260009766
calibration,8,low,"6,10,12,17,19,21,24,26",40,3387,6.214176654815674
calibration,8,low,"6,10,12,17,19,21,24,26",41,3081,4.564115047454834
calibration,8,low,"6,10,12,17,19,21,24,26",42,461,5.745145797729492
calibration,8,low,"6,10,12,17,19,21,24,26",43,429,5.906729698181152
calibration,8,low,"6,10,12,17,19,21,24,26",44,2649,6.048844337463379
calibration,8,low,"6,10,12,17,19,21,24,26",45,1815,5.415279865264893
calibration,8,low,"6,10,12,17,19,21,24,26",46,4318,5.66448974609375
calibration,8,low,"6,10,12,17,19,21,24,26",47,226,5.485549449920654
calibration,8,low,"6,10,12,17,19,21,24,26",48,4210,5.81440544128418
calibration,8,low,"6,10,12,17,19,21,24,26",49,892,5.0905375480651855
calibration,8,low,"6,10,12,17,19,21,24,26",50,2021,5.927639961242676
calibration,8,low,"6,10,12,17,19,21,24,26",51,2579,4.992828845977783
calibration,8,low,"6,10,12,17,19,21,24,26",52,2843,5.335368633270264
calibration,8,low,"6,10,12,17,19,21,24,26",53,2661,4.7781982421875
calibration,8,low,"6,10,12,17,19,21,24,26",54,426,5.848710060119629
calibration,8,low,"6,10,12,17,19,21,24,26",55,768,5.968132972717285
calibration,8,low,"6,10,12,17,19,21,24,26",56,2163,5.826292514801025
calibration,8,low,"6,10,12,17,19,21,24,26",57,2378,5.936385631561279
calibration,8,low,"6,10,12,17,19,21,24,26",58,1777,5.836292743682861
calibration,8,low,"6,10,12,17,19,21,24,26",59,2019,5.639951229095459
calibration,8,low,"6,10,12,17,19,21,24,26",60,611,5.7761359214782715
calibration,8,low,"6,10,12,17,19,21,24,26",61,1632,5.993098258972168
calibration,8,low,"6,10,12,17,19,21,24,26",62,1668,5.064316272735596
calibration,8,low,"6,10,12,17,19,21,24,26",63,2131,5.492054462432861
calibration,8,low,"6,10,12,17,19,21,24,26",64,4582,3.3242361545562744
calibration,8,low,"6,10,12,17,19,21,24,26",65,3185,5.531505107879639
calibration,8,low,"6,10,12,17,19,21,24,26",66,3604,5.312060356140137
calibration,8,low,"6,10,12,17,19,21,24,26",67,2688,5.922125339508057
calibration,8,low,"6,10,12,17,19,21,24,26",68,1024,5.900707721710205
calibration,8,low,"6,10,12,17,19,21,24,26",69,3447,5.7919769287109375
calibration,8,low,"6,10,12,17,19,21,24,26",70,1624,5.390427589416504
calibration,8,low,"6,10,12,17,19,21,24,26",71,683,4.906527042388916
calibration,8,low,"6,10,12,17,19,21,24,26",72,3712,5.682063102722168
calibration,8,low,"6,10,12,17,19,21,24,26",73,4597,4.798568248748779
calibration,8,low,"6,10,12,17,19,21,24,26",74,2003,5.543128967285156
calibration,8,low,"6,10,12,17,19,21,24,26",75,38,5.580970287322998
calibration,8,low,"6,10,12,17,19,21,24,26",76,2557,5.364126682281494
calibration,8,low,"6,10,12,17,19,21,24,26",77,648,5.692068576812744
calibration,8,low,"6,10,12,17,19,21,24,26",78,2091,5.210705280303955
calibration,8,low,"6,10,12,17,19,21,24,26",79,2261,5.5827507972717285
calibration,8,low,"6,10,12,17,19,21,24,26",80,2086,5.7950921058654785
calibration,8,low,"6,10,12,17,19,21,24,26",81,4297,5.491506099700928
calibration,8,low,"6,10,12,17,19,21,24,26",82,3993,5.277752876281738
calibration,8,low,"6,10,12,17,19,21,24,26",83,559,5.414616584777832
calibration,8,low,"6,10,12,17,19,21,24,26",84,3219,5.971629619598389
calibration,8,low,"6,10,12,17,19,21,24,26",85,3324,6.571777820587158
calibration,8,low,"6,10,12,17,19,21,24,26",86,4366,5.660021781921387
calibration,8,low,"6,10,12,17,19,21,24,26",87,323,5.823373794555664
calibration,8,low,"6,10,12,17,19,21,24,26",88,3151,5.908723831176758
calibration,8,low,"6,10,12,17,19,21,24,26",89,2912,5.296623706817627
calibration,8,low,"6,10,12,17,19,21,24,26",90,2892,5.808421611785889
calibration,8,low,"6,10,12,17,19,21,24,26",91,1031,6.09085750579834
calibration,8,low,"6,10,12,17,19,21,24,26",92,2905,4.778963565826416
calibration,8,low,"6,10,12,17,19,21,24,26",93,1747,5.864621639251709
calibration,8,low,"6,10,12,17,19,21,24,26",94,1426,5.648867130279541
calibration,8,low,"6,10,12,17,19,21,24,26",95,1288,5.37000036239624
calibration,8,low,"8,10,12,15,17,19,24,26",0,720,4.870920658111572
calibration,8,low,"8,10,12,15,17,19,24,26",1,3796,4.777253150939941
calibration,8,low,"8,10,12,15,17,19,24,26",2,2979,4.498383045196533
calibration,8,low,"8,10,12,15,17,19,24,26",3,3195,4.652543067932129
calibration,8,low,"8,10,12,15,17,19,24,26",4,3348,4.449273109436035
calibration,8,low,"8,10,12,15,17,19,24,26",5,636,4.615101337432861
calibration,8,low,"8,10,12,15,17,19,24,26",6,655,4.48655366897583
calibration,8,low,"8,10,12,15,17,19,24,26",7,4470,4.529057025909424
calibration,8,low,"8,10,12,15,17,19,24,26",8,3767,4.254608631134033
calibration,8,low,"8,10,12,15,17,19,24,26",9,1123,4.540554523468018
calibration,8,low,"8,10,12,15,17,19,24,26",10,1907,4.497045040130615
calibration,8,low,"8,10,12,15,17,19,24,26",11,4325,4.553658962249756
calibration,8,low,"8,10,12,15,17,19,24,26",12,3374,4.936939239501953
calibration,8,low,"8,10,12,15,17,19,24,26",13,552,4.308983325958252
calibration,8,low,"8,10,12,15,17,19,24,26",14,1983,4.456348896026611
calibration,8,low,"8,10,12,15,17,19,24,26",15,279,4.390994548797607
calibration,8,low,"8,10,12,15,17,19,24,26",16,3116,4.61792516708374
calibration,8,low,"8,10,12,15,17,19,24,26",17,3247,5.0148162841796875
calibration,8,low,"8,10,12,15,17,19,24,26",18,4798,4.7750678062438965
calibration,8,low,"8,10,12,15,17,19,24,26",19,2782,4.503264904022217
calibration,8,low,"8,10,12,15,17,19,24,26",20,2029,4.633225440979004
calibration,8,low,"8,10,12,15,17,19,24,26",21,3681,4.401723384857178
calibration,8,low,"8,10,12,15,17,19,24,26",22,252,4.191285610198975
calibration,8,low,"8,10,12,15,17,19,24,26",23,2694,4.837568283081055
calibration,8,low,"8,10,12,15,17,19,24,26",24,1696,5.124045372009277
calibration,8,low,"8,10,12,15,17,19,24,26",25,1,4.943346977233887
calibration,8,low,"8,10,12,15,17,19,24,26",26,1432,4.705216884613037
calibration,8,low,"8,10,12,15,17,19,24,26",27,3131,4.715869903564453
calibration,8,low,"8,10,12,15,17,19,24,26",28,4718,4.834447383880615
calibration,8,low,"8,10,12,15,17,19,24,26",29,2055,4.4575676918029785
calibration,8,low,"8,10,12,15,17,19,24,26",30,4817,4.646540641784668
calibration,8,low,"8,10,12,15,17,19,24,26",31,2110,4.531157493591309
calibration,8,low,"8,10,12,15,17,19,24,26",32,4972,4.43137264251709
calibration,8,low,"8,10,12,15,17,19,24,26",33,3779,3.980008125305176
calibration,8,low,"8,10,12,15,17,19,24,26",34,4553,3.6784982681274414
calibration,8,low,"8,10,12,15,17,19,24,26",35,4505,4.61886739730835
calibration,8,low,"8,10,12,15,17,19,24,26",36,779,4.720237731933594
calibration,8,low,"8,10,12,15,17,19,24,26",37,375,4.950234413146973
calibration,8,low,"8,10,12,15,17,19,24,26",38,3175,4.53511905670166
calibration,8,low,"8,10,12,15,17,19,24,26",39,1099,4.251684665679932
calibration,8,low,"8,10,12,15,17,19,24,26",40,3387,5.224339485168457
calibration,8,low,"8,10,12,15,17,19,24,26",41,3081,3.603349208831787
calibration,8,low,"8,10,12,15,17,19,24,26",42,461,4.463339805603027
calibration,8,low,"8,10,12,15,17,19,24,26",43,429,4.772894859313965
calibration,8,low,"8,10,12,15,17,19,24,26",44,2649,4.8291778564453125
calibration,8,low,"8,10,12,15,17,19,24,26",45,1815,4.4059929847717285
calibration,8,low,"8,10,12,15,17,19,24,26",46,4318,4.565503120422363
calibration,8,low,"8,10,12,15,17,19,24,26",47,226,4.760146141052246
calibration,8,low,"8,10,12,15,17,19,24,26",48,4210,4.609611988067627
calibration,8,low,"8,10,12,15,17,19,24,26",49,892,4.099859714508057
calibration,8,low,"8,10,12,15,17,19,24,26",50,2021,4.693166255950928
calibration,8,low,"8,10,12,15,17,19,24,26",51,2579,4.068902015686035
calibration,8,low,"8,10,12,15,17,19,24,26",52,2843,4.498900413513184
calibration,8,low,"8,10,12,15,17,19,24,26",53,2661,3.7318670749664307
calibration,8,low,"8,10,12,15,17,19,24,26",54,426,4.869174957275391
calibration,8,low,"8,10,12,15,17,19,24,26",55,768,5.0580339431762695
calibration,8,low,"8,10,12,15,17,19,24,26",56,2163,4.565999984741211
calibration,8,low,"8,10,12,15,17,19,24,26",57,2378,4.6224775314331055
calibration,8,low,"8,10,12,15,17,19,24,26",58,1777,4.852695465087891
calibration,8,low,"8,10,12,15,17,19,24,26",59,2019,4.527413368225098
calibration,8,low,"8,10,12,15,17,19,24,26",60,611,4.600277423858643
calibration,8,low,"8,10,12,15,17,19,24,26",61,1632,5.078808307647705
calibration,8,low,"8,10,12,15,17,19,24,26",62,1668,4.024424076080322
calibration,8,low,"8,10,12,15,17,19,24,26",63,2131,4.4097747802734375
calibration,8,low,"8,10,12,15,17,19,24,26",64,4582,2.5279738903045654
calibration,8,low,"8,10,12,15,17,19,24,26",65,3185,4.315751552581787
calibration,8,low,"8,10,12,15,17,19,24,26",66,3604,4.531961917877197
calibration,8,low,"8,10,12,15,17,19,24,26",67,2688,4.662613868713379
calibration,8,low,"8,10,12,15,17,19,24,26",68,1024,4.849003314971924
calibration,8,low,"8,10,12,15,17,19,24,26",69,3447,4.764172554016113
calibration,8,low,"8,10,12,15,17,19,24,26",70,1624,4.240113735198975
calibration,8,low,"8,10,12,15,17,19,24,26",71,683,3.908590793609619
calibration,8,low,"8,10,12,15,17,19,24,26",72,3712,4.726733684539795
calibration,8,low,"8,10,12,15,17,19,24,26",73,4597,3.829525947570801
calibration,8,low,"8,10,12,15,17,19,24,26",74,2003,4.632728576660156
calibration,8,low,"8,10,12,15,17,19,24,26",75,38,4.5921525955200195
calibration,8,low,"8,10,12,15,17,19,24,26",76,2557,4.279366493225098
calibration,8,low,"8,10,12,15,17,19,24,26",77,648,4.737527847290039
calibration,8,low,"8,10,12,15,17,19,24,26",78,2091,4.363776683807373
calibration,8,low,"8,10,12,15,17,19,24,26",79,2261,4.653216361999512
calibration,8,low,"8,10,12,15,17,19,24,26",80,2086,4.809866428375244
calibration,8,low,"8,10,12,15,17,19,24,26",81,4297,4.688782215118408
calibration,8,low,"8,10,12,15,17,19,24,26",82,3993,4.313673973083496
calibration,8,low,"8,10,12,15,17,19,24,26",83,559,4.401190757751465
calibration,8,low,"8,10,12,15,17,19,24,26",84,3219,4.8589301109313965
calibration,8,low,"8,10,12,15,17,19,24,26",85,3324,5.257112979888916
calibration,8,low,"8,10,12,15,17,19,24,26",86,4366,4.512442588806152
calibration,8,low,"8,10,12,15,17,19,24,26",87,323,4.810761451721191
calibration,8,low,"8,10,12,15,17,19,24,26",88,3151,4.629148483276367
calibration,8,low,"8,10,12,15,17,19,24,26",89,2912,4.248456001281738
calibration,8,low,"8,10,12,15,17,19,24,26",90,2892,4.583493232727051
calibration,8,low,"8,10,12,15,17,19,24,26",91,1031,4.934945106506348
calibration,8,low,"8,10,12,15,17,19,24,26",92,2905,3.7456247806549072
calibration,8,low,"8,10,12,15,17,19,24,26",93,1747,4.624192714691162
calibration,8,low,"8,10,12,15,17,19,24,26",94,1426,4.706169128417969
calibration,8,low,"8,10,12,15,17,19,24,26",95,1288,4.3239874839782715
V_new,0,parent,,0,275,2.486882209777832
V_new,0,parent,,1,251,2.243349313735962
V_new,0,parent,,2,27,2.0428459644317627
V_new,0,parent,,3,346,2.3506197929382324
V_new,0,parent,,4,381,2.5437114238739014
V_new,0,parent,,5,492,2.9909698963165283
V_new,0,parent,,6,12,2.292982578277588
V_new,0,parent,,7,48,2.041604995727539
V_new,0,parent,,8,331,2.582118272781372
V_new,0,parent,,9,244,2.960833787918091
V_new,0,parent,,10,24,1.9971803426742554
V_new,0,parent,,11,226,2.549349308013916
V_new,0,parent,,12,491,3.0257461071014404
V_new,0,parent,,13,203,2.31565523147583
V_new,0,parent,,14,40,2.1111197471618652
V_new,0,parent,,15,217,2.5114357471466064
V_new,0,parent,,16,151,2.4483606815338135
V_new,0,parent,,17,100,2.242842674255371
V_new,0,parent,,18,356,2.9067041873931885
V_new,0,parent,,19,457,2.611159563064575
V_new,0,parent,,20,90,2.534989595413208
V_new,0,parent,,21,511,2.6605637073516846
V_new,0,parent,,22,33,2.545825242996216
V_new,0,parent,,23,279,2.847616672515869
V_new,0,parent,,24,505,2.6703197956085205
V_new,0,parent,,25,464,2.7143568992614746
V_new,0,parent,,26,149,1.9813342094421387
V_new,0,parent,,27,116,2.5077171325683594
V_new,0,parent,,28,150,2.4363410472869873
V_new,0,parent,,29,445,2.7773988246917725
V_new,0,parent,,30,339,2.498220920562744
V_new,0,parent,,31,276,2.562619924545288
V_new,0,parent,,32,115,2.2774136066436768
V_new,0,parent,,33,289,2.479482650756836
V_new,0,parent,,34,83,2.50138258934021
V_new,0,parent,,35,128,2.2149651050567627
V_new,0,parent,,36,211,2.2935988903045654
V_new,0,parent,,37,53,2.3698065280914307
V_new,0,parent,,38,456,2.758502960205078
V_new,0,parent,,39,131,2.1246631145477295
V_new,0,parent,,40,199,2.488212823867798
V_new,0,parent,,41,264,2.6850924491882324
V_new,0,parent,,42,231,2.600877285003662
V_new,0,parent,,43,201,2.5717315673828125
V_new,0,parent,,44,102,2.2338366508483887
V_new,0,parent,,45,265,2.683607578277588
V_new,0,parent,,46,245,2.2852861881256104
V_new,0,parent,,47,488,2.0819594860076904
V_new,0,parent,,48,437,2.1023361682891846
V_new,0,parent,,49,515,2.7470531463623047
V_new,0,parent,,50,195,2.5111842155456543
V_new,0,parent,,51,443,2.8594486713409424
V_new,0,parent,,52,187,2.3935232162475586
V_new,0,parent,,53,29,1.6364696025848389
V_new,0,parent,,54,125,2.8717920780181885
V_new,0,parent,,55,192,2.738041400909424
V_new,0,parent,,56,299,2.6312386989593506
V_new,0,parent,,57,98,2.5004806518554688
V_new,0,parent,,58,436,1.46780264377594
V_new,0,parent,,59,73,2.4552760124206543
V_new,0,parent,,60,364,2.857697010040283
V_new,0,parent,,61,527,2.600823402404785
V_new,0,parent,,62,476,2.806154727935791
V_new,0,parent,,63,218,2.6717474460601807
V_new,4,global,"1,3,12,15",0,275,5.943341255187988
V_new,4,global,"1,3,12,15",1,251,6.117945194244385
V_new,4,global,"1,3,12,15",2,27,4.9947052001953125
V_new,4,global,"1,3,12,15",3,346,4.57120943069458
V_new,4,global,"1,3,12,15",4,381,5.465001106262207
V_new,4,global,"1,3,12,15",5,492,6.643923759460449
V_new,4,global,"1,3,12,15",6,12,5.469899654388428
V_new,4,global,"1,3,12,15",7,48,3.9491007328033447
V_new,4,global,"1,3,12,15",8,331,6.055991172790527
V_new,4,global,"1,3,12,15",9,244,6.7789998054504395
V_new,4,global,"1,3,12,15",10,24,4.922550678253174
V_new,4,global,"1,3,12,15",11,226,6.211331367492676
V_new,4,global,"1,3,12,15",12,491,5.488455772399902
V_new,4,global,"1,3,12,15",13,203,5.579411029815674
V_new,4,global,"1,3,12,15",14,40,5.901019096374512
V_new,4,global,"1,3,12,15",15,217,5.196523666381836
V_new,4,global,"1,3,12,15",16,151,5.978629112243652
V_new,4,global,"1,3,12,15",17,100,5.146169662475586
V_new,4,global,"1,3,12,15",18,356,6.846741676330566
V_new,4,global,"1,3,12,15",19,457,5.31987190246582
V_new,4,global,"1,3,12,15",20,90,5.56001615524292
V_new,4,global,"1,3,12,15",21,511,5.713372230529785
V_new,4,global,"1,3,12,15",22,33,5.5390625
V_new,4,global,"1,3,12,15",23,279,7.044309616088867
V_new,4,global,"1,3,12,15",24,505,5.602859973907471
V_new,4,global,"1,3,12,15",25,464,6.521289825439453
V_new,4,global,"1,3,12,15",26,149,4.823305130004883
V_new,4,global,"1,3,12,15",27,116,6.271962642669678
V_new,4,global,"1,3,12,15",28,150,5.046628475189209
V_new,4,global,"1,3,12,15",29,445,5.852611541748047
V_new,4,global,"1,3,12,15",30,339,5.137572765350342
V_new,4,global,"1,3,12,15",31,276,5.641933917999268
V_new,4,global,"1,3,12,15",32,115,5.502159118652344
V_new,4,global,"1,3,12,15",33,289,4.885955333709717
V_new,4,global,"1,3,12,15",34,83,5.600850582122803
V_new,4,global,"1,3,12,15",35,128,4.704106330871582
V_new,4,global,"1,3,12,15",36,211,5.759234428405762
V_new,4,global,"1,3,12,15",37,53,5.715269088745117
V_new,4,global,"1,3,12,15",38,456,6.252645969390869
V_new,4,global,"1,3,12,15",39,131,5.248467445373535
V_new,4,global,"1,3,12,15",40,199,6.9553656578063965
V_new,4,global,"1,3,12,15",41,264,6.407711505889893
V_new,4,global,"1,3,12,15",42,231,4.865212440490723
V_new,4,global,"1,3,12,15",43,201,6.233069896697998
V_new,4,global,"1,3,12,15",44,102,5.197690010070801
V_new,4,global,"1,3,12,15",45,265,5.112303733825684
V_new,4,global,"1,3,12,15",46,245,6.301243782043457
V_new,4,global,"1,3,12,15",47,488,4.614270210266113
V_new,4,global,"1,3,12,15",48,437,5.149712085723877
V_new,4,global,"1,3,12,15",49,515,5.810730457305908
V_new,4,global,"1,3,12,15",50,195,5.469741344451904
V_new,4,global,"1,3,12,15",51,443,5.5901408195495605
V_new,4,global,"1,3,12,15",52,187,4.5380377769470215
V_new,4,global,"1,3,12,15",53,29,4.978194713592529
V_new,4,global,"1,3,12,15",54,125,5.908461093902588
V_new,4,global,"1,3,12,15",55,192,6.070552349090576
V_new,4,global,"1,3,12,15",56,299,6.169811725616455
V_new,4,global,"1,3,12,15",57,98,5.7168073654174805
V_new,4,global,"1,3,12,15",58,436,3.3567745685577393
V_new,4,global,"1,3,12,15",59,73,5.2456841468811035
V_new,4,global,"1,3,12,15",60,364,7.353520393371582
V_new,4,global,"1,3,12,15",61,527,5.325432777404785
V_new,4,global,"1,3,12,15",62,476,5.868377685546875
V_new,4,global,"1,3,12,15",63,218,5.60888147354126
V_new,4,global,"1,3,15,19",0,275,6.008888244628906
V_new,4,global,"1,3,15,19",1,251,6.228481292724609
V_new,4,global,"1,3,15,19",2,27,5.039067268371582
V_new,4,global,"1,3,15,19",3,346,4.6296000480651855
V_new,4,global,"1,3,15,19",4,381,5.662007808685303
V_new,4,global,"1,3,15,19",5,492,6.966030120849609
V_new,4,global,"1,3,15,19",6,12,5.748166084289551
V_new,4,global,"1,3,15,19",7,48,4.147509574890137
V_new,4,global,"1,3,15,19",8,331,6.211376667022705
V_new,4,global,"1,3,15,19",9,244,6.844334125518799
V_new,4,global,"1,3,15,19",10,24,5.0104498863220215
V_new,4,global,"1,3,15,19",11,226,6.178427219390869
V_new,4,global,"1,3,15,19",12,491,5.502607345581055
V_new,4,global,"1,3,15,19",13,203,5.948836326599121
V_new,4,global,"1,3,15,19",14,40,5.927826881408691
V_new,4,global,"1,3,15,19",15,217,5.4013447761535645
V_new,4,global,"1,3,15,19",16,151,6.147973537445068
V_new,4,global,"1,3,15,19",17,100,5.459356784820557
V_new,4,global,"1,3,15,19",18,356,7.18196439743042
V_new,4,global,"1,3,15,19",19,457,5.312501907348633
V_new,4,global,"1,3,15,19",20,90,5.5826921463012695
V_new,4,global,"1,3,15,19",21,511,5.758716106414795
V_new,4,global,"1,3,15,19",22,33,5.835630416870117
V_new,4,global,"1,3,15,19",23,279,7.051888465881348
V_new,4,global,"1,3,15,19",24,505,5.794055938720703
V_new,4,global,"1,3,15,19",25,464,7.12632417678833
V_new,4,global,"1,3,15,19",26,149,4.817526340484619
V_new,4,global,"1,3,15,19",27,116,6.327610969543457
V_new,4,global,"1,3,15,19",28,150,5.0954909324646
V_new,4,global,"1,3,15,19",29,445,5.910895347595215
V_new,4,global,"1,3,15,19",30,339,5.3501787185668945
V_new,4,global,"1,3,15,19",31,276,6.075936794281006
V_new,4,global,"1,3,15,19",32,115,5.577736854553223
V_new,4,global,"1,3,15,19",33,289,5.034561634063721
V_new,4,global,"1,3,15,19",34,83,6.044426918029785
V_new,4,global,"1,3,15,19",35,128,4.978405475616455
V_new,4,global,"1,3,15,19",36,211,6.009756088256836
V_new,4,global,"1,3,15,19",37,53,6.038705825805664
V_new,4,global,"1,3,15,19",38,456,5.866376876831055
V_new,4,global,"1,3,15,19",39,131,5.139666557312012
V_new,4,global,"1,3,15,19",40,199,7.445303440093994
V_new,4,global,"1,3,15,19",41,264,6.424662113189697
V_new,4,global,"1,3,15,19",42,231,5.1415276527404785
V_new,4,global,"1,3,15,19",43,201,6.443023204803467
V_new,4,global,"1,3,15,19",44,102,5.417098045349121
V_new,4,global,"1,3,15,19",45,265,5.201869010925293
V_new,4,global,"1,3,15,19",46,245,6.429555416107178
V_new,4,global,"1,3,15,19",47,488,5.057647705078125
V_new,4,global,"1,3,15,19",48,437,4.51176643371582
V_new,4,global,"1,3,15,19",49,515,5.880155086517334
V_new,4,global,"1,3,15,19",50,195,5.630491256713867
V_new,4,global,"1,3,15,19",51,443,5.624045372009277
V_new,4,global,"1,3,15,19",52,187,4.8605122566223145
V_new,4,global,"1,3,15,19",53,29,5.488969326019287
V_new,4,global,"1,3,15,19",54,125,5.826368808746338
V_new,4,global,"1,3,15,19",55,192,6.282876968383789
V_new,4,global,"1,3,15,19",56,299,6.533185005187988
V_new,4,global,"1,3,15,19",57,98,6.134340286254883
V_new,4,global,"1,3,15,19",58,436,3.8846352100372314
V_new,4,global,"1,3,15,19",59,73,5.431342124938965
V_new,4,global,"1,3,15,19",60,364,7.118818283081055
V_new,4,global,"1,3,15,19",61,527,5.772136688232422
V_new,4,global,"1,3,15,19",62,476,6.123928546905518
V_new,4,global,"1,3,15,19",63,218,5.7515363693237305
V_new,4,global,"1,8,12,15",0,275,9.622017860412598
V_new,4,global,"1,8,12,15",1,251,7.349165916442871
V_new,4,global,"1,8,12,15",2,27,4.856827259063721
V_new,4,global,"1,8,12,15",3,346,4.437946319580078
V_new,4,global,"1,8,12,15",4,381,10.76895809173584
V_new,4,global,"1,8,12,15",5,492,13.831585884094238
V_new,4,global,"1,8,12,15",6,12,5.309390068054199
V_new,4,global,"1,8,12,15",7,48,4.28534460067749
V_new,4,global,"1,8,12,15",8,331,9.778998374938965
V_new,4,global,"1,8,12,15",9,244,6.540956497192383
V_new,4,global,"1,8,12,15",10,24,4.098601818084717
V_new,4,global,"1,8,12,15",11,226,6.348153591156006
V_new,4,global,"1,8,12,15",12,491,5.162931442260742
V_new,4,global,"1,8,12,15",13,203,6.054265975952148
V_new,4,global,"1,8,12,15",14,40,6.700808525085449
V_new,4,global,"1,8,12,15",15,217,5.085497856140137
V_new,4,global,"1,8,12,15",16,151,5.4473876953125
V_new,4,global,"1,8,12,15",17,100,5.319570064544678
V_new,4,global,"1,8,12,15",18,356,7.926617622375488
V_new,4,global,"1,8,12,15",19,457,5.221879959106445
V_new,4,global,"1,8,12,15",20,90,5.288908004760742
V_new,4,global,"1,8,12,15",21,511,5.2563676834106445
V_new,4,global,"1,8,12,15",22,33,5.853157997131348
V_new,4,global,"1,8,12,15",23,279,7.91461181640625
V_new,4,global,"1,8,12,15",24,505,5.807862758636475
V_new,4,global,"1,8,12,15",25,464,7.285375118255615
V_new,4,global,"1,8,12,15",26,149,4.493643760681152
V_new,4,global,"1,8,12,15",27,116,6.077005863189697
V_new,4,global,"1,8,12,15",28,150,4.832737922668457
V_new,4,global,"1,8,12,15",29,445,9.726040840148926
V_new,4,global,"1,8,12,15",30,339,5.228109836578369
V_new,4,global,"1,8,12,15",31,276,11.212233543395996
V_new,4,global,"1,8,12,15",32,115,5.4857683181762695
V_new,4,global,"1,8,12,15",33,289,5.024336814880371
V_new,4,global,"1,8,12,15",34,83,9.268474578857422
V_new,4,global,"1,8,12,15",35,128,7.323858737945557
V_new,4,global,"1,8,12,15",36,211,5.561628341674805
V_new,4,global,"1,8,12,15",37,53,9.129085540771484
V_new,4,global,"1,8,12,15",38,456,7.835876941680908
V_new,4,global,"1,8,12,15",39,131,5.399555206298828
V_new,4,global,"1,8,12,15",40,199,7.179714202880859
V_new,4,global,"1,8,12,15",41,264,5.7001237869262695
V_new,4,global,"1,8,12,15",42,231,4.807528495788574
V_new,4,global,"1,8,12,15",43,201,9.99228286743164
V_new,4,global,"1,8,12,15",44,102,5.076581001281738
V_new,4,global,"1,8,12,15",45,265,5.041090965270996
V_new,4,global,"1,8,12,15",46,245,5.590536594390869
V_new,4,global,"1,8,12,15",47,488,4.357203006744385
V_new,4,global,"1,8,12,15",48,437,4.496772289276123
V_new,4,global,"1,8,12,15",49,515,13.768720626831055
V_new,4,global,"1,8,12,15",50,195,5.437141418457031
V_new,4,global,"1,8,12,15",51,443,5.566932678222656
V_new,4,global,"1,8,12,15",52,187,4.666591644287109
V_new,4,global,"1,8,12,15",53,29,5.338764667510986
V_new,4,global,"1,8,12,15",54,125,5.331015110015869
V_new,4,global,"1,8,12,15",55,192,5.951713562011719
V_new,4,global,"1,8,12,15",56,299,5.7854437828063965
V_new,4,global,"1,8,12,15",57,98,5.438715934753418
V_new,4,global,"1,8,12,15",58,436,3.9621214866638184
V_new,4,global,"1,8,12,15",59,73,5.2856903076171875
V_new,4,global,"1,8,12,15",60,364,10.108025550842285
V_new,4,global,"1,8,12,15",61,527,4.778774261474609
V_new,4,global,"1,8,12,15",62,476,5.662746906280518
V_new,4,global,"1,8,12,15",63,218,5.496812343597412
V_new,4,global,"1,10,12,26",0,275,10.09339427947998
V_new,4,global,"1,10,12,26",1,251,7.732548236846924
V_new,4,global,"1,10,12,26",2,27,4.843269348144531
V_new,4,global,"1,10,12,26",3,346,4.455021858215332
V_new,4,global,"1,10,12,26",4,381,11.27084732055664
V_new,4,global,"1,10,12,26",5,492,11.157072067260742
V_new,4,global,"1,10,12,26",6,12,5.641472816467285
V_new,4,global,"1,10,12,26",7,48,4.085254192352295
V_new,4,global,"1,10,12,26",8,331,9.862017631530762
V_new,4,global,"1,10,12,26",9,244,7.303335189819336
V_new,4,global,"1,10,12,26",10,24,4.3083624839782715
V_new,4,global,"1,10,12,26",11,226,6.329357624053955
V_new,4,global,"1,10,12,26",12,491,5.346914768218994
V_new,4,global,"1,10,12,26",13,203,6.07949161529541
V_new,4,global,"1,10,12,26",14,40,6.387085437774658
V_new,4,global,"1,10,12,26",15,217,5.0175461769104
V_new,4,global,"1,10,12,26",16,151,5.619561195373535
V_new,4,global,"1,10,12,26",17,100,4.896573066711426
V_new,4,global,"1,10,12,26",18,356,7.504541397094727
V_new,4,global,"1,10,12,26",19,457,5.167769432067871
V_new,4,global,"1,10,12,26",20,90,4.843357086181641
V_new,4,global,"1,10,12,26",21,511,5.379471778869629
V_new,4,global,"1,10,12,26",22,33,5.9323954582214355
V_new,4,global,"1,10,12,26",23,279,7.8430304527282715
V_new,4,global,"1,10,12,26",24,505,5.818023681640625
V_new,4,global,"1,10,12,26",25,464,7.089633464813232
V_new,4,global,"1,10,12,26",26,149,4.3781023025512695
V_new,4,global,"1,10,12,26",27,116,6.382381439208984
V_new,4,global,"1,10,12,26",28,150,4.650010585784912
V_new,4,global,"1,10,12,26",29,445,9.855066299438477
V_new,4,global,"1,10,12,26",30,339,4.665523052215576
V_new,4,global,"1,10,12,26",31,276,11.02598762512207
V_new,4,global,"1,10,12,26",32,115,5.525866508483887
V_new,4,global,"1,10,12,26",33,289,4.962711811065674
V_new,4,global,"1,10,12,26",34,83,9.744820594787598
V_new,4,global,"1,10,12,26",35,128,7.176673412322998
V_new,4,global,"1,10,12,26",36,211,6.151965141296387
V_new,4,global,"1,10,12,26",37,53,9.225226402282715
V_new,4,global,"1,10,12,26",38,456,6.740320205688477
V_new,4,global,"1,10,12,26",39,131,5.730088233947754
V_new,4,global,"1,10,12,26",40,199,6.779110431671143
V_new,4,global,"1,10,12,26",41,264,5.82059907913208
V_new,4,global,"1,10,12,26",42,231,4.803245544433594
V_new,4,global,"1,10,12,26",43,201,9.368616104125977
V_new,4,global,"1,10,12,26",44,102,5.039961814880371
V_new,4,global,"1,10,12,26",45,265,4.520642280578613
V_new,4,global,"1,10,12,26",46,245,5.530194282531738
V_new,4,global,"1,10,12,26",47,488,4.648643970489502
V_new,4,global,"1,10,12,26",48,437,4.852407932281494
V_new,4,global,"1,10,12,26",49,515,7.741369724273682
V_new,4,global,"1,10,12,26",50,195,5.47245979309082
V_new,4,global,"1,10,12,26",51,443,5.579343795776367
V_new,4,global,"1,10,12,26",52,187,4.664804935455322
V_new,4,global,"1,10,12,26",53,29,5.36592435836792
V_new,4,global,"1,10,12,26",54,125,5.264932155609131
V_new,4,global,"1,10,12,26",55,192,5.929778099060059
V_new,4,global,"1,10,12,26",56,299,6.088915824890137
V_new,4,global,"1,10,12,26",57,98,5.251151084899902
V_new,4,global,"1,10,12,26",58,436,3.8918750286102295
V_new,4,global,"1,10,12,26",59,73,5.473994255065918
V_new,4,global,"1,10,12,26",60,364,9.268360137939453
V_new,4,global,"1,10,12,26",61,527,5.201087951660156
V_new,4,global,"1,10,12,26",62,476,5.565434455871582
V_new,4,global,"1,10,12,26",63,218,5.561969757080078
V_new,4,global,"1,10,15,19",0,275,9.855072975158691
V_new,4,global,"1,10,15,19",1,251,7.829455852508545
V_new,4,global,"1,10,15,19",2,27,5.032124996185303
V_new,4,global,"1,10,15,19",3,346,4.276131629943848
V_new,4,global,"1,10,15,19",4,381,10.633198738098145
V_new,4,global,"1,10,15,19",5,492,11.392812728881836
V_new,4,global,"1,10,15,19",6,12,5.407046318054199
V_new,4,global,"1,10,15,19",7,48,3.949819564819336
V_new,4,global,"1,10,15,19",8,331,9.933531761169434
V_new,4,global,"1,10,15,19",9,244,6.480044364929199
V_new,4,global,"1,10,15,19",10,24,4.187551021575928
V_new,4,global,"1,10,15,19",11,226,6.335431098937988
V_new,4,global,"1,10,15,19",12,491,5.270599842071533
V_new,4,global,"1,10,15,19",13,203,6.267866611480713
V_new,4,global,"1,10,15,19",14,40,6.421144485473633
V_new,4,global,"1,10,15,19",15,217,4.933165073394775
V_new,4,global,"1,10,15,19",16,151,5.645677089691162
V_new,4,global,"1,10,15,19",17,100,4.892597198486328
V_new,4,global,"1,10,15,19",18,356,7.831993103027344
V_new,4,global,"1,10,15,19",19,457,4.96562385559082
V_new,4,global,"1,10,15,19",20,90,5.01379919052124
V_new,4,global,"1,10,15,19",21,511,5.342953205108643
V_new,4,global,"1,10,15,19",22,33,6.053127288818359
V_new,4,global,"1,10,15,19",23,279,7.32093620300293
V_new,4,global,"1,10,15,19",24,505,5.853325366973877
V_new,4,global,"1,10,15,19",25,464,7.153637886047363
V_new,4,global,"1,10,15,19",26,149,4.320903301239014
V_new,4,global,"1,10,15,19",27,116,6.408472537994385
V_new,4,global,"1,10,15,19",28,150,4.572696208953857
V_new,4,global,"1,10,15,19",29,445,9.99697208404541
V_new,4,global,"1,10,15,19",30,339,4.9989213943481445
V_new,4,global,"1,10,15,19",31,276,10.699433326721191
V_new,4,global,"1,10,15,19",32,115,5.509267330169678
V_new,4,global,"1,10,15,19",33,289,4.862437725067139
V_new,4,global,"1,10,15,19",34,83,9.3782320022583
V_new,4,global,"1,10,15,19",35,128,7.155531406402588
V_new,4,global,"1,10,15,19",36,211,5.703125953674316
V_new,4,global,"1,10,15,19",37,53,8.959186553955078
V_new,4,global,"1,10,15,19",38,456,6.5191450119018555
V_new,4,global,"1,10,15,19",39,131,5.790266513824463
V_new,4,global,"1,10,15,19",40,199,7.235227108001709
V_new,4,global,"1,10,15,19",41,264,5.773486137390137
V_new,4,global,"1,10,15,19",42,231,4.651556491851807
V_new,4,global,"1,10,15,19",43,201,8.881510734558105
V_new,4,global,"1,10,15,19",44,102,4.921957015991211
V_new,4,global,"1,10,15,19",45,265,4.601761341094971
V_new,4,global,"1,10,15,19",46,245,5.930431365966797
V_new,4,global,"1,10,15,19",47,488,4.414069175720215
V_new,4,global,"1,10,15,19",48,437,4.79042911529541
V_new,4,global,"1,10,15,19",49,515,8.158772468566895
V_new,4,global,"1,10,15,19",50,195,5.2925896644592285
V_new,4,global,"1,10,15,19",51,443,5.440382480621338
V_new,4,global,"1,10,15,19",52,187,4.6000566482543945
V_new,4,global,"1,10,15,19",53,29,5.569957733154297
V_new,4,global,"1,10,15,19",54,125,5.008349418640137
V_new,4,global,"1,10,15,19",55,192,6.1455230712890625
V_new,4,global,"1,10,15,19",56,299,5.801164150238037
V_new,4,global,"1,10,15,19",57,98,5.390539169311523
V_new,4,global,"1,10,15,19",58,436,4.245705604553223
V_new,4,global,"1,10,15,19",59,73,5.44667911529541
V_new,4,global,"1,10,15,19",60,364,8.692008018493652
V_new,4,global,"1,10,15,19",61,527,4.9051079750061035
V_new,4,global,"1,10,15,19",62,476,5.496973991394043
V_new,4,global,"1,10,15,19",63,218,5.501424789428711
V_new,4,global,"1,10,19,24",0,275,9.508455276489258
V_new,4,global,"1,10,19,24",1,251,7.897238254547119
V_new,4,global,"1,10,19,24",2,27,4.966472148895264
V_new,4,global,"1,10,19,24",3,346,4.4382147789001465
V_new,4,global,"1,10,19,24",4,381,10.55295181274414
V_new,4,global,"1,10,19,24",5,492,10.766531944274902
V_new,4,global,"1,10,19,24",6,12,5.555473327636719
V_new,4,global,"1,10,19,24",7,48,4.067941188812256
V_new,4,global,"1,10,19,24",8,331,9.804896354675293
V_new,4,global,"1,10,19,24",9,244,6.9610137939453125
V_new,4,global,"1,10,19,24",10,24,4.232787609100342
V_new,4,global,"1,10,19,24",11,226,6.709990501403809
V_new,4,global,"1,10,19,24",12,491,5.467303276062012
V_new,4,global,"1,10,19,24",13,203,6.562519073486328
V_new,4,global,"1,10,19,24",14,40,6.641353130340576
V_new,4,global,"1,10,19,24",15,217,5.191249847412109
V_new,4,global,"1,10,19,24",16,151,6.250975608825684
V_new,4,global,"1,10,19,24",17,100,5.002819538116455
V_new,4,global,"1,10,19,24",18,356,7.99236536026001
V_new,4,global,"1,10,19,24",19,457,5.143080711364746
V_new,4,global,"1,10,19,24",20,90,5.140169620513916
V_new,4,global,"1,10,19,24",21,511,5.565375328063965
V_new,4,global,"1,10,19,24",22,33,6.157480716705322
V_new,4,global,"1,10,19,24",23,279,7.504171848297119
V_new,4,global,"1,10,19,24",24,505,5.686509609222412
V_new,4,global,"1,10,19,24",25,464,7.1847453117370605
V_new,4,global,"1,10,19,24",26,149,4.426218032836914
V_new,4,global,"1,10,19,24",27,116,6.3965229988098145
V_new,4,global,"1,10,19,24",28,150,4.779995441436768
V_new,4,global,"1,10,19,24",29,445,9.545645713806152
V_new,4,global,"1,10,19,24",30,339,4.8966240882873535
V_new,4,global,"1,10,19,24",31,276,10.241206169128418
V_new,4,global,"1,10,19,24",32,115,5.848857402801514
V_new,4,global,"1,10,19,24",33,289,5.272152900695801
V_new,4,global,"1,10,19,24",34,83,9.231559753417969
V_new,4,global,"1,10,19,24",35,128,7.142136096954346
V_new,4,global,"1,10,19,24",36,211,6.506933212280273
V_new,4,global,"1,10,19,24",37,53,9.090417861938477
V_new,4,global,"1,10,19,24",38,456,6.465172290802002
V_new,4,global,"1,10,19,24",39,131,5.676464080810547
V_new,4,global,"1,10,19,24",40,199,7.422604084014893
V_new,4,global,"1,10,19,24",41,264,6.150940895080566
V_new,4,global,"1,10,19,24",42,231,4.930285453796387
V_new,4,global,"1,10,19,24",43,201,8.452038764953613
V_new,4,global,"1,10,19,24",44,102,5.05358362197876
V_new,4,global,"1,10,19,24",45,265,4.697495937347412
V_new,4,global,"1,10,19,24",46,245,5.915337562561035
V_new,4,global,"1,10,19,24",47,488,4.843281269073486
V_new,4,global,"1,10,19,24",48,437,5.028776168823242
V_new,4,global,"1,10,19,24",49,515,8.101008415222168
V_new,4,global,"1,10,19,24",50,195,5.674923896789551
V_new,4,global,"1,10,19,24",51,443,5.499206066131592
V_new,4,global,"1,10,19,24",52,187,4.952385425567627
V_new,4,global,"1,10,19,24",53,29,5.897313594818115
V_new,4,global,"1,10,19,24",54,125,5.125021934509277
V_new,4,global,"1,10,19,24",55,192,6.24324893951416
V_new,4,global,"1,10,19,24",56,299,6.109662055969238
V_new,4,global,"1,10,19,24",57,98,5.5778632164001465
V_new,4,global,"1,10,19,24",58,436,4.433236122131348
V_new,4,global,"1,10,19,24",59,73,5.733371734619141
V_new,4,global,"1,10,19,24",60,364,10.127335548400879
V_new,4,global,"1,10,19,24",61,527,4.925118446350098
V_new,4,global,"1,10,19,24",62,476,5.802244663238525
V_new,4,global,"1,10,19,24",63,218,5.843007564544678
V_new,4,global,"1,12,15,24",0,275,9.624011993408203
V_new,4,global,"1,12,15,24",1,251,7.524351119995117
V_new,4,global,"1,12,15,24",2,27,5.1586103439331055
V_new,4,global,"1,12,15,24",3,346,4.570010662078857
V_new,4,global,"1,12,15,24",4,381,10.408905982971191
V_new,4,global,"1,12,15,24",5,492,14.393367767333984
V_new,4,global,"1,12,15,24",6,12,5.410521030426025
V_new,4,global,"1,12,15,24",7,48,4.0584282875061035
V_new,4,global,"1,12,15,24",8,331,9.802313804626465
V_new,4,global,"1,12,15,24",9,244,7.203427314758301
V_new,4,global,"1,12,15,24",10,24,4.255197048187256
V_new,4,global,"1,12,15,24",11,226,6.374301910400391
V_new,4,global,"1,12,15,24",12,491,5.2858476638793945
V_new,4,global,"1,12,15,24",13,203,6.636996746063232
V_new,4,global,"1,12,15,24",14,40,7.280167102813721
V_new,4,global,"1,12,15,24",15,217,5.3716254234313965
V_new,4,global,"1,12,15,24",16,151,5.946892738342285
V_new,4,global,"1,12,15,24",17,100,4.9131622314453125
V_new,4,global,"1,12,15,24",18,356,8.159991264343262
V_new,4,global,"1,12,15,24",19,457,5.001594543457031
V_new,4,global,"1,12,15,24",20,90,5.260980129241943
V_new,4,global,"1,12,15,24",21,511,5.643591403961182
V_new,4,global,"1,12,15,24",22,33,6.156565189361572
V_new,4,global,"1,12,15,24",23,279,7.56271505355835
V_new,4,global,"1,12,15,24",24,505,6.414557456970215
V_new,4,global,"1,12,15,24",25,464,7.052419185638428
V_new,4,global,"1,12,15,24",26,149,4.494794845581055
V_new,4,global,"1,12,15,24",27,116,6.551065921783447
V_new,4,global,"1,12,15,24",28,150,4.892917156219482
V_new,4,global,"1,12,15,24",29,445,9.655928611755371
V_new,4,global,"1,12,15,24",30,339,5.035738945007324
V_new,4,global,"1,12,15,24",31,276,10.945773124694824
V_new,4,global,"1,12,15,24",32,115,5.588292598724365
V_new,4,global,"1,12,15,24",33,289,5.427191734313965
V_new,4,global,"1,12,15,24",34,83,9.07202434539795
V_new,4,global,"1,12,15,24",35,128,7.1958818435668945
V_new,4,global,"1,12,15,24",36,211,6.115049362182617
V_new,4,global,"1,12,15,24",37,53,9.264816284179688
V_new,4,global,"1,12,15,24",38,456,7.783247947692871
V_new,4,global,"1,12,15,24",39,131,5.979053497314453
V_new,4,global,"1,12,15,24",40,199,7.569276809692383
V_new,4,global,"1,12,15,24",41,264,5.858309745788574
V_new,4,global,"1,12,15,24",42,231,4.941006183624268
V_new,4,global,"1,12,15,24",43,201,9.554329872131348
V_new,4,global,"1,12,15,24",44,102,5.140356540679932
V_new,4,global,"1,12,15,24",45,265,4.762207984924316
V_new,4,global,"1,12,15,24",46,245,5.775609493255615
V_new,4,global,"1,12,15,24",47,488,4.754345893859863
V_new,4,global,"1,12,15,24",48,437,4.80165433883667
V_new,4,global,"1,12,15,24",49,515,8.766429901123047
V_new,4,global,"1,12,15,24",50,195,5.621413707733154
V_new,4,global,"1,12,15,24",51,443,5.407151222229004
V_new,4,global,"1,12,15,24",52,187,4.839858055114746
V_new,4,global,"1,12,15,24",53,29,5.574947834014893
V_new,4,global,"1,12,15,24",54,125,5.175024032592773
V_new,4,global,"1,12,15,24",55,192,6.08877420425415
V_new,4,global,"1,12,15,24",56,299,6.040999412536621
V_new,4,global,"1,12,15,24",57,98,5.539303302764893
V_new,4,global,"1,12,15,24",58,436,4.138790130615234
V_new,4,global,"1,12,15,24",59,73,5.523889541625977
V_new,4,global,"1,12,15,24",60,364,10.348155975341797
V_new,4,global,"1,12,15,24",61,527,4.984246730804443
V_new,4,global,"1,12,15,24",62,476,5.613435745239258
V_new,4,global,"1,12,15,24",63,218,5.910862922668457
V_new,4,global,"1,12,19,26",0,275,10.257193565368652
V_new,4,global,"1,12,19,26",1,251,7.631909370422363
V_new,4,global,"1,12,19,26",2,27,4.89552116394043
V_new,4,global,"1,12,19,26",3,346,4.744753360748291
V_new,4,global,"1,12,19,26",4,381,11.260258674621582
V_new,4,global,"1,12,19,26",5,492,10.493123054504395
V_new,4,global,"1,12,19,26",6,12,5.847413063049316
V_new,4,global,"1,12,19,26",7,48,4.5382490158081055
V_new,4,global,"1,12,19,26",8,331,10.216697692871094
V_new,4,global,"1,12,19,26",9,244,7.299697399139404
V_new,4,global,"1,12,19,26",10,24,4.576733589172363
V_new,4,global,"1,12,19,26",11,226,6.604034423828125
V_new,4,global,"1,12,19,26",12,491,5.595244407653809
V_new,4,global,"1,12,19,26",13,203,7.154060363769531
V_new,4,global,"1,12,19,26",14,40,7.691800117492676
V_new,4,global,"1,12,19,26",15,217,5.424332618713379
V_new,4,global,"1,12,19,26",16,151,6.05584716796875
V_new,4,global,"1,12,19,26",17,100,5.266685485839844
V_new,4,global,"1,12,19,26",18,356,8.258916854858398
V_new,4,global,"1,12,19,26",19,457,5.711356163024902
V_new,4,global,"1,12,19,26",20,90,5.269061088562012
V_new,4,global,"1,12,19,26",21,511,5.727021217346191
V_new,4,global,"1,12,19,26",22,33,6.115583419799805
V_new,4,global,"1,12,19,26",23,279,7.937707424163818
V_new,4,global,"1,12,19,26",24,505,6.1016526222229
V_new,4,global,"1,12,19,26",25,464,7.158394813537598
V_new,4,global,"1,12,19,26",26,149,4.660562515258789
V_new,4,global,"1,12,19,26",27,116,6.590042591094971
V_new,4,global,"1,12,19,26",28,150,4.863193988800049
V_new,4,global,"1,12,19,26",29,445,10.234245300292969
V_new,4,global,"1,12,19,26",30,339,5.036172866821289
V_new,4,global,"1,12,19,26",31,276,11.148509979248047
V_new,4,global,"1,12,19,26",32,115,5.722451686859131
V_new,4,global,"1,12,19,26",33,289,5.456656455993652
V_new,4,global,"1,12,19,26",34,83,9.830366134643555
V_new,4,global,"1,12,19,26",35,128,7.46076774597168
V_new,4,global,"1,12,19,26",36,211,6.6469621658325195
V_new,4,global,"1,12,19,26",37,53,9.22496509552002
V_new,4,global,"1,12,19,26",38,456,7.319526195526123
V_new,4,global,"1,12,19,26",39,131,6.061797618865967
V_new,4,global,"1,12,19,26",40,199,7.460906982421875
V_new,4,global,"1,12,19,26",41,264,5.8574090003967285
V_new,4,global,"1,12,19,26",42,231,5.216710567474365
V_new,4,global,"1,12,19,26",43,201,9.855300903320312
V_new,4,global,"1,12,19,26",44,102,5.598940372467041
V_new,4,global,"1,12,19,26",45,265,4.838508605957031
V_new,4,global,"1,12,19,26",46,245,5.904319763183594
V_new,4,global,"1,12,19,26",47,488,5.384523868560791
V_new,4,global,"1,12,19,26",48,437,4.853080749511719
V_new,4,global,"1,12,19,26",49,515,7.948631763458252
V_new,4,global,"1,12,19,26",50,195,5.819032192230225
V_new,4,global,"1,12,19,26",51,443,5.874002456665039
V_new,4,global,"1,12,19,26",52,187,5.159318447113037
V_new,4,global,"1,12,19,26",53,29,5.687456130981445
V_new,4,global,"1,12,19,26",54,125,5.421962738037109
V_new,4,global,"1,12,19,26",55,192,6.251960754394531
V_new,4,global,"1,12,19,26",56,299,6.131843566894531
V_new,4,global,"1,12,19,26",57,98,5.663071632385254
V_new,4,global,"1,12,19,26",58,436,4.65827751159668
V_new,4,global,"1,12,19,26",59,73,5.629733562469482
V_new,4,global,"1,12,19,26",60,364,10.38443660736084
V_new,4,global,"1,12,19,26",61,527,5.270463943481445
V_new,4,global,"1,12,19,26",62,476,5.799675941467285
V_new,4,global,"1,12,19,26",63,218,5.832817554473877
V_new,4,global,"3,6,17,24",0,275,3.295740842819214
V_new,4,global,"3,6,17,24",1,251,2.7993364334106445
V_new,4,global,"3,6,17,24",2,27,2.591644048690796
V_new,4,global,"3,6,17,24",3,346,2.9227235317230225
V_new,4,global,"3,6,17,24",4,381,3.2857868671417236
V_new,4,global,"3,6,17,24",5,492,3.6355884075164795
V_new,4,global,"3,6,17,24",6,12,2.794156312942505
V_new,4,global,"3,6,17,24",7,48,2.513079881668091
V_new,4,global,"3,6,17,24",8,331,3.177690029144287
V_new,4,global,"3,6,17,24",9,244,3.590541362762451
V_new,4,global,"3,6,17,24",10,24,2.4613330364227295
V_new,4,global,"3,6,17,24",11,226,3.2157013416290283
V_new,4,global,"3,6,17,24",12,491,3.7011799812316895
V_new,4,global,"3,6,17,24",13,203,2.780819892883301
V_new,4,global,"3,6,17,24",14,40,2.6726999282836914
V_new,4,global,"3,6,17,24",15,217,3.0974245071411133
V_new,4,global,"3,6,17,24",16,151,3.000798225402832
V_new,4,global,"3,6,17,24",17,100,2.826080799102783
V_new,4,global,"3,6,17,24",18,356,3.551318407058716
V_new,4,global,"3,6,17,24",19,457,3.2486989498138428
V_new,4,global,"3,6,17,24",20,90,3.286054849624634
V_new,4,global,"3,6,17,24",21,511,3.177608013153076
V_new,4,global,"3,6,17,24",22,33,3.0436289310455322
V_new,4,global,"3,6,17,24",23,279,3.6475982666015625
V_new,4,global,"3,6,17,24",24,505,3.0922064781188965
V_new,4,global,"3,6,17,24",25,464,3.3707141876220703
V_new,4,global,"3,6,17,24",26,149,2.6435818672180176
V_new,4,global,"3,6,17,24",27,116,3.254845142364502
V_new,4,global,"3,6,17,24",28,150,3.1175386905670166
V_new,4,global,"3,6,17,24",29,445,3.507345676422119
V_new,4,global,"3,6,17,24",30,339,3.1374449729919434
V_new,4,global,"3,6,17,24",31,276,3.2889974117279053
V_new,4,global,"3,6,17,24",32,115,2.9165313243865967
V_new,4,global,"3,6,17,24",33,289,2.931978225708008
V_new,4,global,"3,6,17,24",34,83,3.2302165031433105
V_new,4,global,"3,6,17,24",35,128,2.617762804031372
V_new,4,global,"3,6,17,24",36,211,2.829890727996826
V_new,4,global,"3,6,17,24",37,53,2.81101393699646
V_new,4,global,"3,6,17,24",38,456,3.2610421180725098
V_new,4,global,"3,6,17,24",39,131,2.6198277473449707
V_new,4,global,"3,6,17,24",40,199,3.130131721496582
V_new,4,global,"3,6,17,24",41,264,3.3871467113494873
V_new,4,global,"3,6,17,24",42,231,3.257234811782837
V_new,4,global,"3,6,17,24",43,201,3.0744357109069824
V_new,4,global,"3,6,17,24",44,102,3.1985995769500732
V_new,4,global,"3,6,17,24",45,265,3.464592456817627
V_new,4,global,"3,6,17,24",46,245,2.986584186553955
V_new,4,global,"3,6,17,24",47,488,2.580122947692871
V_new,4,global,"3,6,17,24",48,437,2.55940842628479
V_new,4,global,"3,6,17,24",49,515,3.477372407913208
V_new,4,global,"3,6,17,24",50,195,3.126187801361084
V_new,4,global,"3,6,17,24",51,443,3.6547205448150635
V_new,4,global,"3,6,17,24",52,187,3.0226798057556152
V_new,4,global,"3,6,17,24",53,29,2.319204092025757
V_new,4,global,"3,6,17,24",54,125,3.444819450378418
V_new,4,global,"3,6,17,24",55,192,3.3396291732788086
V_new,4,global,"3,6,17,24",56,299,3.349823474884033
V_new,4,global,"3,6,17,24",57,98,3.049109697341919
V_new,4,global,"3,6,17,24",58,436,1.9766762256622314
V_new,4,global,"3,6,17,24",59,73,3.0480411052703857
V_new,4,global,"3,6,17,24",60,364,3.470489501953125
V_new,4,global,"3,6,17,24",61,527,3.2738893032073975
V_new,4,global,"3,6,17,24",62,476,3.5161261558532715
V_new,4,global,"3,6,17,24",63,218,3.47609281539917
V_new,4,global,"3,8,12,26",0,275,3.6686956882476807
V_new,4,global,"3,8,12,26",1,251,2.9901719093322754
V_new,4,global,"3,8,12,26",2,27,2.912564277648926
V_new,4,global,"3,8,12,26",3,346,3.12898850440979
V_new,4,global,"3,8,12,26",4,381,3.5529158115386963
V_new,4,global,"3,8,12,26",5,492,4.012171745300293
V_new,4,global,"3,8,12,26",6,12,3.1275134086608887
V_new,4,global,"3,8,12,26",7,48,2.693145275115967
V_new,4,global,"3,8,12,26",8,331,3.5271053314208984
V_new,4,global,"3,8,12,26",9,244,3.8969056606292725
V_new,4,global,"3,8,12,26",10,24,2.7197632789611816
V_new,4,global,"3,8,12,26",11,226,3.5631563663482666
V_new,4,global,"3,8,12,26",12,491,3.9413554668426514
V_new,4,global,"3,8,12,26",13,203,3.100149393081665
V_new,4,global,"3,8,12,26",14,40,2.9724984169006348
V_new,4,global,"3,8,12,26",15,217,3.3407363891601562
V_new,4,global,"3,8,12,26",16,151,3.221970796585083
V_new,4,global,"3,8,12,26",17,100,3.0950160026550293
V_new,4,global,"3,8,12,26",18,356,3.7982137203216553
V_new,4,global,"3,8,12,26",19,457,3.671614408493042
V_new,4,global,"3,8,12,26",20,90,3.615239143371582
V_new,4,global,"3,8,12,26",21,511,3.5084333419799805
V_new,4,global,"3,8,12,26",22,33,3.323296546936035
V_new,4,global,"3,8,12,26",23,279,3.9063808917999268
V_new,4,global,"3,8,12,26",24,505,3.5150740146636963
V_new,4,global,"3,8,12,26",25,464,3.6643643379211426
V_new,4,global,"3,8,12,26",26,149,2.8829498291015625
V_new,4,global,"3,8,12,26",27,116,3.411160945892334
V_new,4,global,"3,8,12,26",28,150,3.344736099243164
V_new,4,global,"3,8,12,26",29,445,3.822396993637085
V_new,4,global,"3,8,12,26",30,339,3.289295196533203
V_new,4,global,"3,8,12,26",31,276,3.607255697250366
V_new,4,global,"3,8,12,26",32,115,3.169616222381592
V_new,4,global,"3,8,12,26",33,289,3.4321377277374268
V_new,4,global,"3,8,12,26",34,83,3.3421216011047363
V_new,4,global,"3,8,12,26",35,128,2.9057793617248535
V_new,4,global,"3,8,12,26",36,211,3.1673409938812256
V_new,4,global,"3,8,12,26",37,53,3.232307195663452
V_new,4,global,"3,8,12,26",38,456,3.445213794708252
V_new,4,global,"3,8,12,26",39,131,2.9333748817443848
V_new,4,global,"3,8,12,26",40,199,3.4057321548461914
V_new,4,global,"3,8,12,26",41,264,3.8067378997802734
V_new,4,global,"3,8,12,26",42,231,3.539914846420288
V_new,4,global,"3,8,12,26",43,201,3.41508150100708
V_new,4,global,"3,8,12,26",44,102,3.3053224086761475
V_new,4,global,"3,8,12,26",45,265,3.779810905456543
V_new,4,global,"3,8,12,26",46,245,3.1514761447906494
V_new,4,global,"3,8,12,26",47,488,2.7785465717315674
V_new,4,global,"3,8,12,26",48,437,2.8633480072021484
V_new,4,global,"3,8,12,26",49,515,3.763906717300415
V_new,4,global,"3,8,12,26",50,195,3.469540596008301
V_new,4,global,"3,8,12,26",51,443,4.008941173553467
V_new,4,global,"3,8,12,26",52,187,3.3690860271453857
V_new,4,global,"3,8,12,26",53,29,2.472357988357544
V_new,4,global,"3,8,12,26",54,125,3.70061993598938
V_new,4,global,"3,8,12,26",55,192,3.6419785022735596
V_new,4,global,"3,8,12,26",56,299,3.5551462173461914
V_new,4,global,"3,8,12,26",57,98,3.3147764205932617
V_new,4,global,"3,8,12,26",58,436,2.178661346435547
V_new,4,global,"3,8,12,26",59,73,3.3389008045196533
V_new,4,global,"3,8,12,26",60,364,3.68650484085083
V_new,4,global,"3,8,12,26",61,527,3.546959161758423
V_new,4,global,"3,8,12,26",62,476,3.875582456588745
V_new,4,global,"3,8,12,26",63,218,3.7593867778778076
V_new,4,global,"3,17,21,24",0,275,3.7175652980804443
V_new,4,global,"3,17,21,24",1,251,3.0852737426757812
V_new,4,global,"3,17,21,24",2,27,3.0846076011657715
V_new,4,global,"3,17,21,24",3,346,3.1754415035247803
V_new,4,global,"3,17,21,24",4,381,3.69699764251709
V_new,4,global,"3,17,21,24",5,492,3.960458755493164
V_new,4,global,"3,17,21,24",6,12,3.1864733695983887
V_new,4,global,"3,17,21,24",7,48,2.748488426208496
V_new,4,global,"3,17,21,24",8,331,3.425664186477661
V_new,4,global,"3,17,21,24",9,244,3.9415602684020996
V_new,4,global,"3,17,21,24",10,24,2.855506181716919
V_new,4,global,"3,17,21,24",11,226,3.55859112739563
V_new,4,global,"3,17,21,24",12,491,4.063259124755859
V_new,4,global,"3,17,21,24",13,203,3.1157426834106445
V_new,4,global,"3,17,21,24",14,40,2.9530112743377686
V_new,4,global,"3,17,21,24",15,217,3.4266645908355713
V_new,4,global,"3,17,21,24",16,151,3.3323886394500732
V_new,4,global,"3,17,21,24",17,100,3.1646320819854736
V_new,4,global,"3,17,21,24",18,356,3.924450635910034
V_new,4,global,"3,17,21,24",19,457,3.599004030227661
V_new,4,global,"3,17,21,24",20,90,3.402766466140747
V_new,4,global,"3,17,21,24",21,511,3.467501640319824
V_new,4,global,"3,17,21,24",22,33,3.448845148086548
V_new,4,global,"3,17,21,24",23,279,3.9457645416259766
V_new,4,global,"3,17,21,24",24,505,3.542891263961792
V_new,4,global,"3,17,21,24",25,464,3.9289073944091797
V_new,4,global,"3,17,21,24",26,149,3.0816924571990967
V_new,4,global,"3,17,21,24",27,116,3.6287193298339844
V_new,4,global,"3,17,21,24",28,150,3.3891725540161133
V_new,4,global,"3,17,21,24",29,445,3.8096137046813965
V_new,4,global,"3,17,21,24",30,339,3.401538133621216
V_new,4,global,"3,17,21,24",31,276,3.6708457469940186
V_new,4,global,"3,17,21,24",32,115,3.262727737426758
V_new,4,global,"3,17,21,24",33,289,3.4155611991882324
V_new,4,global,"3,17,21,24",34,83,3.5626091957092285
V_new,4,global,"3,17,21,24",35,128,3.0554327964782715
V_new,4,global,"3,17,21,24",36,211,3.1729249954223633
V_new,4,global,"3,17,21,24",37,53,3.2111873626708984
V_new,4,global,"3,17,21,24",38,456,3.52689790725708
V_new,4,global,"3,17,21,24",39,131,3.0497195720672607
V_new,4,global,"3,17,21,24",40,199,3.523359537124634
V_new,4,global,"3,17,21,24",41,264,3.7701611518859863
V_new,4,global,"3,17,21,24",42,231,3.8033058643341064
V_new,4,global,"3,17,21,24",43,201,3.487961530685425
V_new,4,global,"3,17,21,24",44,102,3.3992724418640137
V_new,4,global,"3,17,21,24",45,265,3.69964337348938
V_new,4,global,"3,17,21,24",46,245,3.4225211143493652
V_new,4,global,"3,17,21,24",47,488,2.8881664276123047
V_new,4,global,"3,17,21,24",48,437,2.9605016708374023
V_new,4,global,"3,17,21,24",49,515,3.963304281234741
V_new,4,global,"3,17,21,24",50,195,3.5478293895721436
V_new,4,global,"3,17,21,24",51,443,3.892643928527832
V_new,4,global,"3,17,21,24",52,187,3.4050183296203613
V_new,4,global,"3,17,21,24",53,29,2.7466585636138916
V_new,4,global,"3,17,21,24",54,125,3.8005740642547607
V_new,4,global,"3,17,21,24",55,192,3.6566779613494873
V_new,4,global,"3,17,21,24",56,299,3.669564723968506
V_new,4,global,"3,17,21,24",57,98,3.4315860271453857
V_new,4,global,"3,17,21,24",58,436,2.149456024169922
V_new,4,global,"3,17,21,24",59,73,3.511740207672119
V_new,4,global,"3,17,21,24",60,364,3.79897141456604
V_new,4,global,"3,17,21,24",61,527,3.4742019176483154
V_new,4,global,"3,17,21,24",62,476,4.02500057220459
V_new,4,global,"3,17,21,24",63,218,3.740215301513672
V_new,4,global,"6,10,15,17",0,275,2.99715256690979
V_new,4,global,"6,10,15,17",1,251,2.689232349395752
V_new,4,global,"6,10,15,17",2,27,2.48391056060791
V_new,4,global,"6,10,15,17",3,346,2.717139720916748
V_new,4,global,"6,10,15,17",4,381,2.972891330718994
V_new,4,global,"6,10,15,17",5,492,3.461534261703491
V_new,4,global,"6,10,15,17",6,12,2.6649372577667236
V_new,4,global,"6,10,15,17",7,48,2.418576240539551
V_new,4,global,"6,10,15,17",8,331,2.958066463470459
V_new,4,global,"6,10,15,17",9,244,3.457998514175415
V_new,4,global,"6,10,15,17",10,24,2.3530514240264893
V_new,4,global,"6,10,15,17",11,226,2.973374843597412
V_new,4,global,"6,10,15,17",12,491,3.4327895641326904
V_new,4,global,"6,10,15,17",13,203,2.6983718872070312
V_new,4,global,"6,10,15,17",14,40,2.5687406063079834
V_new,4,global,"6,10,15,17",15,217,3.005659818649292
V_new,4,global,"6,10,15,17",16,151,2.873953104019165
V_new,4,global,"6,10,15,17",17,100,2.719954013824463
V_new,4,global,"6,10,15,17",18,356,3.4032657146453857
V_new,4,global,"6,10,15,17",19,457,3.15918231010437
V_new,4,global,"6,10,15,17",20,90,3.004983425140381
V_new,4,global,"6,10,15,17",21,511,3.0868868827819824
V_new,4,global,"6,10,15,17",22,33,2.9057118892669678
V_new,4,global,"6,10,15,17",23,279,3.4093010425567627
V_new,4,global,"6,10,15,17",24,505,3.039071798324585
V_new,4,global,"6,10,15,17",25,464,3.2000412940979004
V_new,4,global,"6,10,15,17",26,149,2.4832136631011963
V_new,4,global,"6,10,15,17",27,116,3.067234754562378
V_new,4,global,"6,10,15,17",28,150,2.8890540599823
V_new,4,global,"6,10,15,17",29,445,3.2869579792022705
V_new,4,global,"6,10,15,17",30,339,2.8967442512512207
V_new,4,global,"6,10,15,17",31,276,3.0271034240722656
V_new,4,global,"6,10,15,17",32,115,2.7768232822418213
V_new,4,global,"6,10,15,17",33,289,2.8272712230682373
V_new,4,global,"6,10,15,17",34,83,3.0008909702301025
V_new,4,global,"6,10,15,17",35,128,2.5242230892181396
V_new,4,global,"6,10,15,17",36,211,2.679673671722412
V_new,4,global,"6,10,15,17",37,53,2.72381591796875
V_new,4,global,"6,10,15,17",38,456,3.104917049407959
V_new,4,global,"6,10,15,17",39,131,2.496096611022949
V_new,4,global,"6,10,15,17",40,199,2.9531502723693848
V_new,4,global,"6,10,15,17",41,264,3.2497689723968506
V_new,4,global,"6,10,15,17",42,231,3.019848585128784
V_new,4,global,"6,10,15,17",43,201,2.933851718902588
V_new,4,global,"6,10,15,17",44,102,2.8733720779418945
V_new,4,global,"6,10,15,17",45,265,3.2237906455993652
V_new,4,global,"6,10,15,17",46,245,2.892247438430786
V_new,4,global,"6,10,15,17",47,488,2.458064079284668
V_new,4,global,"6,10,15,17",48,437,2.5129172801971436
V_new,4,global,"6,10,15,17",49,515,3.25642728805542
V_new,4,global,"6,10,15,17",50,195,2.9354822635650635
V_new,4,global,"6,10,15,17",51,443,3.4034969806671143
V_new,4,global,"6,10,15,17",52,187,2.7947349548339844
V_new,4,global,"6,10,15,17",53,29,2.206059455871582
V_new,4,global,"6,10,15,17",54,125,3.459590435028076
V_new,4,global,"6,10,15,17",55,192,3.125549793243408
V_new,4,global,"6,10,15,17",56,299,3.133115530014038
V_new,4,global,"6,10,15,17",57,98,2.9106454849243164
V_new,4,global,"6,10,15,17",58,436,1.8868920803070068
V_new,4,global,"6,10,15,17",59,73,2.948645830154419
V_new,4,global,"6,10,15,17",60,364,3.235727548599243
V_new,4,global,"6,10,15,17",61,527,3.0265562534332275
V_new,4,global,"6,10,15,17",62,476,3.3474886417388916
V_new,4,global,"6,10,15,17",63,218,3.154996395111084
V_new,4,global,"6,10,19,24",0,275,3.3171236515045166
V_new,4,global,"6,10,19,24",1,251,2.9501235485076904
V_new,4,global,"6,10,19,24",2,27,2.6334216594696045
V_new,4,global,"6,10,19,24",3,346,2.889691114425659
V_new,4,global,"6,10,19,24",4,381,3.234942674636841
V_new,4,global,"6,10,19,24",5,492,3.6445276737213135
V_new,4,global,"6,10,19,24",6,12,2.953477144241333
V_new,4,global,"6,10,19,24",7,48,2.5185070037841797
V_new,4,global,"6,10,19,24",8,331,3.2149031162261963
V_new,4,global,"6,10,19,24",9,244,3.7070741653442383
V_new,4,global,"6,10,19,24",10,24,2.487940549850464
V_new,4,global,"6,10,19,24",11,226,3.2195281982421875
V_new,4,global,"6,10,19,24",12,491,3.743940830230713
V_new,4,global,"6,10,19,24",13,203,3.015920877456665
V_new,4,global,"6,10,19,24",14,40,2.81040358543396
V_new,4,global,"6,10,19,24",15,217,3.106598138809204
V_new,4,global,"6,10,19,24",16,151,3.004633903503418
V_new,4,global,"6,10,19,24",17,100,2.9433705806732178
V_new,4,global,"6,10,19,24",18,356,3.6815991401672363
V_new,4,global,"6,10,19,24",19,457,3.2389793395996094
V_new,4,global,"6,10,19,24",20,90,3.2572686672210693
V_new,4,global,"6,10,19,24",21,511,3.2533397674560547
V_new,4,global,"6,10,19,24",22,33,3.041290044784546
V_new,4,global,"6,10,19,24",23,279,3.5909619331359863
V_new,4,global,"6,10,19,24",24,505,3.2631819248199463
V_new,4,global,"6,10,19,24",25,464,3.4226458072662354
V_new,4,global,"6,10,19,24",26,149,2.7140746116638184
V_new,4,global,"6,10,19,24",27,116,3.234527826309204
V_new,4,global,"6,10,19,24",28,150,3.0964488983154297
V_new,4,global,"6,10,19,24",29,445,3.4979255199432373
V_new,4,global,"6,10,19,24",30,339,3.1811962127685547
V_new,4,global,"6,10,19,24",31,276,3.277524948120117
V_new,4,global,"6,10,19,24",32,115,3.0625951290130615
V_new,4,global,"6,10,19,24",33,289,2.9755139350891113
V_new,4,global,"6,10,19,24",34,83,3.261763095855713
V_new,4,global,"6,10,19,24",35,128,2.792597532272339
V_new,4,global,"6,10,19,24",36,211,2.880603551864624
V_new,4,global,"6,10,19,24",37,53,2.9091453552246094
V_new,4,global,"6,10,19,24",38,456,3.3091158866882324
V_new,4,global,"6,10,19,24",39,131,2.7179436683654785
V_new,4,global,"6,10,19,24",40,199,3.238100290298462
V_new,4,global,"6,10,19,24",41,264,3.466963768005371
V_new,4,global,"6,10,19,24",42,231,3.2382071018218994
V_new,4,global,"6,10,19,24",43,201,3.2526814937591553
V_new,4,global,"6,10,19,24",44,102,3.0694687366485596
V_new,4,global,"6,10,19,24",45,265,3.4523797035217285
V_new,4,global,"6,10,19,24",46,245,3.062549114227295
V_new,4,global,"6,10,19,24",47,488,2.7568793296813965
V_new,4,global,"6,10,19,24",48,437,2.6684370040893555
V_new,4,global,"6,10,19,24",49,515,3.4851224422454834
V_new,4,global,"6,10,19,24",50,195,3.2080469131469727
V_new,4,global,"6,10,19,24",51,443,3.667037010192871
V_new,4,global,"6,10,19,24",52,187,3.1414525508880615
V_new,4,global,"6,10,19,24",53,29,2.4006824493408203
V_new,4,global,"6,10,19,24",54,125,3.527540922164917
V_new,4,global,"6,10,19,24",55,192,3.3781230449676514
V_new,4,global,"6,10,19,24",56,299,3.375318765640259
V_new,4,global,"6,10,19,24",57,98,3.2390966415405273
V_new,4,global,"6,10,19,24",58,436,2.057135581970215
V_new,4,global,"6,10,19,24",59,73,3.178011894226074
V_new,4,global,"6,10,19,24",60,364,3.5185000896453857
V_new,4,global,"6,10,19,24",61,527,3.217665910720825
V_new,4,global,"6,10,19,24",62,476,3.5350637435913086
V_new,4,global,"6,10,19,24",63,218,3.356532335281372
V_new,4,global,"10,12,17,24",0,275,3.2387945652008057
V_new,4,global,"10,12,17,24",1,251,2.8082022666931152
V_new,4,global,"10,12,17,24",2,27,2.58233642578125
V_new,4,global,"10,12,17,24",3,346,2.8751776218414307
V_new,4,global,"10,12,17,24",4,381,3.1108059883117676
V_new,4,global,"10,12,17,24",5,492,3.64727520942688
V_new,4,global,"10,12,17,24",6,12,2.741696357727051
V_new,4,global,"10,12,17,24",7,48,2.4219257831573486
V_new,4,global,"10,12,17,24",8,331,3.0913615226745605
V_new,4,global,"10,12,17,24",9,244,3.626187324523926
V_new,4,global,"10,12,17,24",10,24,2.425981044769287
V_new,4,global,"10,12,17,24",11,226,3.104682683944702
V_new,4,global,"10,12,17,24",12,491,3.638029098510742
V_new,4,global,"10,12,17,24",13,203,2.7652440071105957
V_new,4,global,"10,12,17,24",14,40,2.586846113204956
V_new,4,global,"10,12,17,24",15,217,3.012336015701294
V_new,4,global,"10,12,17,24",16,151,3.015272855758667
V_new,4,global,"10,12,17,24",17,100,2.8335556983947754
V_new,4,global,"10,12,17,24",18,356,3.554854393005371
V_new,4,global,"10,12,17,24",19,457,3.1303257942199707
V_new,4,global,"10,12,17,24",20,90,3.090506076812744
V_new,4,global,"10,12,17,24",21,511,3.1876375675201416
V_new,4,global,"10,12,17,24",22,33,2.9515573978424072
V_new,4,global,"10,12,17,24",23,279,3.49703311920166
V_new,4,global,"10,12,17,24",24,505,3.174859046936035
V_new,4,global,"10,12,17,24",25,464,3.301774024963379
V_new,4,global,"10,12,17,24",26,149,2.6054582595825195
V_new,4,global,"10,12,17,24",27,116,3.1279966831207275
V_new,4,global,"10,12,17,24",28,150,2.9766972064971924
V_new,4,global,"10,12,17,24",29,445,3.389774799346924
V_new,4,global,"10,12,17,24",30,339,3.0547361373901367
V_new,4,global,"10,12,17,24",31,276,3.182945489883423
V_new,4,global,"10,12,17,24",32,115,2.8728013038635254
V_new,4,global,"10,12,17,24",33,289,2.935716390609741
V_new,4,global,"10,12,17,24",34,83,3.0609054565429688
V_new,4,global,"10,12,17,24",35,128,2.752056837081909
V_new,4,global,"10,12,17,24",36,211,2.7955684661865234
V_new,4,global,"10,12,17,24",37,53,2.7743093967437744
V_new,4,global,"10,12,17,24",38,456,3.261993646621704
V_new,4,global,"10,12,17,24",39,131,2.644906997680664
V_new,4,global,"10,12,17,24",40,199,3.1140573024749756
V_new,4,global,"10,12,17,24",41,264,3.326874256134033
V_new,4,global,"10,12,17,24",42,231,3.167471170425415
V_new,4,global,"10,12,17,24",43,201,3.05558705329895
V_new,4,global,"10,12,17,24",44,102,2.8821680545806885
V_new,4,global,"10,12,17,24",45,265,3.276212453842163
V_new,4,global,"10,12,17,24",46,245,2.926362991333008
V_new,4,global,"10,12,17,24",47,488,2.544023275375366
V_new,4,global,"10,12,17,24",48,437,2.626486301422119
V_new,4,global,"10,12,17,24",49,515,3.3831300735473633
V_new,4,global,"10,12,17,24",50,195,3.096811532974243
V_new,4,global,"10,12,17,24",51,443,3.5081396102905273
V_new,4,global,"10,12,17,24",52,187,2.9396820068359375
V_new,4,global,"10,12,17,24",53,29,2.2274539470672607
V_new,4,global,"10,12,17,24",54,125,3.4740445613861084
V_new,4,global,"10,12,17,24",55,192,3.2380590438842773
V_new,4,global,"10,12,17,24",56,299,3.1940536499023438
V_new,4,global,"10,12,17,24",57,98,3.0167105197906494
V_new,4,global,"10,12,17,24",58,436,1.9343804121017456
V_new,4,global,"10,12,17,24",59,73,3.0062363147735596
V_new,4,global,"10,12,17,24",60,364,3.3727314472198486
V_new,4,global,"10,12,17,24",61,527,3.105140447616577
V_new,4,global,"10,12,17,24",62,476,3.3825743198394775
V_new,4,global,"10,12,17,24",63,218,3.2418973445892334
V_new,4,global,"10,12,21,26",0,275,3.675577163696289
V_new,4,global,"10,12,21,26",1,251,3.1367557048797607
V_new,4,global,"10,12,21,26",2,27,3.0132412910461426
V_new,4,global,"10,12,21,26",3,346,3.162964105606079
V_new,4,global,"10,12,21,26",4,381,3.567676305770874
V_new,4,global,"10,12,21,26",5,492,4.188715934753418
V_new,4,global,"10,12,21,26",6,12,3.2291147708892822
V_new,4,global,"10,12,21,26",7,48,2.8764500617980957
V_new,4,global,"10,12,21,26",8,331,3.60825252532959
V_new,4,global,"10,12,21,26",9,244,4.108188152313232
V_new,4,global,"10,12,21,26",10,24,2.9584386348724365
V_new,4,global,"10,12,21,26",11,226,3.5699567794799805
V_new,4,global,"10,12,21,26",12,491,4.0899271965026855
V_new,4,global,"10,12,21,26",13,203,3.2515032291412354
V_new,4,global,"10,12,21,26",14,40,3.088383197784424
V_new,4,global,"10,12,21,26",15,217,3.3312430381774902
V_new,4,global,"10,12,21,26",16,151,3.4213249683380127
V_new,4,global,"10,12,21,26",17,100,3.2572271823883057
V_new,4,global,"10,12,21,26",18,356,4.0132646560668945
V_new,4,global,"10,12,21,26",19,457,3.7277469635009766
V_new,4,global,"10,12,21,26",20,90,3.6479506492614746
V_new,4,global,"10,12,21,26",21,511,3.6481454372406006
V_new,4,global,"10,12,21,26",22,33,3.654243230819702
V_new,4,global,"10,12,21,26",23,279,4.0288591384887695
V_new,4,global,"10,12,21,26",24,505,3.6769444942474365
V_new,4,global,"10,12,21,26",25,464,3.8670032024383545
V_new,4,global,"10,12,21,26",26,149,2.914076089859009
V_new,4,global,"10,12,21,26",27,116,3.6547164916992188
V_new,4,global,"10,12,21,26",28,150,3.4045095443725586
V_new,4,global,"10,12,21,26",29,445,3.844656467437744
V_new,4,global,"10,12,21,26",30,339,3.536400079727173
V_new,4,global,"10,12,21,26",31,276,3.6513283252716064
V_new,4,global,"10,12,21,26",32,115,3.3712732791900635
V_new,4,global,"10,12,21,26",33,289,3.367610216140747
V_new,4,global,"10,12,21,26",34,83,3.613455057144165
V_new,4,global,"10,12,21,26",35,128,3.0516984462738037
V_new,4,global,"10,12,21,26",36,211,3.4207494258880615
V_new,4,global,"10,12,21,26",37,53,3.332127094268799
V_new,4,global,"10,12,21,26",38,456,3.55304217338562
V_new,4,global,"10,12,21,26",39,131,3.2622323036193848
V_new,4,global,"10,12,21,26",40,199,3.4368937015533447
V_new,4,global,"10,12,21,26",41,264,3.9133524894714355
V_new,4,global,"10,12,21,26",42,231,3.6294925212860107
V_new,4,global,"10,12,21,26",43,201,3.4682044982910156
V_new,4,global,"10,12,21,26",44,102,3.1634345054626465
V_new,4,global,"10,12,21,26",45,265,3.6671197414398193
V_new,4,global,"10,12,21,26",46,245,3.4240591526031494
V_new,4,global,"10,12,21,26",47,488,2.992682456970215
V_new,4,global,"10,12,21,26",48,437,2.9852793216705322
V_new,4,global,"10,12,21,26",49,515,3.850741147994995
V_new,4,global,"10,12,21,26",50,195,3.6137046813964844
V_new,4,global,"10,12,21,26",51,443,3.9468703269958496
V_new,4,global,"10,12,21,26",52,187,3.299203395843506
V_new,4,global,"10,12,21,26",53,29,2.6152074337005615
V_new,4,global,"10,12,21,26",54,125,4.052575588226318
V_new,4,global,"10,12,21,26",55,192,3.7523374557495117
V_new,4,global,"10,12,21,26",56,299,3.50801682472229
V_new,4,global,"10,12,21,26",57,98,3.294039726257324
V_new,4,global,"10,12,21,26",58,436,2.1186513900756836
V_new,4,global,"10,12,21,26",59,73,3.547717332839966
V_new,4,global,"10,12,21,26",60,364,3.8065121173858643
V_new,4,global,"10,12,21,26",61,527,3.656475067138672
V_new,4,global,"10,12,21,26",62,476,4.011763095855713
V_new,4,global,"10,12,21,26",63,218,3.7571823596954346
V_new,4,low,"3,6,12,17",0,275,3.1648452281951904
V_new,4,low,"3,6,12,17",1,251,2.887349843978882
V_new,4,low,"3,6,12,17",2,27,2.57551646232605
V_new,4,low,"3,6,12,17",3,346,2.954314708709717
V_new,4,low,"3,6,12,17",4,381,3.2252449989318848
V_new,4,low,"3,6,12,17",5,492,3.620513916015625
V_new,4,low,"3,6,12,17",6,12,2.800678014755249
V_new,4,low,"3,6,12,17",7,48,2.496381998062134
V_new,4,low,"3,6,12,17",8,331,3.1277289390563965
V_new,4,low,"3,6,12,17",9,244,3.6316845417022705
V_new,4,low,"3,6,12,17",10,24,2.461050271987915
V_new,4,low,"3,6,12,17",11,226,3.194467306137085
V_new,4,low,"3,6,12,17",12,491,3.6893160343170166
V_new,4,low,"3,6,12,17",13,203,2.7820067405700684
V_new,4,low,"3,6,12,17",14,40,2.6904282569885254
V_new,4,low,"3,6,12,17",15,217,3.2099485397338867
V_new,4,low,"3,6,12,17",16,151,3.0037994384765625
V_new,4,low,"3,6,12,17",17,100,2.885648250579834
V_new,4,low,"3,6,12,17",18,356,3.5698869228363037
V_new,4,low,"3,6,12,17",19,457,3.350278377532959
V_new,4,low,"3,6,12,17",20,90,3.3528318405151367
V_new,4,low,"3,6,12,17",21,511,3.1927990913391113
V_new,4,low,"3,6,12,17",22,33,2.9773879051208496
V_new,4,low,"3,6,12,17",23,279,3.562300682067871
V_new,4,low,"3,6,12,17",24,505,3.2210898399353027
V_new,4,low,"3,6,12,17",25,464,3.331716775894165
V_new,4,low,"3,6,12,17",26,149,2.6881394386291504
V_new,4,low,"3,6,12,17",27,116,3.214463472366333
V_new,4,low,"3,6,12,17",28,150,3.0448033809661865
V_new,4,low,"3,6,12,17",29,445,3.4990129470825195
V_new,4,low,"3,6,12,17",30,339,3.0697333812713623
V_new,4,low,"3,6,12,17",31,276,3.2181272506713867
V_new,4,low,"3,6,12,17",32,115,2.8813252449035645
V_new,4,low,"3,6,12,17",33,289,2.9831690788269043
V_new,4,low,"3,6,12,17",34,83,3.154984951019287
V_new,4,low,"3,6,12,17",35,128,2.660705089569092
V_new,4,low,"3,6,12,17",36,211,2.8297502994537354
V_new,4,low,"3,6,12,17",37,53,2.8051071166992188
V_new,4,low,"3,6,12,17",38,456,3.2984933853149414
V_new,4,low,"3,6,12,17",39,131,2.6591758728027344
V_new,4,low,"3,6,12,17",40,199,3.1677184104919434
V_new,4,low,"3,6,12,17",41,264,3.4329521656036377
V_new,4,low,"3,6,12,17",42,231,3.2260546684265137
V_new,4,low,"3,6,12,17",43,201,2.994722604751587
V_new,4,low,"3,6,12,17",44,102,3.054135322570801
V_new,4,low,"3,6,12,17",45,265,3.5098214149475098
V_new,4,low,"3,6,12,17",46,245,2.928769588470459
V_new,4,low,"3,6,12,17",47,488,2.598712205886841
V_new,4,low,"3,6,12,17",48,437,2.659357786178589
V_new,4,low,"3,6,12,17",49,515,3.409250259399414
V_new,4,low,"3,6,12,17",50,195,3.084304094314575
V_new,4,low,"3,6,12,17",51,443,3.6950316429138184
V_new,4,low,"3,6,12,17",52,187,2.934817314147949
V_new,4,low,"3,6,12,17",53,29,2.310407876968384
V_new,4,low,"3,6,12,17",54,125,3.4875636100769043
V_new,4,low,"3,6,12,17",55,192,3.289606809616089
V_new,4,low,"3,6,12,17",56,299,3.2529449462890625
V_new,4,low,"3,6,12,17",57,98,3.076038360595703
V_new,4,low,"3,6,12,17",58,436,2.1046760082244873
V_new,4,low,"3,6,12,17",59,73,3.055856704711914
V_new,4,low,"3,6,12,17",60,364,3.4622976779937744
V_new,4,low,"3,6,12,17",61,527,3.241132974624634
V_new,4,low,"3,6,12,17",62,476,3.4904417991638184
V_new,4,low,"3,6,12,17",63,218,3.4059789180755615
V_new,4,low,"3,6,17,19",0,275,3.341315984725952
V_new,4,low,"3,6,17,19",1,251,2.9570717811584473
V_new,4,low,"3,6,17,19",2,27,2.7878689765930176
V_new,4,low,"3,6,17,19",3,346,3.0001847743988037
V_new,4,low,"3,6,17,19",4,381,3.3772058486938477
V_new,4,low,"3,6,17,19",5,492,3.8361217975616455
V_new,4,low,"3,6,17,19",6,12,3.009415864944458
V_new,4,low,"3,6,17,19",7,48,2.733555316925049
V_new,4,low,"3,6,17,19",8,331,3.3368940353393555
V_new,4,low,"3,6,17,19",9,244,3.7581868171691895
V_new,4,low,"3,6,17,19",10,24,2.69966197013855
V_new,4,low,"3,6,17,19",11,226,3.3540267944335938
V_new,4,low,"3,6,17,19",12,491,3.7745749950408936
V_new,4,low,"3,6,17,19",13,203,2.961287260055542
V_new,4,low,"3,6,17,19",14,40,2.8361992835998535
V_new,4,low,"3,6,17,19",15,217,3.3320488929748535
V_new,4,low,"3,6,17,19",16,151,3.175743579864502
V_new,4,low,"3,6,17,19",17,100,3.122904062271118
V_new,4,low,"3,6,17,19",18,356,3.79438853263855
V_new,4,low,"3,6,17,19",19,457,3.4943861961364746
V_new,4,low,"3,6,17,19",20,90,3.374222755432129
V_new,4,low,"3,6,17,19",21,511,3.3140153884887695
V_new,4,low,"3,6,17,19",22,33,3.213954210281372
V_new,4,low,"3,6,17,19",23,279,3.7996010780334473
V_new,4,low,"3,6,17,19",24,505,3.295651435852051
V_new,4,low,"3,6,17,19",25,464,3.626708507537842
V_new,4,low,"3,6,17,19",26,149,2.8113853931427
V_new,4,low,"3,6,17,19",27,116,3.420114278793335
V_new,4,low,"3,6,17,19",28,150,3.246258497238159
V_new,4,low,"3,6,17,19",29,445,3.705103874206543
V_new,4,low,"3,6,17,19",30,339,3.228414297103882
V_new,4,low,"3,6,17,19",31,276,3.3865840435028076
V_new,4,low,"3,6,17,19",32,115,3.070371627807617
V_new,4,low,"3,6,17,19",33,289,3.1557984352111816
V_new,4,low,"3,6,17,19",34,83,3.354149580001831
V_new,4,low,"3,6,17,19",35,128,2.787942886352539
V_new,4,low,"3,6,17,19",36,211,2.9248743057250977
V_new,4,low,"3,6,17,19",37,53,3.011336088180542
V_new,4,low,"3,6,17,19",38,456,3.419965982437134
V_new,4,low,"3,6,17,19",39,131,2.7636771202087402
V_new,4,low,"3,6,17,19",40,199,3.3328816890716553
V_new,4,low,"3,6,17,19",41,264,3.471379518508911
V_new,4,low,"3,6,17,19",42,231,3.4295668601989746
V_new,4,low,"3,6,17,19",43,201,3.2066311836242676
V_new,4,low,"3,6,17,19",44,102,3.4079835414886475
V_new,4,low,"3,6,17,19",45,265,3.519946813583374
V_new,4,low,"3,6,17,19",46,245,3.0547664165496826
V_new,4,low,"3,6,17,19",47,488,2.8191165924072266
V_new,4,low,"3,6,17,19",48,437,2.8528456687927246
V_new,4,low,"3,6,17,19",49,515,3.6719141006469727
V_new,4,low,"3,6,17,19",50,195,3.2690508365631104
V_new,4,low,"3,6,17,19",51,443,3.9619784355163574
V_new,4,low,"3,6,17,19",52,187,3.135982036590576
V_new,4,low,"3,6,17,19",53,29,2.5590107440948486
V_new,4,low,"3,6,17,19",54,125,3.663539409637451
V_new,4,low,"3,6,17,19",55,192,3.4832518100738525
V_new,4,low,"3,6,17,19",56,299,3.5100278854370117
V_new,4,low,"3,6,17,19",57,98,3.279670476913452
V_new,4,low,"3,6,17,19",58,436,2.3051178455352783
V_new,4,low,"3,6,17,19",59,73,3.254394054412842
V_new,4,low,"3,6,17,19",60,364,3.59171462059021
V_new,4,low,"3,6,17,19",61,527,3.3524625301361084
V_new,4,low,"3,6,17,19",62,476,3.659900188446045
V_new,4,low,"3,6,17,19",63,218,3.6050844192504883
V_new,4,low,"3,8,10,19",0,275,3.4702000617980957
V_new,4,low,"3,8,10,19",1,251,2.9227445125579834
V_new,4,low,"3,8,10,19",2,27,2.8401589393615723
V_new,4,low,"3,8,10,19",3,346,2.956322193145752
V_new,4,low,"3,8,10,19",4,381,3.3101775646209717
V_new,4,low,"3,8,10,19",5,492,3.8786354064941406
V_new,4,low,"3,8,10,19",6,12,3.045173168182373
V_new,4,low,"3,8,10,19",7,48,2.6567459106445312
V_new,4,low,"3,8,10,19",8,331,3.3826887607574463
V_new,4,low,"3,8,10,19",9,244,3.83931827545166
V_new,4,low,"3,8,10,19",10,24,2.61494779586792
V_new,4,low,"3,8,10,19",11,226,3.3094613552093506
V_new,4,low,"3,8,10,19",12,491,3.8169891834259033
V_new,4,low,"3,8,10,19",13,203,2.9912233352661133
V_new,4,low,"3,8,10,19",14,40,2.8790454864501953
V_new,4,low,"3,8,10,19",15,217,3.235416889190674
V_new,4,low,"3,8,10,19",16,151,3.2231366634368896
V_new,4,low,"3,8,10,19",17,100,3.0324230194091797
V_new,4,low,"3,8,10,19",18,356,3.802142381668091
V_new,4,low,"3,8,10,19",19,457,3.464815139770508
V_new,4,low,"3,8,10,19",20,90,3.400513172149658
V_new,4,low,"3,8,10,19",21,511,3.253220796585083
V_new,4,low,"3,8,10,19",22,33,3.157989978790283
V_new,4,low,"3,8,10,19",23,279,3.8116977214813232
V_new,4,low,"3,8,10,19",24,505,3.3323094844818115
V_new,4,low,"3,8,10,19",25,464,3.5638844966888428
V_new,4,low,"3,8,10,19",26,149,2.8419642448425293
V_new,4,low,"3,8,10,19",27,116,3.341573715209961
V_new,4,low,"3,8,10,19",28,150,3.1755566596984863
V_new,4,low,"3,8,10,19",29,445,3.7798380851745605
V_new,4,low,"3,8,10,19",30,339,3.193297863006592
V_new,4,low,"3,8,10,19",31,276,3.426637887954712
V_new,4,low,"3,8,10,19",32,115,3.0699617862701416
V_new,4,low,"3,8,10,19",33,289,3.224761486053467
V_new,4,low,"3,8,10,19",34,83,3.238076686859131
V_new,4,low,"3,8,10,19",35,128,2.8249776363372803
V_new,4,low,"3,8,10,19",36,211,2.9488608837127686
V_new,4,low,"3,8,10,19",37,53,3.0762596130371094
V_new,4,low,"3,8,10,19",38,456,3.4490180015563965
V_new,4,low,"3,8,10,19",39,131,2.776336908340454
V_new,4,low,"3,8,10,19",40,199,3.2853000164031982
V_new,4,low,"3,8,10,19",41,264,3.6372644901275635
V_new,4,low,"3,8,10,19",42,231,3.4035847187042236
V_new,4,low,"3,8,10,19",43,201,3.2530417442321777
V_new,4,low,"3,8,10,19",44,102,3.2131292819976807
V_new,4,low,"3,8,10,19",45,265,3.7274720668792725
V_new,4,low,"3,8,10,19",46,245,3.1622848510742188
V_new,4,low,"3,8,10,19",47,488,2.7567503452301025
V_new,4,low,"3,8,10,19",48,437,2.6981077194213867
V_new,4,low,"3,8,10,19",49,515,3.5735182762145996
V_new,4,low,"3,8,10,19",50,195,3.312930107116699
V_new,4,low,"3,8,10,19",51,443,3.860186815261841
V_new,4,low,"3,8,10,19",52,187,3.269155263900757
V_new,4,low,"3,8,10,19",53,29,2.5262370109558105
V_new,4,low,"3,8,10,19",54,125,3.567441940307617
V_new,4,low,"3,8,10,19",55,192,3.5154197216033936
V_new,4,low,"3,8,10,19",56,299,3.5176408290863037
V_new,4,low,"3,8,10,19",57,98,3.1871893405914307
V_new,4,low,"3,8,10,19",58,436,2.120351791381836
V_new,4,low,"3,8,10,19",59,73,3.2670717239379883
V_new,4,low,"3,8,10,19",60,364,3.673172950744629
V_new,4,low,"3,8,10,19",61,527,3.330003023147583
V_new,4,low,"3,8,10,19",62,476,3.6586520671844482
V_new,4,low,"3,8,10,19",63,218,3.5387330055236816
V_new,4,low,"3,8,12,15",0,275,3.5207505226135254
V_new,4,low,"3,8,12,15",1,251,2.897695779800415
V_new,4,low,"3,8,12,15",2,27,2.877976417541504
V_new,4,low,"3,8,12,15",3,346,2.9570302963256836
V_new,4,low,"3,8,12,15",4,381,3.4262855052948
V_new,4,low,"3,8,12,15",5,492,3.8228397369384766
V_new,4,low,"3,8,12,15",6,12,2.9305074214935303
V_new,4,low,"3,8,12,15",7,48,2.548771858215332
V_new,4,low,"3,8,12,15",8,331,3.3874940872192383
V_new,4,low,"3,8,12,15",9,244,3.778360605239868
V_new,4,low,"3,8,12,15",10,24,2.5509867668151855
V_new,4,low,"3,8,12,15",11,226,3.38244366645813
V_new,4,low,"3,8,12,15",12,491,3.757079601287842
V_new,4,low,"3,8,12,15",13,203,3.004957437515259
V_new,4,low,"3,8,12,15",14,40,2.870741605758667
V_new,4,low,"3,8,12,15",15,217,3.222188711166382
V_new,4,low,"3,8,12,15",16,151,3.231534242630005
V_new,4,low,"3,8,12,15",17,100,3.00510311126709
V_new,4,low,"3,8,12,15",18,356,3.6709961891174316
V_new,4,low,"3,8,12,15",19,457,3.457597255706787
V_new,4,low,"3,8,12,15",20,90,3.3954739570617676
V_new,4,low,"3,8,12,15",21,511,3.3378872871398926
V_new,4,low,"3,8,12,15",22,33,3.1528611183166504
V_new,4,low,"3,8,12,15",23,279,3.81420636177063
V_new,4,low,"3,8,12,15",24,505,3.285792112350464
V_new,4,low,"3,8,12,15",25,464,3.516200542449951
V_new,4,low,"3,8,12,15",26,149,2.733891487121582
V_new,4,low,"3,8,12,15",27,116,3.2899019718170166
V_new,4,low,"3,8,12,15",28,150,3.1707870960235596
V_new,4,low,"3,8,12,15",29,445,3.7424216270446777
V_new,4,low,"3,8,12,15",30,339,3.2138254642486572
V_new,4,low,"3,8,12,15",31,276,3.4926204681396484
V_new,4,low,"3,8,12,15",32,115,2.999589681625366
V_new,4,low,"3,8,12,15",33,289,3.1730315685272217
V_new,4,low,"3,8,12,15",34,83,3.18705153465271
V_new,4,low,"3,8,12,15",35,128,2.8780410289764404
V_new,4,low,"3,8,12,15",36,211,3.081068515777588
V_new,4,low,"3,8,12,15",37,53,3.0566656589508057
V_new,4,low,"3,8,12,15",38,456,3.369567632675171
V_new,4,low,"3,8,12,15",39,131,2.7486605644226074
V_new,4,low,"3,8,12,15",40,199,3.3571202754974365
V_new,4,low,"3,8,12,15",41,264,3.7048912048339844
V_new,4,low,"3,8,12,15",42,231,3.333707809448242
V_new,4,low,"3,8,12,15",43,201,3.244807481765747
V_new,4,low,"3,8,12,15",44,102,3.207106113433838
V_new,4,low,"3,8,12,15",45,265,3.68813157081604
V_new,4,low,"3,8,12,15",46,245,3.0540969371795654
V_new,4,low,"3,8,12,15",47,488,2.677999973297119
V_new,4,low,"3,8,12,15",48,437,2.705803155899048
V_new,4,low,"3,8,12,15",49,515,3.5150513648986816
V_new,4,low,"3,8,12,15",50,195,3.3372690677642822
V_new,4,low,"3,8,12,15",51,443,3.842963933944702
V_new,4,low,"3,8,12,15",52,187,3.1727044582366943
V_new,4,low,"3,8,12,15",53,29,2.4137706756591797
V_new,4,low,"3,8,12,15",54,125,3.58419132232666
V_new,4,low,"3,8,12,15",55,192,3.493109941482544
V_new,4,low,"3,8,12,15",56,299,3.4590272903442383
V_new,4,low,"3,8,12,15",57,98,3.2845070362091064
V_new,4,low,"3,8,12,15",58,436,2.035330057144165
V_new,4,low,"3,8,12,15",59,73,3.1737992763519287
V_new,4,low,"3,8,12,15",60,364,3.533277988433838
V_new,4,low,"3,8,12,15",61,527,3.4104628562927246
V_new,4,low,"3,8,12,15",62,476,3.7090420722961426
V_new,4,low,"3,8,12,15",63,218,3.5811941623687744
V_new,4,low,"3,12,15,17",0,275,3.0824387073516846
V_new,4,low,"3,12,15,17",1,251,2.7379310131073
V_new,4,low,"3,12,15,17",2,27,2.6225390434265137
V_new,4,low,"3,12,15,17",3,346,2.781675338745117
V_new,4,low,"3,12,15,17",4,381,3.063815116882324
V_new,4,low,"3,12,15,17",5,492,3.507164716720581
V_new,4,low,"3,12,15,17",6,12,2.6665468215942383
V_new,4,low,"3,12,15,17",7,48,2.4529223442077637
V_new,4,low,"3,12,15,17",8,331,2.988116979598999
V_new,4,low,"3,12,15,17",9,244,3.57141375541687
V_new,4,low,"3,12,15,17",10,24,2.4155006408691406
V_new,4,low,"3,12,15,17",11,226,3.0740156173706055
V_new,4,low,"3,12,15,17",12,491,3.4871561527252197
V_new,4,low,"3,12,15,17",13,203,2.7030279636383057
V_new,4,low,"3,12,15,17",14,40,2.60943603515625
V_new,4,low,"3,12,15,17",15,217,3.072721242904663
V_new,4,low,"3,12,15,17",16,151,2.9326038360595703
V_new,4,low,"3,12,15,17",17,100,2.7916555404663086
V_new,4,low,"3,12,15,17",18,356,3.4867992401123047
V_new,4,low,"3,12,15,17",19,457,3.1917123794555664
V_new,4,low,"3,12,15,17",20,90,3.0410256385803223
V_new,4,low,"3,12,15,17",21,511,3.106515884399414
V_new,4,low,"3,12,15,17",22,33,2.976827621459961
V_new,4,low,"3,12,15,17",23,279,3.4366164207458496
V_new,4,low,"3,12,15,17",24,505,3.0631678104400635
V_new,4,low,"3,12,15,17",25,464,3.3205161094665527
V_new,4,low,"3,12,15,17",26,149,2.5274312496185303
V_new,4,low,"3,12,15,17",27,116,3.133172035217285
V_new,4,low,"3,12,15,17",28,150,2.930575132369995
V_new,4,low,"3,12,15,17",29,445,3.456991195678711
V_new,4,low,"3,12,15,17",30,339,2.925837993621826
V_new,4,low,"3,12,15,17",31,276,3.122328519821167
V_new,4,low,"3,12,15,17",32,115,2.7645986080169678
V_new,4,low,"3,12,15,17",33,289,2.9757044315338135
V_new,4,low,"3,12,15,17",34,83,2.993135690689087
V_new,4,low,"3,12,15,17",35,128,2.540247917175293
V_new,4,low,"3,12,15,17",36,211,2.698662757873535
V_new,4,low,"3,12,15,17",37,53,2.7882487773895264
V_new,4,low,"3,12,15,17",38,456,3.224520444869995
V_new,4,low,"3,12,15,17",39,131,2.5733225345611572
V_new,4,low,"3,12,15,17",40,199,3.05354380607605
V_new,4,low,"3,12,15,17",41,264,3.214975595474243
V_new,4,low,"3,12,15,17",42,231,3.0921518802642822
V_new,4,low,"3,12,15,17",43,201,2.977708578109741
V_new,4,low,"3,12,15,17",44,102,3.0211195945739746
V_new,4,low,"3,12,15,17",45,265,3.2222037315368652
V_new,4,low,"3,12,15,17",46,245,2.8545379638671875
V_new,4,low,"3,12,15,17",47,488,2.5696911811828613
V_new,4,low,"3,12,15,17",48,437,2.6166892051696777
V_new,4,low,"3,12,15,17",49,515,3.2671241760253906
V_new,4,low,"3,12,15,17",50,195,2.95324444770813
V_new,4,low,"3,12,15,17",51,443,3.52026104927063
V_new,4,low,"3,12,15,17",52,187,2.9154045581817627
V_new,4,low,"3,12,15,17",53,29,2.2451491355895996
V_new,4,low,"3,12,15,17",54,125,3.394491672515869
V_new,4,low,"3,12,15,17",55,192,3.161975145339966
V_new,4,low,"3,12,15,17",56,299,3.1130118370056152
V_new,4,low,"3,12,15,17",57,98,2.971017360687256
V_new,4,low,"3,12,15,17",58,436,1.9840706586837769
V_new,4,low,"3,12,15,17",59,73,2.9707112312316895
V_new,4,low,"3,12,15,17",60,364,3.3488917350769043
V_new,4,low,"3,12,15,17",61,527,3.1137890815734863
V_new,4,low,"3,12,15,17",62,476,3.395369291305542
V_new,4,low,"3,12,15,17",63,218,3.2375402450561523
V_new,4,low,"3,12,15,19",0,275,3.2833869457244873
V_new,4,low,"3,12,15,19",1,251,2.8881311416625977
V_new,4,low,"3,12,15,19",2,27,2.7589690685272217
V_new,4,low,"3,12,15,19",3,346,2.8461925983428955
V_new,4,low,"3,12,15,19",4,381,3.176025629043579
V_new,4,low,"3,12,15,19",5,492,3.624337673187256
V_new,4,low,"3,12,15,19",6,12,2.8506457805633545
V_new,4,low,"3,12,15,19",7,48,2.597626209259033
V_new,4,low,"3,12,15,19",8,331,3.2002086639404297
V_new,4,low,"3,12,15,19",9,244,3.6061654090881348
V_new,4,low,"3,12,15,19",10,24,2.6336569786071777
V_new,4,low,"3,12,15,19",11,226,3.227522373199463
V_new,4,low,"3,12,15,19",12,491,3.6137189865112305
V_new,4,low,"3,12,15,19",13,203,2.8361926078796387
V_new,4,low,"3,12,15,19",14,40,2.7630326747894287
V_new,4,low,"3,12,15,19",15,217,3.1267690658569336
V_new,4,low,"3,12,15,19",16,151,3.008226156234741
V_new,4,low,"3,12,15,19",17,100,2.8884072303771973
V_new,4,low,"3,12,15,19",18,356,3.579747200012207
V_new,4,low,"3,12,15,19",19,457,3.2367701530456543
V_new,4,low,"3,12,15,19",20,90,3.235257387161255
V_new,4,low,"3,12,15,19",21,511,3.1514408588409424
V_new,4,low,"3,12,15,19",22,33,3.0666327476501465
V_new,4,low,"3,12,15,19",23,279,3.6342227458953857
V_new,4,low,"3,12,15,19",24,505,3.280632495880127
V_new,4,low,"3,12,15,19",25,464,3.502682685852051
V_new,4,low,"3,12,15,19",26,149,2.653233528137207
V_new,4,low,"3,12,15,19",27,116,3.1938581466674805
V_new,4,low,"3,12,15,19",28,150,3.0112686157226562
V_new,4,low,"3,12,15,19",29,445,3.638164520263672
V_new,4,low,"3,12,15,19",30,339,3.0966525077819824
V_new,4,low,"3,12,15,19",31,276,3.2270596027374268
V_new,4,low,"3,12,15,19",32,115,2.896785259246826
V_new,4,low,"3,12,15,19",33,289,3.0943853855133057
V_new,4,low,"3,12,15,19",34,83,3.140575647354126
V_new,4,low,"3,12,15,19",35,128,2.6469786167144775
V_new,4,low,"3,12,15,19",36,211,2.8229808807373047
V_new,4,low,"3,12,15,19",37,53,2.900240421295166
V_new,4,low,"3,12,15,19",38,456,3.299131393432617
V_new,4,low,"3,12,15,19",39,131,2.7029550075531006
V_new,4,low,"3,12,15,19",40,199,3.184553384780884
V_new,4,low,"3,12,15,19",41,264,3.3813188076019287
V_new,4,low,"3,12,15,19",42,231,3.2196338176727295
V_new,4,low,"3,12,15,19",43,201,3.1480467319488525
V_new,4,low,"3,12,15,19",44,102,2.9941279888153076
V_new,4,low,"3,12,15,19",45,265,3.3216569423675537
V_new,4,low,"3,12,15,19",46,245,2.981675624847412
V_new,4,low,"3,12,15,19",47,488,2.73451566696167
V_new,4,low,"3,12,15,19",48,437,2.664724588394165
V_new,4,low,"3,12,15,19",49,515,3.4329569339752197
V_new,4,low,"3,12,15,19",50,195,3.1099061965942383
V_new,4,low,"3,12,15,19",51,443,3.6868607997894287
V_new,4,low,"3,12,15,19",52,187,3.09287166595459
V_new,4,low,"3,12,15,19",53,29,2.496351718902588
V_new,4,low,"3,12,15,19",54,125,3.549654722213745
V_new,4,low,"3,12,15,19",55,192,3.3478848934173584
V_new,4,low,"3,12,15,19",56,299,3.2503702640533447
V_new,4,low,"3,12,15,19",57,98,3.0555756092071533
V_new,4,low,"3,12,15,19",58,436,2.1230340003967285
V_new,4,low,"3,12,15,19",59,73,3.1769063472747803
V_new,4,low,"3,12,15,19",60,364,3.4851577281951904
V_new,4,low,"3,12,15,19",61,527,3.2382872104644775
V_new,4,low,"3,12,15,19",62,476,3.471364974975586
V_new,4,low,"3,12,15,19",63,218,3.372135639190674
V_new,4,low,"6,8,10,12",0,275,3.204742908477783
V_new,4,low,"6,8,10,12",1,251,2.9128615856170654
V_new,4,low,"6,8,10,12",2,27,2.612075090408325
V_new,4,low,"6,8,10,12",3,346,2.8618083000183105
V_new,4,low,"6,8,10,12",4,381,3.234349250793457
V_new,4,low,"6,8,10,12",5,492,3.5416438579559326
V_new,4,low,"6,8,10,12",6,12,2.8353641033172607
V_new,4,low,"6,8,10,12",7,48,2.491522789001465
V_new,4,low,"6,8,10,12",8,331,3.080270767211914
V_new,4,low,"6,8,10,12",9,244,3.6012587547302246
V_new,4,low,"6,8,10,12",10,24,2.5180745124816895
V_new,4,low,"6,8,10,12",11,226,3.1653084754943848
V_new,4,low,"6,8,10,12",12,491,3.6042733192443848
V_new,4,low,"6,8,10,12",13,203,2.8182079792022705
V_new,4,low,"6,8,10,12",14,40,2.795189380645752
V_new,4,low,"6,8,10,12",15,217,3.1353065967559814
V_new,4,low,"6,8,10,12",16,151,3.067127227783203
V_new,4,low,"6,8,10,12",17,100,2.819478988647461
V_new,4,low,"6,8,10,12",18,356,3.58066725730896
V_new,4,low,"6,8,10,12",19,457,3.237527847290039
V_new,4,low,"6,8,10,12",20,90,3.279752254486084
V_new,4,low,"6,8,10,12",21,511,3.234428882598877
V_new,4,low,"6,8,10,12",22,33,3.095860242843628
V_new,4,low,"6,8,10,12",23,279,3.637876272201538
V_new,4,low,"6,8,10,12",24,505,3.1309781074523926
V_new,4,low,"6,8,10,12",25,464,3.3503029346466064
V_new,4,low,"6,8,10,12",26,149,2.6345810890197754
V_new,4,low,"6,8,10,12",27,116,3.180922269821167
V_new,4,low,"6,8,10,12",28,150,3.1251819133758545
V_new,4,low,"6,8,10,12",29,445,3.5456807613372803
V_new,4,low,"6,8,10,12",30,339,3.1166465282440186
V_new,4,low,"6,8,10,12",31,276,3.5132551193237305
V_new,4,low,"6,8,10,12",32,115,2.8115241527557373
V_new,4,low,"6,8,10,12",33,289,3.0588107109069824
V_new,4,low,"6,8,10,12",34,83,3.2069575786590576
V_new,4,low,"6,8,10,12",35,128,2.704331159591675
V_new,4,low,"6,8,10,12",36,211,2.8797409534454346
V_new,4,low,"6,8,10,12",37,53,2.8881032466888428
V_new,4,low,"6,8,10,12",38,456,3.3104608058929443
V_new,4,low,"6,8,10,12",39,131,2.668229818344116
V_new,4,low,"6,8,10,12",40,199,3.2010037899017334
V_new,4,low,"6,8,10,12",41,264,3.514569044113159
V_new,4,low,"6,8,10,12",42,231,3.1405510902404785
V_new,4,low,"6,8,10,12",43,201,3.11313796043396
V_new,4,low,"6,8,10,12",44,102,2.9670767784118652
V_new,4,low,"6,8,10,12",45,265,3.4573397636413574
V_new,4,low,"6,8,10,12",46,245,3.0212795734405518
V_new,4,low,"6,8,10,12",47,488,2.5850579738616943
V_new,4,low,"6,8,10,12",48,437,2.613835096359253
V_new,4,low,"6,8,10,12",49,515,3.341775417327881
V_new,4,low,"6,8,10,12",50,195,3.1424388885498047
V_new,4,low,"6,8,10,12",51,443,3.627223491668701
V_new,4,low,"6,8,10,12",52,187,2.982210397720337
V_new,4,low,"6,8,10,12",53,29,2.301598310470581
V_new,4,low,"6,8,10,12",54,125,3.541224479675293
V_new,4,low,"6,8,10,12",55,192,3.3322622776031494
V_new,4,low,"6,8,10,12",56,299,3.307706356048584
V_new,4,low,"6,8,10,12",57,98,3.101557493209839
V_new,4,low,"6,8,10,12",58,436,1.9384557008743286
V_new,4,low,"6,8,10,12",59,73,3.1970887184143066
V_new,4,low,"6,8,10,12",60,364,3.4227120876312256
V_new,4,low,"6,8,10,12",61,527,3.272904872894287
V_new,4,low,"6,8,10,12",62,476,3.5605571269989014
V_new,4,low,"6,8,10,12",63,218,3.334435224533081
V_new,4,low,"6,12,17,19",0,275,3.143489122390747
V_new,4,low,"6,12,17,19",1,251,2.8404667377471924
V_new,4,low,"6,12,17,19",2,27,2.674677610397339
V_new,4,low,"6,12,17,19",3,346,2.8443593978881836
V_new,4,low,"6,12,17,19",4,381,3.0656251907348633
V_new,4,low,"6,12,17,19",5,492,3.5985424518585205
V_new,4,low,"6,12,17,19",6,12,2.861896276473999
V_new,4,low,"6,12,17,19",7,48,2.6127216815948486
V_new,4,low,"6,12,17,19",8,331,3.0919783115386963
V_new,4,low,"6,12,17,19",9,244,3.628406524658203
V_new,4,low,"6,12,17,19",10,24,2.6044955253601074
V_new,4,low,"6,12,17,19",11,226,3.1616499423980713
V_new,4,low,"6,12,17,19",12,491,3.6080000400543213
V_new,4,low,"6,12,17,19",13,203,2.9517178535461426
V_new,4,low,"6,12,17,19",14,40,2.745767831802368
V_new,4,low,"6,12,17,19",15,217,3.2587690353393555
V_new,4,low,"6,12,17,19",16,151,2.9888761043548584
V_new,4,low,"6,12,17,19",17,100,2.9946224689483643
V_new,4,low,"6,12,17,19",18,356,3.6228954792022705
V_new,4,low,"6,12,17,19",19,457,3.3596956729888916
V_new,4,low,"6,12,17,19",20,90,3.1671581268310547
V_new,4,low,"6,12,17,19",21,511,3.165999174118042
V_new,4,low,"6,12,17,19",22,33,3.067255735397339
V_new,4,low,"6,12,17,19",23,279,3.488680601119995
V_new,4,low,"6,12,17,19",24,505,3.302748680114746
V_new,4,low,"6,12,17,19",25,464,3.3512494564056396
V_new,4,low,"6,12,17,19",26,149,2.6695187091827393
V_new,4,low,"6,12,17,19",27,116,3.147887945175171
V_new,4,low,"6,12,17,19",28,150,3.0378899574279785
V_new,4,low,"6,12,17,19",29,445,3.4577476978302
V_new,4,low,"6,12,17,19",30,339,3.1010167598724365
V_new,4,low,"6,12,17,19",31,276,3.1269328594207764
V_new,4,low,"6,12,17,19",32,115,2.9469385147094727
V_new,4,low,"6,12,17,19",33,289,3.048988103866577
V_new,4,low,"6,12,17,19",34,83,3.111971378326416
V_new,4,low,"6,12,17,19",35,128,2.7492027282714844
V_new,4,low,"6,12,17,19",36,211,2.822476625442505
V_new,4,low,"6,12,17,19",37,53,2.8239970207214355
V_new,4,low,"6,12,17,19",38,456,3.3995792865753174
V_new,4,low,"6,12,17,19",39,131,2.746445894241333
V_new,4,low,"6,12,17,19",40,199,3.216160774230957
V_new,4,low,"6,12,17,19",41,264,3.373216152191162
V_new,4,low,"6,12,17,19",42,231,3.3048722743988037
V_new,4,low,"6,12,17,19",43,201,3.148256778717041
V_new,4,low,"6,12,17,19",44,102,3.084705114364624
V_new,4,low,"6,12,17,19",45,265,3.3237380981445312
V_new,4,low,"6,12,17,19",46,245,2.9773244857788086
V_new,4,low,"6,12,17,19",47,488,2.7383930683135986
V_new,4,low,"6,12,17,19",48,437,2.8381314277648926
V_new,4,low,"6,12,17,19",49,515,3.3950979709625244
V_new,4,low,"6,12,17,19",50,195,3.1222753524780273
V_new,4,low,"6,12,17,19",51,443,3.6622965335845947
V_new,4,low,"6,12,17,19",52,187,3.07361102104187
V_new,4,low,"6,12,17,19",53,29,2.430590867996216
V_new,4,low,"6,12,17,19",54,125,3.594872236251831
V_new,4,low,"6,12,17,19",55,192,3.2349135875701904
V_new,4,low,"6,12,17,19",56,299,3.275449275970459
V_new,4,low,"6,12,17,19",57,98,3.077820062637329
V_new,4,low,"6,12,17,19",58,436,2.2946197986602783
V_new,4,low,"6,12,17,19",59,73,3.10272479057312
V_new,4,low,"6,12,17,19",60,364,3.443925142288208
V_new,4,low,"6,12,17,19",61,527,3.151010751724243
V_new,4,low,"6,12,17,19",62,476,3.461024284362793
V_new,4,low,"6,12,17,19",63,218,3.273732900619507
V_new,4,low,"8,10,15,21",0,275,3.280726909637451
V_new,4,low,"8,10,15,21",1,251,2.8300158977508545
V_new,4,low,"8,10,15,21",2,27,2.662344455718994
V_new,4,low,"8,10,15,21",3,346,2.8470590114593506
V_new,4,low,"8,10,15,21",4,381,3.2475805282592773
V_new,4,low,"8,10,15,21",5,492,3.6407363414764404
V_new,4,low,"8,10,15,21",6,12,2.8022446632385254
V_new,4,low,"8,10,15,21",7,48,2.502434015274048
V_new,4,low,"8,10,15,21",8,331,3.1859591007232666
V_new,4,low,"8,10,15,21",9,244,3.594198703765869
V_new,4,low,"8,10,15,21",10,24,2.4617862701416016
V_new,4,low,"8,10,15,21",11,226,3.1206274032592773
V_new,4,low,"8,10,15,21",12,491,3.6438071727752686
V_new,4,low,"8,10,15,21",13,203,2.899029016494751
V_new,4,low,"8,10,15,21",14,40,2.748256206512451
V_new,4,low,"8,10,15,21",15,217,3.0332741737365723
V_new,4,low,"8,10,15,21",16,151,3.042477607727051
V_new,4,low,"8,10,15,21",17,100,2.842741012573242
V_new,4,low,"8,10,15,21",18,356,3.5978171825408936
V_new,4,low,"8,10,15,21",19,457,3.2293126583099365
V_new,4,low,"8,10,15,21",20,90,3.1538140773773193
V_new,4,low,"8,10,15,21",21,511,3.219529151916504
V_new,4,low,"8,10,15,21",22,33,3.036349058151245
V_new,4,low,"8,10,15,21",23,279,3.543004035949707
V_new,4,low,"8,10,15,21",24,505,3.205223560333252
V_new,4,low,"8,10,15,21",25,464,3.4540112018585205
V_new,4,low,"8,10,15,21",26,149,2.6102826595306396
V_new,4,low,"8,10,15,21",27,116,3.169084310531616
V_new,4,low,"8,10,15,21",28,150,3.054110050201416
V_new,4,low,"8,10,15,21",29,445,3.425426959991455
V_new,4,low,"8,10,15,21",30,339,3.035463571548462
V_new,4,low,"8,10,15,21",31,276,3.316690444946289
V_new,4,low,"8,10,15,21",32,115,2.906266927719116
V_new,4,low,"8,10,15,21",33,289,2.946544647216797
V_new,4,low,"8,10,15,21",34,83,3.1749861240386963
V_new,4,low,"8,10,15,21",35,128,2.6775567531585693
V_new,4,low,"8,10,15,21",36,211,2.8234474658966064
V_new,4,low,"8,10,15,21",37,53,2.901296615600586
V_new,4,low,"8,10,15,21",38,456,3.268249750137329
V_new,4,low,"8,10,15,21",39,131,2.6881797313690186
V_new,4,low,"8,10,15,21",40,199,3.151705503463745
V_new,4,low,"8,10,15,21",41,264,3.4240756034851074
V_new,4,low,"8,10,15,21",42,231,3.13342547416687
V_new,4,low,"8,10,15,21",43,201,3.150360584259033
V_new,4,low,"8,10,15,21",44,102,2.923096179962158
V_new,4,low,"8,10,15,21",45,265,3.3639214038848877
V_new,4,low,"8,10,15,21",46,245,3.0407958030700684
V_new,4,low,"8,10,15,21",47,488,2.6231234073638916
V_new,4,low,"8,10,15,21",48,437,2.5860650539398193
V_new,4,low,"8,10,15,21",49,515,3.5263025760650635
V_new,4,low,"8,10,15,21",50,195,3.242321252822876
V_new,4,low,"8,10,15,21",51,443,3.464000940322876
V_new,4,low,"8,10,15,21",52,187,2.986081600189209
V_new,4,low,"8,10,15,21",53,29,2.225745677947998
V_new,4,low,"8,10,15,21",54,125,3.6496803760528564
V_new,4,low,"8,10,15,21",55,192,3.3936607837677
V_new,4,low,"8,10,15,21",56,299,3.265475273132324
V_new,4,low,"8,10,15,21",57,98,3.034234046936035
V_new,4,low,"8,10,15,21",58,436,1.873105764389038
V_new,4,low,"8,10,15,21",59,73,3.1438918113708496
V_new,4,low,"8,10,15,21",60,364,3.4377450942993164
V_new,4,low,"8,10,15,21",61,527,3.1239006519317627
V_new,4,low,"8,10,15,21",62,476,3.525501012802124
V_new,4,low,"8,10,15,21",63,218,3.288823127746582
V_new,4,low,"8,10,17,19",0,275,3.1891191005706787
V_new,4,low,"8,10,17,19",1,251,2.8302628993988037
V_new,4,low,"8,10,17,19",2,27,2.719464063644409
V_new,4,low,"8,10,17,19",3,346,2.8344132900238037
V_new,4,low,"8,10,17,19",4,381,3.097548723220825
V_new,4,low,"8,10,17,19",5,492,3.6845703125
V_new,4,low,"8,10,17,19",6,12,2.840738534927368
V_new,4,low,"8,10,17,19",7,48,2.5977680683135986
V_new,4,low,"8,10,17,19",8,331,3.1900103092193604
V_new,4,low,"8,10,17,19",9,244,3.5848355293273926
V_new,4,low,"8,10,17,19",10,24,2.541912317276001
V_new,4,low,"8,10,17,19",11,226,3.170626640319824
V_new,4,low,"8,10,17,19",12,491,3.584584951400757
V_new,4,low,"8,10,17,19",13,203,2.9633922576904297
V_new,4,low,"8,10,17,19",14,40,2.787670850753784
V_new,4,low,"8,10,17,19",15,217,3.201465368270874
V_new,4,low,"8,10,17,19",16,151,3.108313798904419
V_new,4,low,"8,10,17,19",17,100,2.9576756954193115
V_new,4,low,"8,10,17,19",18,356,3.6132760047912598
V_new,4,low,"8,10,17,19",19,457,3.3375437259674072
V_new,4,low,"8,10,17,19",20,90,3.1944615840911865
V_new,4,low,"8,10,17,19",21,511,3.172149658203125
V_new,4,low,"8,10,17,19",22,33,3.096867084503174
V_new,4,low,"8,10,17,19",23,279,3.5049500465393066
V_new,4,low,"8,10,17,19",24,505,3.2224061489105225
V_new,4,low,"8,10,17,19",25,464,3.4209203720092773
V_new,4,low,"8,10,17,19",26,149,2.689411163330078
V_new,4,low,"8,10,17,19",27,116,3.1633758544921875
V_new,4,low,"8,10,17,19",28,150,3.010852336883545
V_new,4,low,"8,10,17,19",29,445,3.469388008117676
V_new,4,low,"8,10,17,19",30,339,3.0392184257507324
V_new,4,low,"8,10,17,19",31,276,3.300153970718384
V_new,4,low,"8,10,17,19",32,115,2.920994997024536
V_new,4,low,"8,10,17,19",33,289,3.0085644721984863
V_new,4,low,"8,10,17,19",34,83,3.2070183753967285
V_new,4,low,"8,10,17,19",35,128,2.770658254623413
V_new,4,low,"8,10,17,19",36,211,2.8667118549346924
V_new,4,low,"8,10,17,19",37,53,2.8658602237701416
V_new,4,low,"8,10,17,19",38,456,3.365939140319824
V_new,4,low,"8,10,17,19",39,131,2.7285735607147217
V_new,4,low,"8,10,17,19",40,199,3.141026735305786
V_new,4,low,"8,10,17,19",41,264,3.480738401412964
V_new,4,low,"8,10,17,19",42,231,3.242828130722046
V_new,4,low,"8,10,17,19",43,201,3.214005470275879
V_new,4,low,"8,10,17,19",44,102,3.025745391845703
V_new,4,low,"8,10,17,19",45,265,3.3717823028564453
V_new,4,low,"8,10,17,19",46,245,2.9984238147735596
V_new,4,low,"8,10,17,19",47,488,2.7493503093719482
V_new,4,low,"8,10,17,19",48,437,2.7978549003601074
V_new,4,low,"8,10,17,19",49,515,3.4383010864257812
V_new,4,low,"8,10,17,19",50,195,3.240354537963867
V_new,4,low,"8,10,17,19",51,443,3.586552619934082
V_new,4,low,"8,10,17,19",52,187,3.1139261722564697
V_new,4,low,"8,10,17,19",53,29,2.4556820392608643
V_new,4,low,"8,10,17,19",54,125,3.5956761837005615
V_new,4,low,"8,10,17,19",55,192,3.3379766941070557
V_new,4,low,"8,10,17,19",56,299,3.329634666442871
V_new,4,low,"8,10,17,19",57,98,3.1720564365386963
V_new,4,low,"8,10,17,19",58,436,2.146188974380493
V_new,4,low,"8,10,17,19",59,73,3.1025874614715576
V_new,4,low,"8,10,17,19",60,364,3.462336778640747
V_new,4,low,"8,10,17,19",61,527,3.13938307762146
V_new,4,low,"8,10,17,19",62,476,3.5029783248901367
V_new,4,low,"8,10,17,19",63,218,3.345254421234131
V_new,4,low,"8,12,17,24",0,275,3.360870122909546
V_new,4,low,"8,12,17,24",1,251,2.8957924842834473
V_new,4,low,"8,12,17,24",2,27,2.658159017562866
V_new,4,low,"8,12,17,24",3,346,2.963007688522339
V_new,4,low,"8,12,17,24",4,381,3.2255873680114746
V_new,4,low,"8,12,17,24",5,492,3.7265751361846924
V_new,4,low,"8,12,17,24",6,12,2.829864978790283
V_new,4,low,"8,12,17,24",7,48,2.4935171604156494
V_new,4,low,"8,12,17,24",8,331,3.152454137802124
V_new,4,low,"8,12,17,24",9,244,3.6650280952453613
V_new,4,low,"8,12,17,24",10,24,2.4742369651794434
V_new,4,low,"8,12,17,24",11,226,3.238579750061035
V_new,4,low,"8,12,17,24",12,491,3.7080750465393066
V_new,4,low,"8,12,17,24",13,203,2.8844621181488037
V_new,4,low,"8,12,17,24",14,40,2.736443281173706
V_new,4,low,"8,12,17,24",15,217,3.124850034713745
V_new,4,low,"8,12,17,24",16,151,3.16668438911438
V_new,4,low,"8,12,17,24",17,100,2.919241428375244
V_new,4,low,"8,12,17,24",18,356,3.605839490890503
V_new,4,low,"8,12,17,24",19,457,3.413271188735962
V_new,4,low,"8,12,17,24",20,90,3.2797555923461914
V_new,4,low,"8,12,17,24",21,511,3.297318696975708
V_new,4,low,"8,12,17,24",22,33,3.072740316390991
V_new,4,low,"8,12,17,24",23,279,3.5550777912139893
V_new,4,low,"8,12,17,24",24,505,3.2819223403930664
V_new,4,low,"8,12,17,24",25,464,3.398864507675171
V_new,4,low,"8,12,17,24",26,149,2.753278970718384
V_new,4,low,"8,12,17,24",27,116,3.260901689529419
V_new,4,low,"8,12,17,24",28,150,3.125708818435669
V_new,4,low,"8,12,17,24",29,445,3.4667484760284424
V_new,4,low,"8,12,17,24",30,339,3.177846670150757
V_new,4,low,"8,12,17,24",31,276,3.4516537189483643
V_new,4,low,"8,12,17,24",32,115,2.9643421173095703
V_new,4,low,"8,12,17,24",33,289,3.037885904312134
V_new,4,low,"8,12,17,24",34,83,3.2100346088409424
V_new,4,low,"8,12,17,24",35,128,2.8910396099090576
V_new,4,low,"8,12,17,24",36,211,2.896977663040161
V_new,4,low,"8,12,17,24",37,53,2.9412858486175537
V_new,4,low,"8,12,17,24",38,456,3.3014259338378906
V_new,4,low,"8,12,17,24",39,131,2.687680959701538
V_new,4,low,"8,12,17,24",40,199,3.2829856872558594
V_new,4,low,"8,12,17,24",41,264,3.615598201751709
V_new,4,low,"8,12,17,24",42,231,3.318840503692627
V_new,4,low,"8,12,17,24",43,201,3.2703051567077637
V_new,4,low,"8,12,17,24",44,102,3.0736796855926514
V_new,4,low,"8,12,17,24",45,265,3.548330545425415
V_new,4,low,"8,12,17,24",46,245,3.0214104652404785
V_new,4,low,"8,12,17,24",47,488,2.6377062797546387
V_new,4,low,"8,12,17,24",48,437,2.7066853046417236
V_new,4,low,"8,12,17,24",49,515,3.4068233966827393
V_new,4,low,"8,12,17,24",50,195,3.2536232471466064
V_new,4,low,"8,12,17,24",51,443,3.634556770324707
V_new,4,low,"8,12,17,24",52,187,3.1518585681915283
V_new,4,low,"8,12,17,24",53,29,2.2956912517547607
V_new,4,low,"8,12,17,24",54,125,3.5392916202545166
V_new,4,low,"8,12,17,24",55,192,3.3781731128692627
V_new,4,low,"8,12,17,24",56,299,3.2839972972869873
V_new,4,low,"8,12,17,24",57,98,3.2012312412261963
V_new,4,low,"8,12,17,24",58,436,1.981024146080017
V_new,4,low,"8,12,17,24",59,73,3.102459669113159
V_new,4,low,"8,12,17,24",60,364,3.4949848651885986
V_new,4,low,"8,12,17,24",61,527,3.254295587539673
V_new,4,low,"8,12,17,24",62,476,3.5541512966156006
V_new,4,low,"8,12,17,24",63,218,3.4385359287261963
V_new,4,low,"10,12,19,21",0,275,3.396606206893921
V_new,4,low,"10,12,19,21",1,251,3.018164873123169
V_new,4,low,"10,12,19,21",2,27,2.796694278717041
V_new,4,low,"10,12,19,21",3,346,3.2007250785827637
V_new,4,low,"10,12,19,21",4,381,3.4167749881744385
V_new,4,low,"10,12,19,21",5,492,3.869985342025757
V_new,4,low,"10,12,19,21",6,12,3.1152291297912598
V_new,4,low,"10,12,19,21",7,48,2.6522653102874756
V_new,4,low,"10,12,19,21",8,331,3.4632673263549805
V_new,4,low,"10,12,19,21",9,244,3.8458611965179443
V_new,4,low,"10,12,19,21",10,24,2.7594823837280273
V_new,4,low,"10,12,19,21",11,226,3.295602321624756
V_new,4,low,"10,12,19,21",12,491,3.9389572143554688
V_new,4,low,"10,12,19,21",13,203,3.1794416904449463
V_new,4,low,"10,12,19,21",14,40,2.884514331817627
V_new,4,low,"10,12,19,21",15,217,3.3253960609436035
V_new,4,low,"10,12,19,21",16,151,3.2359490394592285
V_new,4,low,"10,12,19,21",17,100,3.1039295196533203
V_new,4,low,"10,12,19,21",18,356,3.776726484298706
V_new,4,low,"10,12,19,21",19,457,3.463966131210327
V_new,4,low,"10,12,19,21",20,90,3.3271970748901367
V_new,4,low,"10,12,19,21",21,511,3.34916353225708
V_new,4,low,"10,12,19,21",22,33,3.1611328125
V_new,4,low,"10,12,19,21",23,279,3.628351926803589
V_new,4,low,"10,12,19,21",24,505,3.5197229385375977
V_new,4,low,"10,12,19,21",25,464,3.617492914199829
V_new,4,low,"10,12,19,21",26,149,2.913031816482544
V_new,4,low,"10,12,19,21",27,116,3.3458328247070312
V_new,4,low,"10,12,19,21",28,150,3.1768834590911865
V_new,4,low,"10,12,19,21",29,445,3.620121955871582
V_new,4,low,"10,12,19,21",30,339,3.255918025970459
V_new,4,low,"10,12,19,21",31,276,3.3126108646392822
V_new,4,low,"10,12,19,21",32,115,3.053201198577881
V_new,4,low,"10,12,19,21",33,289,3.147697925567627
V_new,4,low,"10,12,19,21",34,83,3.361252784729004
V_new,4,low,"10,12,19,21",35,128,2.966433525085449
V_new,4,low,"10,12,19,21",36,211,2.953355312347412
V_new,4,low,"10,12,19,21",37,53,3.0179762840270996
V_new,4,low,"10,12,19,21",38,456,3.6214351654052734
V_new,4,low,"10,12,19,21",39,131,3.0382001399993896
V_new,4,low,"10,12,19,21",40,199,3.3553900718688965
V_new,4,low,"10,12,19,21",41,264,3.6142725944519043
V_new,4,low,"10,12,19,21",42,231,3.4816479682922363
V_new,4,low,"10,12,19,21",43,201,3.537919282913208
V_new,4,low,"10,12,19,21",44,102,3.0682919025421143
V_new,4,low,"10,12,19,21",45,265,3.410590887069702
V_new,4,low,"10,12,19,21",46,245,3.181766986846924
V_new,4,low,"10,12,19,21",47,488,3.0101335048675537
V_new,4,low,"10,12,19,21",48,437,2.9794654846191406
V_new,4,low,"10,12,19,21",49,515,3.7480878829956055
V_new,4,low,"10,12,19,21",50,195,3.36674427986145
V_new,4,low,"10,12,19,21",51,443,3.832390546798706
V_new,4,low,"10,12,19,21",52,187,3.134005069732666
V_new,4,low,"10,12,19,21",53,29,2.603161334991455
V_new,4,low,"10,12,19,21",54,125,3.680922508239746
V_new,4,low,"10,12,19,21",55,192,3.4793057441711426
V_new,4,low,"10,12,19,21",56,299,3.3903679847717285
V_new,4,low,"10,12,19,21",57,98,3.1077964305877686
V_new,4,low,"10,12,19,21",58,436,2.4443349838256836
V_new,4,low,"10,12,19,21",59,73,3.2294797897338867
V_new,4,low,"10,12,19,21",60,364,3.6419460773468018
V_new,4,low,"10,12,19,21",61,527,3.3099172115325928
V_new,4,low,"10,12,19,21",62,476,3.6273396015167236
V_new,4,low,"10,12,19,21",63,218,3.4169318675994873
V_new,4,low,"10,12,19,24",0,275,3.3876936435699463
V_new,4,low,"10,12,19,24",1,251,2.897814989089966
V_new,4,low,"10,12,19,24",2,27,2.6544291973114014
V_new,4,low,"10,12,19,24",3,346,3.001332998275757
V_new,4,low,"10,12,19,24",4,381,3.24019193649292
V_new,4,low,"10,12,19,24",5,492,3.733643054962158
V_new,4,low,"10,12,19,24",6,12,2.9084832668304443
V_new,4,low,"10,12,19,24",7,48,2.5802175998687744
V_new,4,low,"10,12,19,24",8,331,3.3523261547088623
V_new,4,low,"10,12,19,24",9,244,3.702561616897583
V_new,4,low,"10,12,19,24",10,24,2.5840835571289062
V_new,4,low,"10,12,19,24",11,226,3.2461581230163574
V_new,4,low,"10,12,19,24",12,491,3.75237774848938
V_new,4,low,"10,12,19,24",13,203,2.90218186378479
V_new,4,low,"10,12,19,24",14,40,2.761916399002075
V_new,4,low,"10,12,19,24",15,217,3.1928040981292725
V_new,4,low,"10,12,19,24",16,151,3.08587384223938
V_new,4,low,"10,12,19,24",17,100,2.979536294937134
V_new,4,low,"10,12,19,24",18,356,3.6977152824401855
V_new,4,low,"10,12,19,24",19,457,3.25797700881958
V_new,4,low,"10,12,19,24",20,90,3.2131571769714355
V_new,4,low,"10,12,19,24",21,511,3.217224359512329
V_new,4,low,"10,12,19,24",22,33,3.0232036113739014
V_new,4,low,"10,12,19,24",23,279,3.5972445011138916
V_new,4,low,"10,12,19,24",24,505,3.3250179290771484
V_new,4,low,"10,12,19,24",25,464,3.457763433456421
V_new,4,low,"10,12,19,24",26,149,2.776834487915039
V_new,4,low,"10,12,19,24",27,116,3.282104969024658
V_new,4,low,"10,12,19,24",28,150,3.065286636352539
V_new,4,low,"10,12,19,24",29,445,3.535710573196411
V_new,4,low,"10,12,19,24",30,339,3.2022759914398193
V_new,4,low,"10,12,19,24",31,276,3.2466254234313965
V_new,4,low,"10,12,19,24",32,115,2.9789509773254395
V_new,4,low,"10,12,19,24",33,289,2.965677499771118
V_new,4,low,"10,12,19,24",34,83,3.2014575004577637
V_new,4,low,"10,12,19,24",35,128,2.884830951690674
V_new,4,low,"10,12,19,24",36,211,2.910360813140869
V_new,4,low,"10,12,19,24",37,53,2.8853695392608643
V_new,4,low,"10,12,19,24",38,456,3.4036781787872314
V_new,4,low,"10,12,19,24",39,131,2.774878978729248
V_new,4,low,"10,12,19,24",40,199,3.2746357917785645
V_new,4,low,"10,12,19,24",41,264,3.4211483001708984
V_new,4,low,"10,12,19,24",42,231,3.280937433242798
V_new,4,low,"10,12,19,24",43,201,3.2873282432556152
V_new,4,low,"10,12,19,24",44,102,2.9950180053710938
V_new,4,low,"10,12,19,24",45,265,3.333418607711792
V_new,4,low,"10,12,19,24",46,245,3.0376803874969482
V_new,4,low,"10,12,19,24",47,488,2.7810354232788086
V_new,4,low,"10,12,19,24",48,437,2.731954574584961
V_new,4,low,"10,12,19,24",49,515,3.5103862285614014
V_new,4,low,"10,12,19,24",50,195,3.2568936347961426
V_new,4,low,"10,12,19,24",51,443,3.646852731704712
V_new,4,low,"10,12,19,24",52,187,3.156296968460083
V_new,4,low,"10,12,19,24",53,29,2.3859918117523193
V_new,4,low,"10,12,19,24",54,125,3.562000274658203
V_new,4,low,"10,12,19,24",55,192,3.3471975326538086
V_new,4,low,"10,12,19,24",56,299,3.2820889949798584
V_new,4,low,"10,12,19,24",57,98,3.0743253231048584
V_new,4,low,"10,12,19,24",58,436,2.092524290084839
V_new,4,low,"10,12,19,24",59,73,3.1593523025512695
V_new,4,low,"10,12,19,24",60,364,3.5077552795410156
V_new,4,low,"10,12,19,24",61,527,3.207064390182495
V_new,4,low,"10,12,19,24",62,476,3.462124824523926
V_new,4,low,"10,12,19,24",63,218,3.3690547943115234
V_new,4,low,"12,15,17,21",0,275,3.1915931701660156
V_new,4,low,"12,15,17,21",1,251,2.7804460525512695
V_new,4,low,"12,15,17,21",2,27,2.593872308731079
V_new,4,low,"12,15,17,21",3,346,2.8541066646575928
V_new,4,low,"12,15,17,21",4,381,3.2204692363739014
V_new,4,low,"12,15,17,21",5,492,3.6466894149780273
V_new,4,low,"12,15,17,21",6,12,2.795469284057617
V_new,4,low,"12,15,17,21",7,48,2.4813718795776367
V_new,4,low,"12,15,17,21",8,331,3.1812379360198975
V_new,4,low,"12,15,17,21",9,244,3.5894250869750977
V_new,4,low,"12,15,17,21",10,24,2.503509759902954
V_new,4,low,"12,15,17,21",11,226,3.124333143234253
V_new,4,low,"12,15,17,21",12,491,3.636397361755371
V_new,4,low,"12,15,17,21",13,203,2.824298620223999
V_new,4,low,"12,15,17,21",14,40,2.661160945892334
V_new,4,low,"12,15,17,21",15,217,3.1089932918548584
V_new,4,low,"12,15,17,21",16,151,2.9982571601867676
V_new,4,low,"12,15,17,21",17,100,2.879659652709961
V_new,4,low,"12,15,17,21",18,356,3.731905221939087
V_new,4,low,"12,15,17,21",19,457,3.271188974380493
V_new,4,low,"12,15,17,21",20,90,3.098581552505493
V_new,4,low,"12,15,17,21",21,511,3.22253680229187
V_new,4,low,"12,15,17,21",22,33,3.021022319793701
V_new,4,low,"12,15,17,21",23,279,3.398500919342041
V_new,4,low,"12,15,17,21",24,505,3.166288137435913
V_new,4,low,"12,15,17,21",25,464,3.4275121688842773
V_new,4,low,"12,15,17,21",26,149,2.584907054901123
V_new,4,low,"12,15,17,21",27,116,3.1418380737304688
V_new,4,low,"12,15,17,21",28,150,3.0563127994537354
V_new,4,low,"12,15,17,21",29,445,3.4146759510040283
V_new,4,low,"12,15,17,21",30,339,3.019418239593506
V_new,4,low,"12,15,17,21",31,276,3.187790870666504
V_new,4,low,"12,15,17,21",32,115,2.807485580444336
V_new,4,low,"12,15,17,21",33,289,3.011683225631714
V_new,4,low,"12,15,17,21",34,83,3.11844539642334
V_new,4,low,"12,15,17,21",35,128,2.7771084308624268
V_new,4,low,"12,15,17,21",36,211,2.789794921875
V_new,4,low,"12,15,17,21",37,53,2.8476157188415527
V_new,4,low,"12,15,17,21",38,456,3.3255090713500977
V_new,4,low,"12,15,17,21",39,131,2.758106231689453
V_new,4,low,"12,15,17,21",40,199,3.1204142570495605
V_new,4,low,"12,15,17,21",41,264,3.3801331520080566
V_new,4,low,"12,15,17,21",42,231,3.211799383163452
V_new,4,low,"12,15,17,21",43,201,3.1146976947784424
V_new,4,low,"12,15,17,21",44,102,2.9366235733032227
V_new,4,low,"12,15,17,21",45,265,3.196650743484497
V_new,4,low,"12,15,17,21",46,245,3.0506484508514404
V_new,4,low,"12,15,17,21",47,488,2.6967506408691406
V_new,4,low,"12,15,17,21",48,437,2.6991498470306396
V_new,4,low,"12,15,17,21",49,515,3.4591500759124756
V_new,4,low,"12,15,17,21",50,195,3.0707194805145264
V_new,4,low,"12,15,17,21",51,443,3.5812737941741943
V_new,4,low,"12,15,17,21",52,187,2.8293614387512207
V_new,4,low,"12,15,17,21",53,29,2.25551176071167
V_new,4,low,"12,15,17,21",54,125,3.554576873779297
V_new,4,low,"12,15,17,21",55,192,3.2173409461975098
V_new,4,low,"12,15,17,21",56,299,3.1467366218566895
V_new,4,low,"12,15,17,21",57,98,3.0096795558929443
V_new,4,low,"12,15,17,21",58,436,2.095902919769287
V_new,4,low,"12,15,17,21",59,73,3.087832450866699
V_new,4,low,"12,15,17,21",60,364,3.364271879196167
V_new,4,low,"12,15,17,21",61,527,3.137279510498047
V_new,4,low,"12,15,17,21",62,476,3.536041498184204
V_new,4,low,"12,15,17,21",63,218,3.2664692401885986
V_new,4,low,"12,15,17,24",0,275,3.212498426437378
V_new,4,low,"12,15,17,24",1,251,2.757150173187256
V_new,4,low,"12,15,17,24",2,27,2.508479595184326
V_new,4,low,"12,15,17,24",3,346,2.768669366836548
V_new,4,low,"12,15,17,24",4,381,3.081820249557495
V_new,4,low,"12,15,17,24",5,492,3.572537660598755
V_new,4,low,"12,15,17,24",6,12,2.7315385341644287
V_new,4,low,"12,15,17,24",7,48,2.3919808864593506
V_new,4,low,"12,15,17,24",8,331,3.048793315887451
V_new,4,low,"12,15,17,24",9,244,3.4946484565734863
V_new,4,low,"12,15,17,24",10,24,2.395143747329712
V_new,4,low,"12,15,17,24",11,226,3.073633909225464
V_new,4,low,"12,15,17,24",12,491,3.5503969192504883
V_new,4,low,"12,15,17,24",13,203,2.749314308166504
V_new,4,low,"12,15,17,24",14,40,2.6008381843566895
V_new,4,low,"12,15,17,24",15,217,2.9870352745056152
V_new,4,low,"12,15,17,24",16,151,3.00447416305542
V_new,4,low,"12,15,17,24",17,100,2.7642221450805664
V_new,4,low,"12,15,17,24",18,356,3.5281319618225098
V_new,4,low,"12,15,17,24",19,457,3.1098077297210693
V_new,4,low,"12,15,17,24",20,90,3.0221989154815674
V_new,4,low,"12,15,17,24",21,511,3.1048433780670166
V_new,4,low,"12,15,17,24",22,33,2.9368059635162354
V_new,4,low,"12,15,17,24",23,279,3.391693353652954
V_new,4,low,"12,15,17,24",24,505,3.0847673416137695
V_new,4,low,"12,15,17,24",25,464,3.322225570678711
V_new,4,low,"12,15,17,24",26,149,2.601513385772705
V_new,4,low,"12,15,17,24",27,116,3.120004177093506
V_new,4,low,"12,15,17,24",28,150,2.982942581176758
V_new,4,low,"12,15,17,24",29,445,3.3619682788848877
V_new,4,low,"12,15,17,24",30,339,2.9675145149230957
V_new,4,low,"12,15,17,24",31,276,3.147226333618164
V_new,4,low,"12,15,17,24",32,115,2.8116419315338135
V_new,4,low,"12,15,17,24",33,289,2.9102323055267334
V_new,4,low,"12,15,17,24",34,83,3.0266671180725098
V_new,4,low,"12,15,17,24",35,128,2.7679073810577393
V_new,4,low,"12,15,17,24",36,211,2.738185405731201
V_new,4,low,"12,15,17,24",37,53,2.7804667949676514
V_new,4,low,"12,15,17,24",38,456,3.2438108921051025
V_new,4,low,"12,15,17,24",39,131,2.603510856628418
V_new,4,low,"12,15,17,24",40,199,3.0650293827056885
V_new,4,low,"12,15,17,24",41,264,3.2869985103607178
V_new,4,low,"12,15,17,24",42,231,3.1418848037719727
V_new,4,low,"12,15,17,24",43,201,3.024251699447632
V_new,4,low,"12,15,17,24",44,102,2.9477269649505615
V_new,4,low,"12,15,17,24",45,265,3.1956520080566406
V_new,4,low,"12,15,17,24",46,245,2.938903331756592
V_new,4,low,"12,15,17,24",47,488,2.494717597961426
V_new,4,low,"12,15,17,24",48,437,2.642183542251587
V_new,4,low,"12,15,17,24",49,515,3.279350519180298
V_new,4,low,"12,15,17,24",50,195,3.062842607498169
V_new,4,low,"12,15,17,24",51,443,3.4907445907592773
V_new,4,low,"12,15,17,24",52,187,2.9180245399475098
V_new,4,low,"12,15,17,24",53,29,2.2011241912841797
V_new,4,low,"12,15,17,24",54,125,3.410926342010498
V_new,4,low,"12,15,17,24",55,192,3.1182501316070557
V_new,4,low,"12,15,17,24",56,299,3.132337808609009
V_new,4,low,"12,15,17,24",57,98,3.0031626224517822
V_new,4,low,"12,15,17,24",58,436,1.886434555053711
V_new,4,low,"12,15,17,24",59,73,2.974111318588257
V_new,4,low,"12,15,17,24",60,364,3.3081395626068115
V_new,4,low,"12,15,17,24",61,527,3.099825859069824
V_new,4,low,"12,15,17,24",62,476,3.4104835987091064
V_new,4,low,"12,15,17,24",63,218,3.1793127059936523
V_new,6,global,"1,3,6,8,12,17",0,275,6.834352016448975
V_new,6,global,"1,3,6,8,12,17",1,251,6.418595314025879
V_new,6,global,"1,3,6,8,12,17",2,27,7.0026164054870605
V_new,6,global,"1,3,6,8,12,17",3,346,8.745478630065918
V_new,6,global,"1,3,6,8,12,17",4,381,7.716187000274658
V_new,6,global,"1,3,6,8,12,17",5,492,10.585357666015625
V_new,6,global,"1,3,6,8,12,17",6,12,6.151622772216797
V_new,6,global,"1,3,6,8,12,17",7,48,6.368051052093506
V_new,6,global,"1,3,6,8,12,17",8,331,7.506706714630127
V_new,6,global,"1,3,6,8,12,17",9,244,8.720342636108398
V_new,6,global,"1,3,6,8,12,17",10,24,6.646352767944336
V_new,6,global,"1,3,6,8,12,17",11,226,8.591694831848145
V_new,6,global,"1,3,6,8,12,17",12,491,6.738107681274414
V_new,6,global,"1,3,6,8,12,17",13,203,9.55949592590332
V_new,6,global,"1,3,6,8,12,17",14,40,13.89345932006836
V_new,6,global,"1,3,6,8,12,17",15,217,8.362237930297852
V_new,6,global,"1,3,6,8,12,17",16,151,11.971819877624512
V_new,6,global,"1,3,6,8,12,17",17,100,7.196151256561279
V_new,6,global,"1,3,6,8,12,17",18,356,7.203344345092773
V_new,6,global,"1,3,6,8,12,17",19,457,7.794059753417969
V_new,6,global,"1,3,6,8,12,17",20,90,6.571698188781738
V_new,6,global,"1,3,6,8,12,17",21,511,6.359058856964111
V_new,6,global,"1,3,6,8,12,17",22,33,6.767568588256836
V_new,6,global,"1,3,6,8,12,17",23,279,7.283077716827393
V_new,6,global,"1,3,6,8,12,17",24,505,7.1796555519104
V_new,6,global,"1,3,6,8,12,17",25,464,7.67907190322876
V_new,6,global,"1,3,6,8,12,17",26,149,6.125253677368164
V_new,6,global,"1,3,6,8,12,17",27,116,8.042500495910645
V_new,6,global,"1,3,6,8,12,17",28,150,6.826684474945068
V_new,6,global,"1,3,6,8,12,17",29,445,7.517087459564209
V_new,6,global,"1,3,6,8,12,17",30,339,6.8017168045043945
V_new,6,global,"1,3,6,8,12,17",31,276,6.975569248199463
V_new,6,global,"1,3,6,8,12,17",32,115,9.21603012084961
V_new,6,global,"1,3,6,8,12,17",33,289,9.379709243774414
V_new,6,global,"1,3,6,8,12,17",34,83,7.561234951019287
V_new,6,global,"1,3,6,8,12,17",35,128,5.534508228302002
V_new,6,global,"1,3,6,8,12,17",36,211,8.792920112609863
V_new,6,global,"1,3,6,8,12,17",37,53,6.627232074737549
V_new,6,global,"1,3,6,8,12,17",38,456,7.301694869995117
V_new,6,global,"1,3,6,8,12,17",39,131,6.866849899291992
V_new,6,global,"1,3,6,8,12,17",40,199,10.975502014160156
V_new,6,global,"1,3,6,8,12,17",41,264,9.572505950927734
V_new,6,global,"1,3,6,8,12,17",42,231,7.491783142089844
V_new,6,global,"1,3,6,8,12,17",43,201,8.046757698059082
V_new,6,global,"1,3,6,8,12,17",44,102,6.567383289337158
V_new,6,global,"1,3,6,8,12,17",45,265,8.547699928283691
V_new,6,global,"1,3,6,8,12,17",46,245,8.949885368347168
V_new,6,global,"1,3,6,8,12,17",47,488,8.049090385437012
V_new,6,global,"1,3,6,8,12,17",48,437,6.750075340270996
V_new,6,global,"1,3,6,8,12,17",49,515,7.499495506286621
V_new,6,global,"1,3,6,8,12,17",50,195,10.370526313781738
V_new,6,global,"1,3,6,8,12,17",51,443,6.449912071228027
V_new,6,global,"1,3,6,8,12,17",52,187,6.963235378265381
V_new,6,global,"1,3,6,8,12,17",53,29,6.306621551513672
V_new,6,global,"1,3,6,8,12,17",54,125,7.091431617736816
V_new,6,global,"1,3,6,8,12,17",55,192,6.493224143981934
V_new,6,global,"1,3,6,8,12,17",56,299,11.772047996520996
V_new,6,global,"1,3,6,8,12,17",57,98,6.535069942474365
V_new,6,global,"1,3,6,8,12,17",58,436,4.504232883453369
V_new,6,global,"1,3,6,8,12,17",59,73,7.509134769439697
V_new,6,global,"1,3,6,8,12,17",60,364,7.714841842651367
V_new,6,global,"1,3,6,8,12,17",61,527,6.798022747039795
V_new,6,global,"1,3,6,8,12,17",62,476,8.758075714111328
V_new,6,global,"1,3,6,8,12,17",63,218,7.59343147277832
V_new,6,global,"1,3,6,8,12,19",0,275,7.282807350158691
V_new,6,global,"1,3,6,8,12,19",1,251,6.888593673706055
V_new,6,global,"1,3,6,8,12,19",2,27,7.220413684844971
V_new,6,global,"1,3,6,8,12,19",3,346,9.131265640258789
V_new,6,global,"1,3,6,8,12,19",4,381,8.67090129852295
V_new,6,global,"1,3,6,8,12,19",5,492,8.181939125061035
V_new,6,global,"1,3,6,8,12,19",6,12,6.717291831970215
V_new,6,global,"1,3,6,8,12,19",7,48,6.409120559692383
V_new,6,global,"1,3,6,8,12,19",8,331,8.017276763916016
V_new,6,global,"1,3,6,8,12,19",9,244,8.937234878540039
V_new,6,global,"1,3,6,8,12,19",10,24,7.361293792724609
V_new,6,global,"1,3,6,8,12,19",11,226,9.172273635864258
V_new,6,global,"1,3,6,8,12,19",12,491,7.13806676864624
V_new,6,global,"1,3,6,8,12,19",13,203,9.621378898620605
V_new,6,global,"1,3,6,8,12,19",14,40,15.923635482788086
V_new,6,global,"1,3,6,8,12,19",15,217,8.575242042541504
V_new,6,global,"1,3,6,8,12,19",16,151,12.858226776123047
V_new,6,global,"1,3,6,8,12,19",17,100,7.509231090545654
V_new,6,global,"1,3,6,8,12,19",18,356,7.553839683532715
V_new,6,global,"1,3,6,8,12,19",19,457,8.894341468811035
V_new,6,global,"1,3,6,8,12,19",20,90,7.259988307952881
V_new,6,global,"1,3,6,8,12,19",21,511,6.812654495239258
V_new,6,global,"1,3,6,8,12,19",22,33,6.8270039558410645
V_new,6,global,"1,3,6,8,12,19",23,279,8.166576385498047
V_new,6,global,"1,3,6,8,12,19",24,505,7.839532375335693
V_new,6,global,"1,3,6,8,12,19",25,464,8.47551155090332
V_new,6,global,"1,3,6,8,12,19",26,149,6.692402362823486
V_new,6,global,"1,3,6,8,12,19",27,116,9.737879753112793
V_new,6,global,"1,3,6,8,12,19",28,150,7.740367412567139
V_new,6,global,"1,3,6,8,12,19",29,445,8.331066131591797
V_new,6,global,"1,3,6,8,12,19",30,339,7.036738872528076
V_new,6,global,"1,3,6,8,12,19",31,276,7.884150981903076
V_new,6,global,"1,3,6,8,12,19",32,115,9.650130271911621
V_new,6,global,"1,3,6,8,12,19",33,289,9.630391120910645
V_new,6,global,"1,3,6,8,12,19",34,83,8.391663551330566
V_new,6,global,"1,3,6,8,12,19",35,128,6.201866626739502
V_new,6,global,"1,3,6,8,12,19",36,211,9.793828010559082
V_new,6,global,"1,3,6,8,12,19",37,53,7.059161186218262
V_new,6,global,"1,3,6,8,12,19",38,456,8.253453254699707
V_new,6,global,"1,3,6,8,12,19",39,131,7.236757278442383
V_new,6,global,"1,3,6,8,12,19",40,199,11.093060493469238
V_new,6,global,"1,3,6,8,12,19",41,264,10.241401672363281
V_new,6,global,"1,3,6,8,12,19",42,231,8.002185821533203
V_new,6,global,"1,3,6,8,12,19",43,201,8.552144050598145
V_new,6,global,"1,3,6,8,12,19",44,102,6.86556339263916
V_new,6,global,"1,3,6,8,12,19",45,265,8.921284675598145
V_new,6,global,"1,3,6,8,12,19",46,245,9.641264915466309
V_new,6,global,"1,3,6,8,12,19",47,488,9.11663818359375
V_new,6,global,"1,3,6,8,12,19",48,437,7.8618645668029785
V_new,6,global,"1,3,6,8,12,19",49,515,7.783712387084961
V_new,6,global,"1,3,6,8,12,19",50,195,10.927201271057129
V_new,6,global,"1,3,6,8,12,19",51,443,6.550503253936768
V_new,6,global,"1,3,6,8,12,19",52,187,7.565427303314209
V_new,6,global,"1,3,6,8,12,19",53,29,6.37852668762207
V_new,6,global,"1,3,6,8,12,19",54,125,7.483799934387207
V_new,6,global,"1,3,6,8,12,19",55,192,7.318207263946533
V_new,6,global,"1,3,6,8,12,19",56,299,12.227853775024414
V_new,6,global,"1,3,6,8,12,19",57,98,7.076684474945068
V_new,6,global,"1,3,6,8,12,19",58,436,5.322449207305908
V_new,6,global,"1,3,6,8,12,19",59,73,8.245375633239746
V_new,6,global,"1,3,6,8,12,19",60,364,8.634592056274414
V_new,6,global,"1,3,6,8,12,19",61,527,7.155812740325928
V_new,6,global,"1,3,6,8,12,19",62,476,8.798004150390625
V_new,6,global,"1,3,6,8,12,19",63,218,8.170856475830078
V_new,6,global,"1,3,12,17,24,26",0,275,6.670951843261719
V_new,6,global,"1,3,12,17,24,26",1,251,6.5238447189331055
V_new,6,global,"1,3,12,17,24,26",2,27,5.697735786437988
V_new,6,global,"1,3,12,17,24,26",3,346,5.477123260498047
V_new,6,global,"1,3,12,17,24,26",4,381,6.158260822296143
V_new,6,global,"1,3,12,17,24,26",5,492,7.134819984436035
V_new,6,global,"1,3,12,17,24,26",6,12,6.464815139770508
V_new,6,global,"1,3,12,17,24,26",7,48,4.8696794509887695
V_new,6,global,"1,3,12,17,24,26",8,331,7.176351070404053
V_new,6,global,"1,3,12,17,24,26",9,244,8.11915397644043
V_new,6,global,"1,3,12,17,24,26",10,24,5.582891941070557
V_new,6,global,"1,3,12,17,24,26",11,226,6.892809867858887
V_new,6,global,"1,3,12,17,24,26",12,491,6.138161659240723
V_new,6,global,"1,3,12,17,24,26",13,203,7.1824727058410645
V_new,6,global,"1,3,12,17,24,26",14,40,7.354046821594238
V_new,6,global,"1,3,12,17,24,26",15,217,6.347499370574951
V_new,6,global,"1,3,12,17,24,26",16,151,7.46574592590332
V_new,6,global,"1,3,12,17,24,26",17,100,5.930306911468506
V_new,6,global,"1,3,12,17,24,26",18,356,7.3729963302612305
V_new,6,global,"1,3,12,17,24,26",19,457,6.188279151916504
V_new,6,global,"1,3,12,17,24,26",20,90,6.254434585571289
V_new,6,global,"1,3,12,17,24,26",21,511,6.59963321685791
V_new,6,global,"1,3,12,17,24,26",22,33,6.477044105529785
V_new,6,global,"1,3,12,17,24,26",23,279,7.5963263511657715
V_new,6,global,"1,3,12,17,24,26",24,505,6.849835395812988
V_new,6,global,"1,3,12,17,24,26",25,464,7.091777324676514
V_new,6,global,"1,3,12,17,24,26",26,149,5.503296852111816
V_new,6,global,"1,3,12,17,24,26",27,116,7.138263702392578
V_new,6,global,"1,3,12,17,24,26",28,150,5.992118835449219
V_new,6,global,"1,3,12,17,24,26",29,445,6.559790134429932
V_new,6,global,"1,3,12,17,24,26",30,339,5.782236576080322
V_new,6,global,"1,3,12,17,24,26",31,276,6.336811542510986
V_new,6,global,"1,3,12,17,24,26",32,115,6.747768878936768
V_new,6,global,"1,3,12,17,24,26",33,289,6.017999649047852
V_new,6,global,"1,3,12,17,24,26",34,83,6.545029163360596
V_new,6,global,"1,3,12,17,24,26",35,128,5.4759135246276855
V_new,6,global,"1,3,12,17,24,26",36,211,6.983260631561279
V_new,6,global,"1,3,12,17,24,26",37,53,6.713073253631592
V_new,6,global,"1,3,12,17,24,26",38,456,6.783414363861084
V_new,6,global,"1,3,12,17,24,26",39,131,6.098836421966553
V_new,6,global,"1,3,12,17,24,26",40,199,7.6286492347717285
V_new,6,global,"1,3,12,17,24,26",41,264,7.464377403259277
V_new,6,global,"1,3,12,17,24,26",42,231,5.7826828956604
V_new,6,global,"1,3,12,17,24,26",43,201,6.871994495391846
V_new,6,global,"1,3,12,17,24,26",44,102,5.921593189239502
V_new,6,global,"1,3,12,17,24,26",45,265,5.748449802398682
V_new,6,global,"1,3,12,17,24,26",46,245,7.089627742767334
V_new,6,global,"1,3,12,17,24,26",47,488,5.821015357971191
V_new,6,global,"1,3,12,17,24,26",48,437,5.525464057922363
V_new,6,global,"1,3,12,17,24,26",49,515,6.71787166595459
V_new,6,global,"1,3,12,17,24,26",50,195,6.559040069580078
V_new,6,global,"1,3,12,17,24,26",51,443,6.329823970794678
V_new,6,global,"1,3,12,17,24,26",52,187,5.779767036437988
V_new,6,global,"1,3,12,17,24,26",53,29,5.6725897789001465
V_new,6,global,"1,3,12,17,24,26",54,125,6.280004024505615
V_new,6,global,"1,3,12,17,24,26",55,192,6.942452430725098
V_new,6,global,"1,3,12,17,24,26",56,299,7.385159015655518
V_new,6,global,"1,3,12,17,24,26",57,98,6.774537086486816
V_new,6,global,"1,3,12,17,24,26",58,436,4.571693420410156
V_new,6,global,"1,3,12,17,24,26",59,73,6.012659072875977
V_new,6,global,"1,3,12,17,24,26",60,364,8.381879806518555
V_new,6,global,"1,3,12,17,24,26",61,527,6.216226577758789
V_new,6,global,"1,3,12,17,24,26",62,476,6.797998428344727
V_new,6,global,"1,3,12,17,24,26",63,218,6.308694839477539
V_new,6,global,"1,6,8,10,17,24",0,275,10.804402351379395
V_new,6,global,"1,6,8,10,17,24",1,251,8.851264953613281
V_new,6,global,"1,6,8,10,17,24",2,27,5.70524263381958
V_new,6,global,"1,6,8,10,17,24",3,346,5.71509313583374
V_new,6,global,"1,6,8,10,17,24",4,381,11.642477989196777
V_new,6,global,"1,6,8,10,17,24",5,492,10.984415054321289
V_new,6,global,"1,6,8,10,17,24",6,12,6.035964488983154
V_new,6,global,"1,6,8,10,17,24",7,48,4.326194763183594
V_new,6,global,"1,6,8,10,17,24",8,331,10.663650512695312
V_new,6,global,"1,6,8,10,17,24",9,244,7.255765914916992
V_new,6,global,"1,6,8,10,17,24",10,24,5.23530912399292
V_new,6,global,"1,6,8,10,17,24",11,226,7.247918128967285
V_new,6,global,"1,6,8,10,17,24",12,491,6.263563632965088
V_new,6,global,"1,6,8,10,17,24",13,203,9.788830757141113
V_new,6,global,"1,6,8,10,17,24",14,40,7.655482769012451
V_new,6,global,"1,6,8,10,17,24",15,217,6.754083156585693
V_new,6,global,"1,6,8,10,17,24",16,151,8.077597618103027
V_new,6,global,"1,6,8,10,17,24",17,100,5.891738414764404
V_new,6,global,"1,6,8,10,17,24",18,356,8.680416107177734
V_new,6,global,"1,6,8,10,17,24",19,457,5.776707649230957
V_new,6,global,"1,6,8,10,17,24",20,90,6.005804061889648
V_new,6,global,"1,6,8,10,17,24",21,511,6.474456787109375
V_new,6,global,"1,6,8,10,17,24",22,33,6.622981071472168
V_new,6,global,"1,6,8,10,17,24",23,279,7.777904033660889
V_new,6,global,"1,6,8,10,17,24",24,505,6.28834867477417
V_new,6,global,"1,6,8,10,17,24",25,464,7.826015472412109
V_new,6,global,"1,6,8,10,17,24",26,149,5.351438999176025
V_new,6,global,"1,6,8,10,17,24",27,116,6.7003703117370605
V_new,6,global,"1,6,8,10,17,24",28,150,5.65010929107666
V_new,6,global,"1,6,8,10,17,24",29,445,10.333111763000488
V_new,6,global,"1,6,8,10,17,24",30,339,5.753263473510742
V_new,6,global,"1,6,8,10,17,24",31,276,11.364447593688965
V_new,6,global,"1,6,8,10,17,24",32,115,6.815034866333008
V_new,6,global,"1,6,8,10,17,24",33,289,6.736507415771484
V_new,6,global,"1,6,8,10,17,24",34,83,10.33309555053711
V_new,6,global,"1,6,8,10,17,24",35,128,8.342177391052246
V_new,6,global,"1,6,8,10,17,24",36,211,6.746618270874023
V_new,6,global,"1,6,8,10,17,24",37,53,9.11252212524414
V_new,6,global,"1,6,8,10,17,24",38,456,7.293396949768066
V_new,6,global,"1,6,8,10,17,24",39,131,6.294914245605469
V_new,6,global,"1,6,8,10,17,24",40,199,8.055621147155762
V_new,6,global,"1,6,8,10,17,24",41,264,6.310664176940918
V_new,6,global,"1,6,8,10,17,24",42,231,6.090577125549316
V_new,6,global,"1,6,8,10,17,24",43,201,10.624577522277832
V_new,6,global,"1,6,8,10,17,24",44,102,5.737864971160889
V_new,6,global,"1,6,8,10,17,24",45,265,5.817424297332764
V_new,6,global,"1,6,8,10,17,24",46,245,7.094269752502441
V_new,6,global,"1,6,8,10,17,24",47,488,6.150520324707031
V_new,6,global,"1,6,8,10,17,24",48,437,5.96989631652832
V_new,6,global,"1,6,8,10,17,24",49,515,9.073960304260254
V_new,6,global,"1,6,8,10,17,24",50,195,7.360194683074951
V_new,6,global,"1,6,8,10,17,24",51,443,6.019796371459961
V_new,6,global,"1,6,8,10,17,24",52,187,6.001661777496338
V_new,6,global,"1,6,8,10,17,24",53,29,6.33654260635376
V_new,6,global,"1,6,8,10,17,24",54,125,5.778426170349121
V_new,6,global,"1,6,8,10,17,24",55,192,6.831581115722656
V_new,6,global,"1,6,8,10,17,24",56,299,7.450469493865967
V_new,6,global,"1,6,8,10,17,24",57,98,6.187358379364014
V_new,6,global,"1,6,8,10,17,24",58,436,5.399768352508545
V_new,6,global,"1,6,8,10,17,24",59,73,6.3265838623046875
V_new,6,global,"1,6,8,10,17,24",60,364,10.697537422180176
V_new,6,global,"1,6,8,10,17,24",61,527,5.477318286895752
V_new,6,global,"1,6,8,10,17,24",62,476,6.995468616485596
V_new,6,global,"1,6,8,10,17,24",63,218,6.425120830535889
V_new,6,global,"1,6,12,15,19,21",0,275,11.821938514709473
V_new,6,global,"1,6,12,15,19,21",1,251,9.710192680358887
V_new,6,global,"1,6,12,15,19,21",2,27,6.915796756744385
V_new,6,global,"1,6,12,15,19,21",3,346,6.514912128448486
V_new,6,global,"1,6,12,15,19,21",4,381,11.783818244934082
V_new,6,global,"1,6,12,15,19,21",5,492,12.96718692779541
V_new,6,global,"1,6,12,15,19,21",6,12,7.059531211853027
V_new,6,global,"1,6,12,15,19,21",7,48,6.917187213897705
V_new,6,global,"1,6,12,15,19,21",8,331,12.14090347290039
V_new,6,global,"1,6,12,15,19,21",9,244,8.197357177734375
V_new,6,global,"1,6,12,15,19,21",10,24,6.412510395050049
V_new,6,global,"1,6,12,15,19,21",11,226,9.010315895080566
V_new,6,global,"1,6,12,15,19,21",12,491,7.449184417724609
V_new,6,global,"1,6,12,15,19,21",13,203,8.997801780700684
V_new,6,global,"1,6,12,15,19,21",14,40,8.733512878417969
V_new,6,global,"1,6,12,15,19,21",15,217,6.764407634735107
V_new,6,global,"1,6,12,15,19,21",16,151,7.211296558380127
V_new,6,global,"1,6,12,15,19,21",17,100,7.188510417938232
V_new,6,global,"1,6,12,15,19,21",18,356,11.437287330627441
V_new,6,global,"1,6,12,15,19,21",19,457,7.075582981109619
V_new,6,global,"1,6,12,15,19,21",20,90,7.456699371337891
V_new,6,global,"1,6,12,15,19,21",21,511,7.041991233825684
V_new,6,global,"1,6,12,15,19,21",22,33,8.010221481323242
V_new,6,global,"1,6,12,15,19,21",23,279,10.273214340209961
V_new,6,global,"1,6,12,15,19,21",24,505,7.964323997497559
V_new,6,global,"1,6,12,15,19,21",25,464,8.668769836425781
V_new,6,global,"1,6,12,15,19,21",26,149,6.572108745574951
V_new,6,global,"1,6,12,15,19,21",27,116,8.417542457580566
V_new,6,global,"1,6,12,15,19,21",28,150,6.520106315612793
V_new,6,global,"1,6,12,15,19,21",29,445,11.530261993408203
V_new,6,global,"1,6,12,15,19,21",30,339,6.810178756713867
V_new,6,global,"1,6,12,15,19,21",31,276,11.894927024841309
V_new,6,global,"1,6,12,15,19,21",32,115,7.1460700035095215
V_new,6,global,"1,6,12,15,19,21",33,289,6.579582214355469
V_new,6,global,"1,6,12,15,19,21",34,83,11.259121894836426
V_new,6,global,"1,6,12,15,19,21",35,128,9.154260635375977
V_new,6,global,"1,6,12,15,19,21",36,211,7.486390590667725
V_new,6,global,"1,6,12,15,19,21",37,53,9.292527198791504
V_new,6,global,"1,6,12,15,19,21",38,456,11.488577842712402
V_new,6,global,"1,6,12,15,19,21",39,131,8.025959968566895
V_new,6,global,"1,6,12,15,19,21",40,199,8.653237342834473
V_new,6,global,"1,6,12,15,19,21",41,264,7.494239807128906
V_new,6,global,"1,6,12,15,19,21",42,231,6.69785213470459
V_new,6,global,"1,6,12,15,19,21",43,201,10.098132133483887
V_new,6,global,"1,6,12,15,19,21",44,102,7.177324295043945
V_new,6,global,"1,6,12,15,19,21",45,265,6.664903163909912
V_new,6,global,"1,6,12,15,19,21",46,245,7.423388957977295
V_new,6,global,"1,6,12,15,19,21",47,488,7.2141432762146
V_new,6,global,"1,6,12,15,19,21",48,437,6.870993614196777
V_new,6,global,"1,6,12,15,19,21",49,515,10.565110206604004
V_new,6,global,"1,6,12,15,19,21",50,195,7.224951267242432
V_new,6,global,"1,6,12,15,19,21",51,443,7.481252193450928
V_new,6,global,"1,6,12,15,19,21",52,187,6.674407005310059
V_new,6,global,"1,6,12,15,19,21",53,29,7.248380184173584
V_new,6,global,"1,6,12,15,19,21",54,125,7.050838470458984
V_new,6,global,"1,6,12,15,19,21",55,192,8.078332901000977
V_new,6,global,"1,6,12,15,19,21",56,299,7.406632900238037
V_new,6,global,"1,6,12,15,19,21",57,98,7.2720513343811035
V_new,6,global,"1,6,12,15,19,21",58,436,6.425332069396973
V_new,6,global,"1,6,12,15,19,21",59,73,7.3777546882629395
V_new,6,global,"1,6,12,15,19,21",60,364,11.848779678344727
V_new,6,global,"1,6,12,15,19,21",61,527,6.917050361633301
V_new,6,global,"1,6,12,15,19,21",62,476,7.135874271392822
V_new,6,global,"1,6,12,15,19,21",63,218,7.152581214904785
V_new,6,global,"1,8,10,15,21,24",0,275,11.100192070007324
V_new,6,global,"1,8,10,15,21,24",1,251,9.177749633789062
V_new,6,global,"1,8,10,15,21,24",2,27,5.456319332122803
V_new,6,global,"1,8,10,15,21,24",3,346,5.1128740310668945
V_new,6,global,"1,8,10,15,21,24",4,381,11.643244743347168
V_new,6,global,"1,8,10,15,21,24",5,492,20.73976707458496
V_new,6,global,"1,8,10,15,21,24",6,12,6.2022600173950195
V_new,6,global,"1,8,10,15,21,24",7,48,4.777987957000732
V_new,6,global,"1,8,10,15,21,24",8,331,10.921420097351074
V_new,6,global,"1,8,10,15,21,24",9,244,7.285978317260742
V_new,6,global,"1,8,10,15,21,24",10,24,5.260287761688232
V_new,6,global,"1,8,10,15,21,24",11,226,6.9455885887146
V_new,6,global,"1,8,10,15,21,24",12,491,6.354796886444092
V_new,6,global,"1,8,10,15,21,24",13,203,8.049254417419434
V_new,6,global,"1,8,10,15,21,24",14,40,7.579921245574951
V_new,6,global,"1,8,10,15,21,24",15,217,5.976931571960449
V_new,6,global,"1,8,10,15,21,24",16,151,6.307346820831299
V_new,6,global,"1,8,10,15,21,24",17,100,5.921360969543457
V_new,6,global,"1,8,10,15,21,24",18,356,9.420369148254395
V_new,6,global,"1,8,10,15,21,24",19,457,5.8908820152282715
V_new,6,global,"1,8,10,15,21,24",20,90,5.848392963409424
V_new,6,global,"1,8,10,15,21,24",21,511,6.760285377502441
V_new,6,global,"1,8,10,15,21,24",22,33,7.002316951751709
V_new,6,global,"1,8,10,15,21,24",23,279,9.08506965637207
V_new,6,global,"1,8,10,15,21,24",24,505,7.173396110534668
V_new,6,global,"1,8,10,15,21,24",25,464,8.09266185760498
V_new,6,global,"1,8,10,15,21,24",26,149,5.511736869812012
V_new,6,global,"1,8,10,15,21,24",27,116,7.308671951293945
V_new,6,global,"1,8,10,15,21,24",28,150,5.814117908477783
V_new,6,global,"1,8,10,15,21,24",29,445,10.746467590332031
V_new,6,global,"1,8,10,15,21,24",30,339,5.688851833343506
V_new,6,global,"1,8,10,15,21,24",31,276,11.652412414550781
V_new,6,global,"1,8,10,15,21,24",32,115,6.53745174407959
V_new,6,global,"1,8,10,15,21,24",33,289,6.092514991760254
V_new,6,global,"1,8,10,15,21,24",34,83,10.615608215332031
V_new,6,global,"1,8,10,15,21,24",35,128,8.944268226623535
V_new,6,global,"1,8,10,15,21,24",36,211,6.405771255493164
V_new,6,global,"1,8,10,15,21,24",37,53,9.634354591369629
V_new,6,global,"1,8,10,15,21,24",38,456,8.097528457641602
V_new,6,global,"1,8,10,15,21,24",39,131,6.955026626586914
V_new,6,global,"1,8,10,15,21,24",40,199,8.067476272583008
V_new,6,global,"1,8,10,15,21,24",41,264,6.719170570373535
V_new,6,global,"1,8,10,15,21,24",42,231,5.758829593658447
V_new,6,global,"1,8,10,15,21,24",43,201,10.877374649047852
V_new,6,global,"1,8,10,15,21,24",44,102,6.0550713539123535
V_new,6,global,"1,8,10,15,21,24",45,265,5.824671745300293
V_new,6,global,"1,8,10,15,21,24",46,245,6.661006450653076
V_new,6,global,"1,8,10,15,21,24",47,488,5.288297176361084
V_new,6,global,"1,8,10,15,21,24",48,437,5.391594886779785
V_new,6,global,"1,8,10,15,21,24",49,515,9.909294128417969
V_new,6,global,"1,8,10,15,21,24",50,195,6.418797016143799
V_new,6,global,"1,8,10,15,21,24",51,443,6.39083194732666
V_new,6,global,"1,8,10,15,21,24",52,187,5.572703838348389
V_new,6,global,"1,8,10,15,21,24",53,29,6.7101731300354
V_new,6,global,"1,8,10,15,21,24",54,125,6.102030277252197
V_new,6,global,"1,8,10,15,21,24",55,192,7.04257869720459
V_new,6,global,"1,8,10,15,21,24",56,299,6.662335395812988
V_new,6,global,"1,8,10,15,21,24",57,98,6.536340236663818
V_new,6,global,"1,8,10,15,21,24",58,436,5.019373893737793
V_new,6,global,"1,8,10,15,21,24",59,73,6.487171649932861
V_new,6,global,"1,8,10,15,21,24",60,364,11.398150444030762
V_new,6,global,"1,8,10,15,21,24",61,527,5.8821492195129395
V_new,6,global,"1,8,10,15,21,24",62,476,6.461024284362793
V_new,6,global,"1,8,10,15,21,24",63,218,6.880815505981445
V_new,6,global,"1,8,17,19,21,24",0,275,10.852775573730469
V_new,6,global,"1,8,17,19,21,24",1,251,9.44466495513916
V_new,6,global,"1,8,17,19,21,24",2,27,6.241567134857178
V_new,6,global,"1,8,17,19,21,24",3,346,5.6880927085876465
V_new,6,global,"1,8,17,19,21,24",4,381,11.678235054016113
V_new,6,global,"1,8,17,19,21,24",5,492,14.623665809631348
V_new,6,global,"1,8,17,19,21,24",6,12,7.318943023681641
V_new,6,global,"1,8,17,19,21,24",7,48,5.333942413330078
V_new,6,global,"1,8,17,19,21,24",8,331,11.004439353942871
V_new,6,global,"1,8,17,19,21,24",9,244,8.942023277282715
V_new,6,global,"1,8,17,19,21,24",10,24,5.591969966888428
V_new,6,global,"1,8,17,19,21,24",11,226,8.049125671386719
V_new,6,global,"1,8,17,19,21,24",12,491,6.7367963790893555
V_new,6,global,"1,8,17,19,21,24",13,203,8.429946899414062
V_new,6,global,"1,8,17,19,21,24",14,40,8.77741813659668
V_new,6,global,"1,8,17,19,21,24",15,217,6.941500186920166
V_new,6,global,"1,8,17,19,21,24",16,151,7.458287715911865
V_new,6,global,"1,8,17,19,21,24",17,100,6.567150592803955
V_new,6,global,"1,8,17,19,21,24",18,356,9.76583480834961
V_new,6,global,"1,8,17,19,21,24",19,457,6.907784938812256
V_new,6,global,"1,8,17,19,21,24",20,90,6.307705879211426
V_new,6,global,"1,8,17,19,21,24",21,511,7.353940963745117
V_new,6,global,"1,8,17,19,21,24",22,33,7.651125907897949
V_new,6,global,"1,8,17,19,21,24",23,279,8.997563362121582
V_new,6,global,"1,8,17,19,21,24",24,505,7.2297043800354
V_new,6,global,"1,8,17,19,21,24",25,464,8.877128601074219
V_new,6,global,"1,8,17,19,21,24",26,149,6.209488868713379
V_new,6,global,"1,8,17,19,21,24",27,116,8.026032447814941
V_new,6,global,"1,8,17,19,21,24",28,150,6.261754989624023
V_new,6,global,"1,8,17,19,21,24",29,445,11.097097396850586
V_new,6,global,"1,8,17,19,21,24",30,339,6.317159175872803
V_new,6,global,"1,8,17,19,21,24",31,276,11.399710655212402
V_new,6,global,"1,8,17,19,21,24",32,115,7.249639511108398
V_new,6,global,"1,8,17,19,21,24",33,289,7.2737555503845215
V_new,6,global,"1,8,17,19,21,24",34,83,10.952910423278809
V_new,6,global,"1,8,17,19,21,24",35,128,9.058344841003418
V_new,6,global,"1,8,17,19,21,24",36,211,7.952104568481445
V_new,6,global,"1,8,17,19,21,24",37,53,9.652998924255371
V_new,6,global,"1,8,17,19,21,24",38,456,9.742063522338867
V_new,6,global,"1,8,17,19,21,24",39,131,7.081684589385986
V_new,6,global,"1,8,17,19,21,24",40,199,9.78639030456543
V_new,6,global,"1,8,17,19,21,24",41,264,7.727099418640137
V_new,6,global,"1,8,17,19,21,24",42,231,6.707941055297852
V_new,6,global,"1,8,17,19,21,24",43,201,11.181976318359375
V_new,6,global,"1,8,17,19,21,24",44,102,6.266116142272949
V_new,6,global,"1,8,17,19,21,24",45,265,6.093618869781494
V_new,6,global,"1,8,17,19,21,24",46,245,7.201541900634766
V_new,6,global,"1,8,17,19,21,24",47,488,6.653318405151367
V_new,6,global,"1,8,17,19,21,24",48,437,6.133888244628906
V_new,6,global,"1,8,17,19,21,24",49,515,9.74560260772705
V_new,6,global,"1,8,17,19,21,24",50,195,7.443690299987793
V_new,6,global,"1,8,17,19,21,24",51,443,6.615833759307861
V_new,6,global,"1,8,17,19,21,24",52,187,6.869691371917725
V_new,6,global,"1,8,17,19,21,24",53,29,6.960374355316162
V_new,6,global,"1,8,17,19,21,24",54,125,6.4719157218933105
V_new,6,global,"1,8,17,19,21,24",55,192,7.326183319091797
V_new,6,global,"1,8,17,19,21,24",56,299,8.001524925231934
V_new,6,global,"1,8,17,19,21,24",57,98,7.678843021392822
V_new,6,global,"1,8,17,19,21,24",58,436,5.936257839202881
V_new,6,global,"1,8,17,19,21,24",59,73,7.348343372344971
V_new,6,global,"1,8,17,19,21,24",60,364,10.619312286376953
V_new,6,global,"1,8,17,19,21,24",61,527,6.154155254364014
V_new,6,global,"1,8,17,19,21,24",62,476,7.368596076965332
V_new,6,global,"1,8,17,19,21,24",63,218,7.206469535827637
V_new,6,global,"3,6,8,15,17,19",0,275,4.148988723754883
V_new,6,global,"3,6,8,15,17,19",1,251,3.5056681632995605
V_new,6,global,"3,6,8,15,17,19",2,27,3.383078098297119
V_new,6,global,"3,6,8,15,17,19",3,346,3.460240364074707
V_new,6,global,"3,6,8,15,17,19",4,381,3.934415817260742
V_new,6,global,"3,6,8,15,17,19",5,492,4.476678848266602
V_new,6,global,"3,6,8,15,17,19",6,12,3.4970993995666504
V_new,6,global,"3,6,8,15,17,19",7,48,3.118605852127075
V_new,6,global,"3,6,8,15,17,19",8,331,3.840595245361328
V_new,6,global,"3,6,8,15,17,19",9,244,4.452096939086914
V_new,6,global,"3,6,8,15,17,19",10,24,3.184215784072876
V_new,6,global,"3,6,8,15,17,19",11,226,4.04902458190918
V_new,6,global,"3,6,8,15,17,19",12,491,4.453615665435791
V_new,6,global,"3,6,8,15,17,19",13,203,3.4191408157348633
V_new,6,global,"3,6,8,15,17,19",14,40,3.5181379318237305
V_new,6,global,"3,6,8,15,17,19",15,217,4.157193183898926
V_new,6,global,"3,6,8,15,17,19",16,151,3.775538444519043
V_new,6,global,"3,6,8,15,17,19",17,100,3.7694385051727295
V_new,6,global,"3,6,8,15,17,19",18,356,4.349266052246094
V_new,6,global,"3,6,8,15,17,19",19,457,4.030251979827881
V_new,6,global,"3,6,8,15,17,19",20,90,4.122302532196045
V_new,6,global,"3,6,8,15,17,19",21,511,3.8456737995147705
V_new,6,global,"3,6,8,15,17,19",22,33,3.9018564224243164
V_new,6,global,"3,6,8,15,17,19",23,279,4.488348007202148
V_new,6,global,"3,6,8,15,17,19",24,505,3.7681782245635986
V_new,6,global,"3,6,8,15,17,19",25,464,4.360198497772217
V_new,6,global,"3,6,8,15,17,19",26,149,3.450220823287964
V_new,6,global,"3,6,8,15,17,19",27,116,4.165313243865967
V_new,6,global,"3,6,8,15,17,19",28,150,3.8952934741973877
V_new,6,global,"3,6,8,15,17,19",29,445,4.392690181732178
V_new,6,global,"3,6,8,15,17,19",30,339,3.83328914642334
V_new,6,global,"3,6,8,15,17,19",31,276,4.200281143188477
V_new,6,global,"3,6,8,15,17,19",32,115,3.5873653888702393
V_new,6,global,"3,6,8,15,17,19",33,289,3.7755141258239746
V_new,6,global,"3,6,8,15,17,19",34,83,4.099061012268066
V_new,6,global,"3,6,8,15,17,19",35,128,3.392463445663452
V_new,6,global,"3,6,8,15,17,19",36,211,3.5040676593780518
V_new,6,global,"3,6,8,15,17,19",37,53,3.5976791381835938
V_new,6,global,"3,6,8,15,17,19",38,456,3.952130079269409
V_new,6,global,"3,6,8,15,17,19",39,131,3.334801435470581
V_new,6,global,"3,6,8,15,17,19",40,199,3.8786165714263916
V_new,6,global,"3,6,8,15,17,19",41,264,4.332198619842529
V_new,6,global,"3,6,8,15,17,19",42,231,4.143807888031006
V_new,6,global,"3,6,8,15,17,19",43,201,3.6745636463165283
V_new,6,global,"3,6,8,15,17,19",44,102,3.9362986087799072
V_new,6,global,"3,6,8,15,17,19",45,265,4.262398719787598
V_new,6,global,"3,6,8,15,17,19",46,245,3.9763972759246826
V_new,6,global,"3,6,8,15,17,19",47,488,3.422969102859497
V_new,6,global,"3,6,8,15,17,19",48,437,3.225977659225464
V_new,6,global,"3,6,8,15,17,19",49,515,4.233103275299072
V_new,6,global,"3,6,8,15,17,19",50,195,3.8643343448638916
V_new,6,global,"3,6,8,15,17,19",51,443,4.665089130401611
V_new,6,global,"3,6,8,15,17,19",52,187,3.726029396057129
V_new,6,global,"3,6,8,15,17,19",53,29,3.257084846496582
V_new,6,global,"3,6,8,15,17,19",54,125,4.3460798263549805
V_new,6,global,"3,6,8,15,17,19",55,192,3.96767520904541
V_new,6,global,"3,6,8,15,17,19",56,299,4.119520664215088
V_new,6,global,"3,6,8,15,17,19",57,98,3.7800350189208984
V_new,6,global,"3,6,8,15,17,19",58,436,2.677828550338745
V_new,6,global,"3,6,8,15,17,19",59,73,4.014379024505615
V_new,6,global,"3,6,8,15,17,19",60,364,4.2587690353393555
V_new,6,global,"3,6,8,15,17,19",61,527,4.118755340576172
V_new,6,global,"3,6,8,15,17,19",62,476,4.417052745819092
V_new,6,global,"3,6,8,15,17,19",63,218,4.165577411651611
V_new,6,global,"3,6,12,17,19,26",0,275,3.797743082046509
V_new,6,global,"3,6,12,17,19,26",1,251,3.4843316078186035
V_new,6,global,"3,6,12,17,19,26",2,27,3.1829676628112793
V_new,6,global,"3,6,12,17,19,26",3,346,3.5254597663879395
V_new,6,global,"3,6,12,17,19,26",4,381,3.757082939147949
V_new,6,global,"3,6,12,17,19,26",5,492,4.257133960723877
V_new,6,global,"3,6,12,17,19,26",6,12,3.528604030609131
V_new,6,global,"3,6,12,17,19,26",7,48,3.256535768508911
V_new,6,global,"3,6,12,17,19,26",8,331,3.752495050430298
V_new,6,global,"3,6,12,17,19,26",9,244,4.222157955169678
V_new,6,global,"3,6,12,17,19,26",10,24,3.1472058296203613
V_new,6,global,"3,6,12,17,19,26",11,226,3.71543288230896
V_new,6,global,"3,6,12,17,19,26",12,491,4.336744785308838
V_new,6,global,"3,6,12,17,19,26",13,203,3.462451934814453
V_new,6,global,"3,6,12,17,19,26",14,40,3.3242087364196777
V_new,6,global,"3,6,12,17,19,26",15,217,3.8384854793548584
V_new,6,global,"3,6,12,17,19,26",16,151,3.576977252960205
V_new,6,global,"3,6,12,17,19,26",17,100,3.550295829772949
V_new,6,global,"3,6,12,17,19,26",18,356,4.184323310852051
V_new,6,global,"3,6,12,17,19,26",19,457,4.124257564544678
V_new,6,global,"3,6,12,17,19,26",20,90,3.9032022953033447
V_new,6,global,"3,6,12,17,19,26",21,511,3.7829830646514893
V_new,6,global,"3,6,12,17,19,26",22,33,3.6141841411590576
V_new,6,global,"3,6,12,17,19,26",23,279,4.141729831695557
V_new,6,global,"3,6,12,17,19,26",24,505,4.008707046508789
V_new,6,global,"3,6,12,17,19,26",25,464,3.983868360519409
V_new,6,global,"3,6,12,17,19,26",26,149,3.407768726348877
V_new,6,global,"3,6,12,17,19,26",27,116,3.8280375003814697
V_new,6,global,"3,6,12,17,19,26",28,150,3.613548755645752
V_new,6,global,"3,6,12,17,19,26",29,445,4.118738174438477
V_new,6,global,"3,6,12,17,19,26",30,339,3.714552164077759
V_new,6,global,"3,6,12,17,19,26",31,276,3.743131399154663
V_new,6,global,"3,6,12,17,19,26",32,115,3.5695390701293945
V_new,6,global,"3,6,12,17,19,26",33,289,3.7190558910369873
V_new,6,global,"3,6,12,17,19,26",34,83,3.781757116317749
V_new,6,global,"3,6,12,17,19,26",35,128,3.2116177082061768
V_new,6,global,"3,6,12,17,19,26",36,211,3.5226261615753174
V_new,6,global,"3,6,12,17,19,26",37,53,3.425218343734741
V_new,6,global,"3,6,12,17,19,26",38,456,3.932082414627075
V_new,6,global,"3,6,12,17,19,26",39,131,3.4308431148529053
V_new,6,global,"3,6,12,17,19,26",40,199,3.9030909538269043
V_new,6,global,"3,6,12,17,19,26",41,264,4.033371925354004
V_new,6,global,"3,6,12,17,19,26",42,231,3.8763720989227295
V_new,6,global,"3,6,12,17,19,26",43,201,3.6737890243530273
V_new,6,global,"3,6,12,17,19,26",44,102,3.7236623764038086
V_new,6,global,"3,6,12,17,19,26",45,265,4.0273542404174805
V_new,6,global,"3,6,12,17,19,26",46,245,3.58573842048645
V_new,6,global,"3,6,12,17,19,26",47,488,3.3518075942993164
V_new,6,global,"3,6,12,17,19,26",48,437,3.3767080307006836
V_new,6,global,"3,6,12,17,19,26",49,515,4.207633018493652
V_new,6,global,"3,6,12,17,19,26",50,195,3.862287759780884
V_new,6,global,"3,6,12,17,19,26",51,443,4.405887603759766
V_new,6,global,"3,6,12,17,19,26",52,187,3.598024606704712
V_new,6,global,"3,6,12,17,19,26",53,29,3.1371967792510986
V_new,6,global,"3,6,12,17,19,26",54,125,4.151379585266113
V_new,6,global,"3,6,12,17,19,26",55,192,3.8226523399353027
V_new,6,global,"3,6,12,17,19,26",56,299,3.8180413246154785
V_new,6,global,"3,6,12,17,19,26",57,98,3.624671697616577
V_new,6,global,"3,6,12,17,19,26",58,436,2.839707612991333
V_new,6,global,"3,6,12,17,19,26",59,73,3.7468934059143066
V_new,6,global,"3,6,12,17,19,26",60,364,3.992403268814087
V_new,6,global,"3,6,12,17,19,26",61,527,3.8126015663146973
V_new,6,global,"3,6,12,17,19,26",62,476,4.156653881072998
V_new,6,global,"3,6,12,17,19,26",63,218,3.9200479984283447
V_new,6,global,"3,8,10,12,19,24",0,275,4.044007301330566
V_new,6,global,"3,8,10,12,19,24",1,251,3.4287214279174805
V_new,6,global,"3,8,10,12,19,24",2,27,3.2969791889190674
V_new,6,global,"3,8,10,12,19,24",3,346,3.4989404678344727
V_new,6,global,"3,8,10,12,19,24",4,381,3.9126760959625244
V_new,6,global,"3,8,10,12,19,24",5,492,4.285058975219727
V_new,6,global,"3,8,10,12,19,24",6,12,3.490953207015991
V_new,6,global,"3,8,10,12,19,24",7,48,3.0816752910614014
V_new,6,global,"3,8,10,12,19,24",8,331,3.954767942428589
V_new,6,global,"3,8,10,12,19,24",9,244,4.400333881378174
V_new,6,global,"3,8,10,12,19,24",10,24,3.1410508155822754
V_new,6,global,"3,8,10,12,19,24",11,226,4.039304256439209
V_new,6,global,"3,8,10,12,19,24",12,491,4.427483081817627
V_new,6,global,"3,8,10,12,19,24",13,203,3.495971918106079
V_new,6,global,"3,8,10,12,19,24",14,40,3.4536194801330566
V_new,6,global,"3,8,10,12,19,24",15,217,3.8163061141967773
V_new,6,global,"3,8,10,12,19,24",16,151,3.691068172454834
V_new,6,global,"3,8,10,12,19,24",17,100,3.685183048248291
V_new,6,global,"3,8,10,12,19,24",18,356,4.232834815979004
V_new,6,global,"3,8,10,12,19,24",19,457,4.049315929412842
V_new,6,global,"3,8,10,12,19,24",20,90,3.9409170150756836
V_new,6,global,"3,8,10,12,19,24",21,511,3.7710628509521484
V_new,6,global,"3,8,10,12,19,24",22,33,3.6209304332733154
V_new,6,global,"3,8,10,12,19,24",23,279,4.304407119750977
V_new,6,global,"3,8,10,12,19,24",24,505,3.7804808616638184
V_new,6,global,"3,8,10,12,19,24",25,464,4.111990451812744
V_new,6,global,"3,8,10,12,19,24",26,149,3.385167360305786
V_new,6,global,"3,8,10,12,19,24",27,116,3.8911983966827393
V_new,6,global,"3,8,10,12,19,24",28,150,3.684156894683838
V_new,6,global,"3,8,10,12,19,24",29,445,4.247375965118408
V_new,6,global,"3,8,10,12,19,24",30,339,3.8093130588531494
V_new,6,global,"3,8,10,12,19,24",31,276,3.9750890731811523
V_new,6,global,"3,8,10,12,19,24",32,115,3.528951406478882
V_new,6,global,"3,8,10,12,19,24",33,289,3.6100478172302246
V_new,6,global,"3,8,10,12,19,24",34,83,3.8102054595947266
V_new,6,global,"3,8,10,12,19,24",35,128,3.3550755977630615
V_new,6,global,"3,8,10,12,19,24",36,211,3.5353612899780273
V_new,6,global,"3,8,10,12,19,24",37,53,3.5259597301483154
V_new,6,global,"3,8,10,12,19,24",38,456,3.931887149810791
V_new,6,global,"3,8,10,12,19,24",39,131,3.2910661697387695
V_new,6,global,"3,8,10,12,19,24",40,199,4.068666458129883
V_new,6,global,"3,8,10,12,19,24",41,264,4.159029483795166
V_new,6,global,"3,8,10,12,19,24",42,231,3.9613828659057617
V_new,6,global,"3,8,10,12,19,24",43,201,3.889605760574341
V_new,6,global,"3,8,10,12,19,24",44,102,3.7871170043945312
V_new,6,global,"3,8,10,12,19,24",45,265,4.1911187171936035
V_new,6,global,"3,8,10,12,19,24",46,245,3.785588026046753
V_new,6,global,"3,8,10,12,19,24",47,488,3.182727575302124
V_new,6,global,"3,8,10,12,19,24",48,437,3.178215980529785
V_new,6,global,"3,8,10,12,19,24",49,515,4.214333534240723
V_new,6,global,"3,8,10,12,19,24",50,195,3.872607469558716
V_new,6,global,"3,8,10,12,19,24",51,443,4.538649082183838
V_new,6,global,"3,8,10,12,19,24",52,187,3.7520065307617188
V_new,6,global,"3,8,10,12,19,24",53,29,3.052351951599121
V_new,6,global,"3,8,10,12,19,24",54,125,4.237876892089844
V_new,6,global,"3,8,10,12,19,24",55,192,3.8780314922332764
V_new,6,global,"3,8,10,12,19,24",56,299,4.114223957061768
V_new,6,global,"3,8,10,12,19,24",57,98,3.661914348602295
V_new,6,global,"3,8,10,12,19,24",58,436,2.6321566104888916
V_new,6,global,"3,8,10,12,19,24",59,73,3.7617835998535156
V_new,6,global,"3,8,10,12,19,24",60,364,4.1180620193481445
V_new,6,global,"3,8,10,12,19,24",61,527,3.817495107650757
V_new,6,global,"3,8,10,12,19,24",62,476,4.301997661590576
V_new,6,global,"3,8,10,12,19,24",63,218,3.995513677597046
V_new,6,global,"3,8,12,15,19,26",0,275,4.127787113189697
V_new,6,global,"3,8,12,15,19,26",1,251,3.4824280738830566
V_new,6,global,"3,8,12,15,19,26",2,27,3.4394593238830566
V_new,6,global,"3,8,12,15,19,26",3,346,3.505563497543335
V_new,6,global,"3,8,12,15,19,26",4,381,4.034948348999023
V_new,6,global,"3,8,12,15,19,26",5,492,4.370726585388184
V_new,6,global,"3,8,12,15,19,26",6,12,3.5444142818450928
V_new,6,global,"3,8,12,15,19,26",7,48,3.171283006668091
V_new,6,global,"3,8,12,15,19,26",8,331,3.951233148574829
V_new,6,global,"3,8,12,15,19,26",9,244,4.399333477020264
V_new,6,global,"3,8,12,15,19,26",10,24,3.2944180965423584
V_new,6,global,"3,8,12,15,19,26",11,226,3.9469597339630127
V_new,6,global,"3,8,12,15,19,26",12,491,4.371100425720215
V_new,6,global,"3,8,12,15,19,26",13,203,3.6155450344085693
V_new,6,global,"3,8,12,15,19,26",14,40,3.4671380519866943
V_new,6,global,"3,8,12,15,19,26",15,217,3.8557872772216797
V_new,6,global,"3,8,12,15,19,26",16,151,3.703320026397705
V_new,6,global,"3,8,12,15,19,26",17,100,3.5954642295837402
V_new,6,global,"3,8,12,15,19,26",18,356,4.258975028991699
V_new,6,global,"3,8,12,15,19,26",19,457,4.157341480255127
V_new,6,global,"3,8,12,15,19,26",20,90,4.032733917236328
V_new,6,global,"3,8,12,15,19,26",21,511,3.8706626892089844
V_new,6,global,"3,8,12,15,19,26",22,33,3.8135151863098145
V_new,6,global,"3,8,12,15,19,26",23,279,4.371089935302734
V_new,6,global,"3,8,12,15,19,26",24,505,3.9493324756622314
V_new,6,global,"3,8,12,15,19,26",25,464,4.112954616546631
V_new,6,global,"3,8,12,15,19,26",26,149,3.31636381149292
V_new,6,global,"3,8,12,15,19,26",27,116,3.9820053577423096
V_new,6,global,"3,8,12,15,19,26",28,150,3.735706090927124
V_new,6,global,"3,8,12,15,19,26",29,445,4.356438636779785
V_new,6,global,"3,8,12,15,19,26",30,339,3.7736520767211914
V_new,6,global,"3,8,12,15,19,26",31,276,4.036336421966553
V_new,6,global,"3,8,12,15,19,26",32,115,3.615469455718994
V_new,6,global,"3,8,12,15,19,26",33,289,3.7010090351104736
V_new,6,global,"3,8,12,15,19,26",34,83,3.8165969848632812
V_new,6,global,"3,8,12,15,19,26",35,128,3.3044331073760986
V_new,6,global,"3,8,12,15,19,26",36,211,3.647225856781006
V_new,6,global,"3,8,12,15,19,26",37,53,3.6398332118988037
V_new,6,global,"3,8,12,15,19,26",38,456,3.9126157760620117
V_new,6,global,"3,8,12,15,19,26",39,131,3.3343312740325928
V_new,6,global,"3,8,12,15,19,26",40,199,3.9019107818603516
V_new,6,global,"3,8,12,15,19,26",41,264,4.27609395980835
V_new,6,global,"3,8,12,15,19,26",42,231,3.9467475414276123
V_new,6,global,"3,8,12,15,19,26",43,201,3.87100887298584
V_new,6,global,"3,8,12,15,19,26",44,102,3.7689616680145264
V_new,6,global,"3,8,12,15,19,26",45,265,4.179481029510498
V_new,6,global,"3,8,12,15,19,26",46,245,3.731123924255371
V_new,6,global,"3,8,12,15,19,26",47,488,3.315816879272461
V_new,6,global,"3,8,12,15,19,26",48,437,3.2858948707580566
V_new,6,global,"3,8,12,15,19,26",49,515,4.256814002990723
V_new,6,global,"3,8,12,15,19,26",50,195,3.9953274726867676
V_new,6,global,"3,8,12,15,19,26",51,443,4.49929141998291
V_new,6,global,"3,8,12,15,19,26",52,187,3.7578020095825195
V_new,6,global,"3,8,12,15,19,26",53,29,3.1750564575195312
V_new,6,global,"3,8,12,15,19,26",54,125,4.1456990242004395
V_new,6,global,"3,8,12,15,19,26",55,192,4.064273357391357
V_new,6,global,"3,8,12,15,19,26",56,299,4.137936115264893
V_new,6,global,"3,8,12,15,19,26",57,98,3.819643974304199
V_new,6,global,"3,8,12,15,19,26",58,436,2.612333059310913
V_new,6,global,"3,8,12,15,19,26",59,73,3.814272880554199
V_new,6,global,"3,8,12,15,19,26",60,364,4.077251434326172
V_new,6,global,"3,8,12,15,19,26",61,527,3.9274373054504395
V_new,6,global,"3,8,12,15,19,26",62,476,4.386174201965332
V_new,6,global,"3,8,12,15,19,26",63,218,4.127357482910156
V_new,6,global,"6,8,12,15,19,26",0,275,3.9398419857025146
V_new,6,global,"6,8,12,15,19,26",1,251,3.463122844696045
V_new,6,global,"6,8,12,15,19,26",2,27,3.291675329208374
V_new,6,global,"6,8,12,15,19,26",3,346,3.366179943084717
V_new,6,global,"6,8,12,15,19,26",4,381,3.817722797393799
V_new,6,global,"6,8,12,15,19,26",5,492,4.196906089782715
V_new,6,global,"6,8,12,15,19,26",6,12,3.5097644329071045
V_new,6,global,"6,8,12,15,19,26",7,48,3.19600248336792
V_new,6,global,"6,8,12,15,19,26",8,331,3.6782259941101074
V_new,6,global,"6,8,12,15,19,26",9,244,4.289475440979004
V_new,6,global,"6,8,12,15,19,26",10,24,3.2531111240386963
V_new,6,global,"6,8,12,15,19,26",11,226,3.7517752647399902
V_new,6,global,"6,8,12,15,19,26",12,491,4.231890678405762
V_new,6,global,"6,8,12,15,19,26",13,203,3.565401077270508
V_new,6,global,"6,8,12,15,19,26",14,40,3.288036584854126
V_new,6,global,"6,8,12,15,19,26",15,217,3.76739501953125
V_new,6,global,"6,8,12,15,19,26",16,151,3.546217918395996
V_new,6,global,"6,8,12,15,19,26",17,100,3.442962646484375
V_new,6,global,"6,8,12,15,19,26",18,356,4.157194137573242
V_new,6,global,"6,8,12,15,19,26",19,457,4.190770626068115
V_new,6,global,"6,8,12,15,19,26",20,90,3.9187262058258057
V_new,6,global,"6,8,12,15,19,26",21,511,3.7297043800354004
V_new,6,global,"6,8,12,15,19,26",22,33,3.861008644104004
V_new,6,global,"6,8,12,15,19,26",23,279,4.2267560958862305
V_new,6,global,"6,8,12,15,19,26",24,505,3.8519017696380615
V_new,6,global,"6,8,12,15,19,26",25,464,4.02031946182251
V_new,6,global,"6,8,12,15,19,26",26,149,3.264902114868164
V_new,6,global,"6,8,12,15,19,26",27,116,3.8802802562713623
V_new,6,global,"6,8,12,15,19,26",28,150,3.642146587371826
V_new,6,global,"6,8,12,15,19,26",29,445,4.164295673370361
V_new,6,global,"6,8,12,15,19,26",30,339,3.6467723846435547
V_new,6,global,"6,8,12,15,19,26",31,276,3.904711961746216
V_new,6,global,"6,8,12,15,19,26",32,115,3.5115721225738525
V_new,6,global,"6,8,12,15,19,26",33,289,3.626356363296509
V_new,6,global,"6,8,12,15,19,26",34,83,3.8198325634002686
V_new,6,global,"6,8,12,15,19,26",35,128,3.1789116859436035
V_new,6,global,"6,8,12,15,19,26",36,211,3.4668304920196533
V_new,6,global,"6,8,12,15,19,26",37,53,3.46097993850708
V_new,6,global,"6,8,12,15,19,26",38,456,3.7607100009918213
V_new,6,global,"6,8,12,15,19,26",39,131,3.371227264404297
V_new,6,global,"6,8,12,15,19,26",40,199,3.7126309871673584
V_new,6,global,"6,8,12,15,19,26",41,264,4.1492085456848145
V_new,6,global,"6,8,12,15,19,26",42,231,3.9297165870666504
V_new,6,global,"6,8,12,15,19,26",43,201,3.7509665489196777
V_new,6,global,"6,8,12,15,19,26",44,102,3.674630641937256
V_new,6,global,"6,8,12,15,19,26",45,265,4.017706871032715
V_new,6,global,"6,8,12,15,19,26",46,245,3.7818100452423096
V_new,6,global,"6,8,12,15,19,26",47,488,3.3589746952056885
V_new,6,global,"6,8,12,15,19,26",48,437,3.3161535263061523
V_new,6,global,"6,8,12,15,19,26",49,515,4.250143527984619
V_new,6,global,"6,8,12,15,19,26",50,195,3.766836166381836
V_new,6,global,"6,8,12,15,19,26",51,443,4.389270305633545
V_new,6,global,"6,8,12,15,19,26",52,187,3.549696922302246
V_new,6,global,"6,8,12,15,19,26",53,29,3.1385397911071777
V_new,6,global,"6,8,12,15,19,26",54,125,4.152163982391357
V_new,6,global,"6,8,12,15,19,26",55,192,3.8928351402282715
V_new,6,global,"6,8,12,15,19,26",56,299,3.89666485786438
V_new,6,global,"6,8,12,15,19,26",57,98,3.5945656299591064
V_new,6,global,"6,8,12,15,19,26",58,436,2.6483652591705322
V_new,6,global,"6,8,12,15,19,26",59,73,3.735611915588379
V_new,6,global,"6,8,12,15,19,26",60,364,3.93957781791687
V_new,6,global,"6,8,12,15,19,26",61,527,3.8472588062286377
V_new,6,global,"6,8,12,15,19,26",62,476,4.340315341949463
V_new,6,global,"6,8,12,15,19,26",63,218,3.9853203296661377
V_new,6,global,"6,8,17,21,24,26",0,275,4.744731903076172
V_new,6,global,"6,8,17,21,24,26",1,251,4.15018892288208
V_new,6,global,"6,8,17,21,24,26",2,27,4.2425217628479
V_new,6,global,"6,8,17,21,24,26",3,346,4.042863845825195
V_new,6,global,"6,8,17,21,24,26",4,381,4.824795246124268
V_new,6,global,"6,8,17,21,24,26",5,492,5.221252918243408
V_new,6,global,"6,8,17,21,24,26",6,12,4.328309535980225
V_new,6,global,"6,8,17,21,24,26",7,48,3.6595795154571533
V_new,6,global,"6,8,17,21,24,26",8,331,4.608797550201416
V_new,6,global,"6,8,17,21,24,26",9,244,5.131479263305664
V_new,6,global,"6,8,17,21,24,26",10,24,3.9160375595092773
V_new,6,global,"6,8,17,21,24,26",11,226,4.589179515838623
V_new,6,global,"6,8,17,21,24,26",12,491,5.147270679473877
V_new,6,global,"6,8,17,21,24,26",13,203,4.265661239624023
V_new,6,global,"6,8,17,21,24,26",14,40,4.084598541259766
V_new,6,global,"6,8,17,21,24,26",15,217,4.701322078704834
V_new,6,global,"6,8,17,21,24,26",16,151,4.563811779022217
V_new,6,global,"6,8,17,21,24,26",17,100,4.292374134063721
V_new,6,global,"6,8,17,21,24,26",18,356,5.250829219818115
V_new,6,global,"6,8,17,21,24,26",19,457,4.997966289520264
V_new,6,global,"6,8,17,21,24,26",20,90,4.83224630355835
V_new,6,global,"6,8,17,21,24,26",21,511,4.570161819458008
V_new,6,global,"6,8,17,21,24,26",22,33,4.532433986663818
V_new,6,global,"6,8,17,21,24,26",23,279,5.079662322998047
V_new,6,global,"6,8,17,21,24,26",24,505,4.626896858215332
V_new,6,global,"6,8,17,21,24,26",25,464,5.165700435638428
V_new,6,global,"6,8,17,21,24,26",26,149,4.133543491363525
V_new,6,global,"6,8,17,21,24,26",27,116,4.964822769165039
V_new,6,global,"6,8,17,21,24,26",28,150,4.719598293304443
V_new,6,global,"6,8,17,21,24,26",29,445,5.112144947052002
V_new,6,global,"6,8,17,21,24,26",30,339,4.4938645362854
V_new,6,global,"6,8,17,21,24,26",31,276,4.886683464050293
V_new,6,global,"6,8,17,21,24,26",32,115,4.4105939865112305
V_new,6,global,"6,8,17,21,24,26",33,289,4.676633834838867
V_new,6,global,"6,8,17,21,24,26",34,83,4.808032035827637
V_new,6,global,"6,8,17,21,24,26",35,128,3.929114580154419
V_new,6,global,"6,8,17,21,24,26",36,211,4.410150527954102
V_new,6,global,"6,8,17,21,24,26",37,53,4.443641185760498
V_new,6,global,"6,8,17,21,24,26",38,456,4.628910541534424
V_new,6,global,"6,8,17,21,24,26",39,131,4.022467136383057
V_new,6,global,"6,8,17,21,24,26",40,199,4.681285381317139
V_new,6,global,"6,8,17,21,24,26",41,264,5.002200603485107
V_new,6,global,"6,8,17,21,24,26",42,231,4.792642593383789
V_new,6,global,"6,8,17,21,24,26",43,201,4.654412269592285
V_new,6,global,"6,8,17,21,24,26",44,102,4.543918132781982
V_new,6,global,"6,8,17,21,24,26",45,265,5.033061504364014
V_new,6,global,"6,8,17,21,24,26",46,245,4.672512054443359
V_new,6,global,"6,8,17,21,24,26",47,488,3.671586513519287
V_new,6,global,"6,8,17,21,24,26",48,437,3.864224672317505
V_new,6,global,"6,8,17,21,24,26",49,515,4.9933037757873535
V_new,6,global,"6,8,17,21,24,26",50,195,4.770898818969727
V_new,6,global,"6,8,17,21,24,26",51,443,5.2708516120910645
V_new,6,global,"6,8,17,21,24,26",52,187,4.5278472900390625
V_new,6,global,"6,8,17,21,24,26",53,29,3.8619086742401123
V_new,6,global,"6,8,17,21,24,26",54,125,5.055501461029053
V_new,6,global,"6,8,17,21,24,26",55,192,4.762126445770264
V_new,6,global,"6,8,17,21,24,26",56,299,4.594859600067139
V_new,6,global,"6,8,17,21,24,26",57,98,4.380374908447266
V_new,6,global,"6,8,17,21,24,26",58,436,3.1490938663482666
V_new,6,global,"6,8,17,21,24,26",59,73,4.787301063537598
V_new,6,global,"6,8,17,21,24,26",60,364,4.777754306793213
V_new,6,global,"6,8,17,21,24,26",61,527,4.660552978515625
V_new,6,global,"6,8,17,21,24,26",62,476,5.311822414398193
V_new,6,global,"6,8,17,21,24,26",63,218,4.974681854248047
V_new,6,global,"8,10,15,17,21,26",0,275,3.9551215171813965
V_new,6,global,"8,10,15,17,21,26",1,251,3.3260338306427
V_new,6,global,"8,10,15,17,21,26",2,27,3.277458429336548
V_new,6,global,"8,10,15,17,21,26",3,346,3.4347660541534424
V_new,6,global,"8,10,15,17,21,26",4,381,3.884913206100464
V_new,6,global,"8,10,15,17,21,26",5,492,4.371853351593018
V_new,6,global,"8,10,15,17,21,26",6,12,3.462083578109741
V_new,6,global,"8,10,15,17,21,26",7,48,3.270897388458252
V_new,6,global,"8,10,15,17,21,26",8,331,3.9354443550109863
V_new,6,global,"8,10,15,17,21,26",9,244,4.275785446166992
V_new,6,global,"8,10,15,17,21,26",10,24,3.149613857269287
V_new,6,global,"8,10,15,17,21,26",11,226,3.7611923217773438
V_new,6,global,"8,10,15,17,21,26",12,491,4.333802700042725
V_new,6,global,"8,10,15,17,21,26",13,203,3.5778374671936035
V_new,6,global,"8,10,15,17,21,26",14,40,3.4280014038085938
V_new,6,global,"8,10,15,17,21,26",15,217,3.654876708984375
V_new,6,global,"8,10,15,17,21,26",16,151,3.663261651992798
V_new,6,global,"8,10,15,17,21,26",17,100,3.5669898986816406
V_new,6,global,"8,10,15,17,21,26",18,356,4.336588382720947
V_new,6,global,"8,10,15,17,21,26",19,457,3.9621572494506836
V_new,6,global,"8,10,15,17,21,26",20,90,3.832510232925415
V_new,6,global,"8,10,15,17,21,26",21,511,3.9033846855163574
V_new,6,global,"8,10,15,17,21,26",22,33,3.820172071456909
V_new,6,global,"8,10,15,17,21,26",23,279,4.210033416748047
V_new,6,global,"8,10,15,17,21,26",24,505,3.9385969638824463
V_new,6,global,"8,10,15,17,21,26",25,464,4.086501121520996
V_new,6,global,"8,10,15,17,21,26",26,149,3.2648515701293945
V_new,6,global,"8,10,15,17,21,26",27,116,3.9404401779174805
V_new,6,global,"8,10,15,17,21,26",28,150,3.7282679080963135
V_new,6,global,"8,10,15,17,21,26",29,445,4.047717094421387
V_new,6,global,"8,10,15,17,21,26",30,339,3.609238862991333
V_new,6,global,"8,10,15,17,21,26",31,276,3.910315752029419
V_new,6,global,"8,10,15,17,21,26",32,115,3.5886197090148926
V_new,6,global,"8,10,15,17,21,26",33,289,3.6349830627441406
V_new,6,global,"8,10,15,17,21,26",34,83,3.9034392833709717
V_new,6,global,"8,10,15,17,21,26",35,128,3.204690456390381
V_new,6,global,"8,10,15,17,21,26",36,211,3.6063125133514404
V_new,6,global,"8,10,15,17,21,26",37,53,3.626091718673706
V_new,6,global,"8,10,15,17,21,26",38,456,3.836108446121216
V_new,6,global,"8,10,15,17,21,26",39,131,3.3696842193603516
V_new,6,global,"8,10,15,17,21,26",40,199,3.800534725189209
V_new,6,global,"8,10,15,17,21,26",41,264,4.193131923675537
V_new,6,global,"8,10,15,17,21,26",42,231,3.810173273086548
V_new,6,global,"8,10,15,17,21,26",43,201,3.8318984508514404
V_new,6,global,"8,10,15,17,21,26",44,102,3.568343162536621
V_new,6,global,"8,10,15,17,21,26",45,265,4.054668426513672
V_new,6,global,"8,10,15,17,21,26",46,245,3.6853251457214355
V_new,6,global,"8,10,15,17,21,26",47,488,3.2367782592773438
V_new,6,global,"8,10,15,17,21,26",48,437,3.190204620361328
V_new,6,global,"8,10,15,17,21,26",49,515,4.193251132965088
V_new,6,global,"8,10,15,17,21,26",50,195,3.955261707305908
V_new,6,global,"8,10,15,17,21,26",51,443,4.159972667694092
V_new,6,global,"8,10,15,17,21,26",52,187,3.638871669769287
V_new,6,global,"8,10,15,17,21,26",53,29,2.8762383460998535
V_new,6,global,"8,10,15,17,21,26",54,125,4.372873306274414
V_new,6,global,"8,10,15,17,21,26",55,192,3.9993300437927246
V_new,6,global,"8,10,15,17,21,26",56,299,3.8170361518859863
V_new,6,global,"8,10,15,17,21,26",57,98,3.6995344161987305
V_new,6,global,"8,10,15,17,21,26",58,436,2.3290719985961914
V_new,6,global,"8,10,15,17,21,26",59,73,3.8449652194976807
V_new,6,global,"8,10,15,17,21,26",60,364,4.023810386657715
V_new,6,global,"8,10,15,17,21,26",61,527,3.7943480014801025
V_new,6,global,"8,10,15,17,21,26",62,476,4.391514778137207
V_new,6,global,"8,10,15,17,21,26",63,218,4.048885345458984
V_new,6,global,"8,10,15,19,24,26",0,275,4.109549522399902
V_new,6,global,"8,10,15,19,24,26",1,251,3.582406759262085
V_new,6,global,"8,10,15,19,24,26",2,27,3.3829169273376465
V_new,6,global,"8,10,15,19,24,26",3,346,3.596234083175659
V_new,6,global,"8,10,15,19,24,26",4,381,4.011416912078857
V_new,6,global,"8,10,15,19,24,26",5,492,4.536022186279297
V_new,6,global,"8,10,15,19,24,26",6,12,3.9891839027404785
V_new,6,global,"8,10,15,19,24,26",7,48,3.412135124206543
V_new,6,global,"8,10,15,19,24,26",8,331,4.023637771606445
V_new,6,global,"8,10,15,19,24,26",9,244,4.431910037994385
V_new,6,global,"8,10,15,19,24,26",10,24,3.3332977294921875
V_new,6,global,"8,10,15,19,24,26",11,226,4.064175605773926
V_new,6,global,"8,10,15,19,24,26",12,491,4.480770111083984
V_new,6,global,"8,10,15,19,24,26",13,203,3.86607027053833
V_new,6,global,"8,10,15,19,24,26",14,40,3.746948003768921
V_new,6,global,"8,10,15,19,24,26",15,217,3.8901124000549316
V_new,6,global,"8,10,15,19,24,26",16,151,3.961902141571045
V_new,6,global,"8,10,15,19,24,26",17,100,3.6620049476623535
V_new,6,global,"8,10,15,19,24,26",18,356,4.423218727111816
V_new,6,global,"8,10,15,19,24,26",19,457,4.155942916870117
V_new,6,global,"8,10,15,19,24,26",20,90,4.1696295738220215
V_new,6,global,"8,10,15,19,24,26",21,511,4.227846622467041
V_new,6,global,"8,10,15,19,24,26",22,33,3.9057092666625977
V_new,6,global,"8,10,15,19,24,26",23,279,4.399883270263672
V_new,6,global,"8,10,15,19,24,26",24,505,4.216449737548828
V_new,6,global,"8,10,15,19,24,26",25,464,4.263262748718262
V_new,6,global,"8,10,15,19,24,26",26,149,3.58017897605896
V_new,6,global,"8,10,15,19,24,26",27,116,4.120231628417969
V_new,6,global,"8,10,15,19,24,26",28,150,3.8842060565948486
V_new,6,global,"8,10,15,19,24,26",29,445,4.2336249351501465
V_new,6,global,"8,10,15,19,24,26",30,339,3.9176137447357178
V_new,6,global,"8,10,15,19,24,26",31,276,4.086960792541504
V_new,6,global,"8,10,15,19,24,26",32,115,3.850860595703125
V_new,6,global,"8,10,15,19,24,26",33,289,3.81221079826355
V_new,6,global,"8,10,15,19,24,26",34,83,4.235970973968506
V_new,6,global,"8,10,15,19,24,26",35,128,3.4803733825683594
V_new,6,global,"8,10,15,19,24,26",36,211,3.8198676109313965
V_new,6,global,"8,10,15,19,24,26",37,53,3.723975419998169
V_new,6,global,"8,10,15,19,24,26",38,456,4.027848243713379
V_new,6,global,"8,10,15,19,24,26",39,131,3.5727076530456543
V_new,6,global,"8,10,15,19,24,26",40,199,4.102261543273926
V_new,6,global,"8,10,15,19,24,26",41,264,4.421797752380371
V_new,6,global,"8,10,15,19,24,26",42,231,4.011449337005615
V_new,6,global,"8,10,15,19,24,26",43,201,4.057110786437988
V_new,6,global,"8,10,15,19,24,26",44,102,3.7622463703155518
V_new,6,global,"8,10,15,19,24,26",45,265,4.194985389709473
V_new,6,global,"8,10,15,19,24,26",46,245,4.00931978225708
V_new,6,global,"8,10,15,19,24,26",47,488,3.371988534927368
V_new,6,global,"8,10,15,19,24,26",48,437,3.421217918395996
V_new,6,global,"8,10,15,19,24,26",49,515,4.3654046058654785
V_new,6,global,"8,10,15,19,24,26",50,195,4.138152122497559
V_new,6,global,"8,10,15,19,24,26",51,443,4.470091342926025
V_new,6,global,"8,10,15,19,24,26",52,187,4.1433844566345215
V_new,6,global,"8,10,15,19,24,26",53,29,3.1890783309936523
V_new,6,global,"8,10,15,19,24,26",54,125,4.315013408660889
V_new,6,global,"8,10,15,19,24,26",55,192,4.063022613525391
V_new,6,global,"8,10,15,19,24,26",56,299,4.161300182342529
V_new,6,global,"8,10,15,19,24,26",57,98,3.832653760910034
V_new,6,global,"8,10,15,19,24,26",58,436,2.698451042175293
V_new,6,global,"8,10,15,19,24,26",59,73,3.8465468883514404
V_new,6,global,"8,10,15,19,24,26",60,364,4.285865306854248
V_new,6,global,"8,10,15,19,24,26",61,527,3.936338424682617
V_new,6,global,"8,10,15,19,24,26",62,476,4.4290452003479
V_new,6,global,"8,10,15,19,24,26",63,218,4.1411967277526855
V_new,6,low,"3,6,8,10,12,19",0,275,4.023567199707031
V_new,6,low,"3,6,8,10,12,19",1,251,3.596242904663086
V_new,6,low,"3,6,8,10,12,19",2,27,3.3895423412323
V_new,6,low,"3,6,8,10,12,19",3,346,3.5065574645996094
V_new,6,low,"3,6,8,10,12,19",4,381,3.9515631198883057
V_new,6,low,"3,6,8,10,12,19",5,492,4.255795478820801
V_new,6,low,"3,6,8,10,12,19",6,12,3.545071840286255
V_new,6,low,"3,6,8,10,12,19",7,48,3.160935878753662
V_new,6,low,"3,6,8,10,12,19",8,331,3.8375442028045654
V_new,6,low,"3,6,8,10,12,19",9,244,4.38242769241333
V_new,6,low,"3,6,8,10,12,19",10,24,3.2357606887817383
V_new,6,low,"3,6,8,10,12,19",11,226,4.049583911895752
V_new,6,low,"3,6,8,10,12,19",12,491,4.404784679412842
V_new,6,low,"3,6,8,10,12,19",13,203,3.466104030609131
V_new,6,low,"3,6,8,10,12,19",14,40,3.5750396251678467
V_new,6,low,"3,6,8,10,12,19",15,217,4.061875820159912
V_new,6,low,"3,6,8,10,12,19",16,151,3.806931972503662
V_new,6,low,"3,6,8,10,12,19",17,100,3.72147274017334
V_new,6,low,"3,6,8,10,12,19",18,356,4.3570733070373535
V_new,6,low,"3,6,8,10,12,19",19,457,4.100722312927246
V_new,6,low,"3,6,8,10,12,19",20,90,4.051253795623779
V_new,6,low,"3,6,8,10,12,19",21,511,3.762646436691284
V_new,6,low,"3,6,8,10,12,19",22,33,3.8106250762939453
V_new,6,low,"3,6,8,10,12,19",23,279,4.3938069343566895
V_new,6,low,"3,6,8,10,12,19",24,505,3.7107443809509277
V_new,6,low,"3,6,8,10,12,19",25,464,4.303616523742676
V_new,6,low,"3,6,8,10,12,19",26,149,3.4068312644958496
V_new,6,low,"3,6,8,10,12,19",27,116,3.9899442195892334
V_new,6,low,"3,6,8,10,12,19",28,150,3.689568042755127
V_new,6,low,"3,6,8,10,12,19",29,445,4.346395969390869
V_new,6,low,"3,6,8,10,12,19",30,339,3.852809429168701
V_new,6,low,"3,6,8,10,12,19",31,276,4.109602451324463
V_new,6,low,"3,6,8,10,12,19",32,115,3.5690650939941406
V_new,6,low,"3,6,8,10,12,19",33,289,3.814509630203247
V_new,6,low,"3,6,8,10,12,19",34,83,3.9130983352661133
V_new,6,low,"3,6,8,10,12,19",35,128,3.2753827571868896
V_new,6,low,"3,6,8,10,12,19",36,211,3.584088087081909
V_new,6,low,"3,6,8,10,12,19",37,53,3.539539337158203
V_new,6,low,"3,6,8,10,12,19",38,456,3.9745376110076904
V_new,6,low,"3,6,8,10,12,19",39,131,3.365142583847046
V_new,6,low,"3,6,8,10,12,19",40,199,3.927339553833008
V_new,6,low,"3,6,8,10,12,19",41,264,4.211307048797607
V_new,6,low,"3,6,8,10,12,19",42,231,4.14005184173584
V_new,6,low,"3,6,8,10,12,19",43,201,3.827430009841919
V_new,6,low,"3,6,8,10,12,19",44,102,3.8795957565307617
V_new,6,low,"3,6,8,10,12,19",45,265,4.282392501831055
V_new,6,low,"3,6,8,10,12,19",46,245,3.8923630714416504
V_new,6,low,"3,6,8,10,12,19",47,488,3.379070520401001
V_new,6,low,"3,6,8,10,12,19",48,437,3.3530046939849854
V_new,6,low,"3,6,8,10,12,19",49,515,4.308900356292725
V_new,6,low,"3,6,8,10,12,19",50,195,3.892383575439453
V_new,6,low,"3,6,8,10,12,19",51,443,4.652005195617676
V_new,6,low,"3,6,8,10,12,19",52,187,3.6715493202209473
V_new,6,low,"3,6,8,10,12,19",53,29,3.216597080230713
V_new,6,low,"3,6,8,10,12,19",54,125,4.352757930755615
V_new,6,low,"3,6,8,10,12,19",55,192,3.878577947616577
V_new,6,low,"3,6,8,10,12,19",56,299,4.273205280303955
V_new,6,low,"3,6,8,10,12,19",57,98,3.7230799198150635
V_new,6,low,"3,6,8,10,12,19",58,436,2.835615396499634
V_new,6,low,"3,6,8,10,12,19",59,73,3.942716121673584
V_new,6,low,"3,6,8,10,12,19",60,364,4.162641525268555
V_new,6,low,"3,6,8,10,12,19",61,527,3.9625403881073
V_new,6,low,"3,6,8,10,12,19",62,476,4.2973408699035645
V_new,6,low,"3,6,8,10,12,19",63,218,4.210644245147705
V_new,6,low,"3,6,8,10,15,17",0,275,3.913884162902832
V_new,6,low,"3,6,8,10,15,17",1,251,3.3884005546569824
V_new,6,low,"3,6,8,10,15,17",2,27,3.239192247390747
V_new,6,low,"3,6,8,10,15,17",3,346,3.2620997428894043
V_new,6,low,"3,6,8,10,15,17",4,381,3.8636574745178223
V_new,6,low,"3,6,8,10,15,17",5,492,4.194581985473633
V_new,6,low,"3,6,8,10,15,17",6,12,3.2565276622772217
V_new,6,low,"3,6,8,10,15,17",7,48,2.8567519187927246
V_new,6,low,"3,6,8,10,15,17",8,331,3.7222840785980225
V_new,6,low,"3,6,8,10,15,17",9,244,4.163727283477783
V_new,6,low,"3,6,8,10,15,17",10,24,2.8619887828826904
V_new,6,low,"3,6,8,10,15,17",11,226,3.828028917312622
V_new,6,low,"3,6,8,10,15,17",12,491,4.123017311096191
V_new,6,low,"3,6,8,10,15,17",13,203,3.1870360374450684
V_new,6,low,"3,6,8,10,15,17",14,40,3.3968231678009033
V_new,6,low,"3,6,8,10,15,17",15,217,3.712353229522705
V_new,6,low,"3,6,8,10,15,17",16,151,3.6190526485443115
V_new,6,low,"3,6,8,10,15,17",17,100,3.4057319164276123
V_new,6,low,"3,6,8,10,15,17",18,356,4.157503604888916
V_new,6,low,"3,6,8,10,15,17",19,457,3.8641903400421143
V_new,6,low,"3,6,8,10,15,17",20,90,3.8870043754577637
V_new,6,low,"3,6,8,10,15,17",21,511,3.658569097518921
V_new,6,low,"3,6,8,10,15,17",22,33,3.741741180419922
V_new,6,low,"3,6,8,10,15,17",23,279,4.248495578765869
V_new,6,low,"3,6,8,10,15,17",24,505,3.4661805629730225
V_new,6,low,"3,6,8,10,15,17",25,464,3.916280746459961
V_new,6,low,"3,6,8,10,15,17",26,149,3.187670946121216
V_new,6,low,"3,6,8,10,15,17",27,116,3.963416576385498
V_new,6,low,"3,6,8,10,15,17",28,150,3.582113265991211
V_new,6,low,"3,6,8,10,15,17",29,445,4.222984790802002
V_new,6,low,"3,6,8,10,15,17",30,339,3.587019681930542
V_new,6,low,"3,6,8,10,15,17",31,276,3.9687681198120117
V_new,6,low,"3,6,8,10,15,17",32,115,3.3824610710144043
V_new,6,low,"3,6,8,10,15,17",33,289,3.54160737991333
V_new,6,low,"3,6,8,10,15,17",34,83,3.78629994392395
V_new,6,low,"3,6,8,10,15,17",35,128,3.059023857116699
V_new,6,low,"3,6,8,10,15,17",36,211,3.348039388656616
V_new,6,low,"3,6,8,10,15,17",37,53,3.3587212562561035
V_new,6,low,"3,6,8,10,15,17",38,456,3.7377066612243652
V_new,6,low,"3,6,8,10,15,17",39,131,3.041125774383545
V_new,6,low,"3,6,8,10,15,17",40,199,3.681593179702759
V_new,6,low,"3,6,8,10,15,17",41,264,4.045716762542725
V_new,6,low,"3,6,8,10,15,17",42,231,3.8310441970825195
V_new,6,low,"3,6,8,10,15,17",43,201,3.5547447204589844
V_new,6,low,"3,6,8,10,15,17",44,102,3.6885342597961426
V_new,6,low,"3,6,8,10,15,17",45,265,4.117543697357178
V_new,6,low,"3,6,8,10,15,17",46,245,3.780543565750122
V_new,6,low,"3,6,8,10,15,17",47,488,3.1101484298706055
V_new,6,low,"3,6,8,10,15,17",48,437,3.058366060256958
V_new,6,low,"3,6,8,10,15,17",49,515,4.067147731781006
V_new,6,low,"3,6,8,10,15,17",50,195,3.619614362716675
V_new,6,low,"3,6,8,10,15,17",51,443,4.305318355560303
V_new,6,low,"3,6,8,10,15,17",52,187,3.5154130458831787
V_new,6,low,"3,6,8,10,15,17",53,29,3.0263564586639404
V_new,6,low,"3,6,8,10,15,17",54,125,4.084148406982422
V_new,6,low,"3,6,8,10,15,17",55,192,3.7097198963165283
V_new,6,low,"3,6,8,10,15,17",56,299,3.980750322341919
V_new,6,low,"3,6,8,10,15,17",57,98,3.5768704414367676
V_new,6,low,"3,6,8,10,15,17",58,436,2.3604249954223633
V_new,6,low,"3,6,8,10,15,17",59,73,3.666673183441162
V_new,6,low,"3,6,8,10,15,17",60,364,3.974186658859253
V_new,6,low,"3,6,8,10,15,17",61,527,3.839879035949707
V_new,6,low,"3,6,8,10,15,17",62,476,4.0621466636657715
V_new,6,low,"3,6,8,10,15,17",63,218,4.000076770782471
V_new,6,low,"3,6,8,12,15,26",0,275,4.150135517120361
V_new,6,low,"3,6,8,12,15,26",1,251,3.537264108657837
V_new,6,low,"3,6,8,12,15,26",2,27,3.4094698429107666
V_new,6,low,"3,6,8,12,15,26",3,346,3.5718131065368652
V_new,6,low,"3,6,8,12,15,26",4,381,4.137279987335205
V_new,6,low,"3,6,8,12,15,26",5,492,4.433926582336426
V_new,6,low,"3,6,8,12,15,26",6,12,3.538545608520508
V_new,6,low,"3,6,8,12,15,26",7,48,3.1148245334625244
V_new,6,low,"3,6,8,12,15,26",8,331,4.055721282958984
V_new,6,low,"3,6,8,12,15,26",9,244,4.459916114807129
V_new,6,low,"3,6,8,12,15,26",10,24,3.2890102863311768
V_new,6,low,"3,6,8,12,15,26",11,226,4.386526584625244
V_new,6,low,"3,6,8,12,15,26",12,491,4.547418594360352
V_new,6,low,"3,6,8,12,15,26",13,203,3.335759162902832
V_new,6,low,"3,6,8,12,15,26",14,40,3.460632562637329
V_new,6,low,"3,6,8,12,15,26",15,217,4.085264205932617
V_new,6,low,"3,6,8,12,15,26",16,151,3.809824228286743
V_new,6,low,"3,6,8,12,15,26",17,100,3.664846658706665
V_new,6,low,"3,6,8,12,15,26",18,356,4.376810550689697
V_new,6,low,"3,6,8,12,15,26",19,457,4.1930766105651855
V_new,6,low,"3,6,8,12,15,26",20,90,4.189732551574707
V_new,6,low,"3,6,8,12,15,26",21,511,3.9373321533203125
V_new,6,low,"3,6,8,12,15,26",22,33,4.245380878448486
V_new,6,low,"3,6,8,12,15,26",23,279,4.57790994644165
V_new,6,low,"3,6,8,12,15,26",24,505,3.9582109451293945
V_new,6,low,"3,6,8,12,15,26",25,464,4.302221298217773
V_new,6,low,"3,6,8,12,15,26",26,149,3.3769259452819824
V_new,6,low,"3,6,8,12,15,26",27,116,4.056936264038086
V_new,6,low,"3,6,8,12,15,26",28,150,3.9007608890533447
V_new,6,low,"3,6,8,12,15,26",29,445,4.283761024475098
V_new,6,low,"3,6,8,12,15,26",30,339,3.926701307296753
V_new,6,low,"3,6,8,12,15,26",31,276,4.162267208099365
V_new,6,low,"3,6,8,12,15,26",32,115,3.64294695854187
V_new,6,low,"3,6,8,12,15,26",33,289,3.836548089981079
V_new,6,low,"3,6,8,12,15,26",34,83,3.973207473754883
V_new,6,low,"3,6,8,12,15,26",35,128,3.323164939880371
V_new,6,low,"3,6,8,12,15,26",36,211,3.6548728942871094
V_new,6,low,"3,6,8,12,15,26",37,53,3.614196300506592
V_new,6,low,"3,6,8,12,15,26",38,456,3.819772958755493
V_new,6,low,"3,6,8,12,15,26",39,131,3.404759407043457
V_new,6,low,"3,6,8,12,15,26",40,199,3.9303138256073
V_new,6,low,"3,6,8,12,15,26",41,264,4.331435680389404
V_new,6,low,"3,6,8,12,15,26",42,231,3.9947736263275146
V_new,6,low,"3,6,8,12,15,26",43,201,3.7849462032318115
V_new,6,low,"3,6,8,12,15,26",44,102,3.915353298187256
V_new,6,low,"3,6,8,12,15,26",45,265,4.370309352874756
V_new,6,low,"3,6,8,12,15,26",46,245,3.9045941829681396
V_new,6,low,"3,6,8,12,15,26",47,488,3.2986648082733154
V_new,6,low,"3,6,8,12,15,26",48,437,3.2380480766296387
V_new,6,low,"3,6,8,12,15,26",49,515,4.525450706481934
V_new,6,low,"3,6,8,12,15,26",50,195,4.0399675369262695
V_new,6,low,"3,6,8,12,15,26",51,443,4.630348205566406
V_new,6,low,"3,6,8,12,15,26",52,187,3.734583854675293
V_new,6,low,"3,6,8,12,15,26",53,29,3.048602819442749
V_new,6,low,"3,6,8,12,15,26",54,125,4.325815200805664
V_new,6,low,"3,6,8,12,15,26",55,192,4.099775791168213
V_new,6,low,"3,6,8,12,15,26",56,299,4.0889129638671875
V_new,6,low,"3,6,8,12,15,26",57,98,3.881110668182373
V_new,6,low,"3,6,8,12,15,26",58,436,2.5316593647003174
V_new,6,low,"3,6,8,12,15,26",59,73,3.88700532913208
V_new,6,low,"3,6,8,12,15,26",60,364,4.214095592498779
V_new,6,low,"3,6,8,12,15,26",61,527,4.108749866485596
V_new,6,low,"3,6,8,12,15,26",62,476,4.501979827880859
V_new,6,low,"3,6,8,12,15,26",63,218,4.180802345275879
V_new,6,low,"3,6,10,12,15,26",0,275,3.831970691680908
V_new,6,low,"3,6,10,12,15,26",1,251,3.451951503753662
V_new,6,low,"3,6,10,12,15,26",2,27,3.206859588623047
V_new,6,low,"3,6,10,12,15,26",3,346,3.394160032272339
V_new,6,low,"3,6,10,12,15,26",4,381,3.7327394485473633
V_new,6,low,"3,6,10,12,15,26",5,492,4.068656921386719
V_new,6,low,"3,6,10,12,15,26",6,12,3.3792831897735596
V_new,6,low,"3,6,10,12,15,26",7,48,2.9301962852478027
V_new,6,low,"3,6,10,12,15,26",8,331,3.890294075012207
V_new,6,low,"3,6,10,12,15,26",9,244,4.102833271026611
V_new,6,low,"3,6,10,12,15,26",10,24,2.9427597522735596
V_new,6,low,"3,6,10,12,15,26",11,226,3.7065060138702393
V_new,6,low,"3,6,10,12,15,26",12,491,4.200016498565674
V_new,6,low,"3,6,10,12,15,26",13,203,3.311333179473877
V_new,6,low,"3,6,10,12,15,26",14,40,3.3109443187713623
V_new,6,low,"3,6,10,12,15,26",15,217,3.614530086517334
V_new,6,low,"3,6,10,12,15,26",16,151,3.537299871444702
V_new,6,low,"3,6,10,12,15,26",17,100,3.4243953227996826
V_new,6,low,"3,6,10,12,15,26",18,356,4.100986957550049
V_new,6,low,"3,6,10,12,15,26",19,457,3.9253463745117188
V_new,6,low,"3,6,10,12,15,26",20,90,3.7685980796813965
V_new,6,low,"3,6,10,12,15,26",21,511,3.664522171020508
V_new,6,low,"3,6,10,12,15,26",22,33,3.5536248683929443
V_new,6,low,"3,6,10,12,15,26",23,279,4.1384968757629395
V_new,6,low,"3,6,10,12,15,26",24,505,3.666722297668457
V_new,6,low,"3,6,10,12,15,26",25,464,3.898599863052368
V_new,6,low,"3,6,10,12,15,26",26,149,3.1594300270080566
V_new,6,low,"3,6,10,12,15,26",27,116,3.7221426963806152
V_new,6,low,"3,6,10,12,15,26",28,150,3.561089038848877
V_new,6,low,"3,6,10,12,15,26",29,445,4.03483247756958
V_new,6,low,"3,6,10,12,15,26",30,339,3.4992856979370117
V_new,6,low,"3,6,10,12,15,26",31,276,3.701155185699463
V_new,6,low,"3,6,10,12,15,26",32,115,3.4166126251220703
V_new,6,low,"3,6,10,12,15,26",33,289,3.531191110610962
V_new,6,low,"3,6,10,12,15,26",34,83,3.7084732055664062
V_new,6,low,"3,6,10,12,15,26",35,128,3.058218240737915
V_new,6,low,"3,6,10,12,15,26",36,211,3.3215184211730957
V_new,6,low,"3,6,10,12,15,26",37,53,3.3081068992614746
V_new,6,low,"3,6,10,12,15,26",38,456,3.7522895336151123
V_new,6,low,"3,6,10,12,15,26",39,131,3.1350157260894775
V_new,6,low,"3,6,10,12,15,26",40,199,3.648468017578125
V_new,6,low,"3,6,10,12,15,26",41,264,3.9238271713256836
V_new,6,low,"3,6,10,12,15,26",42,231,3.5139660835266113
V_new,6,low,"3,6,10,12,15,26",43,201,3.532305955886841
V_new,6,low,"3,6,10,12,15,26",44,102,3.4874913692474365
V_new,6,low,"3,6,10,12,15,26",45,265,3.974273204803467
V_new,6,low,"3,6,10,12,15,26",46,245,3.5237226486206055
V_new,6,low,"3,6,10,12,15,26",47,488,2.962881565093994
V_new,6,low,"3,6,10,12,15,26",48,437,3.1171603202819824
V_new,6,low,"3,6,10,12,15,26",49,515,4.215590000152588
V_new,6,low,"3,6,10,12,15,26",50,195,3.7257840633392334
V_new,6,low,"3,6,10,12,15,26",51,443,4.247110366821289
V_new,6,low,"3,6,10,12,15,26",52,187,3.526921033859253
V_new,6,low,"3,6,10,12,15,26",53,29,2.8101296424865723
V_new,6,low,"3,6,10,12,15,26",54,125,4.0201921463012695
V_new,6,low,"3,6,10,12,15,26",55,192,3.8376855850219727
V_new,6,low,"3,6,10,12,15,26",56,299,3.891765832901001
V_new,6,low,"3,6,10,12,15,26",57,98,3.4946377277374268
V_new,6,low,"3,6,10,12,15,26",58,436,2.4836390018463135
V_new,6,low,"3,6,10,12,15,26",59,73,3.62148118019104
V_new,6,low,"3,6,10,12,15,26",60,364,3.939051866531372
V_new,6,low,"3,6,10,12,15,26",61,527,3.727980375289917
V_new,6,low,"3,6,10,12,15,26",62,476,4.054428577423096
V_new,6,low,"3,6,10,12,15,26",63,218,3.8924777507781982
V_new,6,low,"3,6,10,12,21,24",0,275,4.1904425621032715
V_new,6,low,"3,6,10,12,21,24",1,251,3.6694276332855225
V_new,6,low,"3,6,10,12,21,24",2,27,3.394779682159424
V_new,6,low,"3,6,10,12,21,24",3,346,3.739114284515381
V_new,6,low,"3,6,10,12,21,24",4,381,4.188945293426514
V_new,6,low,"3,6,10,12,21,24",5,492,4.461781978607178
V_new,6,low,"3,6,10,12,21,24",6,12,3.718600034713745
V_new,6,low,"3,6,10,12,21,24",7,48,3.2059197425842285
V_new,6,low,"3,6,10,12,21,24",8,331,3.9855897426605225
V_new,6,low,"3,6,10,12,21,24",9,244,4.384029388427734
V_new,6,low,"3,6,10,12,21,24",10,24,3.1576406955718994
V_new,6,low,"3,6,10,12,21,24",11,226,3.9912004470825195
V_new,6,low,"3,6,10,12,21,24",12,491,4.653021335601807
V_new,6,low,"3,6,10,12,21,24",13,203,3.5119595527648926
V_new,6,low,"3,6,10,12,21,24",14,40,3.3909125328063965
V_new,6,low,"3,6,10,12,21,24",15,217,4.104475021362305
V_new,6,low,"3,6,10,12,21,24",16,151,3.8389892578125
V_new,6,low,"3,6,10,12,21,24",17,100,3.652637004852295
V_new,6,low,"3,6,10,12,21,24",18,356,4.441972732543945
V_new,6,low,"3,6,10,12,21,24",19,457,4.1841020584106445
V_new,6,low,"3,6,10,12,21,24",20,90,3.913428544998169
V_new,6,low,"3,6,10,12,21,24",21,511,3.900669813156128
V_new,6,low,"3,6,10,12,21,24",22,33,3.70611572265625
V_new,6,low,"3,6,10,12,21,24",23,279,4.43623161315918
V_new,6,low,"3,6,10,12,21,24",24,505,4.001536846160889
V_new,6,low,"3,6,10,12,21,24",25,464,4.325549602508545
V_new,6,low,"3,6,10,12,21,24",26,149,3.545509099960327
V_new,6,low,"3,6,10,12,21,24",27,116,3.994434356689453
V_new,6,low,"3,6,10,12,21,24",28,150,3.918344497680664
V_new,6,low,"3,6,10,12,21,24",29,445,4.314889430999756
V_new,6,low,"3,6,10,12,21,24",30,339,3.8987536430358887
V_new,6,low,"3,6,10,12,21,24",31,276,4.259128570556641
V_new,6,low,"3,6,10,12,21,24",32,115,3.906649112701416
V_new,6,low,"3,6,10,12,21,24",33,289,3.756347894668579
V_new,6,low,"3,6,10,12,21,24",34,83,4.048153877258301
V_new,6,low,"3,6,10,12,21,24",35,128,3.4086098670959473
V_new,6,low,"3,6,10,12,21,24",36,211,3.4857144355773926
V_new,6,low,"3,6,10,12,21,24",37,53,3.646984577178955
V_new,6,low,"3,6,10,12,21,24",38,456,4.036380767822266
V_new,6,low,"3,6,10,12,21,24",39,131,3.520522117614746
V_new,6,low,"3,6,10,12,21,24",40,199,4.050576686859131
V_new,6,low,"3,6,10,12,21,24",41,264,4.198840618133545
V_new,6,low,"3,6,10,12,21,24",42,231,4.253921985626221
V_new,6,low,"3,6,10,12,21,24",43,201,4.070803165435791
V_new,6,low,"3,6,10,12,21,24",44,102,4.037717819213867
V_new,6,low,"3,6,10,12,21,24",45,265,4.213970184326172
V_new,6,low,"3,6,10,12,21,24",46,245,3.8676211833953857
V_new,6,low,"3,6,10,12,21,24",47,488,3.431288957595825
V_new,6,low,"3,6,10,12,21,24",48,437,3.3035733699798584
V_new,6,low,"3,6,10,12,21,24",49,515,4.498677730560303
V_new,6,low,"3,6,10,12,21,24",50,195,3.931316614151001
V_new,6,low,"3,6,10,12,21,24",51,443,4.57798433303833
V_new,6,low,"3,6,10,12,21,24",52,187,3.7795515060424805
V_new,6,low,"3,6,10,12,21,24",53,29,3.0693302154541016
V_new,6,low,"3,6,10,12,21,24",54,125,4.321086883544922
V_new,6,low,"3,6,10,12,21,24",55,192,4.085082054138184
V_new,6,low,"3,6,10,12,21,24",56,299,4.157986164093018
V_new,6,low,"3,6,10,12,21,24",57,98,3.9352593421936035
V_new,6,low,"3,6,10,12,21,24",58,436,2.602633237838745
V_new,6,low,"3,6,10,12,21,24",59,73,4.008668422698975
V_new,6,low,"3,6,10,12,21,24",60,364,4.249256610870361
V_new,6,low,"3,6,10,12,21,24",61,527,4.001643180847168
V_new,6,low,"3,6,10,12,21,24",62,476,4.430340766906738
V_new,6,low,"3,6,10,12,21,24",63,218,4.339732646942139
V_new,6,low,"3,6,12,17,19,21",0,275,3.9421372413635254
V_new,6,low,"3,6,12,17,19,21",1,251,3.7055625915527344
V_new,6,low,"3,6,12,17,19,21",2,27,3.3471076488494873
V_new,6,low,"3,6,12,17,19,21",3,346,3.8648712635040283
V_new,6,low,"3,6,12,17,19,21",4,381,4.077850818634033
V_new,6,low,"3,6,12,17,19,21",5,492,4.46848726272583
V_new,6,low,"3,6,12,17,19,21",6,12,3.8492236137390137
V_new,6,low,"3,6,12,17,19,21",7,48,3.2241175174713135
V_new,6,low,"3,6,12,17,19,21",8,331,3.867745876312256
V_new,6,low,"3,6,12,17,19,21",9,244,4.461999893188477
V_new,6,low,"3,6,12,17,19,21",10,24,3.291750192642212
V_new,6,low,"3,6,12,17,19,21",11,226,3.8910422325134277
V_new,6,low,"3,6,12,17,19,21",12,491,4.4938788414001465
V_new,6,low,"3,6,12,17,19,21",13,203,3.7693262100219727
V_new,6,low,"3,6,12,17,19,21",14,40,3.535252094268799
V_new,6,low,"3,6,12,17,19,21",15,217,4.087458610534668
V_new,6,low,"3,6,12,17,19,21",16,151,3.8545069694519043
V_new,6,low,"3,6,12,17,19,21",17,100,3.877225399017334
V_new,6,low,"3,6,12,17,19,21",18,356,4.466969966888428
V_new,6,low,"3,6,12,17,19,21",19,457,4.274013042449951
V_new,6,low,"3,6,12,17,19,21",20,90,4.037939548492432
V_new,6,low,"3,6,12,17,19,21",21,511,3.8593223094940186
V_new,6,low,"3,6,12,17,19,21",22,33,3.6766767501831055
V_new,6,low,"3,6,12,17,19,21",23,279,4.264247894287109
V_new,6,low,"3,6,12,17,19,21",24,505,4.155977725982666
V_new,6,low,"3,6,12,17,19,21",25,464,4.34546422958374
V_new,6,low,"3,6,12,17,19,21",26,149,3.5896506309509277
V_new,6,low,"3,6,12,17,19,21",27,116,4.172873497009277
V_new,6,low,"3,6,12,17,19,21",28,150,3.848198413848877
V_new,6,low,"3,6,12,17,19,21",29,445,4.335800647735596
V_new,6,low,"3,6,12,17,19,21",30,339,3.9202585220336914
V_new,6,low,"3,6,12,17,19,21",31,276,3.9450981616973877
V_new,6,low,"3,6,12,17,19,21",32,115,3.8470335006713867
V_new,6,low,"3,6,12,17,19,21",33,289,3.9048690795898438
V_new,6,low,"3,6,12,17,19,21",34,83,4.0388078689575195
V_new,6,low,"3,6,12,17,19,21",35,128,3.573340654373169
V_new,6,low,"3,6,12,17,19,21",36,211,3.635486364364624
V_new,6,low,"3,6,12,17,19,21",37,53,3.514538288116455
V_new,6,low,"3,6,12,17,19,21",38,456,4.259057998657227
V_new,6,low,"3,6,12,17,19,21",39,131,3.6653363704681396
V_new,6,low,"3,6,12,17,19,21",40,199,4.187289714813232
V_new,6,low,"3,6,12,17,19,21",41,264,4.254810333251953
V_new,6,low,"3,6,12,17,19,21",42,231,4.394514083862305
V_new,6,low,"3,6,12,17,19,21",43,201,4.0870280265808105
V_new,6,low,"3,6,12,17,19,21",44,102,4.077265739440918
V_new,6,low,"3,6,12,17,19,21",45,265,4.172524929046631
V_new,6,low,"3,6,12,17,19,21",46,245,3.7954134941101074
V_new,6,low,"3,6,12,17,19,21",47,488,3.6445083618164062
V_new,6,low,"3,6,12,17,19,21",48,437,3.7043771743774414
V_new,6,low,"3,6,12,17,19,21",49,515,4.288738250732422
V_new,6,low,"3,6,12,17,19,21",50,195,3.9527361392974854
V_new,6,low,"3,6,12,17,19,21",51,443,4.785020351409912
V_new,6,low,"3,6,12,17,19,21",52,187,3.775822877883911
V_new,6,low,"3,6,12,17,19,21",53,29,3.3779706954956055
V_new,6,low,"3,6,12,17,19,21",54,125,4.347179412841797
V_new,6,low,"3,6,12,17,19,21",55,192,4.030616283416748
V_new,6,low,"3,6,12,17,19,21",56,299,4.110691547393799
V_new,6,low,"3,6,12,17,19,21",57,98,3.796675443649292
V_new,6,low,"3,6,12,17,19,21",58,436,3.2367331981658936
V_new,6,low,"3,6,12,17,19,21",59,73,3.8074820041656494
V_new,6,low,"3,6,12,17,19,21",60,364,4.259923458099365
V_new,6,low,"3,6,12,17,19,21",61,527,3.9683737754821777
V_new,6,low,"3,6,12,17,19,21",62,476,4.398609638214111
V_new,6,low,"3,6,12,17,19,21",63,218,4.091572284698486
V_new,6,low,"3,6,15,17,21,24",0,275,4.048920631408691
V_new,6,low,"3,6,15,17,21,24",1,251,3.462825298309326
V_new,6,low,"3,6,15,17,21,24",2,27,3.339458703994751
V_new,6,low,"3,6,15,17,21,24",3,346,3.492532968521118
V_new,6,low,"3,6,15,17,21,24",4,381,4.02817964553833
V_new,6,low,"3,6,15,17,21,24",5,492,4.326539516448975
V_new,6,low,"3,6,15,17,21,24",6,12,3.4752390384674072
V_new,6,low,"3,6,15,17,21,24",7,48,3.0439980030059814
V_new,6,low,"3,6,15,17,21,24",8,331,3.8121330738067627
V_new,6,low,"3,6,15,17,21,24",9,244,4.370724201202393
V_new,6,low,"3,6,15,17,21,24",10,24,3.136965274810791
V_new,6,low,"3,6,15,17,21,24",11,226,3.8587472438812256
V_new,6,low,"3,6,15,17,21,24",12,491,4.385554790496826
V_new,6,low,"3,6,15,17,21,24",13,203,3.409402370452881
V_new,6,low,"3,6,15,17,21,24",14,40,3.331153631210327
V_new,6,low,"3,6,15,17,21,24",15,217,3.794034004211426
V_new,6,low,"3,6,15,17,21,24",16,151,3.6271250247955322
V_new,6,low,"3,6,15,17,21,24",17,100,3.591796875
V_new,6,low,"3,6,15,17,21,24",18,356,4.394083499908447
V_new,6,low,"3,6,15,17,21,24",19,457,4.06931209564209
V_new,6,low,"3,6,15,17,21,24",20,90,3.8674957752227783
V_new,6,low,"3,6,15,17,21,24",21,511,3.7472853660583496
V_new,6,low,"3,6,15,17,21,24",22,33,3.685824394226074
V_new,6,low,"3,6,15,17,21,24",23,279,4.255650520324707
V_new,6,low,"3,6,15,17,21,24",24,505,3.817059278488159
V_new,6,low,"3,6,15,17,21,24",25,464,4.207514762878418
V_new,6,low,"3,6,15,17,21,24",26,149,3.362581729888916
V_new,6,low,"3,6,15,17,21,24",27,116,4.116627216339111
V_new,6,low,"3,6,15,17,21,24",28,150,3.77864670753479
V_new,6,low,"3,6,15,17,21,24",29,445,4.18670654296875
V_new,6,low,"3,6,15,17,21,24",30,339,3.830808639526367
V_new,6,low,"3,6,15,17,21,24",31,276,4.0028767585754395
V_new,6,low,"3,6,15,17,21,24",32,115,3.5725440979003906
V_new,6,low,"3,6,15,17,21,24",33,289,3.6705892086029053
V_new,6,low,"3,6,15,17,21,24",34,83,4.092567443847656
V_new,6,low,"3,6,15,17,21,24",35,128,3.2111687660217285
V_new,6,low,"3,6,15,17,21,24",36,211,3.563330888748169
V_new,6,low,"3,6,15,17,21,24",37,53,3.438114643096924
V_new,6,low,"3,6,15,17,21,24",38,456,3.8674864768981934
V_new,6,low,"3,6,15,17,21,24",39,131,3.4194204807281494
V_new,6,low,"3,6,15,17,21,24",40,199,3.8911216259002686
V_new,6,low,"3,6,15,17,21,24",41,264,4.060776233673096
V_new,6,low,"3,6,15,17,21,24",42,231,4.222991466522217
V_new,6,low,"3,6,15,17,21,24",43,201,3.7553486824035645
V_new,6,low,"3,6,15,17,21,24",44,102,3.858891487121582
V_new,6,low,"3,6,15,17,21,24",45,265,4.0586700439453125
V_new,6,low,"3,6,15,17,21,24",46,245,3.800274610519409
V_new,6,low,"3,6,15,17,21,24",47,488,3.299672842025757
V_new,6,low,"3,6,15,17,21,24",48,437,3.290881395339966
V_new,6,low,"3,6,15,17,21,24",49,515,4.2425217628479
V_new,6,low,"3,6,15,17,21,24",50,195,3.8374998569488525
V_new,6,low,"3,6,15,17,21,24",51,443,4.302741050720215
V_new,6,low,"3,6,15,17,21,24",52,187,3.662895917892456
V_new,6,low,"3,6,15,17,21,24",53,29,2.9660098552703857
V_new,6,low,"3,6,15,17,21,24",54,125,4.297611713409424
V_new,6,low,"3,6,15,17,21,24",55,192,3.9668874740600586
V_new,6,low,"3,6,15,17,21,24",56,299,4.0207061767578125
V_new,6,low,"3,6,15,17,21,24",57,98,3.73319149017334
V_new,6,low,"3,6,15,17,21,24",58,436,2.4079179763793945
V_new,6,low,"3,6,15,17,21,24",59,73,3.8658835887908936
V_new,6,low,"3,6,15,17,21,24",60,364,4.10530424118042
V_new,6,low,"3,6,15,17,21,24",61,527,3.9435439109802246
V_new,6,low,"3,6,15,17,21,24",62,476,4.313503742218018
V_new,6,low,"3,6,15,17,21,24",63,218,4.107642650604248
V_new,6,low,"3,8,10,15,19,21",0,275,4.134819030761719
V_new,6,low,"3,8,10,15,19,21",1,251,3.5990991592407227
V_new,6,low,"3,8,10,15,19,21",2,27,3.4325625896453857
V_new,6,low,"3,8,10,15,19,21",3,346,3.651972770690918
V_new,6,low,"3,8,10,15,19,21",4,381,3.996601104736328
V_new,6,low,"3,8,10,15,19,21",5,492,4.462609767913818
V_new,6,low,"3,8,10,15,19,21",6,12,3.6865971088409424
V_new,6,low,"3,8,10,15,19,21",7,48,3.1971726417541504
V_new,6,low,"3,8,10,15,19,21",8,331,3.9354302883148193
V_new,6,low,"3,8,10,15,19,21",9,244,4.426631927490234
V_new,6,low,"3,8,10,15,19,21",10,24,3.2963476181030273
V_new,6,low,"3,8,10,15,19,21",11,226,3.969395875930786
V_new,6,low,"3,8,10,15,19,21",12,491,4.518388271331787
V_new,6,low,"3,8,10,15,19,21",13,203,3.735194444656372
V_new,6,low,"3,8,10,15,19,21",14,40,3.547045946121216
V_new,6,low,"3,8,10,15,19,21",15,217,3.9613006114959717
V_new,6,low,"3,8,10,15,19,21",16,151,3.829416275024414
V_new,6,low,"3,8,10,15,19,21",17,100,3.787564516067505
V_new,6,low,"3,8,10,15,19,21",18,356,4.42933988571167
V_new,6,low,"3,8,10,15,19,21",19,457,4.096124649047852
V_new,6,low,"3,8,10,15,19,21",20,90,3.9615819454193115
V_new,6,low,"3,8,10,15,19,21",21,511,3.945802688598633
V_new,6,low,"3,8,10,15,19,21",22,33,3.8032026290893555
V_new,6,low,"3,8,10,15,19,21",23,279,4.359902381896973
V_new,6,low,"3,8,10,15,19,21",24,505,3.9516148567199707
V_new,6,low,"3,8,10,15,19,21",25,464,4.362599849700928
V_new,6,low,"3,8,10,15,19,21",26,149,3.5446743965148926
V_new,6,low,"3,8,10,15,19,21",27,116,4.151447772979736
V_new,6,low,"3,8,10,15,19,21",28,150,3.8658392429351807
V_new,6,low,"3,8,10,15,19,21",29,445,4.302011489868164
V_new,6,low,"3,8,10,15,19,21",30,339,3.786722421646118
V_new,6,low,"3,8,10,15,19,21",31,276,3.99875807762146
V_new,6,low,"3,8,10,15,19,21",32,115,3.6673636436462402
V_new,6,low,"3,8,10,15,19,21",33,289,3.765186309814453
V_new,6,low,"3,8,10,15,19,21",34,83,4.042896270751953
V_new,6,low,"3,8,10,15,19,21",35,128,3.468107223510742
V_new,6,low,"3,8,10,15,19,21",36,211,3.588557481765747
V_new,6,low,"3,8,10,15,19,21",37,53,3.6391003131866455
V_new,6,low,"3,8,10,15,19,21",38,456,4.157415866851807
V_new,6,low,"3,8,10,15,19,21",39,131,3.442089557647705
V_new,6,low,"3,8,10,15,19,21",40,199,3.9878077507019043
V_new,6,low,"3,8,10,15,19,21",41,264,4.274277210235596
V_new,6,low,"3,8,10,15,19,21",42,231,4.046276569366455
V_new,6,low,"3,8,10,15,19,21",43,201,4.0050482749938965
V_new,6,low,"3,8,10,15,19,21",44,102,3.7847204208374023
V_new,6,low,"3,8,10,15,19,21",45,265,4.206374168395996
V_new,6,low,"3,8,10,15,19,21",46,245,3.8764195442199707
V_new,6,low,"3,8,10,15,19,21",47,488,3.4385128021240234
V_new,6,low,"3,8,10,15,19,21",48,437,3.3274900913238525
V_new,6,low,"3,8,10,15,19,21",49,515,4.483035087585449
V_new,6,low,"3,8,10,15,19,21",50,195,4.0713701248168945
V_new,6,low,"3,8,10,15,19,21",51,443,4.565636157989502
V_new,6,low,"3,8,10,15,19,21",52,187,3.837357759475708
V_new,6,low,"3,8,10,15,19,21",53,29,3.030576705932617
V_new,6,low,"3,8,10,15,19,21",54,125,4.310466289520264
V_new,6,low,"3,8,10,15,19,21",55,192,4.148003578186035
V_new,6,low,"3,8,10,15,19,21",56,299,4.144916534423828
V_new,6,low,"3,8,10,15,19,21",57,98,3.879377841949463
V_new,6,low,"3,8,10,15,19,21",58,436,2.739553451538086
V_new,6,low,"3,8,10,15,19,21",59,73,3.9225316047668457
V_new,6,low,"3,8,10,15,19,21",60,364,4.312658786773682
V_new,6,low,"3,8,10,15,19,21",61,527,3.886284589767456
V_new,6,low,"3,8,10,15,19,21",62,476,4.3360443115234375
V_new,6,low,"3,8,10,15,19,21",63,218,4.1222825050354
V_new,6,low,"3,8,12,15,17,21",0,275,4.042288780212402
V_new,6,low,"3,8,12,15,17,21",1,251,3.394075870513916
V_new,6,low,"3,8,12,15,17,21",2,27,3.3035871982574463
V_new,6,low,"3,8,12,15,17,21",3,346,3.427309036254883
V_new,6,low,"3,8,12,15,17,21",4,381,4.011713027954102
V_new,6,low,"3,8,12,15,17,21",5,492,4.397361755371094
V_new,6,low,"3,8,12,15,17,21",6,12,3.448146343231201
V_new,6,low,"3,8,12,15,17,21",7,48,2.866702079772949
V_new,6,low,"3,8,12,15,17,21",8,331,3.9555563926696777
V_new,6,low,"3,8,12,15,17,21",9,244,4.393620014190674
V_new,6,low,"3,8,12,15,17,21",10,24,3.1246187686920166
V_new,6,low,"3,8,12,15,17,21",11,226,3.9328184127807617
V_new,6,low,"3,8,12,15,17,21",12,491,4.417064666748047
V_new,6,low,"3,8,12,15,17,21",13,203,3.539236068725586
V_new,6,low,"3,8,12,15,17,21",14,40,3.4259281158447266
V_new,6,low,"3,8,12,15,17,21",15,217,3.895864248275757
V_new,6,low,"3,8,12,15,17,21",16,151,3.6665234565734863
V_new,6,low,"3,8,12,15,17,21",17,100,3.521775245666504
V_new,6,low,"3,8,12,15,17,21",18,356,4.302250862121582
V_new,6,low,"3,8,12,15,17,21",19,457,4.1020708084106445
V_new,6,low,"3,8,12,15,17,21",20,90,3.8504114151000977
V_new,6,low,"3,8,12,15,17,21",21,511,3.89090633392334
V_new,6,low,"3,8,12,15,17,21",22,33,3.7325973510742188
V_new,6,low,"3,8,12,15,17,21",23,279,4.291982650756836
V_new,6,low,"3,8,12,15,17,21",24,505,3.8048455715179443
V_new,6,low,"3,8,12,15,17,21",25,464,4.197165012359619
V_new,6,low,"3,8,12,15,17,21",26,149,3.285242795944214
V_new,6,low,"3,8,12,15,17,21",27,116,3.946948289871216
V_new,6,low,"3,8,12,15,17,21",28,150,3.626985549926758
V_new,6,low,"3,8,12,15,17,21",29,445,4.26657772064209
V_new,6,low,"3,8,12,15,17,21",30,339,3.6913561820983887
V_new,6,low,"3,8,12,15,17,21",31,276,4.027874946594238
V_new,6,low,"3,8,12,15,17,21",32,115,3.4990696907043457
V_new,6,low,"3,8,12,15,17,21",33,289,3.6545677185058594
V_new,6,low,"3,8,12,15,17,21",34,83,3.780304193496704
V_new,6,low,"3,8,12,15,17,21",35,128,3.2787182331085205
V_new,6,low,"3,8,12,15,17,21",36,211,3.51686954498291
V_new,6,low,"3,8,12,15,17,21",37,53,3.5312938690185547
V_new,6,low,"3,8,12,15,17,21",38,456,3.9407899379730225
V_new,6,low,"3,8,12,15,17,21",39,131,3.240967035293579
V_new,6,low,"3,8,12,15,17,21",40,199,3.9931564331054688
V_new,6,low,"3,8,12,15,17,21",41,264,4.205759525299072
V_new,6,low,"3,8,12,15,17,21",42,231,4.015446186065674
V_new,6,low,"3,8,12,15,17,21",43,201,3.85459303855896
V_new,6,low,"3,8,12,15,17,21",44,102,3.932626485824585
V_new,6,low,"3,8,12,15,17,21",45,265,4.104633331298828
V_new,6,low,"3,8,12,15,17,21",46,245,3.6664011478424072
V_new,6,low,"3,8,12,15,17,21",47,488,3.1642637252807617
V_new,6,low,"3,8,12,15,17,21",48,437,3.299633026123047
V_new,6,low,"3,8,12,15,17,21",49,515,4.245489120483398
V_new,6,low,"3,8,12,15,17,21",50,195,3.899021863937378
V_new,6,low,"3,8,12,15,17,21",51,443,4.4262614250183105
V_new,6,low,"3,8,12,15,17,21",52,187,3.586198568344116
V_new,6,low,"3,8,12,15,17,21",53,29,2.8336751461029053
V_new,6,low,"3,8,12,15,17,21",54,125,4.219578742980957
V_new,6,low,"3,8,12,15,17,21",55,192,3.8447203636169434
V_new,6,low,"3,8,12,15,17,21",56,299,3.9075608253479004
V_new,6,low,"3,8,12,15,17,21",57,98,3.8001973628997803
V_new,6,low,"3,8,12,15,17,21",58,436,2.496212959289551
V_new,6,low,"3,8,12,15,17,21",59,73,3.773138999938965
V_new,6,low,"3,8,12,15,17,21",60,364,3.991150379180908
V_new,6,low,"3,8,12,15,17,21",61,527,3.779222011566162
V_new,6,low,"3,8,12,15,17,21",62,476,4.304032802581787
V_new,6,low,"3,8,12,15,17,21",63,218,4.053825378417969
V_new,6,low,"6,8,10,12,21,24",0,275,4.2757134437561035
V_new,6,low,"6,8,10,12,21,24",1,251,3.6778006553649902
V_new,6,low,"6,8,10,12,21,24",2,27,3.3873865604400635
V_new,6,low,"6,8,10,12,21,24",3,346,3.6353392601013184
V_new,6,low,"6,8,10,12,21,24",4,381,4.076987266540527
V_new,6,low,"6,8,10,12,21,24",5,492,4.408773422241211
V_new,6,low,"6,8,10,12,21,24",6,12,3.6749489307403564
V_new,6,low,"6,8,10,12,21,24",7,48,3.133230209350586
V_new,6,low,"6,8,10,12,21,24",8,331,3.864095449447632
V_new,6,low,"6,8,10,12,21,24",9,244,4.450904369354248
V_new,6,low,"6,8,10,12,21,24",10,24,3.2188608646392822
V_new,6,low,"6,8,10,12,21,24",11,226,3.9664530754089355
V_new,6,low,"6,8,10,12,21,24",12,491,4.615753173828125
V_new,6,low,"6,8,10,12,21,24",13,203,3.566380500793457
V_new,6,low,"6,8,10,12,21,24",14,40,3.5061631202697754
V_new,6,low,"6,8,10,12,21,24",15,217,3.9535770416259766
V_new,6,low,"6,8,10,12,21,24",16,151,4.002158164978027
V_new,6,low,"6,8,10,12,21,24",17,100,3.662595748901367
V_new,6,low,"6,8,10,12,21,24",18,356,4.46854829788208
V_new,6,low,"6,8,10,12,21,24",19,457,4.1451263427734375
V_new,6,low,"6,8,10,12,21,24",20,90,4.044851779937744
V_new,6,low,"6,8,10,12,21,24",21,511,4.044205188751221
V_new,6,low,"6,8,10,12,21,24",22,33,3.8064992427825928
V_new,6,low,"6,8,10,12,21,24",23,279,4.506882667541504
V_new,6,low,"6,8,10,12,21,24",24,505,3.8660547733306885
V_new,6,low,"6,8,10,12,21,24",25,464,4.3378705978393555
V_new,6,low,"6,8,10,12,21,24",26,149,3.4641284942626953
V_new,6,low,"6,8,10,12,21,24",27,116,4.134406089782715
V_new,6,low,"6,8,10,12,21,24",28,150,4.003490447998047
V_new,6,low,"6,8,10,12,21,24",29,445,4.431966304779053
V_new,6,low,"6,8,10,12,21,24",30,339,3.9493980407714844
V_new,6,low,"6,8,10,12,21,24",31,276,4.443283557891846
V_new,6,low,"6,8,10,12,21,24",32,115,3.7427024841308594
V_new,6,low,"6,8,10,12,21,24",33,289,4.031064987182617
V_new,6,low,"6,8,10,12,21,24",34,83,4.1612091064453125
V_new,6,low,"6,8,10,12,21,24",35,128,3.3627991676330566
V_new,6,low,"6,8,10,12,21,24",36,211,3.6595685482025146
V_new,6,low,"6,8,10,12,21,24",37,53,3.7153501510620117
V_new,6,low,"6,8,10,12,21,24",38,456,4.154029369354248
V_new,6,low,"6,8,10,12,21,24",39,131,3.4444618225097656
V_new,6,low,"6,8,10,12,21,24",40,199,4.027846336364746
V_new,6,low,"6,8,10,12,21,24",41,264,4.329668998718262
V_new,6,low,"6,8,10,12,21,24",42,231,4.053358554840088
V_new,6,low,"6,8,10,12,21,24",43,201,3.9490931034088135
V_new,6,low,"6,8,10,12,21,24",44,102,4.028980731964111
V_new,6,low,"6,8,10,12,21,24",45,265,4.1852030754089355
V_new,6,low,"6,8,10,12,21,24",46,245,3.893385648727417
V_new,6,low,"6,8,10,12,21,24",47,488,3.4160609245300293
V_new,6,low,"6,8,10,12,21,24",48,437,3.3009681701660156
V_new,6,low,"6,8,10,12,21,24",49,515,4.354538917541504
V_new,6,low,"6,8,10,12,21,24",50,195,4.007899761199951
V_new,6,low,"6,8,10,12,21,24",51,443,4.481928825378418
V_new,6,low,"6,8,10,12,21,24",52,187,3.6623940467834473
V_new,6,low,"6,8,10,12,21,24",53,29,3.1542274951934814
V_new,6,low,"6,8,10,12,21,24",54,125,4.326309680938721
V_new,6,low,"6,8,10,12,21,24",55,192,4.103692531585693
V_new,6,low,"6,8,10,12,21,24",56,299,4.1083879470825195
V_new,6,low,"6,8,10,12,21,24",57,98,3.9119582176208496
V_new,6,low,"6,8,10,12,21,24",58,436,2.489229679107666
V_new,6,low,"6,8,10,12,21,24",59,73,4.023016929626465
V_new,6,low,"6,8,10,12,21,24",60,364,4.219024181365967
V_new,6,low,"6,8,10,12,21,24",61,527,4.09046745300293
V_new,6,low,"6,8,10,12,21,24",62,476,4.490520000457764
V_new,6,low,"6,8,10,12,21,24",63,218,4.102045059204102
V_new,6,low,"6,8,10,15,17,21",0,275,3.787626266479492
V_new,6,low,"6,8,10,15,17,21",1,251,3.2576448917388916
V_new,6,low,"6,8,10,15,17,21",2,27,3.0266480445861816
V_new,6,low,"6,8,10,15,17,21",3,346,3.176215887069702
V_new,6,low,"6,8,10,15,17,21",4,381,3.752537250518799
V_new,6,low,"6,8,10,15,17,21",5,492,4.016729831695557
V_new,6,low,"6,8,10,15,17,21",6,12,3.268494129180908
V_new,6,low,"6,8,10,15,17,21",7,48,2.8658761978149414
V_new,6,low,"6,8,10,15,17,21",8,331,3.538681745529175
V_new,6,low,"6,8,10,15,17,21",9,244,4.033630847930908
V_new,6,low,"6,8,10,15,17,21",10,24,2.889597177505493
V_new,6,low,"6,8,10,15,17,21",11,226,3.5648581981658936
V_new,6,low,"6,8,10,15,17,21",12,491,4.113256931304932
V_new,6,low,"6,8,10,15,17,21",13,203,3.267756700515747
V_new,6,low,"6,8,10,15,17,21",14,40,3.146759510040283
V_new,6,low,"6,8,10,15,17,21",15,217,3.5808908939361572
V_new,6,low,"6,8,10,15,17,21",16,151,3.4624037742614746
V_new,6,low,"6,8,10,15,17,21",17,100,3.32517671585083
V_new,6,low,"6,8,10,15,17,21",18,356,4.121194839477539
V_new,6,low,"6,8,10,15,17,21",19,457,3.7747881412506104
V_new,6,low,"6,8,10,15,17,21",20,90,3.5928795337677
V_new,6,low,"6,8,10,15,17,21",21,511,3.6377944946289062
V_new,6,low,"6,8,10,15,17,21",22,33,3.537142753601074
V_new,6,low,"6,8,10,15,17,21",23,279,4.017459392547607
V_new,6,low,"6,8,10,15,17,21",24,505,3.5190200805664062
V_new,6,low,"6,8,10,15,17,21",25,464,3.8694024085998535
V_new,6,low,"6,8,10,15,17,21",26,149,3.107501745223999
V_new,6,low,"6,8,10,15,17,21",27,116,3.8358335494995117
V_new,6,low,"6,8,10,15,17,21",28,150,3.5429441928863525
V_new,6,low,"6,8,10,15,17,21",29,445,3.972372531890869
V_new,6,low,"6,8,10,15,17,21",30,339,3.4679765701293945
V_new,6,low,"6,8,10,15,17,21",31,276,3.793748617172241
V_new,6,low,"6,8,10,15,17,21",32,115,3.2897539138793945
V_new,6,low,"6,8,10,15,17,21",33,289,3.3917157649993896
V_new,6,low,"6,8,10,15,17,21",34,83,3.653456449508667
V_new,6,low,"6,8,10,15,17,21",35,128,3.054626703262329
V_new,6,low,"6,8,10,15,17,21",36,211,3.3790931701660156
V_new,6,low,"6,8,10,15,17,21",37,53,3.2590205669403076
V_new,6,low,"6,8,10,15,17,21",38,456,3.64567494392395
V_new,6,low,"6,8,10,15,17,21",39,131,3.0422933101654053
V_new,6,low,"6,8,10,15,17,21",40,199,3.6202871799468994
V_new,6,low,"6,8,10,15,17,21",41,264,3.911750555038452
V_new,6,low,"6,8,10,15,17,21",42,231,3.710308074951172
V_new,6,low,"6,8,10,15,17,21",43,201,3.5834028720855713
V_new,6,low,"6,8,10,15,17,21",44,102,3.5423803329467773
V_new,6,low,"6,8,10,15,17,21",45,265,3.931575059890747
V_new,6,low,"6,8,10,15,17,21",46,245,3.5659608840942383
V_new,6,low,"6,8,10,15,17,21",47,488,3.058717727661133
V_new,6,low,"6,8,10,15,17,21",48,437,2.9612302780151367
V_new,6,low,"6,8,10,15,17,21",49,515,3.9720282554626465
V_new,6,low,"6,8,10,15,17,21",50,195,3.6157374382019043
V_new,6,low,"6,8,10,15,17,21",51,443,4.1212592124938965
V_new,6,low,"6,8,10,15,17,21",52,187,3.3242459297180176
V_new,6,low,"6,8,10,15,17,21",53,29,2.7737843990325928
V_new,6,low,"6,8,10,15,17,21",54,125,4.071475505828857
V_new,6,low,"6,8,10,15,17,21",55,192,3.7490696907043457
V_new,6,low,"6,8,10,15,17,21",56,299,3.6700856685638428
V_new,6,low,"6,8,10,15,17,21",57,98,3.49177622795105
V_new,6,low,"6,8,10,15,17,21",58,436,2.265322208404541
V_new,6,low,"6,8,10,15,17,21",59,73,3.6123571395874023
V_new,6,low,"6,8,10,15,17,21",60,364,3.833691358566284
V_new,6,low,"6,8,10,15,17,21",61,527,3.5640721321105957
V_new,6,low,"6,8,10,15,17,21",62,476,3.954294204711914
V_new,6,low,"6,8,10,15,17,21",63,218,3.7722361087799072
V_new,6,low,"6,10,15,17,19,26",0,275,3.566715717315674
V_new,6,low,"6,10,15,17,19,26",1,251,3.2488973140716553
V_new,6,low,"6,10,15,17,19,26",2,27,3.089543581008911
V_new,6,low,"6,10,15,17,19,26",3,346,3.207345485687256
V_new,6,low,"6,10,15,17,19,26",4,381,3.467991828918457
V_new,6,low,"6,10,15,17,19,26",5,492,4.064817905426025
V_new,6,low,"6,10,15,17,19,26",6,12,3.2977049350738525
V_new,6,low,"6,10,15,17,19,26",7,48,3.052769660949707
V_new,6,low,"6,10,15,17,19,26",8,331,3.5851008892059326
V_new,6,low,"6,10,15,17,19,26",9,244,4.056997776031494
V_new,6,low,"6,10,15,17,19,26",10,24,2.925642490386963
V_new,6,low,"6,10,15,17,19,26",11,226,3.5153751373291016
V_new,6,low,"6,10,15,17,19,26",12,491,4.066887378692627
V_new,6,low,"6,10,15,17,19,26",13,203,3.373749256134033
V_new,6,low,"6,10,15,17,19,26",14,40,3.190668821334839
V_new,6,low,"6,10,15,17,19,26",15,217,3.5532851219177246
V_new,6,low,"6,10,15,17,19,26",16,151,3.3504302501678467
V_new,6,low,"6,10,15,17,19,26",17,100,3.4416873455047607
V_new,6,low,"6,10,15,17,19,26",18,356,4.026589393615723
V_new,6,low,"6,10,15,17,19,26",19,457,3.8425650596618652
V_new,6,low,"6,10,15,17,19,26",20,90,3.604945182800293
V_new,6,low,"6,10,15,17,19,26",21,511,3.6231703758239746
V_new,6,low,"6,10,15,17,19,26",22,33,3.518462657928467
V_new,6,low,"6,10,15,17,19,26",23,279,3.9835071563720703
V_new,6,low,"6,10,15,17,19,26",24,505,3.678614616394043
V_new,6,low,"6,10,15,17,19,26",25,464,3.8697361946105957
V_new,6,low,"6,10,15,17,19,26",26,149,3.1357030868530273
V_new,6,low,"6,10,15,17,19,26",27,116,3.6247410774230957
V_new,6,low,"6,10,15,17,19,26",28,150,3.4141063690185547
V_new,6,low,"6,10,15,17,19,26",29,445,3.8658483028411865
V_new,6,low,"6,10,15,17,19,26",30,339,3.4572439193725586
V_new,6,low,"6,10,15,17,19,26",31,276,3.5214550495147705
V_new,6,low,"6,10,15,17,19,26",32,115,3.4107248783111572
V_new,6,low,"6,10,15,17,19,26",33,289,3.5301477909088135
V_new,6,low,"6,10,15,17,19,26",34,83,3.6128785610198975
V_new,6,low,"6,10,15,17,19,26",35,128,3.037043333053589
V_new,6,low,"6,10,15,17,19,26",36,211,3.2854151725769043
V_new,6,low,"6,10,15,17,19,26",37,53,3.3719606399536133
V_new,6,low,"6,10,15,17,19,26",38,456,3.7510173320770264
V_new,6,low,"6,10,15,17,19,26",39,131,3.162348985671997
V_new,6,low,"6,10,15,17,19,26",40,199,3.520630121231079
V_new,6,low,"6,10,15,17,19,26",41,264,3.827126979827881
V_new,6,low,"6,10,15,17,19,26",42,231,3.535923957824707
V_new,6,low,"6,10,15,17,19,26",43,201,3.494915008544922
V_new,6,low,"6,10,15,17,19,26",44,102,3.4491825103759766
V_new,6,low,"6,10,15,17,19,26",45,265,3.740393877029419
V_new,6,low,"6,10,15,17,19,26",46,245,3.491265058517456
V_new,6,low,"6,10,15,17,19,26",47,488,3.1794333457946777
V_new,6,low,"6,10,15,17,19,26",48,437,3.126544713973999
V_new,6,low,"6,10,15,17,19,26",49,515,3.9423117637634277
V_new,6,low,"6,10,15,17,19,26",50,195,3.5805296897888184
V_new,6,low,"6,10,15,17,19,26",51,443,4.078364372253418
V_new,6,low,"6,10,15,17,19,26",52,187,3.4386284351348877
V_new,6,low,"6,10,15,17,19,26",53,29,2.9853627681732178
V_new,6,low,"6,10,15,17,19,26",54,125,3.9597699642181396
V_new,6,low,"6,10,15,17,19,26",55,192,3.6473166942596436
V_new,6,low,"6,10,15,17,19,26",56,299,3.6971607208251953
V_new,6,low,"6,10,15,17,19,26",57,98,3.446916341781616
V_new,6,low,"6,10,15,17,19,26",58,436,2.5039095878601074
V_new,6,low,"6,10,15,17,19,26",59,73,3.5787479877471924
V_new,6,low,"6,10,15,17,19,26",60,364,3.8482275009155273
V_new,6,low,"6,10,15,17,19,26",61,527,3.5325417518615723
V_new,6,low,"6,10,15,17,19,26",62,476,3.9616639614105225
V_new,6,low,"6,10,15,17,19,26",63,218,3.692049264907837
V_new,6,low,"6,10,15,17,21,24",0,275,4.083629131317139
V_new,6,low,"6,10,15,17,21,24",1,251,3.7005467414855957
V_new,6,low,"6,10,15,17,21,24",2,27,3.483104705810547
V_new,6,low,"6,10,15,17,21,24",3,346,3.519465208053589
V_new,6,low,"6,10,15,17,21,24",4,381,4.051449775695801
V_new,6,low,"6,10,15,17,21,24",5,492,4.441394329071045
V_new,6,low,"6,10,15,17,21,24",6,12,3.5897505283355713
V_new,6,low,"6,10,15,17,21,24",7,48,3.026993751525879
V_new,6,low,"6,10,15,17,21,24",8,331,3.7956995964050293
V_new,6,low,"6,10,15,17,21,24",9,244,4.425253391265869
V_new,6,low,"6,10,15,17,21,24",10,24,3.0789573192596436
V_new,6,low,"6,10,15,17,21,24",11,226,4.009557247161865
V_new,6,low,"6,10,15,17,21,24",12,491,4.548612594604492
V_new,6,low,"6,10,15,17,21,24",13,203,3.602989912033081
V_new,6,low,"6,10,15,17,21,24",14,40,3.4234325885772705
V_new,6,low,"6,10,15,17,21,24",15,217,3.9260215759277344
V_new,6,low,"6,10,15,17,21,24",16,151,3.7559595108032227
V_new,6,low,"6,10,15,17,21,24",17,100,3.562666416168213
V_new,6,low,"6,10,15,17,21,24",18,356,4.458641052246094
V_new,6,low,"6,10,15,17,21,24",19,457,4.0734686851501465
V_new,6,low,"6,10,15,17,21,24",20,90,3.8494043350219727
V_new,6,low,"6,10,15,17,21,24",21,511,3.91072416305542
V_new,6,low,"6,10,15,17,21,24",22,33,3.67279314994812
V_new,6,low,"6,10,15,17,21,24",23,279,4.312788009643555
V_new,6,low,"6,10,15,17,21,24",24,505,4.024264812469482
V_new,6,low,"6,10,15,17,21,24",25,464,4.392244815826416
V_new,6,low,"6,10,15,17,21,24",26,149,3.4845468997955322
V_new,6,low,"6,10,15,17,21,24",27,116,4.216453552246094
V_new,6,low,"6,10,15,17,21,24",28,150,3.8663065433502197
V_new,6,low,"6,10,15,17,21,24",29,445,4.234987258911133
V_new,6,low,"6,10,15,17,21,24",30,339,3.770014762878418
V_new,6,low,"6,10,15,17,21,24",31,276,3.9602174758911133
V_new,6,low,"6,10,15,17,21,24",32,115,3.7261011600494385
V_new,6,low,"6,10,15,17,21,24",33,289,3.9357094764709473
V_new,6,low,"6,10,15,17,21,24",34,83,4.138848781585693
V_new,6,low,"6,10,15,17,21,24",35,128,3.4101173877716064
V_new,6,low,"6,10,15,17,21,24",36,211,3.531674861907959
V_new,6,low,"6,10,15,17,21,24",37,53,3.642319917678833
V_new,6,low,"6,10,15,17,21,24",38,456,3.962761163711548
V_new,6,low,"6,10,15,17,21,24",39,131,3.446600914001465
V_new,6,low,"6,10,15,17,21,24",40,199,3.9492592811584473
V_new,6,low,"6,10,15,17,21,24",41,264,4.183395862579346
V_new,6,low,"6,10,15,17,21,24",42,231,4.069027900695801
V_new,6,low,"6,10,15,17,21,24",43,201,3.873027801513672
V_new,6,low,"6,10,15,17,21,24",44,102,3.857793092727661
V_new,6,low,"6,10,15,17,21,24",45,265,4.0302958488464355
V_new,6,low,"6,10,15,17,21,24",46,245,3.907111406326294
V_new,6,low,"6,10,15,17,21,24",47,488,3.4593112468719482
V_new,6,low,"6,10,15,17,21,24",48,437,3.3413243293762207
V_new,6,low,"6,10,15,17,21,24",49,515,4.325730323791504
V_new,6,low,"6,10,15,17,21,24",50,195,3.8770735263824463
V_new,6,low,"6,10,15,17,21,24",51,443,4.2847137451171875
V_new,6,low,"6,10,15,17,21,24",52,187,3.6538918018341064
V_new,6,low,"6,10,15,17,21,24",53,29,3.1589832305908203
V_new,6,low,"6,10,15,17,21,24",54,125,4.37044095993042
V_new,6,low,"6,10,15,17,21,24",55,192,4.075957775115967
V_new,6,low,"6,10,15,17,21,24",56,299,3.9902114868164062
V_new,6,low,"6,10,15,17,21,24",57,98,3.937608242034912
V_new,6,low,"6,10,15,17,21,24",58,436,2.5291483402252197
V_new,6,low,"6,10,15,17,21,24",59,73,3.9975266456604004
V_new,6,low,"6,10,15,17,21,24",60,364,4.214297294616699
V_new,6,low,"6,10,15,17,21,24",61,527,4.013500213623047
V_new,6,low,"6,10,15,17,21,24",62,476,4.243823528289795
V_new,6,low,"6,10,15,17,21,24",63,218,4.1714887619018555
V_new,6,low,"6,12,15,19,21,24",0,275,4.330345630645752
V_new,6,low,"6,12,15,19,21,24",1,251,3.912773370742798
V_new,6,low,"6,12,15,19,21,24",2,27,3.499135732650757
V_new,6,low,"6,12,15,19,21,24",3,346,4.119816780090332
V_new,6,low,"6,12,15,19,21,24",4,381,4.1608805656433105
V_new,6,low,"6,12,15,19,21,24",5,492,4.6731390953063965
V_new,6,low,"6,12,15,19,21,24",6,12,3.908754825592041
V_new,6,low,"6,12,15,19,21,24",7,48,3.58963942527771
V_new,6,low,"6,12,15,19,21,24",8,331,4.1901116371154785
V_new,6,low,"6,12,15,19,21,24",9,244,4.570618152618408
V_new,6,low,"6,12,15,19,21,24",10,24,3.590512275695801
V_new,6,low,"6,12,15,19,21,24",11,226,4.108816146850586
V_new,6,low,"6,12,15,19,21,24",12,491,4.955240726470947
V_new,6,low,"6,12,15,19,21,24",13,203,4.177109718322754
V_new,6,low,"6,12,15,19,21,24",14,40,3.755676746368408
V_new,6,low,"6,12,15,19,21,24",15,217,4.170365333557129
V_new,6,low,"6,12,15,19,21,24",16,151,4.10439395904541
V_new,6,low,"6,12,15,19,21,24",17,100,4.042496681213379
V_new,6,low,"6,12,15,19,21,24",18,356,4.620948314666748
V_new,6,low,"6,12,15,19,21,24",19,457,4.330679416656494
V_new,6,low,"6,12,15,19,21,24",20,90,4.1507463455200195
V_new,6,low,"6,12,15,19,21,24",21,511,4.125398635864258
V_new,6,low,"6,12,15,19,21,24",22,33,3.914276361465454
V_new,6,low,"6,12,15,19,21,24",23,279,4.494350910186768
V_new,6,low,"6,12,15,19,21,24",24,505,4.5422139167785645
V_new,6,low,"6,12,15,19,21,24",25,464,4.680412769317627
V_new,6,low,"6,12,15,19,21,24",26,149,3.9983530044555664
V_new,6,low,"6,12,15,19,21,24",27,116,4.394190788269043
V_new,6,low,"6,12,15,19,21,24",28,150,4.162660121917725
V_new,6,low,"6,12,15,19,21,24",29,445,4.477099418640137
V_new,6,low,"6,12,15,19,21,24",30,339,4.166326522827148
V_new,6,low,"6,12,15,19,21,24",31,276,4.226988792419434
V_new,6,low,"6,12,15,19,21,24",32,115,4.0719099044799805
V_new,6,low,"6,12,15,19,21,24",33,289,4.02603006362915
V_new,6,low,"6,12,15,19,21,24",34,83,4.3861284255981445
V_new,6,low,"6,12,15,19,21,24",35,128,3.9403069019317627
V_new,6,low,"6,12,15,19,21,24",36,211,3.8761117458343506
V_new,6,low,"6,12,15,19,21,24",37,53,3.865159749984741
V_new,6,low,"6,12,15,19,21,24",38,456,4.501938819885254
V_new,6,low,"6,12,15,19,21,24",39,131,3.835468053817749
V_new,6,low,"6,12,15,19,21,24",40,199,4.416865348815918
V_new,6,low,"6,12,15,19,21,24",41,264,4.433066368103027
V_new,6,low,"6,12,15,19,21,24",42,231,4.419217586517334
V_new,6,low,"6,12,15,19,21,24",43,201,4.192005157470703
V_new,6,low,"6,12,15,19,21,24",44,102,4.130521297454834
V_new,6,low,"6,12,15,19,21,24",45,265,4.325751304626465
V_new,6,low,"6,12,15,19,21,24",46,245,4.277442932128906
V_new,6,low,"6,12,15,19,21,24",47,488,4.241625785827637
V_new,6,low,"6,12,15,19,21,24",48,437,3.7722301483154297
V_new,6,low,"6,12,15,19,21,24",49,515,4.611536502838135
V_new,6,low,"6,12,15,19,21,24",50,195,4.075155258178711
V_new,6,low,"6,12,15,19,21,24",51,443,4.696361064910889
V_new,6,low,"6,12,15,19,21,24",52,187,4.073237419128418
V_new,6,low,"6,12,15,19,21,24",53,29,3.298262357711792
V_new,6,low,"6,12,15,19,21,24",54,125,4.625466346740723
V_new,6,low,"6,12,15,19,21,24",55,192,4.3055500984191895
V_new,6,low,"6,12,15,19,21,24",56,299,4.164399147033691
V_new,6,low,"6,12,15,19,21,24",57,98,4.050454616546631
V_new,6,low,"6,12,15,19,21,24",58,436,3.167457103729248
V_new,6,low,"6,12,15,19,21,24",59,73,4.163492679595947
V_new,6,low,"6,12,15,19,21,24",60,364,4.555466175079346
V_new,6,low,"6,12,15,19,21,24",61,527,4.1917805671691895
V_new,6,low,"6,12,15,19,21,24",62,476,4.551021575927734
V_new,6,low,"6,12,15,19,21,24",63,218,4.35813570022583
V_new,6,low,"8,10,17,19,21,24",0,275,4.534207344055176
V_new,6,low,"8,10,17,19,21,24",1,251,3.990018367767334
V_new,6,low,"8,10,17,19,21,24",2,27,3.7216460704803467
V_new,6,low,"8,10,17,19,21,24",3,346,4.241337299346924
V_new,6,low,"8,10,17,19,21,24",4,381,4.251201629638672
V_new,6,low,"8,10,17,19,21,24",5,492,4.921262741088867
V_new,6,low,"8,10,17,19,21,24",6,12,3.9470834732055664
V_new,6,low,"8,10,17,19,21,24",7,48,3.6539499759674072
V_new,6,low,"8,10,17,19,21,24",8,331,4.341944694519043
V_new,6,low,"8,10,17,19,21,24",9,244,4.728771686553955
V_new,6,low,"8,10,17,19,21,24",10,24,3.6028435230255127
V_new,6,low,"8,10,17,19,21,24",11,226,4.239926338195801
V_new,6,low,"8,10,17,19,21,24",12,491,4.907687187194824
V_new,6,low,"8,10,17,19,21,24",13,203,4.14957857131958
V_new,6,low,"8,10,17,19,21,24",14,40,3.918813467025757
V_new,6,low,"8,10,17,19,21,24",15,217,4.218379020690918
V_new,6,low,"8,10,17,19,21,24",16,151,4.2536187171936035
V_new,6,low,"8,10,17,19,21,24",17,100,4.165860652923584
V_new,6,low,"8,10,17,19,21,24",18,356,4.797194957733154
V_new,6,low,"8,10,17,19,21,24",19,457,4.390078067779541
V_new,6,low,"8,10,17,19,21,24",20,90,4.3413987159729
V_new,6,low,"8,10,17,19,21,24",21,511,4.296691417694092
V_new,6,low,"8,10,17,19,21,24",22,33,4.0029377937316895
V_new,6,low,"8,10,17,19,21,24",23,279,4.5914788246154785
V_new,6,low,"8,10,17,19,21,24",24,505,4.426019191741943
V_new,6,low,"8,10,17,19,21,24",25,464,4.723227500915527
V_new,6,low,"8,10,17,19,21,24",26,149,3.9093048572540283
V_new,6,low,"8,10,17,19,21,24",27,116,4.457013130187988
V_new,6,low,"8,10,17,19,21,24",28,150,4.202902317047119
V_new,6,low,"8,10,17,19,21,24",29,445,4.571930408477783
V_new,6,low,"8,10,17,19,21,24",30,339,4.143133640289307
V_new,6,low,"8,10,17,19,21,24",31,276,4.416204929351807
V_new,6,low,"8,10,17,19,21,24",32,115,4.059504508972168
V_new,6,low,"8,10,17,19,21,24",33,289,4.2355427742004395
V_new,6,low,"8,10,17,19,21,24",34,83,4.533690929412842
V_new,6,low,"8,10,17,19,21,24",35,128,4.063204765319824
V_new,6,low,"8,10,17,19,21,24",36,211,4.100700378417969
V_new,6,low,"8,10,17,19,21,24",37,53,3.9718875885009766
V_new,6,low,"8,10,17,19,21,24",38,456,4.524735450744629
V_new,6,low,"8,10,17,19,21,24",39,131,3.881734609603882
V_new,6,low,"8,10,17,19,21,24",40,199,4.362912178039551
V_new,6,low,"8,10,17,19,21,24",41,264,4.638185501098633
V_new,6,low,"8,10,17,19,21,24",42,231,4.561895847320557
V_new,6,low,"8,10,17,19,21,24",43,201,4.4083075523376465
V_new,6,low,"8,10,17,19,21,24",44,102,4.227963447570801
V_new,6,low,"8,10,17,19,21,24",45,265,4.424581050872803
V_new,6,low,"8,10,17,19,21,24",46,245,4.272395133972168
V_new,6,low,"8,10,17,19,21,24",47,488,4.088119983673096
V_new,6,low,"8,10,17,19,21,24",48,437,3.811063289642334
V_new,6,low,"8,10,17,19,21,24",49,515,4.894589424133301
V_new,6,low,"8,10,17,19,21,24",50,195,4.222484111785889
V_new,6,low,"8,10,17,19,21,24",51,443,4.6904072761535645
V_new,6,low,"8,10,17,19,21,24",52,187,4.2804341316223145
V_new,6,low,"8,10,17,19,21,24",53,29,3.509251832962036
V_new,6,low,"8,10,17,19,21,24",54,125,4.651246070861816
V_new,6,low,"8,10,17,19,21,24",55,192,4.384304046630859
V_new,6,low,"8,10,17,19,21,24",56,299,4.317902565002441
V_new,6,low,"8,10,17,19,21,24",57,98,4.352694034576416
V_new,6,low,"8,10,17,19,21,24",58,436,3.0980384349823
V_new,6,low,"8,10,17,19,21,24",59,73,4.228301048278809
V_new,6,low,"8,10,17,19,21,24",60,364,4.658292293548584
V_new,6,low,"8,10,17,19,21,24",61,527,4.279093265533447
V_new,6,low,"8,10,17,19,21,24",62,476,4.59217643737793
V_new,6,low,"8,10,17,19,21,24",63,218,4.499452114105225
V_new,8,global,"1,3,6,8,12,19,21,24",0,275,8.337213516235352
V_new,8,global,"1,3,6,8,12,19,21,24",1,251,8.297309875488281
V_new,8,global,"1,3,6,8,12,19,21,24",2,27,8.13200855255127
V_new,8,global,"1,3,6,8,12,19,21,24",3,346,9.707377433776855
V_new,8,global,"1,3,6,8,12,19,21,24",4,381,9.908632278442383
V_new,8,global,"1,3,6,8,12,19,21,24",5,492,9.462743759155273
V_new,8,global,"1,3,6,8,12,19,21,24",6,12,7.7038140296936035
V_new,8,global,"1,3,6,8,12,19,21,24",7,48,8.193147659301758
V_new,8,global,"1,3,6,8,12,19,21,24",8,331,8.597315788269043
V_new,8,global,"1,3,6,8,12,19,21,24",9,244,9.998207092285156
V_new,8,global,"1,3,6,8,12,19,21,24",10,24,8.423919677734375
V_new,8,global,"1,3,6,8,12,19,21,24",11,226,9.926237106323242
V_new,8,global,"1,3,6,8,12,19,21,24",12,491,8.683542251586914
V_new,8,global,"1,3,6,8,12,19,21,24",13,203,10.561406135559082
V_new,8,global,"1,3,6,8,12,19,21,24",14,40,18.889101028442383
V_new,8,global,"1,3,6,8,12,19,21,24",15,217,10.015947341918945
V_new,8,global,"1,3,6,8,12,19,21,24",16,151,14.019835472106934
V_new,8,global,"1,3,6,8,12,19,21,24",17,100,8.443995475769043
V_new,8,global,"1,3,6,8,12,19,21,24",18,356,8.59489631652832
V_new,8,global,"1,3,6,8,12,19,21,24",19,457,9.551194190979004
V_new,8,global,"1,3,6,8,12,19,21,24",20,90,8.45107364654541
V_new,8,global,"1,3,6,8,12,19,21,24",21,511,8.283052444458008
V_new,8,global,"1,3,6,8,12,19,21,24",22,33,7.936944484710693
V_new,8,global,"1,3,6,8,12,19,21,24",23,279,9.221904754638672
V_new,8,global,"1,3,6,8,12,19,21,24",24,505,9.63118839263916
V_new,8,global,"1,3,6,8,12,19,21,24",25,464,9.142001152038574
V_new,8,global,"1,3,6,8,12,19,21,24",26,149,8.112059593200684
V_new,8,global,"1,3,6,8,12,19,21,24",27,116,10.956262588500977
V_new,8,global,"1,3,6,8,12,19,21,24",28,150,8.831730842590332
V_new,8,global,"1,3,6,8,12,19,21,24",29,445,9.137118339538574
V_new,8,global,"1,3,6,8,12,19,21,24",30,339,8.222193717956543
V_new,8,global,"1,3,6,8,12,19,21,24",31,276,9.102124214172363
V_new,8,global,"1,3,6,8,12,19,21,24",32,115,10.476515769958496
V_new,8,global,"1,3,6,8,12,19,21,24",33,289,10.425580978393555
V_new,8,global,"1,3,6,8,12,19,21,24",34,83,9.454071044921875
V_new,8,global,"1,3,6,8,12,19,21,24",35,128,7.592061519622803
V_new,8,global,"1,3,6,8,12,19,21,24",36,211,11.13483715057373
V_new,8,global,"1,3,6,8,12,19,21,24",37,53,8.145743370056152
V_new,8,global,"1,3,6,8,12,19,21,24",38,456,10.234306335449219
V_new,8,global,"1,3,6,8,12,19,21,24",39,131,8.251108169555664
V_new,8,global,"1,3,6,8,12,19,21,24",40,199,11.340902328491211
V_new,8,global,"1,3,6,8,12,19,21,24",41,264,11.481181144714355
V_new,8,global,"1,3,6,8,12,19,21,24",42,231,9.2396879196167
V_new,8,global,"1,3,6,8,12,19,21,24",43,201,9.627419471740723
V_new,8,global,"1,3,6,8,12,19,21,24",44,102,7.860734462738037
V_new,8,global,"1,3,6,8,12,19,21,24",45,265,9.319079399108887
V_new,8,global,"1,3,6,8,12,19,21,24",46,245,10.351484298706055
V_new,8,global,"1,3,6,8,12,19,21,24",47,488,10.390970230102539
V_new,8,global,"1,3,6,8,12,19,21,24",48,437,8.86919116973877
V_new,8,global,"1,3,6,8,12,19,21,24",49,515,9.13539981842041
V_new,8,global,"1,3,6,8,12,19,21,24",50,195,11.792020797729492
V_new,8,global,"1,3,6,8,12,19,21,24",51,443,7.662827968597412
V_new,8,global,"1,3,6,8,12,19,21,24",52,187,8.814332008361816
V_new,8,global,"1,3,6,8,12,19,21,24",53,29,7.6490020751953125
V_new,8,global,"1,3,6,8,12,19,21,24",54,125,8.711308479309082
V_new,8,global,"1,3,6,8,12,19,21,24",55,192,8.522635459899902
V_new,8,global,"1,3,6,8,12,19,21,24",56,299,14.941646575927734
V_new,8,global,"1,3,6,8,12,19,21,24",57,98,8.290655136108398
V_new,8,global,"1,3,6,8,12,19,21,24",58,436,7.214461326599121
V_new,8,global,"1,3,6,8,12,19,21,24",59,73,9.281257629394531
V_new,8,global,"1,3,6,8,12,19,21,24",60,364,9.621856689453125
V_new,8,global,"1,3,6,8,12,19,21,24",61,527,8.124143600463867
V_new,8,global,"1,3,6,8,12,19,21,24",62,476,9.52381420135498
V_new,8,global,"1,3,6,8,12,19,21,24",63,218,9.560726165771484
V_new,8,global,"1,3,8,10,15,17,19,21",0,275,7.433577060699463
V_new,8,global,"1,3,8,10,15,17,19,21",1,251,7.746106147766113
V_new,8,global,"1,3,8,10,15,17,19,21",2,27,6.23417329788208
V_new,8,global,"1,3,8,10,15,17,19,21",3,346,6.5437541007995605
V_new,8,global,"1,3,8,10,15,17,19,21",4,381,7.267948627471924
V_new,8,global,"1,3,8,10,15,17,19,21",5,492,8.856945991516113
V_new,8,global,"1,3,8,10,15,17,19,21",6,12,7.254900932312012
V_new,8,global,"1,3,8,10,15,17,19,21",7,48,5.755338668823242
V_new,8,global,"1,3,8,10,15,17,19,21",8,331,7.278159141540527
V_new,8,global,"1,3,8,10,15,17,19,21",9,244,8.573973655700684
V_new,8,global,"1,3,8,10,15,17,19,21",10,24,6.541342735290527
V_new,8,global,"1,3,8,10,15,17,19,21",11,226,8.288498878479004
V_new,8,global,"1,3,8,10,15,17,19,21",12,491,7.396097660064697
V_new,8,global,"1,3,8,10,15,17,19,21",13,203,6.909326076507568
V_new,8,global,"1,3,8,10,15,17,19,21",14,40,6.854677677154541
V_new,8,global,"1,3,8,10,15,17,19,21",15,217,7.062706470489502
V_new,8,global,"1,3,8,10,15,17,19,21",16,151,7.706810474395752
V_new,8,global,"1,3,8,10,15,17,19,21",17,100,7.403363227844238
V_new,8,global,"1,3,8,10,15,17,19,21",18,356,8.164822578430176
V_new,8,global,"1,3,8,10,15,17,19,21",19,457,7.074330806732178
V_new,8,global,"1,3,8,10,15,17,19,21",20,90,7.337144374847412
V_new,8,global,"1,3,8,10,15,17,19,21",21,511,7.416053771972656
V_new,8,global,"1,3,8,10,15,17,19,21",22,33,6.780980110168457
V_new,8,global,"1,3,8,10,15,17,19,21",23,279,8.427440643310547
V_new,8,global,"1,3,8,10,15,17,19,21",24,505,7.6483283042907715
V_new,8,global,"1,3,8,10,15,17,19,21",25,464,8.844526290893555
V_new,8,global,"1,3,8,10,15,17,19,21",26,149,6.832022190093994
V_new,8,global,"1,3,8,10,15,17,19,21",27,116,7.767702102661133
V_new,8,global,"1,3,8,10,15,17,19,21",28,150,6.762106418609619
V_new,8,global,"1,3,8,10,15,17,19,21",29,445,7.248164653778076
V_new,8,global,"1,3,8,10,15,17,19,21",30,339,6.468696594238281
V_new,8,global,"1,3,8,10,15,17,19,21",31,276,7.1919965744018555
V_new,8,global,"1,3,8,10,15,17,19,21",32,115,7.105844020843506
V_new,8,global,"1,3,8,10,15,17,19,21",33,289,7.092463970184326
V_new,8,global,"1,3,8,10,15,17,19,21",34,83,7.480602264404297
V_new,8,global,"1,3,8,10,15,17,19,21",35,128,6.92798376083374
V_new,8,global,"1,3,8,10,15,17,19,21",36,211,7.748932361602783
V_new,8,global,"1,3,8,10,15,17,19,21",37,53,7.254964351654053
V_new,8,global,"1,3,8,10,15,17,19,21",38,456,9.137429237365723
V_new,8,global,"1,3,8,10,15,17,19,21",39,131,7.270467758178711
V_new,8,global,"1,3,8,10,15,17,19,21",40,199,7.705510139465332
V_new,8,global,"1,3,8,10,15,17,19,21",41,264,7.078004360198975
V_new,8,global,"1,3,8,10,15,17,19,21",42,231,6.811845302581787
V_new,8,global,"1,3,8,10,15,17,19,21",43,201,8.930747985839844
V_new,8,global,"1,3,8,10,15,17,19,21",44,102,7.236062526702881
V_new,8,global,"1,3,8,10,15,17,19,21",45,265,6.582273960113525
V_new,8,global,"1,3,8,10,15,17,19,21",46,245,7.504187107086182
V_new,8,global,"1,3,8,10,15,17,19,21",47,488,6.833339214324951
V_new,8,global,"1,3,8,10,15,17,19,21",48,437,5.995309352874756
V_new,8,global,"1,3,8,10,15,17,19,21",49,515,8.237629890441895
V_new,8,global,"1,3,8,10,15,17,19,21",50,195,7.619923114776611
V_new,8,global,"1,3,8,10,15,17,19,21",51,443,7.0038299560546875
V_new,8,global,"1,3,8,10,15,17,19,21",52,187,6.465075969696045
V_new,8,global,"1,3,8,10,15,17,19,21",53,29,6.920341491699219
V_new,8,global,"1,3,8,10,15,17,19,21",54,125,7.696115016937256
V_new,8,global,"1,3,8,10,15,17,19,21",55,192,7.952077388763428
V_new,8,global,"1,3,8,10,15,17,19,21",56,299,7.301326751708984
V_new,8,global,"1,3,8,10,15,17,19,21",57,98,7.464302062988281
V_new,8,global,"1,3,8,10,15,17,19,21",58,436,6.490192413330078
V_new,8,global,"1,3,8,10,15,17,19,21",59,73,6.9486002922058105
V_new,8,global,"1,3,8,10,15,17,19,21",60,364,8.39705753326416
V_new,8,global,"1,3,8,10,15,17,19,21",61,527,6.991001129150391
V_new,8,global,"1,3,8,10,15,17,19,21",62,476,7.660242080688477
V_new,8,global,"1,3,8,10,15,17,19,21",63,218,7.637279510498047
V_new,8,global,"1,3,8,12,15,21,24,26",0,275,7.9766974449157715
V_new,8,global,"1,3,8,12,15,21,24,26",1,251,7.7234416007995605
V_new,8,global,"1,3,8,12,15,21,24,26",2,27,6.501054763793945
V_new,8,global,"1,3,8,12,15,21,24,26",3,346,7.740551948547363
V_new,8,global,"1,3,8,12,15,21,24,26",4,381,7.5021467208862305
V_new,8,global,"1,3,8,12,15,21,24,26",5,492,8.568258285522461
V_new,8,global,"1,3,8,12,15,21,24,26",6,12,7.218414783477783
V_new,8,global,"1,3,8,12,15,21,24,26",7,48,6.311043739318848
V_new,8,global,"1,3,8,12,15,21,24,26",8,331,7.791072845458984
V_new,8,global,"1,3,8,12,15,21,24,26",9,244,8.391026496887207
V_new,8,global,"1,3,8,12,15,21,24,26",10,24,7.440380573272705
V_new,8,global,"1,3,8,12,15,21,24,26",11,226,7.704087257385254
V_new,8,global,"1,3,8,12,15,21,24,26",12,491,7.411335468292236
V_new,8,global,"1,3,8,12,15,21,24,26",13,203,7.40784215927124
V_new,8,global,"1,3,8,12,15,21,24,26",14,40,7.325222015380859
V_new,8,global,"1,3,8,12,15,21,24,26",15,217,7.160304546356201
V_new,8,global,"1,3,8,12,15,21,24,26",16,151,10.553003311157227
V_new,8,global,"1,3,8,12,15,21,24,26",17,100,7.104778289794922
V_new,8,global,"1,3,8,12,15,21,24,26",18,356,8.512389183044434
V_new,8,global,"1,3,8,12,15,21,24,26",19,457,7.516769886016846
V_new,8,global,"1,3,8,12,15,21,24,26",20,90,8.437740325927734
V_new,8,global,"1,3,8,12,15,21,24,26",21,511,7.442510604858398
V_new,8,global,"1,3,8,12,15,21,24,26",22,33,7.099844455718994
V_new,8,global,"1,3,8,12,15,21,24,26",23,279,8.911713600158691
V_new,8,global,"1,3,8,12,15,21,24,26",24,505,8.077821731567383
V_new,8,global,"1,3,8,12,15,21,24,26",25,464,8.094389915466309
V_new,8,global,"1,3,8,12,15,21,24,26",26,149,7.28338098526001
V_new,8,global,"1,3,8,12,15,21,24,26",27,116,7.882011890411377
V_new,8,global,"1,3,8,12,15,21,24,26",28,150,7.015661716461182
V_new,8,global,"1,3,8,12,15,21,24,26",29,445,7.669368743896484
V_new,8,global,"1,3,8,12,15,21,24,26",30,339,7.219858169555664
V_new,8,global,"1,3,8,12,15,21,24,26",31,276,7.407199382781982
V_new,8,global,"1,3,8,12,15,21,24,26",32,115,7.305863857269287
V_new,8,global,"1,3,8,12,15,21,24,26",33,289,7.091204643249512
V_new,8,global,"1,3,8,12,15,21,24,26",34,83,7.734528064727783
V_new,8,global,"1,3,8,12,15,21,24,26",35,128,6.744077682495117
V_new,8,global,"1,3,8,12,15,21,24,26",36,211,7.890183925628662
V_new,8,global,"1,3,8,12,15,21,24,26",37,53,7.7926411628723145
V_new,8,global,"1,3,8,12,15,21,24,26",38,456,8.47344970703125
V_new,8,global,"1,3,8,12,15,21,24,26",39,131,7.3446455001831055
V_new,8,global,"1,3,8,12,15,21,24,26",40,199,8.175114631652832
V_new,8,global,"1,3,8,12,15,21,24,26",41,264,7.718229293823242
V_new,8,global,"1,3,8,12,15,21,24,26",42,231,7.324295520782471
V_new,8,global,"1,3,8,12,15,21,24,26",43,201,8.11796760559082
V_new,8,global,"1,3,8,12,15,21,24,26",44,102,7.30226469039917
V_new,8,global,"1,3,8,12,15,21,24,26",45,265,7.12410831451416
V_new,8,global,"1,3,8,12,15,21,24,26",46,245,8.031025886535645
V_new,8,global,"1,3,8,12,15,21,24,26",47,488,6.877787113189697
V_new,8,global,"1,3,8,12,15,21,24,26",48,437,6.051422595977783
V_new,8,global,"1,3,8,12,15,21,24,26",49,515,7.920347690582275
V_new,8,global,"1,3,8,12,15,21,24,26",50,195,7.572535514831543
V_new,8,global,"1,3,8,12,15,21,24,26",51,443,7.467344284057617
V_new,8,global,"1,3,8,12,15,21,24,26",52,187,6.748108863830566
V_new,8,global,"1,3,8,12,15,21,24,26",53,29,6.510494232177734
V_new,8,global,"1,3,8,12,15,21,24,26",54,125,7.721957206726074
V_new,8,global,"1,3,8,12,15,21,24,26",55,192,7.935235977172852
V_new,8,global,"1,3,8,12,15,21,24,26",56,299,7.790736198425293
V_new,8,global,"1,3,8,12,15,21,24,26",57,98,7.663023948669434
V_new,8,global,"1,3,8,12,15,21,24,26",58,436,5.571816921234131
V_new,8,global,"1,3,8,12,15,21,24,26",59,73,7.082303524017334
V_new,8,global,"1,3,8,12,15,21,24,26",60,364,9.178681373596191
V_new,8,global,"1,3,8,12,15,21,24,26",61,527,7.4381103515625
V_new,8,global,"1,3,8,12,15,21,24,26",62,476,7.705538749694824
V_new,8,global,"1,3,8,12,15,21,24,26",63,218,8.386759757995605
V_new,8,global,"1,3,10,12,15,17,21,26",0,275,7.366702556610107
V_new,8,global,"1,3,10,12,15,17,21,26",1,251,7.432939052581787
V_new,8,global,"1,3,10,12,15,17,21,26",2,27,7.014133930206299
V_new,8,global,"1,3,10,12,15,17,21,26",3,346,6.397483825683594
V_new,8,global,"1,3,10,12,15,17,21,26",4,381,6.956272125244141
V_new,8,global,"1,3,10,12,15,17,21,26",5,492,9.852295875549316
V_new,8,global,"1,3,10,12,15,17,21,26",6,12,6.758597373962402
V_new,8,global,"1,3,10,12,15,17,21,26",7,48,5.55972146987915
V_new,8,global,"1,3,10,12,15,17,21,26",8,331,7.159094333648682
V_new,8,global,"1,3,10,12,15,17,21,26",9,244,8.686750411987305
V_new,8,global,"1,3,10,12,15,17,21,26",10,24,6.539464950561523
V_new,8,global,"1,3,10,12,15,17,21,26",11,226,7.467852592468262
V_new,8,global,"1,3,10,12,15,17,21,26",12,491,7.02676248550415
V_new,8,global,"1,3,10,12,15,17,21,26",13,203,7.828182220458984
V_new,8,global,"1,3,10,12,15,17,21,26",14,40,7.212136745452881
V_new,8,global,"1,3,10,12,15,17,21,26",15,217,6.789043426513672
V_new,8,global,"1,3,10,12,15,17,21,26",16,151,8.898382186889648
V_new,8,global,"1,3,10,12,15,17,21,26",17,100,7.127030849456787
V_new,8,global,"1,3,10,12,15,17,21,26",18,356,8.374065399169922
V_new,8,global,"1,3,10,12,15,17,21,26",19,457,6.90151834487915
V_new,8,global,"1,3,10,12,15,17,21,26",20,90,7.1531476974487305
V_new,8,global,"1,3,10,12,15,17,21,26",21,511,6.999205112457275
V_new,8,global,"1,3,10,12,15,17,21,26",22,33,6.7467122077941895
V_new,8,global,"1,3,10,12,15,17,21,26",23,279,8.513216972351074
V_new,8,global,"1,3,10,12,15,17,21,26",24,505,7.307357311248779
V_new,8,global,"1,3,10,12,15,17,21,26",25,464,8.218213081359863
V_new,8,global,"1,3,10,12,15,17,21,26",26,149,6.740309238433838
V_new,8,global,"1,3,10,12,15,17,21,26",27,116,8.044907569885254
V_new,8,global,"1,3,10,12,15,17,21,26",28,150,6.829204559326172
V_new,8,global,"1,3,10,12,15,17,21,26",29,445,7.167107105255127
V_new,8,global,"1,3,10,12,15,17,21,26",30,339,6.402702808380127
V_new,8,global,"1,3,10,12,15,17,21,26",31,276,7.415750980377197
V_new,8,global,"1,3,10,12,15,17,21,26",32,115,7.085273742675781
V_new,8,global,"1,3,10,12,15,17,21,26",33,289,6.738603115081787
V_new,8,global,"1,3,10,12,15,17,21,26",34,83,7.05018424987793
V_new,8,global,"1,3,10,12,15,17,21,26",35,128,6.523596286773682
V_new,8,global,"1,3,10,12,15,17,21,26",36,211,6.93450403213501
V_new,8,global,"1,3,10,12,15,17,21,26",37,53,7.506044864654541
V_new,8,global,"1,3,10,12,15,17,21,26",38,456,8.221373558044434
V_new,8,global,"1,3,10,12,15,17,21,26",39,131,6.845107555389404
V_new,8,global,"1,3,10,12,15,17,21,26",40,199,7.512731075286865
V_new,8,global,"1,3,10,12,15,17,21,26",41,264,7.550947666168213
V_new,8,global,"1,3,10,12,15,17,21,26",42,231,6.516173362731934
V_new,8,global,"1,3,10,12,15,17,21,26",43,201,7.917911529541016
V_new,8,global,"1,3,10,12,15,17,21,26",44,102,6.981000900268555
V_new,8,global,"1,3,10,12,15,17,21,26",45,265,6.566510200500488
V_new,8,global,"1,3,10,12,15,17,21,26",46,245,7.725231170654297
V_new,8,global,"1,3,10,12,15,17,21,26",47,488,6.89140510559082
V_new,8,global,"1,3,10,12,15,17,21,26",48,437,6.104963779449463
V_new,8,global,"1,3,10,12,15,17,21,26",49,515,7.579707145690918
V_new,8,global,"1,3,10,12,15,17,21,26",50,195,7.019769668579102
V_new,8,global,"1,3,10,12,15,17,21,26",51,443,7.006319522857666
V_new,8,global,"1,3,10,12,15,17,21,26",52,187,6.229930877685547
V_new,8,global,"1,3,10,12,15,17,21,26",53,29,6.83055305480957
V_new,8,global,"1,3,10,12,15,17,21,26",54,125,7.557857990264893
V_new,8,global,"1,3,10,12,15,17,21,26",55,192,8.030617713928223
V_new,8,global,"1,3,10,12,15,17,21,26",56,299,7.613237380981445
V_new,8,global,"1,3,10,12,15,17,21,26",57,98,6.999666213989258
V_new,8,global,"1,3,10,12,15,17,21,26",58,436,5.127523422241211
V_new,8,global,"1,3,10,12,15,17,21,26",59,73,6.544193744659424
V_new,8,global,"1,3,10,12,15,17,21,26",60,364,8.73087215423584
V_new,8,global,"1,3,10,12,15,17,21,26",61,527,6.85243558883667
V_new,8,global,"1,3,10,12,15,17,21,26",62,476,7.171144008636475
V_new,8,global,"1,3,10,12,15,17,21,26",63,218,7.131119728088379
V_new,8,global,"1,3,12,15,17,19,24,26",0,275,7.18919038772583
V_new,8,global,"1,3,12,15,17,19,24,26",1,251,7.251640796661377
V_new,8,global,"1,3,12,15,17,19,24,26",2,27,6.606347560882568
V_new,8,global,"1,3,12,15,17,19,24,26",3,346,6.067317962646484
V_new,8,global,"1,3,12,15,17,19,24,26",4,381,6.905979156494141
V_new,8,global,"1,3,12,15,17,19,24,26",5,492,7.63667631149292
V_new,8,global,"1,3,12,15,17,19,24,26",6,12,7.101816654205322
V_new,8,global,"1,3,12,15,17,19,24,26",7,48,5.555822849273682
V_new,8,global,"1,3,12,15,17,19,24,26",8,331,7.62534761428833
V_new,8,global,"1,3,12,15,17,19,24,26",9,244,7.787264347076416
V_new,8,global,"1,3,12,15,17,19,24,26",10,24,6.337957382202148
V_new,8,global,"1,3,12,15,17,19,24,26",11,226,7.651266574859619
V_new,8,global,"1,3,12,15,17,19,24,26",12,491,6.738735198974609
V_new,8,global,"1,3,12,15,17,19,24,26",13,203,7.765061855316162
V_new,8,global,"1,3,12,15,17,19,24,26",14,40,7.586645126342773
V_new,8,global,"1,3,12,15,17,19,24,26",15,217,6.734853744506836
V_new,8,global,"1,3,12,15,17,19,24,26",16,151,8.164876937866211
V_new,8,global,"1,3,12,15,17,19,24,26",17,100,6.522711277008057
V_new,8,global,"1,3,12,15,17,19,24,26",18,356,8.16654109954834
V_new,8,global,"1,3,12,15,17,19,24,26",19,457,6.8569865226745605
V_new,8,global,"1,3,12,15,17,19,24,26",20,90,6.958336353302002
V_new,8,global,"1,3,12,15,17,19,24,26",21,511,7.32282829284668
V_new,8,global,"1,3,12,15,17,19,24,26",22,33,6.962244033813477
V_new,8,global,"1,3,12,15,17,19,24,26",23,279,7.861173152923584
V_new,8,global,"1,3,12,15,17,19,24,26",24,505,7.351658821105957
V_new,8,global,"1,3,12,15,17,19,24,26",25,464,8.006486892700195
V_new,8,global,"1,3,12,15,17,19,24,26",26,149,6.146090507507324
V_new,8,global,"1,3,12,15,17,19,24,26",27,116,7.826465129852295
V_new,8,global,"1,3,12,15,17,19,24,26",28,150,6.743505954742432
V_new,8,global,"1,3,12,15,17,19,24,26",29,445,7.154901027679443
V_new,8,global,"1,3,12,15,17,19,24,26",30,339,6.213739395141602
V_new,8,global,"1,3,12,15,17,19,24,26",31,276,7.5036301612854
V_new,8,global,"1,3,12,15,17,19,24,26",32,115,7.241596698760986
V_new,8,global,"1,3,12,15,17,19,24,26",33,289,6.980497360229492
V_new,8,global,"1,3,12,15,17,19,24,26",34,83,7.281497478485107
V_new,8,global,"1,3,12,15,17,19,24,26",35,128,6.17067289352417
V_new,8,global,"1,3,12,15,17,19,24,26",36,211,7.665185928344727
V_new,8,global,"1,3,12,15,17,19,24,26",37,53,7.735459327697754
V_new,8,global,"1,3,12,15,17,19,24,26",38,456,7.368934154510498
V_new,8,global,"1,3,12,15,17,19,24,26",39,131,6.958409309387207
V_new,8,global,"1,3,12,15,17,19,24,26",40,199,8.626932144165039
V_new,8,global,"1,3,12,15,17,19,24,26",41,264,7.79088020324707
V_new,8,global,"1,3,12,15,17,19,24,26",42,231,6.511066913604736
V_new,8,global,"1,3,12,15,17,19,24,26",43,201,7.43073844909668
V_new,8,global,"1,3,12,15,17,19,24,26",44,102,6.683346271514893
V_new,8,global,"1,3,12,15,17,19,24,26",45,265,6.211255073547363
V_new,8,global,"1,3,12,15,17,19,24,26",46,245,8.034408569335938
V_new,8,global,"1,3,12,15,17,19,24,26",47,488,6.876725196838379
V_new,8,global,"1,3,12,15,17,19,24,26",48,437,6.3509674072265625
V_new,8,global,"1,3,12,15,17,19,24,26",49,515,7.722317695617676
V_new,8,global,"1,3,12,15,17,19,24,26",50,195,7.415853023529053
V_new,8,global,"1,3,12,15,17,19,24,26",51,443,6.830377101898193
V_new,8,global,"1,3,12,15,17,19,24,26",52,187,6.4626784324646
V_new,8,global,"1,3,12,15,17,19,24,26",53,29,6.2703537940979
V_new,8,global,"1,3,12,15,17,19,24,26",54,125,7.095304489135742
V_new,8,global,"1,3,12,15,17,19,24,26",55,192,7.98919677734375
V_new,8,global,"1,3,12,15,17,19,24,26",56,299,7.728483200073242
V_new,8,global,"1,3,12,15,17,19,24,26",57,98,7.282337188720703
V_new,8,global,"1,3,12,15,17,19,24,26",58,436,5.461658477783203
V_new,8,global,"1,3,12,15,17,19,24,26",59,73,6.455234050750732
V_new,8,global,"1,3,12,15,17,19,24,26",60,364,8.891213417053223
V_new,8,global,"1,3,12,15,17,19,24,26",61,527,6.93697452545166
V_new,8,global,"1,3,12,15,17,19,24,26",62,476,7.34773588180542
V_new,8,global,"1,3,12,15,17,19,24,26",63,218,6.974550724029541
V_new,8,global,"1,6,10,12,15,17,21,26",0,275,12.237375259399414
V_new,8,global,"1,6,10,12,15,17,21,26",1,251,10.40276050567627
V_new,8,global,"1,6,10,12,15,17,21,26",2,27,6.880899906158447
V_new,8,global,"1,6,10,12,15,17,21,26",3,346,6.283423900604248
V_new,8,global,"1,6,10,12,15,17,21,26",4,381,13.003070831298828
V_new,8,global,"1,6,10,12,15,17,21,26",5,492,12.708934783935547
V_new,8,global,"1,6,10,12,15,17,21,26",6,12,6.9904913902282715
V_new,8,global,"1,6,10,12,15,17,21,26",7,48,5.807440280914307
V_new,8,global,"1,6,10,12,15,17,21,26",8,331,12.348161697387695
V_new,8,global,"1,6,10,12,15,17,21,26",9,244,8.073445320129395
V_new,8,global,"1,6,10,12,15,17,21,26",10,24,6.290735721588135
V_new,8,global,"1,6,10,12,15,17,21,26",11,226,8.0196533203125
V_new,8,global,"1,6,10,12,15,17,21,26",12,491,6.831155776977539
V_new,8,global,"1,6,10,12,15,17,21,26",13,203,9.277506828308105
V_new,8,global,"1,6,10,12,15,17,21,26",14,40,8.978270530700684
V_new,8,global,"1,6,10,12,15,17,21,26",15,217,6.663426399230957
V_new,8,global,"1,6,10,12,15,17,21,26",16,151,7.333505153656006
V_new,8,global,"1,6,10,12,15,17,21,26",17,100,6.938052177429199
V_new,8,global,"1,6,10,12,15,17,21,26",18,356,11.804479598999023
V_new,8,global,"1,6,10,12,15,17,21,26",19,457,6.954075336456299
V_new,8,global,"1,6,10,12,15,17,21,26",20,90,7.408926486968994
V_new,8,global,"1,6,10,12,15,17,21,26",21,511,6.962884902954102
V_new,8,global,"1,6,10,12,15,17,21,26",22,33,8.036967277526855
V_new,8,global,"1,6,10,12,15,17,21,26",23,279,9.777196884155273
V_new,8,global,"1,6,10,12,15,17,21,26",24,505,7.5033183097839355
V_new,8,global,"1,6,10,12,15,17,21,26",25,464,8.727374076843262
V_new,8,global,"1,6,10,12,15,17,21,26",26,149,6.083243370056152
V_new,8,global,"1,6,10,12,15,17,21,26",27,116,8.095065116882324
V_new,8,global,"1,6,10,12,15,17,21,26",28,150,6.3751540184021
V_new,8,global,"1,6,10,12,15,17,21,26",29,445,11.921072006225586
V_new,8,global,"1,6,10,12,15,17,21,26",30,339,6.580315113067627
V_new,8,global,"1,6,10,12,15,17,21,26",31,276,12.588492393493652
V_new,8,global,"1,6,10,12,15,17,21,26",32,115,7.551822662353516
V_new,8,global,"1,6,10,12,15,17,21,26",33,289,7.821355819702148
V_new,8,global,"1,6,10,12,15,17,21,26",34,83,12.4131441116333
V_new,8,global,"1,6,10,12,15,17,21,26",35,128,10.362404823303223
V_new,8,global,"1,6,10,12,15,17,21,26",36,211,7.577857971191406
V_new,8,global,"1,6,10,12,15,17,21,26",37,53,10.038909912109375
V_new,8,global,"1,6,10,12,15,17,21,26",38,456,9.49200439453125
V_new,8,global,"1,6,10,12,15,17,21,26",39,131,8.45018196105957
V_new,8,global,"1,6,10,12,15,17,21,26",40,199,8.84914493560791
V_new,8,global,"1,6,10,12,15,17,21,26",41,264,7.374361991882324
V_new,8,global,"1,6,10,12,15,17,21,26",42,231,6.7054595947265625
V_new,8,global,"1,6,10,12,15,17,21,26",43,201,11.616215705871582
V_new,8,global,"1,6,10,12,15,17,21,26",44,102,7.276880264282227
V_new,8,global,"1,6,10,12,15,17,21,26",45,265,6.47943639755249
V_new,8,global,"1,6,10,12,15,17,21,26",46,245,7.932853698730469
V_new,8,global,"1,6,10,12,15,17,21,26",47,488,6.5821404457092285
V_new,8,global,"1,6,10,12,15,17,21,26",48,437,7.041096210479736
V_new,8,global,"1,6,10,12,15,17,21,26",49,515,10.97633171081543
V_new,8,global,"1,6,10,12,15,17,21,26",50,195,7.403928279876709
V_new,8,global,"1,6,10,12,15,17,21,26",51,443,7.008774280548096
V_new,8,global,"1,6,10,12,15,17,21,26",52,187,6.684649467468262
V_new,8,global,"1,6,10,12,15,17,21,26",53,29,7.937063217163086
V_new,8,global,"1,6,10,12,15,17,21,26",54,125,6.8898515701293945
V_new,8,global,"1,6,10,12,15,17,21,26",55,192,8.119101524353027
V_new,8,global,"1,6,10,12,15,17,21,26",56,299,7.497462749481201
V_new,8,global,"1,6,10,12,15,17,21,26",57,98,7.105408668518066
V_new,8,global,"1,6,10,12,15,17,21,26",58,436,6.196704864501953
V_new,8,global,"1,6,10,12,15,17,21,26",59,73,7.559514045715332
V_new,8,global,"1,6,10,12,15,17,21,26",60,364,11.172585487365723
V_new,8,global,"1,6,10,12,15,17,21,26",61,527,6.297216892242432
V_new,8,global,"1,6,10,12,15,17,21,26",62,476,7.581859111785889
V_new,8,global,"1,6,10,12,15,17,21,26",63,218,7.096518039703369
V_new,8,global,"1,6,10,12,15,19,21,26",0,275,12.5601167678833
V_new,8,global,"1,6,10,12,15,19,21,26",1,251,9.88401985168457
V_new,8,global,"1,6,10,12,15,19,21,26",2,27,7.370588302612305
V_new,8,global,"1,6,10,12,15,19,21,26",3,346,6.903103351593018
V_new,8,global,"1,6,10,12,15,19,21,26",4,381,12.92484188079834
V_new,8,global,"1,6,10,12,15,19,21,26",5,492,11.508259773254395
V_new,8,global,"1,6,10,12,15,19,21,26",6,12,7.413097858428955
V_new,8,global,"1,6,10,12,15,19,21,26",7,48,6.525201320648193
V_new,8,global,"1,6,10,12,15,19,21,26",8,331,12.597259521484375
V_new,8,global,"1,6,10,12,15,19,21,26",9,244,8.465441703796387
V_new,8,global,"1,6,10,12,15,19,21,26",10,24,7.1257243156433105
V_new,8,global,"1,6,10,12,15,19,21,26",11,226,8.842286109924316
V_new,8,global,"1,6,10,12,15,19,21,26",12,491,7.768840789794922
V_new,8,global,"1,6,10,12,15,19,21,26",13,203,9.75640869140625
V_new,8,global,"1,6,10,12,15,19,21,26",14,40,9.270014762878418
V_new,8,global,"1,6,10,12,15,19,21,26",15,217,7.243930339813232
V_new,8,global,"1,6,10,12,15,19,21,26",16,151,7.374391078948975
V_new,8,global,"1,6,10,12,15,19,21,26",17,100,7.563326358795166
V_new,8,global,"1,6,10,12,15,19,21,26",18,356,10.727485656738281
V_new,8,global,"1,6,10,12,15,19,21,26",19,457,7.791275501251221
V_new,8,global,"1,6,10,12,15,19,21,26",20,90,7.714758396148682
V_new,8,global,"1,6,10,12,15,19,21,26",21,511,7.3878374099731445
V_new,8,global,"1,6,10,12,15,19,21,26",22,33,8.408520698547363
V_new,8,global,"1,6,10,12,15,19,21,26",23,279,10.030909538269043
V_new,8,global,"1,6,10,12,15,19,21,26",24,505,8.662033081054688
V_new,8,global,"1,6,10,12,15,19,21,26",25,464,9.223075866699219
V_new,8,global,"1,6,10,12,15,19,21,26",26,149,7.449766635894775
V_new,8,global,"1,6,10,12,15,19,21,26",27,116,8.760868072509766
V_new,8,global,"1,6,10,12,15,19,21,26",28,150,6.961698055267334
V_new,8,global,"1,6,10,12,15,19,21,26",29,445,12.233686447143555
V_new,8,global,"1,6,10,12,15,19,21,26",30,339,7.120498180389404
V_new,8,global,"1,6,10,12,15,19,21,26",31,276,12.569706916809082
V_new,8,global,"1,6,10,12,15,19,21,26",32,115,7.663478851318359
V_new,8,global,"1,6,10,12,15,19,21,26",33,289,7.127716064453125
V_new,8,global,"1,6,10,12,15,19,21,26",34,83,12.30062484741211
V_new,8,global,"1,6,10,12,15,19,21,26",35,128,10.043867111206055
V_new,8,global,"1,6,10,12,15,19,21,26",36,211,8.091017723083496
V_new,8,global,"1,6,10,12,15,19,21,26",37,53,9.880426406860352
V_new,8,global,"1,6,10,12,15,19,21,26",38,456,8.899459838867188
V_new,8,global,"1,6,10,12,15,19,21,26",39,131,8.97636890411377
V_new,8,global,"1,6,10,12,15,19,21,26",40,199,8.818704605102539
V_new,8,global,"1,6,10,12,15,19,21,26",41,264,7.76643180847168
V_new,8,global,"1,6,10,12,15,19,21,26",42,231,6.858273983001709
V_new,8,global,"1,6,10,12,15,19,21,26",43,201,10.536725044250488
V_new,8,global,"1,6,10,12,15,19,21,26",44,102,7.904729843139648
V_new,8,global,"1,6,10,12,15,19,21,26",45,265,7.028994083404541
V_new,8,global,"1,6,10,12,15,19,21,26",46,245,8.213088035583496
V_new,8,global,"1,6,10,12,15,19,21,26",47,488,7.112965106964111
V_new,8,global,"1,6,10,12,15,19,21,26",48,437,7.7842817306518555
V_new,8,global,"1,6,10,12,15,19,21,26",49,515,11.488802909851074
V_new,8,global,"1,6,10,12,15,19,21,26",50,195,7.716330528259277
V_new,8,global,"1,6,10,12,15,19,21,26",51,443,7.662485599517822
V_new,8,global,"1,6,10,12,15,19,21,26",52,187,7.165458679199219
V_new,8,global,"1,6,10,12,15,19,21,26",53,29,8.082103729248047
V_new,8,global,"1,6,10,12,15,19,21,26",54,125,7.685405731201172
V_new,8,global,"1,6,10,12,15,19,21,26",55,192,8.088362693786621
V_new,8,global,"1,6,10,12,15,19,21,26",56,299,7.454409122467041
V_new,8,global,"1,6,10,12,15,19,21,26",57,98,7.897473335266113
V_new,8,global,"1,6,10,12,15,19,21,26",58,436,7.037906646728516
V_new,8,global,"1,6,10,12,15,19,21,26",59,73,8.025482177734375
V_new,8,global,"1,6,10,12,15,19,21,26",60,364,11.62791633605957
V_new,8,global,"1,6,10,12,15,19,21,26",61,527,6.903290271759033
V_new,8,global,"1,6,10,12,15,19,21,26",62,476,7.732180118560791
V_new,8,global,"1,6,10,12,15,19,21,26",63,218,7.547068119049072
V_new,8,global,"1,6,10,15,17,19,21,26",0,275,12.451912879943848
V_new,8,global,"1,6,10,15,17,19,21,26",1,251,10.377838134765625
V_new,8,global,"1,6,10,15,17,19,21,26",2,27,7.076063632965088
V_new,8,global,"1,6,10,15,17,19,21,26",3,346,6.343484401702881
V_new,8,global,"1,6,10,15,17,19,21,26",4,381,12.4478178024292
V_new,8,global,"1,6,10,15,17,19,21,26",5,492,11.507317543029785
V_new,8,global,"1,6,10,15,17,19,21,26",6,12,7.393967628479004
V_new,8,global,"1,6,10,15,17,19,21,26",7,48,6.345505237579346
V_new,8,global,"1,6,10,15,17,19,21,26",8,331,12.415401458740234
V_new,8,global,"1,6,10,15,17,19,21,26",9,244,8.159979820251465
V_new,8,global,"1,6,10,15,17,19,21,26",10,24,6.381115436553955
V_new,8,global,"1,6,10,15,17,19,21,26",11,226,8.561655044555664
V_new,8,global,"1,6,10,15,17,19,21,26",12,491,7.263171195983887
V_new,8,global,"1,6,10,15,17,19,21,26",13,203,8.92888069152832
V_new,8,global,"1,6,10,15,17,19,21,26",14,40,9.005365371704102
V_new,8,global,"1,6,10,15,17,19,21,26",15,217,6.804740905761719
V_new,8,global,"1,6,10,15,17,19,21,26",16,151,7.528244972229004
V_new,8,global,"1,6,10,15,17,19,21,26",17,100,7.425658702850342
V_new,8,global,"1,6,10,15,17,19,21,26",18,356,10.94118595123291
V_new,8,global,"1,6,10,15,17,19,21,26",19,457,7.039048194885254
V_new,8,global,"1,6,10,15,17,19,21,26",20,90,7.565345764160156
V_new,8,global,"1,6,10,15,17,19,21,26",21,511,7.515570163726807
V_new,8,global,"1,6,10,15,17,19,21,26",22,33,8.119484901428223
V_new,8,global,"1,6,10,15,17,19,21,26",23,279,9.486454010009766
V_new,8,global,"1,6,10,15,17,19,21,26",24,505,7.832878589630127
V_new,8,global,"1,6,10,15,17,19,21,26",25,464,9.428491592407227
V_new,8,global,"1,6,10,15,17,19,21,26",26,149,6.7293877601623535
V_new,8,global,"1,6,10,15,17,19,21,26",27,116,8.264921188354492
V_new,8,global,"1,6,10,15,17,19,21,26",28,150,6.704644203186035
V_new,8,global,"1,6,10,15,17,19,21,26",29,445,12.007660865783691
V_new,8,global,"1,6,10,15,17,19,21,26",30,339,6.73731803894043
V_new,8,global,"1,6,10,15,17,19,21,26",31,276,12.218116760253906
V_new,8,global,"1,6,10,15,17,19,21,26",32,115,7.523805618286133
V_new,8,global,"1,6,10,15,17,19,21,26",33,289,7.256157875061035
V_new,8,global,"1,6,10,15,17,19,21,26",34,83,11.691526412963867
V_new,8,global,"1,6,10,15,17,19,21,26",35,128,9.951202392578125
V_new,8,global,"1,6,10,15,17,19,21,26",36,211,7.987873077392578
V_new,8,global,"1,6,10,15,17,19,21,26",37,53,10.013378143310547
V_new,8,global,"1,6,10,15,17,19,21,26",38,456,8.571574211120605
V_new,8,global,"1,6,10,15,17,19,21,26",39,131,8.073626518249512
V_new,8,global,"1,6,10,15,17,19,21,26",40,199,9.745012283325195
V_new,8,global,"1,6,10,15,17,19,21,26",41,264,7.57924747467041
V_new,8,global,"1,6,10,15,17,19,21,26",42,231,6.665431976318359
V_new,8,global,"1,6,10,15,17,19,21,26",43,201,10.77991771697998
V_new,8,global,"1,6,10,15,17,19,21,26",44,102,7.4808125495910645
V_new,8,global,"1,6,10,15,17,19,21,26",45,265,6.57820987701416
V_new,8,global,"1,6,10,15,17,19,21,26",46,245,8.390172004699707
V_new,8,global,"1,6,10,15,17,19,21,26",47,488,7.147904396057129
V_new,8,global,"1,6,10,15,17,19,21,26",48,437,7.2659687995910645
V_new,8,global,"1,6,10,15,17,19,21,26",49,515,11.411382675170898
V_new,8,global,"1,6,10,15,17,19,21,26",50,195,7.903852939605713
V_new,8,global,"1,6,10,15,17,19,21,26",51,443,7.606603145599365
V_new,8,global,"1,6,10,15,17,19,21,26",52,187,6.753129959106445
V_new,8,global,"1,6,10,15,17,19,21,26",53,29,7.658646583557129
V_new,8,global,"1,6,10,15,17,19,21,26",54,125,7.1248931884765625
V_new,8,global,"1,6,10,15,17,19,21,26",55,192,8.241623878479004
V_new,8,global,"1,6,10,15,17,19,21,26",56,299,7.9441070556640625
V_new,8,global,"1,6,10,15,17,19,21,26",57,98,7.176908016204834
V_new,8,global,"1,6,10,15,17,19,21,26",58,436,7.25048828125
V_new,8,global,"1,6,10,15,17,19,21,26",59,73,7.9777302742004395
V_new,8,global,"1,6,10,15,17,19,21,26",60,364,10.56999683380127
V_new,8,global,"1,6,10,15,17,19,21,26",61,527,6.706508636474609
V_new,8,global,"1,6,10,15,17,19,21,26",62,476,7.5218729972839355
V_new,8,global,"1,6,10,15,17,19,21,26",63,218,7.236274719238281
V_new,8,global,"1,8,10,12,15,17,19,21",0,275,11.30028247833252
V_new,8,global,"1,8,10,12,15,17,19,21",1,251,10.288012504577637
V_new,8,global,"1,8,10,12,15,17,19,21",2,27,6.642146587371826
V_new,8,global,"1,8,10,12,15,17,19,21",3,346,6.5929436683654785
V_new,8,global,"1,8,10,12,15,17,19,21",4,381,11.937755584716797
V_new,8,global,"1,8,10,12,15,17,19,21",5,492,13.316164016723633
V_new,8,global,"1,8,10,12,15,17,19,21",6,12,7.474349498748779
V_new,8,global,"1,8,10,12,15,17,19,21",7,48,6.100043296813965
V_new,8,global,"1,8,10,12,15,17,19,21",8,331,11.285958290100098
V_new,8,global,"1,8,10,12,15,17,19,21",9,244,8.113458633422852
V_new,8,global,"1,8,10,12,15,17,19,21",10,24,6.163402080535889
V_new,8,global,"1,8,10,12,15,17,19,21",11,226,8.742515563964844
V_new,8,global,"1,8,10,12,15,17,19,21",12,491,7.375673294067383
V_new,8,global,"1,8,10,12,15,17,19,21",13,203,9.164862632751465
V_new,8,global,"1,8,10,12,15,17,19,21",14,40,8.493924140930176
V_new,8,global,"1,8,10,12,15,17,19,21",15,217,6.987515449523926
V_new,8,global,"1,8,10,12,15,17,19,21",16,151,7.190935134887695
V_new,8,global,"1,8,10,12,15,17,19,21",17,100,7.1364593505859375
V_new,8,global,"1,8,10,12,15,17,19,21",18,356,11.010970115661621
V_new,8,global,"1,8,10,12,15,17,19,21",19,457,7.288609504699707
V_new,8,global,"1,8,10,12,15,17,19,21",20,90,6.960127830505371
V_new,8,global,"1,8,10,12,15,17,19,21",21,511,7.423036098480225
V_new,8,global,"1,8,10,12,15,17,19,21",22,33,8.29529857635498
V_new,8,global,"1,8,10,12,15,17,19,21",23,279,10.246603965759277
V_new,8,global,"1,8,10,12,15,17,19,21",24,505,8.776599884033203
V_new,8,global,"1,8,10,12,15,17,19,21",25,464,9.014342308044434
V_new,8,global,"1,8,10,12,15,17,19,21",26,149,6.607731819152832
V_new,8,global,"1,8,10,12,15,17,19,21",27,116,8.777222633361816
V_new,8,global,"1,8,10,12,15,17,19,21",28,150,6.739997863769531
V_new,8,global,"1,8,10,12,15,17,19,21",29,445,11.214632987976074
V_new,8,global,"1,8,10,12,15,17,19,21",30,339,6.836322784423828
V_new,8,global,"1,8,10,12,15,17,19,21",31,276,11.974513053894043
V_new,8,global,"1,8,10,12,15,17,19,21",32,115,7.252478122711182
V_new,8,global,"1,8,10,12,15,17,19,21",33,289,7.0441508293151855
V_new,8,global,"1,8,10,12,15,17,19,21",34,83,11.469717025756836
V_new,8,global,"1,8,10,12,15,17,19,21",35,128,9.78211784362793
V_new,8,global,"1,8,10,12,15,17,19,21",36,211,7.997004508972168
V_new,8,global,"1,8,10,12,15,17,19,21",37,53,9.429404258728027
V_new,8,global,"1,8,10,12,15,17,19,21",38,456,10.437588691711426
V_new,8,global,"1,8,10,12,15,17,19,21",39,131,9.461485862731934
V_new,8,global,"1,8,10,12,15,17,19,21",40,199,9.269233703613281
V_new,8,global,"1,8,10,12,15,17,19,21",41,264,7.9297332763671875
V_new,8,global,"1,8,10,12,15,17,19,21",42,231,6.802066802978516
V_new,8,global,"1,8,10,12,15,17,19,21",43,201,10.544061660766602
V_new,8,global,"1,8,10,12,15,17,19,21",44,102,7.027347087860107
V_new,8,global,"1,8,10,12,15,17,19,21",45,265,6.532474994659424
V_new,8,global,"1,8,10,12,15,17,19,21",46,245,7.41265344619751
V_new,8,global,"1,8,10,12,15,17,19,21",47,488,7.032124042510986
V_new,8,global,"1,8,10,12,15,17,19,21",48,437,6.55896520614624
V_new,8,global,"1,8,10,12,15,17,19,21",49,515,10.596641540527344
V_new,8,global,"1,8,10,12,15,17,19,21",50,195,7.403817176818848
V_new,8,global,"1,8,10,12,15,17,19,21",51,443,7.512351989746094
V_new,8,global,"1,8,10,12,15,17,19,21",52,187,6.402550220489502
V_new,8,global,"1,8,10,12,15,17,19,21",53,29,8.510947227478027
V_new,8,global,"1,8,10,12,15,17,19,21",54,125,7.160086631774902
V_new,8,global,"1,8,10,12,15,17,19,21",55,192,8.461156845092773
V_new,8,global,"1,8,10,12,15,17,19,21",56,299,7.446926116943359
V_new,8,global,"1,8,10,12,15,17,19,21",57,98,7.334104537963867
V_new,8,global,"1,8,10,12,15,17,19,21",58,436,7.652574062347412
V_new,8,global,"1,8,10,12,15,17,19,21",59,73,7.7277703285217285
V_new,8,global,"1,8,10,12,15,17,19,21",60,364,10.237983703613281
V_new,8,global,"1,8,10,12,15,17,19,21",61,527,6.759092330932617
V_new,8,global,"1,8,10,12,15,17,19,21",62,476,7.333728313446045
V_new,8,global,"1,8,10,12,15,17,19,21",63,218,7.779221534729004
V_new,8,global,"3,6,8,12,17,19,24,26",0,275,5.023371696472168
V_new,8,global,"3,6,8,12,17,19,24,26",1,251,4.441791534423828
V_new,8,global,"3,6,8,12,17,19,24,26",2,27,4.126392841339111
V_new,8,global,"3,6,8,12,17,19,24,26",3,346,4.520028114318848
V_new,8,global,"3,6,8,12,17,19,24,26",4,381,4.965134143829346
V_new,8,global,"3,6,8,12,17,19,24,26",5,492,5.4675517082214355
V_new,8,global,"3,6,8,12,17,19,24,26",6,12,4.765858173370361
V_new,8,global,"3,6,8,12,17,19,24,26",7,48,4.330328941345215
V_new,8,global,"3,6,8,12,17,19,24,26",8,331,5.01885461807251
V_new,8,global,"3,6,8,12,17,19,24,26",9,244,5.428889751434326
V_new,8,global,"3,6,8,12,17,19,24,26",10,24,4.30299186706543
V_new,8,global,"3,6,8,12,17,19,24,26",11,226,5.03346586227417
V_new,8,global,"3,6,8,12,17,19,24,26",12,491,5.479058265686035
V_new,8,global,"3,6,8,12,17,19,24,26",13,203,4.481864929199219
V_new,8,global,"3,6,8,12,17,19,24,26",14,40,4.415083408355713
V_new,8,global,"3,6,8,12,17,19,24,26",15,217,4.904272556304932
V_new,8,global,"3,6,8,12,17,19,24,26",16,151,4.776853084564209
V_new,8,global,"3,6,8,12,17,19,24,26",17,100,4.670699596405029
V_new,8,global,"3,6,8,12,17,19,24,26",18,356,5.263221740722656
V_new,8,global,"3,6,8,12,17,19,24,26",19,457,5.283638000488281
V_new,8,global,"3,6,8,12,17,19,24,26",20,90,5.208864688873291
V_new,8,global,"3,6,8,12,17,19,24,26",21,511,4.927919864654541
V_new,8,global,"3,6,8,12,17,19,24,26",22,33,4.718005657196045
V_new,8,global,"3,6,8,12,17,19,24,26",23,279,5.266580104827881
V_new,8,global,"3,6,8,12,17,19,24,26",24,505,5.123931884765625
V_new,8,global,"3,6,8,12,17,19,24,26",25,464,5.239686012268066
V_new,8,global,"3,6,8,12,17,19,24,26",26,149,4.422776222229004
V_new,8,global,"3,6,8,12,17,19,24,26",27,116,5.013366222381592
V_new,8,global,"3,6,8,12,17,19,24,26",28,150,4.865659713745117
V_new,8,global,"3,6,8,12,17,19,24,26",29,445,5.183101654052734
V_new,8,global,"3,6,8,12,17,19,24,26",30,339,4.77488899230957
V_new,8,global,"3,6,8,12,17,19,24,26",31,276,4.788132667541504
V_new,8,global,"3,6,8,12,17,19,24,26",32,115,4.431047439575195
V_new,8,global,"3,6,8,12,17,19,24,26",33,289,4.856173515319824
V_new,8,global,"3,6,8,12,17,19,24,26",34,83,4.945150852203369
V_new,8,global,"3,6,8,12,17,19,24,26",35,128,4.390382766723633
V_new,8,global,"3,6,8,12,17,19,24,26",36,211,4.635066986083984
V_new,8,global,"3,6,8,12,17,19,24,26",37,53,4.484289646148682
V_new,8,global,"3,6,8,12,17,19,24,26",38,456,4.935663223266602
V_new,8,global,"3,6,8,12,17,19,24,26",39,131,4.609694957733154
V_new,8,global,"3,6,8,12,17,19,24,26",40,199,4.861999034881592
V_new,8,global,"3,6,8,12,17,19,24,26",41,264,5.138058185577393
V_new,8,global,"3,6,8,12,17,19,24,26",42,231,5.213824272155762
V_new,8,global,"3,6,8,12,17,19,24,26",43,201,4.751197338104248
V_new,8,global,"3,6,8,12,17,19,24,26",44,102,4.9033098220825195
V_new,8,global,"3,6,8,12,17,19,24,26",45,265,5.192887306213379
V_new,8,global,"3,6,8,12,17,19,24,26",46,245,4.972593307495117
V_new,8,global,"3,6,8,12,17,19,24,26",47,488,4.359005928039551
V_new,8,global,"3,6,8,12,17,19,24,26",48,437,4.2567572593688965
V_new,8,global,"3,6,8,12,17,19,24,26",49,515,5.534163475036621
V_new,8,global,"3,6,8,12,17,19,24,26",50,195,5.004974365234375
V_new,8,global,"3,6,8,12,17,19,24,26",51,443,5.5946125984191895
V_new,8,global,"3,6,8,12,17,19,24,26",52,187,5.00728178024292
V_new,8,global,"3,6,8,12,17,19,24,26",53,29,4.089969635009766
V_new,8,global,"3,6,8,12,17,19,24,26",54,125,5.292287349700928
V_new,8,global,"3,6,8,12,17,19,24,26",55,192,4.859127521514893
V_new,8,global,"3,6,8,12,17,19,24,26",56,299,4.949675559997559
V_new,8,global,"3,6,8,12,17,19,24,26",57,98,4.594043254852295
V_new,8,global,"3,6,8,12,17,19,24,26",58,436,3.7621328830718994
V_new,8,global,"3,6,8,12,17,19,24,26",59,73,4.757250785827637
V_new,8,global,"3,6,8,12,17,19,24,26",60,364,5.155997276306152
V_new,8,global,"3,6,8,12,17,19,24,26",61,527,5.000339984893799
V_new,8,global,"3,6,8,12,17,19,24,26",62,476,5.289090156555176
V_new,8,global,"3,6,8,12,17,19,24,26",63,218,4.96488618850708
V_new,8,global,"3,6,10,12,15,17,19,24",0,275,4.411361217498779
V_new,8,global,"3,6,10,12,15,17,19,24",1,251,3.9853012561798096
V_new,8,global,"3,6,10,12,15,17,19,24",2,27,3.6710867881774902
V_new,8,global,"3,6,10,12,15,17,19,24",3,346,3.974550724029541
V_new,8,global,"3,6,10,12,15,17,19,24",4,381,4.290358066558838
V_new,8,global,"3,6,10,12,15,17,19,24",5,492,4.657123565673828
V_new,8,global,"3,6,10,12,15,17,19,24",6,12,3.923931837081909
V_new,8,global,"3,6,10,12,15,17,19,24",7,48,3.46315336227417
V_new,8,global,"3,6,10,12,15,17,19,24",8,331,4.562771320343018
V_new,8,global,"3,6,10,12,15,17,19,24",9,244,4.818593502044678
V_new,8,global,"3,6,10,12,15,17,19,24",10,24,3.6699917316436768
V_new,8,global,"3,6,10,12,15,17,19,24",11,226,4.350802421569824
V_new,8,global,"3,6,10,12,15,17,19,24",12,491,4.848944664001465
V_new,8,global,"3,6,10,12,15,17,19,24",13,203,3.9020185470581055
V_new,8,global,"3,6,10,12,15,17,19,24",14,40,4.023253917694092
V_new,8,global,"3,6,10,12,15,17,19,24",15,217,4.348048210144043
V_new,8,global,"3,6,10,12,15,17,19,24",16,151,4.19282865524292
V_new,8,global,"3,6,10,12,15,17,19,24",17,100,4.100358486175537
V_new,8,global,"3,6,10,12,15,17,19,24",18,356,4.691153526306152
V_new,8,global,"3,6,10,12,15,17,19,24",19,457,4.508460998535156
V_new,8,global,"3,6,10,12,15,17,19,24",20,90,4.326206207275391
V_new,8,global,"3,6,10,12,15,17,19,24",21,511,4.1759257316589355
V_new,8,global,"3,6,10,12,15,17,19,24",22,33,4.007310390472412
V_new,8,global,"3,6,10,12,15,17,19,24",23,279,4.7019171714782715
V_new,8,global,"3,6,10,12,15,17,19,24",24,505,4.265777111053467
V_new,8,global,"3,6,10,12,15,17,19,24",25,464,4.588992118835449
V_new,8,global,"3,6,10,12,15,17,19,24",26,149,3.959235906600952
V_new,8,global,"3,6,10,12,15,17,19,24",27,116,4.392833232879639
V_new,8,global,"3,6,10,12,15,17,19,24",28,150,4.1165289878845215
V_new,8,global,"3,6,10,12,15,17,19,24",29,445,4.564874649047852
V_new,8,global,"3,6,10,12,15,17,19,24",30,339,4.173914909362793
V_new,8,global,"3,6,10,12,15,17,19,24",31,276,4.293437957763672
V_new,8,global,"3,6,10,12,15,17,19,24",32,115,4.051921844482422
V_new,8,global,"3,6,10,12,15,17,19,24",33,289,4.059718608856201
V_new,8,global,"3,6,10,12,15,17,19,24",34,83,4.381520748138428
V_new,8,global,"3,6,10,12,15,17,19,24",35,128,3.7446067333221436
V_new,8,global,"3,6,10,12,15,17,19,24",36,211,3.8515429496765137
V_new,8,global,"3,6,10,12,15,17,19,24",37,53,3.840843677520752
V_new,8,global,"3,6,10,12,15,17,19,24",38,456,4.4311017990112305
V_new,8,global,"3,6,10,12,15,17,19,24",39,131,3.895261526107788
V_new,8,global,"3,6,10,12,15,17,19,24",40,199,4.446081638336182
V_new,8,global,"3,6,10,12,15,17,19,24",41,264,4.523307800292969
V_new,8,global,"3,6,10,12,15,17,19,24",42,231,4.417405128479004
V_new,8,global,"3,6,10,12,15,17,19,24",43,201,4.1668877601623535
V_new,8,global,"3,6,10,12,15,17,19,24",44,102,4.305193901062012
V_new,8,global,"3,6,10,12,15,17,19,24",45,265,4.630998611450195
V_new,8,global,"3,6,10,12,15,17,19,24",46,245,4.241595268249512
V_new,8,global,"3,6,10,12,15,17,19,24",47,488,3.7048914432525635
V_new,8,global,"3,6,10,12,15,17,19,24",48,437,3.7698357105255127
V_new,8,global,"3,6,10,12,15,17,19,24",49,515,4.984890937805176
V_new,8,global,"3,6,10,12,15,17,19,24",50,195,4.166445255279541
V_new,8,global,"3,6,10,12,15,17,19,24",51,443,4.941953659057617
V_new,8,global,"3,6,10,12,15,17,19,24",52,187,4.13001823425293
V_new,8,global,"3,6,10,12,15,17,19,24",53,29,3.57171630859375
V_new,8,global,"3,6,10,12,15,17,19,24",54,125,4.773514747619629
V_new,8,global,"3,6,10,12,15,17,19,24",55,192,4.2352142333984375
V_new,8,global,"3,6,10,12,15,17,19,24",56,299,4.401801109313965
V_new,8,global,"3,6,10,12,15,17,19,24",57,98,4.0716118812561035
V_new,8,global,"3,6,10,12,15,17,19,24",58,436,3.191002130508423
V_new,8,global,"3,6,10,12,15,17,19,24",59,73,4.2600836753845215
V_new,8,global,"3,6,10,12,15,17,19,24",60,364,4.4816203117370605
V_new,8,global,"3,6,10,12,15,17,19,24",61,527,4.186325550079346
V_new,8,global,"3,6,10,12,15,17,19,24",62,476,4.60669469833374
V_new,8,global,"3,6,10,12,15,17,19,24",63,218,4.504591464996338
V_new,8,global,"3,8,10,12,15,17,21,24",0,275,4.887187480926514
V_new,8,global,"3,8,10,12,15,17,21,24",1,251,4.272904872894287
V_new,8,global,"3,8,10,12,15,17,21,24",2,27,4.022359848022461
V_new,8,global,"3,8,10,12,15,17,21,24",3,346,4.356187343597412
V_new,8,global,"3,8,10,12,15,17,21,24",4,381,4.937672138214111
V_new,8,global,"3,8,10,12,15,17,21,24",5,492,5.094913959503174
V_new,8,global,"3,8,10,12,15,17,21,24",6,12,4.237105846405029
V_new,8,global,"3,8,10,12,15,17,21,24",7,48,3.8406121730804443
V_new,8,global,"3,8,10,12,15,17,21,24",8,331,4.9397358894348145
V_new,8,global,"3,8,10,12,15,17,21,24",9,244,5.227980136871338
V_new,8,global,"3,8,10,12,15,17,21,24",10,24,4.068549633026123
V_new,8,global,"3,8,10,12,15,17,21,24",11,226,4.887753963470459
V_new,8,global,"3,8,10,12,15,17,21,24",12,491,5.262765407562256
V_new,8,global,"3,8,10,12,15,17,21,24",13,203,4.283630847930908
V_new,8,global,"3,8,10,12,15,17,21,24",14,40,4.380225658416748
V_new,8,global,"3,8,10,12,15,17,21,24",15,217,4.694016933441162
V_new,8,global,"3,8,10,12,15,17,21,24",16,151,4.598016262054443
V_new,8,global,"3,8,10,12,15,17,21,24",17,100,4.653059482574463
V_new,8,global,"3,8,10,12,15,17,21,24",18,356,5.112430572509766
V_new,8,global,"3,8,10,12,15,17,21,24",19,457,5.163572311401367
V_new,8,global,"3,8,10,12,15,17,21,24",20,90,4.670529365539551
V_new,8,global,"3,8,10,12,15,17,21,24",21,511,4.568955421447754
V_new,8,global,"3,8,10,12,15,17,21,24",22,33,4.583056449890137
V_new,8,global,"3,8,10,12,15,17,21,24",23,279,5.087939262390137
V_new,8,global,"3,8,10,12,15,17,21,24",24,505,4.693200588226318
V_new,8,global,"3,8,10,12,15,17,21,24",25,464,5.3175764083862305
V_new,8,global,"3,8,10,12,15,17,21,24",26,149,4.116759300231934
V_new,8,global,"3,8,10,12,15,17,21,24",27,116,4.7901763916015625
V_new,8,global,"3,8,10,12,15,17,21,24",28,150,4.647983551025391
V_new,8,global,"3,8,10,12,15,17,21,24",29,445,5.0046820640563965
V_new,8,global,"3,8,10,12,15,17,21,24",30,339,4.524814605712891
V_new,8,global,"3,8,10,12,15,17,21,24",31,276,4.884204864501953
V_new,8,global,"3,8,10,12,15,17,21,24",32,115,4.3017754554748535
V_new,8,global,"3,8,10,12,15,17,21,24",33,289,4.5344977378845215
V_new,8,global,"3,8,10,12,15,17,21,24",34,83,4.763705730438232
V_new,8,global,"3,8,10,12,15,17,21,24",35,128,4.1769022941589355
V_new,8,global,"3,8,10,12,15,17,21,24",36,211,4.385111331939697
V_new,8,global,"3,8,10,12,15,17,21,24",37,53,4.219090461730957
V_new,8,global,"3,8,10,12,15,17,21,24",38,456,4.8682403564453125
V_new,8,global,"3,8,10,12,15,17,21,24",39,131,4.192108631134033
V_new,8,global,"3,8,10,12,15,17,21,24",40,199,5.008819580078125
V_new,8,global,"3,8,10,12,15,17,21,24",41,264,4.945573329925537
V_new,8,global,"3,8,10,12,15,17,21,24",42,231,5.12681245803833
V_new,8,global,"3,8,10,12,15,17,21,24",43,201,4.8460612297058105
V_new,8,global,"3,8,10,12,15,17,21,24",44,102,4.941741466522217
V_new,8,global,"3,8,10,12,15,17,21,24",45,265,4.993480205535889
V_new,8,global,"3,8,10,12,15,17,21,24",46,245,4.6174211502075195
V_new,8,global,"3,8,10,12,15,17,21,24",47,488,4.098751544952393
V_new,8,global,"3,8,10,12,15,17,21,24",48,437,3.940894842147827
V_new,8,global,"3,8,10,12,15,17,21,24",49,515,5.1262593269348145
V_new,8,global,"3,8,10,12,15,17,21,24",50,195,4.852154731750488
V_new,8,global,"3,8,10,12,15,17,21,24",51,443,5.425422191619873
V_new,8,global,"3,8,10,12,15,17,21,24",52,187,4.571417808532715
V_new,8,global,"3,8,10,12,15,17,21,24",53,29,3.486921548843384
V_new,8,global,"3,8,10,12,15,17,21,24",54,125,5.100637435913086
V_new,8,global,"3,8,10,12,15,17,21,24",55,192,4.6907734870910645
V_new,8,global,"3,8,10,12,15,17,21,24",56,299,4.871387958526611
V_new,8,global,"3,8,10,12,15,17,21,24",57,98,4.553125381469727
V_new,8,global,"3,8,10,12,15,17,21,24",58,436,3.2396161556243896
V_new,8,global,"3,8,10,12,15,17,21,24",59,73,4.558191299438477
V_new,8,global,"3,8,10,12,15,17,21,24",60,364,4.870119571685791
V_new,8,global,"3,8,10,12,15,17,21,24",61,527,4.531807899475098
V_new,8,global,"3,8,10,12,15,17,21,24",62,476,5.121577262878418
V_new,8,global,"3,8,10,12,15,17,21,24",63,218,4.9449076652526855
V_new,8,global,"3,8,10,12,15,19,21,24",0,275,5.272994041442871
V_new,8,global,"3,8,10,12,15,19,21,24",1,251,4.584871292114258
V_new,8,global,"3,8,10,12,15,19,21,24",2,27,4.239120006561279
V_new,8,global,"3,8,10,12,15,19,21,24",3,346,5.028850555419922
V_new,8,global,"3,8,10,12,15,19,21,24",4,381,5.035434722900391
V_new,8,global,"3,8,10,12,15,19,21,24",5,492,5.387509822845459
V_new,8,global,"3,8,10,12,15,19,21,24",6,12,4.612925052642822
V_new,8,global,"3,8,10,12,15,19,21,24",7,48,4.492706298828125
V_new,8,global,"3,8,10,12,15,19,21,24",8,331,5.2213287353515625
V_new,8,global,"3,8,10,12,15,19,21,24",9,244,5.218691825866699
V_new,8,global,"3,8,10,12,15,19,21,24",10,24,4.380720615386963
V_new,8,global,"3,8,10,12,15,19,21,24",11,226,4.986729621887207
V_new,8,global,"3,8,10,12,15,19,21,24",12,491,5.773833274841309
V_new,8,global,"3,8,10,12,15,19,21,24",13,203,4.8973002433776855
V_new,8,global,"3,8,10,12,15,19,21,24",14,40,4.802572727203369
V_new,8,global,"3,8,10,12,15,19,21,24",15,217,4.859743595123291
V_new,8,global,"3,8,10,12,15,19,21,24",16,151,5.067978858947754
V_new,8,global,"3,8,10,12,15,19,21,24",17,100,4.904151439666748
V_new,8,global,"3,8,10,12,15,19,21,24",18,356,5.261815071105957
V_new,8,global,"3,8,10,12,15,19,21,24",19,457,5.204573631286621
V_new,8,global,"3,8,10,12,15,19,21,24",20,90,4.846818447113037
V_new,8,global,"3,8,10,12,15,19,21,24",21,511,4.951107978820801
V_new,8,global,"3,8,10,12,15,19,21,24",22,33,4.818544387817383
V_new,8,global,"3,8,10,12,15,19,21,24",23,279,5.280688285827637
V_new,8,global,"3,8,10,12,15,19,21,24",24,505,4.997731685638428
V_new,8,global,"3,8,10,12,15,19,21,24",25,464,5.481513977050781
V_new,8,global,"3,8,10,12,15,19,21,24",26,149,4.593332767486572
V_new,8,global,"3,8,10,12,15,19,21,24",27,116,5.0541510581970215
V_new,8,global,"3,8,10,12,15,19,21,24",28,150,4.8953423500061035
V_new,8,global,"3,8,10,12,15,19,21,24",29,445,5.131564140319824
V_new,8,global,"3,8,10,12,15,19,21,24",30,339,4.743244171142578
V_new,8,global,"3,8,10,12,15,19,21,24",31,276,5.105757236480713
V_new,8,global,"3,8,10,12,15,19,21,24",32,115,4.747361660003662
V_new,8,global,"3,8,10,12,15,19,21,24",33,289,4.846364498138428
V_new,8,global,"3,8,10,12,15,19,21,24",34,83,5.023929595947266
V_new,8,global,"3,8,10,12,15,19,21,24",35,128,4.662975788116455
V_new,8,global,"3,8,10,12,15,19,21,24",36,211,4.644077301025391
V_new,8,global,"3,8,10,12,15,19,21,24",37,53,4.642842769622803
V_new,8,global,"3,8,10,12,15,19,21,24",38,456,5.342455863952637
V_new,8,global,"3,8,10,12,15,19,21,24",39,131,4.579524993896484
V_new,8,global,"3,8,10,12,15,19,21,24",40,199,5.234999656677246
V_new,8,global,"3,8,10,12,15,19,21,24",41,264,5.125826358795166
V_new,8,global,"3,8,10,12,15,19,21,24",42,231,5.377347469329834
V_new,8,global,"3,8,10,12,15,19,21,24",43,201,5.167896270751953
V_new,8,global,"3,8,10,12,15,19,21,24",44,102,4.8735198974609375
V_new,8,global,"3,8,10,12,15,19,21,24",45,265,5.224129676818848
V_new,8,global,"3,8,10,12,15,19,21,24",46,245,4.95056676864624
V_new,8,global,"3,8,10,12,15,19,21,24",47,488,4.578991889953613
V_new,8,global,"3,8,10,12,15,19,21,24",48,437,4.2952494621276855
V_new,8,global,"3,8,10,12,15,19,21,24",49,515,5.498756408691406
V_new,8,global,"3,8,10,12,15,19,21,24",50,195,5.115356922149658
V_new,8,global,"3,8,10,12,15,19,21,24",51,443,5.5111002922058105
V_new,8,global,"3,8,10,12,15,19,21,24",52,187,4.790120601654053
V_new,8,global,"3,8,10,12,15,19,21,24",53,29,3.9284162521362305
V_new,8,global,"3,8,10,12,15,19,21,24",54,125,5.234748363494873
V_new,8,global,"3,8,10,12,15,19,21,24",55,192,5.152932167053223
V_new,8,global,"3,8,10,12,15,19,21,24",56,299,5.069063186645508
V_new,8,global,"3,8,10,12,15,19,21,24",57,98,4.825071811676025
V_new,8,global,"3,8,10,12,15,19,21,24",58,436,3.841773271560669
V_new,8,global,"3,8,10,12,15,19,21,24",59,73,4.789059638977051
V_new,8,global,"3,8,10,12,15,19,21,24",60,364,5.207090377807617
V_new,8,global,"3,8,10,12,15,19,21,24",61,527,4.812684059143066
V_new,8,global,"3,8,10,12,15,19,21,24",62,476,5.343496799468994
V_new,8,global,"3,8,10,12,15,19,21,24",63,218,5.061397075653076
V_new,8,global,"3,8,10,12,15,19,21,26",0,275,5.071749687194824
V_new,8,global,"3,8,10,12,15,19,21,26",1,251,4.432562828063965
V_new,8,global,"3,8,10,12,15,19,21,26",2,27,4.132875442504883
V_new,8,global,"3,8,10,12,15,19,21,26",3,346,4.927563667297363
V_new,8,global,"3,8,10,12,15,19,21,26",4,381,4.795291423797607
V_new,8,global,"3,8,10,12,15,19,21,26",5,492,5.233090877532959
V_new,8,global,"3,8,10,12,15,19,21,26",6,12,4.501681327819824
V_new,8,global,"3,8,10,12,15,19,21,26",7,48,4.513447284698486
V_new,8,global,"3,8,10,12,15,19,21,26",8,331,5.064528465270996
V_new,8,global,"3,8,10,12,15,19,21,26",9,244,5.200358867645264
V_new,8,global,"3,8,10,12,15,19,21,26",10,24,4.252525806427002
V_new,8,global,"3,8,10,12,15,19,21,26",11,226,4.758679389953613
V_new,8,global,"3,8,10,12,15,19,21,26",12,491,5.524594783782959
V_new,8,global,"3,8,10,12,15,19,21,26",13,203,4.853923797607422
V_new,8,global,"3,8,10,12,15,19,21,26",14,40,4.549823760986328
V_new,8,global,"3,8,10,12,15,19,21,26",15,217,4.710551738739014
V_new,8,global,"3,8,10,12,15,19,21,26",16,151,4.9232306480407715
V_new,8,global,"3,8,10,12,15,19,21,26",17,100,4.858999252319336
V_new,8,global,"3,8,10,12,15,19,21,26",18,356,5.08722448348999
V_new,8,global,"3,8,10,12,15,19,21,26",19,457,5.119261741638184
V_new,8,global,"3,8,10,12,15,19,21,26",20,90,4.82076358795166
V_new,8,global,"3,8,10,12,15,19,21,26",21,511,4.913727283477783
V_new,8,global,"3,8,10,12,15,19,21,26",22,33,4.766914367675781
V_new,8,global,"3,8,10,12,15,19,21,26",23,279,5.142458438873291
V_new,8,global,"3,8,10,12,15,19,21,26",24,505,4.782026767730713
V_new,8,global,"3,8,10,12,15,19,21,26",25,464,5.318136692047119
V_new,8,global,"3,8,10,12,15,19,21,26",26,149,4.472079753875732
V_new,8,global,"3,8,10,12,15,19,21,26",27,116,4.924777507781982
V_new,8,global,"3,8,10,12,15,19,21,26",28,150,4.764222145080566
V_new,8,global,"3,8,10,12,15,19,21,26",29,445,5.033597469329834
V_new,8,global,"3,8,10,12,15,19,21,26",30,339,4.4481329917907715
V_new,8,global,"3,8,10,12,15,19,21,26",31,276,4.834192276000977
V_new,8,global,"3,8,10,12,15,19,21,26",32,115,4.564859390258789
V_new,8,global,"3,8,10,12,15,19,21,26",33,289,4.668210506439209
V_new,8,global,"3,8,10,12,15,19,21,26",34,83,4.908247947692871
V_new,8,global,"3,8,10,12,15,19,21,26",35,128,4.313399314880371
V_new,8,global,"3,8,10,12,15,19,21,26",36,211,4.539463043212891
V_new,8,global,"3,8,10,12,15,19,21,26",37,53,4.627408027648926
V_new,8,global,"3,8,10,12,15,19,21,26",38,456,5.017319202423096
V_new,8,global,"3,8,10,12,15,19,21,26",39,131,4.382333755493164
V_new,8,global,"3,8,10,12,15,19,21,26",40,199,4.985793113708496
V_new,8,global,"3,8,10,12,15,19,21,26",41,264,5.068811416625977
V_new,8,global,"3,8,10,12,15,19,21,26",42,231,4.990611553192139
V_new,8,global,"3,8,10,12,15,19,21,26",43,201,5.118206024169922
V_new,8,global,"3,8,10,12,15,19,21,26",44,102,4.5716753005981445
V_new,8,global,"3,8,10,12,15,19,21,26",45,265,5.165898323059082
V_new,8,global,"3,8,10,12,15,19,21,26",46,245,4.66850471496582
V_new,8,global,"3,8,10,12,15,19,21,26",47,488,4.515390872955322
V_new,8,global,"3,8,10,12,15,19,21,26",48,437,4.2461042404174805
V_new,8,global,"3,8,10,12,15,19,21,26",49,515,5.344747066497803
V_new,8,global,"3,8,10,12,15,19,21,26",50,195,4.999107360839844
V_new,8,global,"3,8,10,12,15,19,21,26",51,443,5.394901752471924
V_new,8,global,"3,8,10,12,15,19,21,26",52,187,4.705845355987549
V_new,8,global,"3,8,10,12,15,19,21,26",53,29,3.881887674331665
V_new,8,global,"3,8,10,12,15,19,21,26",54,125,5.15242862701416
V_new,8,global,"3,8,10,12,15,19,21,26",55,192,5.086991310119629
V_new,8,global,"3,8,10,12,15,19,21,26",56,299,4.961818695068359
V_new,8,global,"3,8,10,12,15,19,21,26",57,98,4.648715972900391
V_new,8,global,"3,8,10,12,15,19,21,26",58,436,3.8337326049804688
V_new,8,global,"3,8,10,12,15,19,21,26",59,73,4.628180503845215
V_new,8,global,"3,8,10,12,15,19,21,26",60,364,5.1106486320495605
V_new,8,global,"3,8,10,12,15,19,21,26",61,527,4.756019592285156
V_new,8,global,"3,8,10,12,15,19,21,26",62,476,5.266888618469238
V_new,8,global,"3,8,10,12,15,19,21,26",63,218,4.823971748352051
V_new,8,global,"6,10,12,15,17,19,21,26",0,275,4.594024658203125
V_new,8,global,"6,10,12,15,17,19,21,26",1,251,4.173023700714111
V_new,8,global,"6,10,12,15,17,19,21,26",2,27,3.8805365562438965
V_new,8,global,"6,10,12,15,17,19,21,26",3,346,4.403576374053955
V_new,8,global,"6,10,12,15,17,19,21,26",4,381,4.575364112854004
V_new,8,global,"6,10,12,15,17,19,21,26",5,492,5.173341751098633
V_new,8,global,"6,10,12,15,17,19,21,26",6,12,4.429134368896484
V_new,8,global,"6,10,12,15,17,19,21,26",7,48,4.172176837921143
V_new,8,global,"6,10,12,15,17,19,21,26",8,331,4.768402576446533
V_new,8,global,"6,10,12,15,17,19,21,26",9,244,5.228907585144043
V_new,8,global,"6,10,12,15,17,19,21,26",10,24,3.9508776664733887
V_new,8,global,"6,10,12,15,17,19,21,26",11,226,4.528119087219238
V_new,8,global,"6,10,12,15,17,19,21,26",12,491,5.301509380340576
V_new,8,global,"6,10,12,15,17,19,21,26",13,203,4.666125297546387
V_new,8,global,"6,10,12,15,17,19,21,26",14,40,4.261075496673584
V_new,8,global,"6,10,12,15,17,19,21,26",15,217,4.565770626068115
V_new,8,global,"6,10,12,15,17,19,21,26",16,151,4.733860015869141
V_new,8,global,"6,10,12,15,17,19,21,26",17,100,4.399402141571045
V_new,8,global,"6,10,12,15,17,19,21,26",18,356,5.1878204345703125
V_new,8,global,"6,10,12,15,17,19,21,26",19,457,4.9517974853515625
V_new,8,global,"6,10,12,15,17,19,21,26",20,90,4.6820549964904785
V_new,8,global,"6,10,12,15,17,19,21,26",21,511,4.630212783813477
V_new,8,global,"6,10,12,15,17,19,21,26",22,33,4.398514270782471
V_new,8,global,"6,10,12,15,17,19,21,26",23,279,4.86144495010376
V_new,8,global,"6,10,12,15,17,19,21,26",24,505,4.916680812835693
V_new,8,global,"6,10,12,15,17,19,21,26",25,464,5.023292064666748
V_new,8,global,"6,10,12,15,17,19,21,26",26,149,4.408182144165039
V_new,8,global,"6,10,12,15,17,19,21,26",27,116,4.731456279754639
V_new,8,global,"6,10,12,15,17,19,21,26",28,150,4.77931547164917
V_new,8,global,"6,10,12,15,17,19,21,26",29,445,4.828184127807617
V_new,8,global,"6,10,12,15,17,19,21,26",30,339,4.367671012878418
V_new,8,global,"6,10,12,15,17,19,21,26",31,276,4.470934867858887
V_new,8,global,"6,10,12,15,17,19,21,26",32,115,4.444643974304199
V_new,8,global,"6,10,12,15,17,19,21,26",33,289,4.652656555175781
V_new,8,global,"6,10,12,15,17,19,21,26",34,83,4.811513900756836
V_new,8,global,"6,10,12,15,17,19,21,26",35,128,4.152956962585449
V_new,8,global,"6,10,12,15,17,19,21,26",36,211,4.372244358062744
V_new,8,global,"6,10,12,15,17,19,21,26",37,53,4.462230205535889
V_new,8,global,"6,10,12,15,17,19,21,26",38,456,5.112393379211426
V_new,8,global,"6,10,12,15,17,19,21,26",39,131,4.343083381652832
V_new,8,global,"6,10,12,15,17,19,21,26",40,199,4.9151716232299805
V_new,8,global,"6,10,12,15,17,19,21,26",41,264,4.9657182693481445
V_new,8,global,"6,10,12,15,17,19,21,26",42,231,4.710277557373047
V_new,8,global,"6,10,12,15,17,19,21,26",43,201,4.902309417724609
V_new,8,global,"6,10,12,15,17,19,21,26",44,102,4.515305519104004
V_new,8,global,"6,10,12,15,17,19,21,26",45,265,4.915121078491211
V_new,8,global,"6,10,12,15,17,19,21,26",46,245,4.565340518951416
V_new,8,global,"6,10,12,15,17,19,21,26",47,488,4.903954029083252
V_new,8,global,"6,10,12,15,17,19,21,26",48,437,4.321927547454834
V_new,8,global,"6,10,12,15,17,19,21,26",49,515,5.161150932312012
V_new,8,global,"6,10,12,15,17,19,21,26",50,195,4.6496901512146
V_new,8,global,"6,10,12,15,17,19,21,26",51,443,5.243165493011475
V_new,8,global,"6,10,12,15,17,19,21,26",52,187,4.624970436096191
V_new,8,global,"6,10,12,15,17,19,21,26",53,29,4.004275321960449
V_new,8,global,"6,10,12,15,17,19,21,26",54,125,5.2136640548706055
V_new,8,global,"6,10,12,15,17,19,21,26",55,192,4.892330646514893
V_new,8,global,"6,10,12,15,17,19,21,26",56,299,4.526875019073486
V_new,8,global,"6,10,12,15,17,19,21,26",57,98,4.386544704437256
V_new,8,global,"6,10,12,15,17,19,21,26",58,436,3.6791799068450928
V_new,8,global,"6,10,12,15,17,19,21,26",59,73,4.59848165512085
V_new,8,global,"6,10,12,15,17,19,21,26",60,364,4.931116104125977
V_new,8,global,"6,10,12,15,17,19,21,26",61,527,4.681121349334717
V_new,8,global,"6,10,12,15,17,19,21,26",62,476,4.966391086578369
V_new,8,global,"6,10,12,15,17,19,21,26",63,218,4.642040252685547
V_new,8,low,"3,6,8,10,15,17,21,26",0,275,4.640206813812256
V_new,8,low,"3,6,8,10,15,17,21,26",1,251,4.021079063415527
V_new,8,low,"3,6,8,10,15,17,21,26",2,27,3.8762307167053223
V_new,8,low,"3,6,8,10,15,17,21,26",3,346,4.050269603729248
V_new,8,low,"3,6,8,10,15,17,21,26",4,381,4.619263172149658
V_new,8,low,"3,6,8,10,15,17,21,26",5,492,4.925021648406982
V_new,8,low,"3,6,8,10,15,17,21,26",6,12,3.996873378753662
V_new,8,low,"3,6,8,10,15,17,21,26",7,48,3.655811309814453
V_new,8,low,"3,6,8,10,15,17,21,26",8,331,4.50882625579834
V_new,8,low,"3,6,8,10,15,17,21,26",9,244,4.958076000213623
V_new,8,low,"3,6,8,10,15,17,21,26",10,24,3.650510549545288
V_new,8,low,"3,6,8,10,15,17,21,26",11,226,4.506076335906982
V_new,8,low,"3,6,8,10,15,17,21,26",12,491,4.90413236618042
V_new,8,low,"3,6,8,10,15,17,21,26",13,203,3.9127466678619385
V_new,8,low,"3,6,8,10,15,17,21,26",14,40,4.149145126342773
V_new,8,low,"3,6,8,10,15,17,21,26",15,217,4.3318047523498535
V_new,8,low,"3,6,8,10,15,17,21,26",16,151,4.285274505615234
V_new,8,low,"3,6,8,10,15,17,21,26",17,100,4.167875289916992
V_new,8,low,"3,6,8,10,15,17,21,26",18,356,5.035923957824707
V_new,8,low,"3,6,8,10,15,17,21,26",19,457,4.703425884246826
V_new,8,low,"3,6,8,10,15,17,21,26",20,90,4.591012954711914
V_new,8,low,"3,6,8,10,15,17,21,26",21,511,4.453717231750488
V_new,8,low,"3,6,8,10,15,17,21,26",22,33,4.51882266998291
V_new,8,low,"3,6,8,10,15,17,21,26",23,279,4.905620574951172
V_new,8,low,"3,6,8,10,15,17,21,26",24,505,4.400179386138916
V_new,8,low,"3,6,8,10,15,17,21,26",25,464,4.794193744659424
V_new,8,low,"3,6,8,10,15,17,21,26",26,149,3.959413766860962
V_new,8,low,"3,6,8,10,15,17,21,26",27,116,4.739184379577637
V_new,8,low,"3,6,8,10,15,17,21,26",28,150,4.342367172241211
V_new,8,low,"3,6,8,10,15,17,21,26",29,445,4.797432899475098
V_new,8,low,"3,6,8,10,15,17,21,26",30,339,4.168551445007324
V_new,8,low,"3,6,8,10,15,17,21,26",31,276,4.673670291900635
V_new,8,low,"3,6,8,10,15,17,21,26",32,115,4.193865776062012
V_new,8,low,"3,6,8,10,15,17,21,26",33,289,4.315467834472656
V_new,8,low,"3,6,8,10,15,17,21,26",34,83,4.592375755310059
V_new,8,low,"3,6,8,10,15,17,21,26",35,128,3.6571640968322754
V_new,8,low,"3,6,8,10,15,17,21,26",36,211,4.197970390319824
V_new,8,low,"3,6,8,10,15,17,21,26",37,53,4.1183552742004395
V_new,8,low,"3,6,8,10,15,17,21,26",38,456,4.421921730041504
V_new,8,low,"3,6,8,10,15,17,21,26",39,131,3.861232280731201
V_new,8,low,"3,6,8,10,15,17,21,26",40,199,4.467454433441162
V_new,8,low,"3,6,8,10,15,17,21,26",41,264,4.756909370422363
V_new,8,low,"3,6,8,10,15,17,21,26",42,231,4.547979354858398
V_new,8,low,"3,6,8,10,15,17,21,26",43,201,4.405393123626709
V_new,8,low,"3,6,8,10,15,17,21,26",44,102,4.406186103820801
V_new,8,low,"3,6,8,10,15,17,21,26",45,265,4.799264907836914
V_new,8,low,"3,6,8,10,15,17,21,26",46,245,4.518153667449951
V_new,8,low,"3,6,8,10,15,17,21,26",47,488,3.9336094856262207
V_new,8,low,"3,6,8,10,15,17,21,26",48,437,3.7404699325561523
V_new,8,low,"3,6,8,10,15,17,21,26",49,515,5.042207717895508
V_new,8,low,"3,6,8,10,15,17,21,26",50,195,4.441494464874268
V_new,8,low,"3,6,8,10,15,17,21,26",51,443,4.95952033996582
V_new,8,low,"3,6,8,10,15,17,21,26",52,187,4.259761333465576
V_new,8,low,"3,6,8,10,15,17,21,26",53,29,3.643752098083496
V_new,8,low,"3,6,8,10,15,17,21,26",54,125,4.899615287780762
V_new,8,low,"3,6,8,10,15,17,21,26",55,192,4.461865425109863
V_new,8,low,"3,6,8,10,15,17,21,26",56,299,4.619656085968018
V_new,8,low,"3,6,8,10,15,17,21,26",57,98,4.268989562988281
V_new,8,low,"3,6,8,10,15,17,21,26",58,436,3.036038637161255
V_new,8,low,"3,6,8,10,15,17,21,26",59,73,4.447670936584473
V_new,8,low,"3,6,8,10,15,17,21,26",60,364,4.663636207580566
V_new,8,low,"3,6,8,10,15,17,21,26",61,527,4.482179641723633
V_new,8,low,"3,6,8,10,15,17,21,26",62,476,4.909799098968506
V_new,8,low,"3,6,8,10,15,17,21,26",63,218,4.598268508911133
V_new,8,low,"3,6,8,10,15,19,21,24",0,275,5.21930456161499
V_new,8,low,"3,6,8,10,15,19,21,24",1,251,4.712900638580322
V_new,8,low,"3,6,8,10,15,19,21,24",2,27,4.266521453857422
V_new,8,low,"3,6,8,10,15,19,21,24",3,346,4.562380313873291
V_new,8,low,"3,6,8,10,15,19,21,24",4,381,5.083303928375244
V_new,8,low,"3,6,8,10,15,19,21,24",5,492,5.412814617156982
V_new,8,low,"3,6,8,10,15,19,21,24",6,12,4.5806474685668945
V_new,8,low,"3,6,8,10,15,19,21,24",7,48,3.9360311031341553
V_new,8,low,"3,6,8,10,15,19,21,24",8,331,4.954840660095215
V_new,8,low,"3,6,8,10,15,19,21,24",9,244,5.298154354095459
V_new,8,low,"3,6,8,10,15,19,21,24",10,24,4.213506698608398
V_new,8,low,"3,6,8,10,15,19,21,24",11,226,5.038576126098633
V_new,8,low,"3,6,8,10,15,19,21,24",12,491,5.518258571624756
V_new,8,low,"3,6,8,10,15,19,21,24",13,203,4.416709899902344
V_new,8,low,"3,6,8,10,15,19,21,24",14,40,4.651752948760986
V_new,8,low,"3,6,8,10,15,19,21,24",15,217,4.8842363357543945
V_new,8,low,"3,6,8,10,15,19,21,24",16,151,4.772632598876953
V_new,8,low,"3,6,8,10,15,19,21,24",17,100,4.784258842468262
V_new,8,low,"3,6,8,10,15,19,21,24",18,356,5.406759262084961
V_new,8,low,"3,6,8,10,15,19,21,24",19,457,5.1969404220581055
V_new,8,low,"3,6,8,10,15,19,21,24",20,90,5.221630096435547
V_new,8,low,"3,6,8,10,15,19,21,24",21,511,5.005810737609863
V_new,8,low,"3,6,8,10,15,19,21,24",22,33,4.8303046226501465
V_new,8,low,"3,6,8,10,15,19,21,24",23,279,5.359885215759277
V_new,8,low,"3,6,8,10,15,19,21,24",24,505,4.887817859649658
V_new,8,low,"3,6,8,10,15,19,21,24",25,464,5.178046703338623
V_new,8,low,"3,6,8,10,15,19,21,24",26,149,4.697537899017334
V_new,8,low,"3,6,8,10,15,19,21,24",27,116,5.136387348175049
V_new,8,low,"3,6,8,10,15,19,21,24",28,150,5.052370071411133
V_new,8,low,"3,6,8,10,15,19,21,24",29,445,5.312585830688477
V_new,8,low,"3,6,8,10,15,19,21,24",30,339,4.743182182312012
V_new,8,low,"3,6,8,10,15,19,21,24",31,276,5.143514633178711
V_new,8,low,"3,6,8,10,15,19,21,24",32,115,4.724557876586914
V_new,8,low,"3,6,8,10,15,19,21,24",33,289,4.675332069396973
V_new,8,low,"3,6,8,10,15,19,21,24",34,83,5.129131317138672
V_new,8,low,"3,6,8,10,15,19,21,24",35,128,4.504518508911133
V_new,8,low,"3,6,8,10,15,19,21,24",36,211,4.641756534576416
V_new,8,low,"3,6,8,10,15,19,21,24",37,53,4.716414451599121
V_new,8,low,"3,6,8,10,15,19,21,24",38,456,4.991875171661377
V_new,8,low,"3,6,8,10,15,19,21,24",39,131,4.4484782218933105
V_new,8,low,"3,6,8,10,15,19,21,24",40,199,4.868769645690918
V_new,8,low,"3,6,8,10,15,19,21,24",41,264,5.161749362945557
V_new,8,low,"3,6,8,10,15,19,21,24",42,231,5.257781028747559
V_new,8,low,"3,6,8,10,15,19,21,24",43,201,4.785579681396484
V_new,8,low,"3,6,8,10,15,19,21,24",44,102,5.076516628265381
V_new,8,low,"3,6,8,10,15,19,21,24",45,265,5.294605255126953
V_new,8,low,"3,6,8,10,15,19,21,24",46,245,5.146235942840576
V_new,8,low,"3,6,8,10,15,19,21,24",47,488,4.391773700714111
V_new,8,low,"3,6,8,10,15,19,21,24",48,437,4.124457359313965
V_new,8,low,"3,6,8,10,15,19,21,24",49,515,5.644025802612305
V_new,8,low,"3,6,8,10,15,19,21,24",50,195,4.841713905334473
V_new,8,low,"3,6,8,10,15,19,21,24",51,443,5.5510172843933105
V_new,8,low,"3,6,8,10,15,19,21,24",52,187,4.798789978027344
V_new,8,low,"3,6,8,10,15,19,21,24",53,29,3.9892148971557617
V_new,8,low,"3,6,8,10,15,19,21,24",54,125,5.29652214050293
V_new,8,low,"3,6,8,10,15,19,21,24",55,192,5.150023460388184
V_new,8,low,"3,6,8,10,15,19,21,24",56,299,5.108134746551514
V_new,8,low,"3,6,8,10,15,19,21,24",57,98,4.860159397125244
V_new,8,low,"3,6,8,10,15,19,21,24",58,436,3.4013102054595947
V_new,8,low,"3,6,8,10,15,19,21,24",59,73,4.893617153167725
V_new,8,low,"3,6,8,10,15,19,21,24",60,364,5.218254566192627
V_new,8,low,"3,6,8,10,15,19,21,24",61,527,4.865495204925537
V_new,8,low,"3,6,8,10,15,19,21,24",62,476,5.352210521697998
V_new,8,low,"3,6,8,10,15,19,21,24",63,218,5.142195701599121
V_new,8,low,"3,6,8,12,15,17,19,26",0,275,4.780656337738037
V_new,8,low,"3,6,8,12,15,17,19,26",1,251,4.228415489196777
V_new,8,low,"3,6,8,12,15,17,19,26",2,27,3.9891061782836914
V_new,8,low,"3,6,8,12,15,17,19,26",3,346,4.163360118865967
V_new,8,low,"3,6,8,12,15,17,19,26",4,381,4.6435136795043945
V_new,8,low,"3,6,8,12,15,17,19,26",5,492,5.080189228057861
V_new,8,low,"3,6,8,12,15,17,19,26",6,12,4.326945781707764
V_new,8,low,"3,6,8,12,15,17,19,26",7,48,3.9079928398132324
V_new,8,low,"3,6,8,12,15,17,19,26",8,331,4.624766826629639
V_new,8,low,"3,6,8,12,15,17,19,26",9,244,5.062047481536865
V_new,8,low,"3,6,8,12,15,17,19,26",10,24,3.936746120452881
V_new,8,low,"3,6,8,12,15,17,19,26",11,226,4.770577430725098
V_new,8,low,"3,6,8,12,15,17,19,26",12,491,5.108283042907715
V_new,8,low,"3,6,8,12,15,17,19,26",13,203,4.173758029937744
V_new,8,low,"3,6,8,12,15,17,19,26",14,40,4.135039806365967
V_new,8,low,"3,6,8,12,15,17,19,26",15,217,4.831259250640869
V_new,8,low,"3,6,8,12,15,17,19,26",16,151,4.32401180267334
V_new,8,low,"3,6,8,12,15,17,19,26",17,100,4.496758937835693
V_new,8,low,"3,6,8,12,15,17,19,26",18,356,4.990262985229492
V_new,8,low,"3,6,8,12,15,17,19,26",19,457,4.971292018890381
V_new,8,low,"3,6,8,12,15,17,19,26",20,90,4.850124835968018
V_new,8,low,"3,6,8,12,15,17,19,26",21,511,4.541498184204102
V_new,8,low,"3,6,8,12,15,17,19,26",22,33,4.475826740264893
V_new,8,low,"3,6,8,12,15,17,19,26",23,279,5.030869483947754
V_new,8,low,"3,6,8,12,15,17,19,26",24,505,4.720405101776123
V_new,8,low,"3,6,8,12,15,17,19,26",25,464,4.979361057281494
V_new,8,low,"3,6,8,12,15,17,19,26",26,149,4.08397102355957
V_new,8,low,"3,6,8,12,15,17,19,26",27,116,4.788745403289795
V_new,8,low,"3,6,8,12,15,17,19,26",28,150,4.50787353515625
V_new,8,low,"3,6,8,12,15,17,19,26",29,445,4.937017440795898
V_new,8,low,"3,6,8,12,15,17,19,26",30,339,4.5232062339782715
V_new,8,low,"3,6,8,12,15,17,19,26",31,276,4.625583648681641
V_new,8,low,"3,6,8,12,15,17,19,26",32,115,4.12587833404541
V_new,8,low,"3,6,8,12,15,17,19,26",33,289,4.433351039886475
V_new,8,low,"3,6,8,12,15,17,19,26",34,83,4.678252220153809
V_new,8,low,"3,6,8,12,15,17,19,26",35,128,3.9976558685302734
V_new,8,low,"3,6,8,12,15,17,19,26",36,211,4.165717601776123
V_new,8,low,"3,6,8,12,15,17,19,26",37,53,4.187180042266846
V_new,8,low,"3,6,8,12,15,17,19,26",38,456,4.634425640106201
V_new,8,low,"3,6,8,12,15,17,19,26",39,131,4.2224507331848145
V_new,8,low,"3,6,8,12,15,17,19,26",40,199,4.556637763977051
V_new,8,low,"3,6,8,12,15,17,19,26",41,264,4.901393413543701
V_new,8,low,"3,6,8,12,15,17,19,26",42,231,4.796782493591309
V_new,8,low,"3,6,8,12,15,17,19,26",43,201,4.3417840003967285
V_new,8,low,"3,6,8,12,15,17,19,26",44,102,4.772768497467041
V_new,8,low,"3,6,8,12,15,17,19,26",45,265,4.8998870849609375
V_new,8,low,"3,6,8,12,15,17,19,26",46,245,4.689834117889404
V_new,8,low,"3,6,8,12,15,17,19,26",47,488,4.145236492156982
V_new,8,low,"3,6,8,12,15,17,19,26",48,437,3.988551139831543
V_new,8,low,"3,6,8,12,15,17,19,26",49,515,5.178257942199707
V_new,8,low,"3,6,8,12,15,17,19,26",50,195,4.624192237854004
V_new,8,low,"3,6,8,12,15,17,19,26",51,443,5.238516807556152
V_new,8,low,"3,6,8,12,15,17,19,26",52,187,4.507017135620117
V_new,8,low,"3,6,8,12,15,17,19,26",53,29,3.895920753479004
V_new,8,low,"3,6,8,12,15,17,19,26",54,125,5.083701133728027
V_new,8,low,"3,6,8,12,15,17,19,26",55,192,4.565485954284668
V_new,8,low,"3,6,8,12,15,17,19,26",56,299,4.624209403991699
V_new,8,low,"3,6,8,12,15,17,19,26",57,98,4.290521144866943
V_new,8,low,"3,6,8,12,15,17,19,26",58,436,3.405916929244995
V_new,8,low,"3,6,8,12,15,17,19,26",59,73,4.541754245758057
V_new,8,low,"3,6,8,12,15,17,19,26",60,364,4.825695037841797
V_new,8,low,"3,6,8,12,15,17,19,26",61,527,4.676048755645752
V_new,8,low,"3,6,8,12,15,17,19,26",62,476,4.966986179351807
V_new,8,low,"3,6,8,12,15,17,19,26",63,218,4.6931281089782715
V_new,8,low,"3,6,8,12,15,17,21,24",0,275,5.124361038208008
V_new,8,low,"3,6,8,12,15,17,21,24",1,251,4.540777683258057
V_new,8,low,"3,6,8,12,15,17,21,24",2,27,4.284480094909668
V_new,8,low,"3,6,8,12,15,17,21,24",3,346,4.562331676483154
V_new,8,low,"3,6,8,12,15,17,21,24",4,381,5.191089153289795
V_new,8,low,"3,6,8,12,15,17,21,24",5,492,5.423709869384766
V_new,8,low,"3,6,8,12,15,17,21,24",6,12,4.459778308868408
V_new,8,low,"3,6,8,12,15,17,21,24",7,48,3.961146116256714
V_new,8,low,"3,6,8,12,15,17,21,24",8,331,4.864201545715332
V_new,8,low,"3,6,8,12,15,17,21,24",9,244,5.4961934089660645
V_new,8,low,"3,6,8,12,15,17,21,24",10,24,4.237411022186279
V_new,8,low,"3,6,8,12,15,17,21,24",11,226,5.131315231323242
V_new,8,low,"3,6,8,12,15,17,21,24",12,491,5.470369815826416
V_new,8,low,"3,6,8,12,15,17,21,24",13,203,4.236237049102783
V_new,8,low,"3,6,8,12,15,17,21,24",14,40,4.457549095153809
V_new,8,low,"3,6,8,12,15,17,21,24",15,217,5.202040672302246
V_new,8,low,"3,6,8,12,15,17,21,24",16,151,4.742833614349365
V_new,8,low,"3,6,8,12,15,17,21,24",17,100,4.7353410720825195
V_new,8,low,"3,6,8,12,15,17,21,24",18,356,5.385533809661865
V_new,8,low,"3,6,8,12,15,17,21,24",19,457,5.322587966918945
V_new,8,low,"3,6,8,12,15,17,21,24",20,90,5.104343891143799
V_new,8,low,"3,6,8,12,15,17,21,24",21,511,4.9611897468566895
V_new,8,low,"3,6,8,12,15,17,21,24",22,33,4.888026714324951
V_new,8,low,"3,6,8,12,15,17,21,24",23,279,5.4153733253479
V_new,8,low,"3,6,8,12,15,17,21,24",24,505,5.087071895599365
V_new,8,low,"3,6,8,12,15,17,21,24",25,464,5.394169807434082
V_new,8,low,"3,6,8,12,15,17,21,24",26,149,4.5558247566223145
V_new,8,low,"3,6,8,12,15,17,21,24",27,116,5.072996616363525
V_new,8,low,"3,6,8,12,15,17,21,24",28,150,4.924698352813721
V_new,8,low,"3,6,8,12,15,17,21,24",29,445,5.21544075012207
V_new,8,low,"3,6,8,12,15,17,21,24",30,339,4.911101341247559
V_new,8,low,"3,6,8,12,15,17,21,24",31,276,5.114996910095215
V_new,8,low,"3,6,8,12,15,17,21,24",32,115,4.431926250457764
V_new,8,low,"3,6,8,12,15,17,21,24",33,289,4.780702590942383
V_new,8,low,"3,6,8,12,15,17,21,24",34,83,5.199905872344971
V_new,8,low,"3,6,8,12,15,17,21,24",35,128,4.32990837097168
V_new,8,low,"3,6,8,12,15,17,21,24",36,211,4.47288179397583
V_new,8,low,"3,6,8,12,15,17,21,24",37,53,4.430349826812744
V_new,8,low,"3,6,8,12,15,17,21,24",38,456,4.806853771209717
V_new,8,low,"3,6,8,12,15,17,21,24",39,131,4.582743167877197
V_new,8,low,"3,6,8,12,15,17,21,24",40,199,4.9449143409729
V_new,8,low,"3,6,8,12,15,17,21,24",41,264,5.216311454772949
V_new,8,low,"3,6,8,12,15,17,21,24",42,231,5.458704471588135
V_new,8,low,"3,6,8,12,15,17,21,24",43,201,4.780449390411377
V_new,8,low,"3,6,8,12,15,17,21,24",44,102,5.12166166305542
V_new,8,low,"3,6,8,12,15,17,21,24",45,265,5.25036096572876
V_new,8,low,"3,6,8,12,15,17,21,24",46,245,5.138242721557617
V_new,8,low,"3,6,8,12,15,17,21,24",47,488,4.454885482788086
V_new,8,low,"3,6,8,12,15,17,21,24",48,437,4.26102876663208
V_new,8,low,"3,6,8,12,15,17,21,24",49,515,5.508422374725342
V_new,8,low,"3,6,8,12,15,17,21,24",50,195,4.9162116050720215
V_new,8,low,"3,6,8,12,15,17,21,24",51,443,5.6133575439453125
V_new,8,low,"3,6,8,12,15,17,21,24",52,187,4.933449745178223
V_new,8,low,"3,6,8,12,15,17,21,24",53,29,3.814035177230835
V_new,8,low,"3,6,8,12,15,17,21,24",54,125,5.448131084442139
V_new,8,low,"3,6,8,12,15,17,21,24",55,192,4.675695419311523
V_new,8,low,"3,6,8,12,15,17,21,24",56,299,4.964747428894043
V_new,8,low,"3,6,8,12,15,17,21,24",57,98,4.760848045349121
V_new,8,low,"3,6,8,12,15,17,21,24",58,436,3.4147534370422363
V_new,8,low,"3,6,8,12,15,17,21,24",59,73,4.878040790557861
V_new,8,low,"3,6,8,12,15,17,21,24",60,364,5.01252555847168
V_new,8,low,"3,6,8,12,15,17,21,24",61,527,4.9951276779174805
V_new,8,low,"3,6,8,12,15,17,21,24",62,476,5.3723249435424805
V_new,8,low,"3,6,8,12,15,17,21,24",63,218,5.172712802886963
V_new,8,low,"3,6,8,12,15,19,21,24",0,275,5.4409894943237305
V_new,8,low,"3,6,8,12,15,19,21,24",1,251,4.923532962799072
V_new,8,low,"3,6,8,12,15,19,21,24",2,27,4.514427661895752
V_new,8,low,"3,6,8,12,15,19,21,24",3,346,4.9023542404174805
V_new,8,low,"3,6,8,12,15,19,21,24",4,381,5.443587779998779
V_new,8,low,"3,6,8,12,15,19,21,24",5,492,5.669567584991455
V_new,8,low,"3,6,8,12,15,19,21,24",6,12,4.779388427734375
V_new,8,low,"3,6,8,12,15,19,21,24",7,48,4.480823993682861
V_new,8,low,"3,6,8,12,15,19,21,24",8,331,5.175824165344238
V_new,8,low,"3,6,8,12,15,19,21,24",9,244,5.799238204956055
V_new,8,low,"3,6,8,12,15,19,21,24",10,24,4.678913116455078
V_new,8,low,"3,6,8,12,15,19,21,24",11,226,5.58096981048584
V_new,8,low,"3,6,8,12,15,19,21,24",12,491,5.871114730834961
V_new,8,low,"3,6,8,12,15,19,21,24",13,203,4.843255043029785
V_new,8,low,"3,6,8,12,15,19,21,24",14,40,4.777564525604248
V_new,8,low,"3,6,8,12,15,19,21,24",15,217,5.3437299728393555
V_new,8,low,"3,6,8,12,15,19,21,24",16,151,4.87228536605835
V_new,8,low,"3,6,8,12,15,19,21,24",17,100,5.1081223487854
V_new,8,low,"3,6,8,12,15,19,21,24",18,356,5.623789310455322
V_new,8,low,"3,6,8,12,15,19,21,24",19,457,5.421269416809082
V_new,8,low,"3,6,8,12,15,19,21,24",20,90,5.1796112060546875
V_new,8,low,"3,6,8,12,15,19,21,24",21,511,5.251984596252441
V_new,8,low,"3,6,8,12,15,19,21,24",22,33,5.279060363769531
V_new,8,low,"3,6,8,12,15,19,21,24",23,279,5.66163444519043
V_new,8,low,"3,6,8,12,15,19,21,24",24,505,5.414159297943115
V_new,8,low,"3,6,8,12,15,19,21,24",25,464,5.724479675292969
V_new,8,low,"3,6,8,12,15,19,21,24",26,149,4.7537360191345215
V_new,8,low,"3,6,8,12,15,19,21,24",27,116,5.367339134216309
V_new,8,low,"3,6,8,12,15,19,21,24",28,150,5.116218566894531
V_new,8,low,"3,6,8,12,15,19,21,24",29,445,5.461703777313232
V_new,8,low,"3,6,8,12,15,19,21,24",30,339,5.053011417388916
V_new,8,low,"3,6,8,12,15,19,21,24",31,276,5.3492584228515625
V_new,8,low,"3,6,8,12,15,19,21,24",32,115,4.748843669891357
V_new,8,low,"3,6,8,12,15,19,21,24",33,289,5.0787248611450195
V_new,8,low,"3,6,8,12,15,19,21,24",34,83,5.3362202644348145
V_new,8,low,"3,6,8,12,15,19,21,24",35,128,4.705061912536621
V_new,8,low,"3,6,8,12,15,19,21,24",36,211,4.690847873687744
V_new,8,low,"3,6,8,12,15,19,21,24",37,53,4.904938697814941
V_new,8,low,"3,6,8,12,15,19,21,24",38,456,5.17795991897583
V_new,8,low,"3,6,8,12,15,19,21,24",39,131,4.762712478637695
V_new,8,low,"3,6,8,12,15,19,21,24",40,199,5.1809821128845215
V_new,8,low,"3,6,8,12,15,19,21,24",41,264,5.39116096496582
V_new,8,low,"3,6,8,12,15,19,21,24",42,231,5.521536350250244
V_new,8,low,"3,6,8,12,15,19,21,24",43,201,5.059940814971924
V_new,8,low,"3,6,8,12,15,19,21,24",44,102,5.327537536621094
V_new,8,low,"3,6,8,12,15,19,21,24",45,265,5.410190105438232
V_new,8,low,"3,6,8,12,15,19,21,24",46,245,5.319127559661865
V_new,8,low,"3,6,8,12,15,19,21,24",47,488,4.667856693267822
V_new,8,low,"3,6,8,12,15,19,21,24",48,437,4.483474254608154
V_new,8,low,"3,6,8,12,15,19,21,24",49,515,5.807315826416016
V_new,8,low,"3,6,8,12,15,19,21,24",50,195,5.095707893371582
V_new,8,low,"3,6,8,12,15,19,21,24",51,443,5.828334808349609
V_new,8,low,"3,6,8,12,15,19,21,24",52,187,4.955854892730713
V_new,8,low,"3,6,8,12,15,19,21,24",53,29,4.174078464508057
V_new,8,low,"3,6,8,12,15,19,21,24",54,125,5.660819053649902
V_new,8,low,"3,6,8,12,15,19,21,24",55,192,5.240945339202881
V_new,8,low,"3,6,8,12,15,19,21,24",56,299,5.136116981506348
V_new,8,low,"3,6,8,12,15,19,21,24",57,98,5.03371000289917
V_new,8,low,"3,6,8,12,15,19,21,24",58,436,3.729776382446289
V_new,8,low,"3,6,8,12,15,19,21,24",59,73,5.1327595710754395
V_new,8,low,"3,6,8,12,15,19,21,24",60,364,5.358005523681641
V_new,8,low,"3,6,8,12,15,19,21,24",61,527,5.257122993469238
V_new,8,low,"3,6,8,12,15,19,21,24",62,476,5.720276832580566
V_new,8,low,"3,6,8,12,15,19,21,24",63,218,5.481777191162109
V_new,8,low,"3,6,10,12,15,17,19,21",0,275,4.770758152008057
V_new,8,low,"3,6,10,12,15,17,19,21",1,251,4.452859401702881
V_new,8,low,"3,6,10,12,15,17,19,21",2,27,4.014098167419434
V_new,8,low,"3,6,10,12,15,17,19,21",3,346,4.635593891143799
V_new,8,low,"3,6,10,12,15,17,19,21",4,381,4.834542274475098
V_new,8,low,"3,6,10,12,15,17,19,21",5,492,5.321743965148926
V_new,8,low,"3,6,10,12,15,17,19,21",6,12,4.616239070892334
V_new,8,low,"3,6,10,12,15,17,19,21",7,48,3.91697096824646
V_new,8,low,"3,6,10,12,15,17,19,21",8,331,5.519693851470947
V_new,8,low,"3,6,10,12,15,17,19,21",9,244,5.356853485107422
V_new,8,low,"3,6,10,12,15,17,19,21",10,24,4.001594066619873
V_new,8,low,"3,6,10,12,15,17,19,21",11,226,4.7642059326171875
V_new,8,low,"3,6,10,12,15,17,19,21",12,491,5.408202648162842
V_new,8,low,"3,6,10,12,15,17,19,21",13,203,4.629586696624756
V_new,8,low,"3,6,10,12,15,17,19,21",14,40,4.575459003448486
V_new,8,low,"3,6,10,12,15,17,19,21",15,217,4.985807418823242
V_new,8,low,"3,6,10,12,15,17,19,21",16,151,4.935606956481934
V_new,8,low,"3,6,10,12,15,17,19,21",17,100,4.588681221008301
V_new,8,low,"3,6,10,12,15,17,19,21",18,356,5.206024646759033
V_new,8,low,"3,6,10,12,15,17,19,21",19,457,5.208752155303955
V_new,8,low,"3,6,10,12,15,17,19,21",20,90,4.760232448577881
V_new,8,low,"3,6,10,12,15,17,19,21",21,511,4.616551876068115
V_new,8,low,"3,6,10,12,15,17,19,21",22,33,4.403705596923828
V_new,8,low,"3,6,10,12,15,17,19,21",23,279,4.974667549133301
V_new,8,low,"3,6,10,12,15,17,19,21",24,505,4.790377616882324
V_new,8,low,"3,6,10,12,15,17,19,21",25,464,5.176741600036621
V_new,8,low,"3,6,10,12,15,17,19,21",26,149,4.558676719665527
V_new,8,low,"3,6,10,12,15,17,19,21",27,116,4.9230780601501465
V_new,8,low,"3,6,10,12,15,17,19,21",28,150,4.749482154846191
V_new,8,low,"3,6,10,12,15,17,19,21",29,445,4.902795791625977
V_new,8,low,"3,6,10,12,15,17,19,21",30,339,4.593014717102051
V_new,8,low,"3,6,10,12,15,17,19,21",31,276,4.593599796295166
V_new,8,low,"3,6,10,12,15,17,19,21",32,115,4.4541144371032715
V_new,8,low,"3,6,10,12,15,17,19,21",33,289,4.731997013092041
V_new,8,low,"3,6,10,12,15,17,19,21",34,83,4.8213887214660645
V_new,8,low,"3,6,10,12,15,17,19,21",35,128,4.34131383895874
V_new,8,low,"3,6,10,12,15,17,19,21",36,211,4.2359843254089355
V_new,8,low,"3,6,10,12,15,17,19,21",37,53,4.321910381317139
V_new,8,low,"3,6,10,12,15,17,19,21",38,456,5.001316547393799
V_new,8,low,"3,6,10,12,15,17,19,21",39,131,4.508001327514648
V_new,8,low,"3,6,10,12,15,17,19,21",40,199,4.9931817054748535
V_new,8,low,"3,6,10,12,15,17,19,21",41,264,4.963477611541748
V_new,8,low,"3,6,10,12,15,17,19,21",42,231,5.009133815765381
V_new,8,low,"3,6,10,12,15,17,19,21",43,201,4.724280834197998
V_new,8,low,"3,6,10,12,15,17,19,21",44,102,4.782309055328369
V_new,8,low,"3,6,10,12,15,17,19,21",45,265,5.139579772949219
V_new,8,low,"3,6,10,12,15,17,19,21",46,245,4.668615341186523
V_new,8,low,"3,6,10,12,15,17,19,21",47,488,4.537065029144287
V_new,8,low,"3,6,10,12,15,17,19,21",48,437,4.457954406738281
V_new,8,low,"3,6,10,12,15,17,19,21",49,515,5.826714992523193
V_new,8,low,"3,6,10,12,15,17,19,21",50,195,4.672839164733887
V_new,8,low,"3,6,10,12,15,17,19,21",51,443,5.618194103240967
V_new,8,low,"3,6,10,12,15,17,19,21",52,187,4.535129547119141
V_new,8,low,"3,6,10,12,15,17,19,21",53,29,4.066951751708984
V_new,8,low,"3,6,10,12,15,17,19,21",54,125,5.324245929718018
V_new,8,low,"3,6,10,12,15,17,19,21",55,192,4.751986026763916
V_new,8,low,"3,6,10,12,15,17,19,21",56,299,4.881411552429199
V_new,8,low,"3,6,10,12,15,17,19,21",57,98,4.528502464294434
V_new,8,low,"3,6,10,12,15,17,19,21",58,436,4.061595439910889
V_new,8,low,"3,6,10,12,15,17,19,21",59,73,4.662977695465088
V_new,8,low,"3,6,10,12,15,17,19,21",60,364,4.904018402099609
V_new,8,low,"3,6,10,12,15,17,19,21",61,527,4.669007301330566
V_new,8,low,"3,6,10,12,15,17,19,21",62,476,4.977621078491211
V_new,8,low,"3,6,10,12,15,17,19,21",63,218,4.816621780395508
V_new,8,low,"3,6,10,12,15,19,24,26",0,275,4.722307205200195
V_new,8,low,"3,6,10,12,15,19,24,26",1,251,4.273499011993408
V_new,8,low,"3,6,10,12,15,19,24,26",2,27,3.9631552696228027
V_new,8,low,"3,6,10,12,15,19,24,26",3,346,4.358195781707764
V_new,8,low,"3,6,10,12,15,19,24,26",4,381,4.638824462890625
V_new,8,low,"3,6,10,12,15,19,24,26",5,492,4.849027633666992
V_new,8,low,"3,6,10,12,15,19,24,26",6,12,4.367551326751709
V_new,8,low,"3,6,10,12,15,19,24,26",7,48,3.835343599319458
V_new,8,low,"3,6,10,12,15,19,24,26",8,331,4.777064800262451
V_new,8,low,"3,6,10,12,15,19,24,26",9,244,4.908254146575928
V_new,8,low,"3,6,10,12,15,19,24,26",10,24,3.9690494537353516
V_new,8,low,"3,6,10,12,15,19,24,26",11,226,4.564467430114746
V_new,8,low,"3,6,10,12,15,19,24,26",12,491,5.02675199508667
V_new,8,low,"3,6,10,12,15,19,24,26",13,203,4.359124660491943
V_new,8,low,"3,6,10,12,15,19,24,26",14,40,4.250493049621582
V_new,8,low,"3,6,10,12,15,19,24,26",15,217,4.491888523101807
V_new,8,low,"3,6,10,12,15,19,24,26",16,151,4.413457870483398
V_new,8,low,"3,6,10,12,15,19,24,26",17,100,4.241491794586182
V_new,8,low,"3,6,10,12,15,19,24,26",18,356,4.924684524536133
V_new,8,low,"3,6,10,12,15,19,24,26",19,457,4.8027024269104
V_new,8,low,"3,6,10,12,15,19,24,26",20,90,4.697656631469727
V_new,8,low,"3,6,10,12,15,19,24,26",21,511,4.42374324798584
V_new,8,low,"3,6,10,12,15,19,24,26",22,33,4.369889736175537
V_new,8,low,"3,6,10,12,15,19,24,26",23,279,4.9549126625061035
V_new,8,low,"3,6,10,12,15,19,24,26",24,505,4.752195835113525
V_new,8,low,"3,6,10,12,15,19,24,26",25,464,4.72385311126709
V_new,8,low,"3,6,10,12,15,19,24,26",26,149,4.083554744720459
V_new,8,low,"3,6,10,12,15,19,24,26",27,116,4.675816535949707
V_new,8,low,"3,6,10,12,15,19,24,26",28,150,4.467068195343018
V_new,8,low,"3,6,10,12,15,19,24,26",29,445,4.916833400726318
V_new,8,low,"3,6,10,12,15,19,24,26",30,339,4.412509918212891
V_new,8,low,"3,6,10,12,15,19,24,26",31,276,4.457235813140869
V_new,8,low,"3,6,10,12,15,19,24,26",32,115,4.3082170486450195
V_new,8,low,"3,6,10,12,15,19,24,26",33,289,4.527398109436035
V_new,8,low,"3,6,10,12,15,19,24,26",34,83,4.709108352661133
V_new,8,low,"3,6,10,12,15,19,24,26",35,128,4.036954402923584
V_new,8,low,"3,6,10,12,15,19,24,26",36,211,4.174952030181885
V_new,8,low,"3,6,10,12,15,19,24,26",37,53,4.0897722244262695
V_new,8,low,"3,6,10,12,15,19,24,26",38,456,4.644917964935303
V_new,8,low,"3,6,10,12,15,19,24,26",39,131,4.21664571762085
V_new,8,low,"3,6,10,12,15,19,24,26",40,199,4.678359508514404
V_new,8,low,"3,6,10,12,15,19,24,26",41,264,4.832327365875244
V_new,8,low,"3,6,10,12,15,19,24,26",42,231,4.546429634094238
V_new,8,low,"3,6,10,12,15,19,24,26",43,201,4.528186321258545
V_new,8,low,"3,6,10,12,15,19,24,26",44,102,4.421230792999268
V_new,8,low,"3,6,10,12,15,19,24,26",45,265,4.861244201660156
V_new,8,low,"3,6,10,12,15,19,24,26",46,245,4.550203323364258
V_new,8,low,"3,6,10,12,15,19,24,26",47,488,4.091038703918457
V_new,8,low,"3,6,10,12,15,19,24,26",48,437,4.019607067108154
V_new,8,low,"3,6,10,12,15,19,24,26",49,515,5.205103874206543
V_new,8,low,"3,6,10,12,15,19,24,26",50,195,4.650861740112305
V_new,8,low,"3,6,10,12,15,19,24,26",51,443,5.231396675109863
V_new,8,low,"3,6,10,12,15,19,24,26",52,187,4.496736526489258
V_new,8,low,"3,6,10,12,15,19,24,26",53,29,3.840665102005005
V_new,8,low,"3,6,10,12,15,19,24,26",54,125,4.8645477294921875
V_new,8,low,"3,6,10,12,15,19,24,26",55,192,4.566534042358398
V_new,8,low,"3,6,10,12,15,19,24,26",56,299,4.6785430908203125
V_new,8,low,"3,6,10,12,15,19,24,26",57,98,4.263175010681152
V_new,8,low,"3,6,10,12,15,19,24,26",58,436,3.4389376640319824
V_new,8,low,"3,6,10,12,15,19,24,26",59,73,4.540394306182861
V_new,8,low,"3,6,10,12,15,19,24,26",60,364,4.764525890350342
V_new,8,low,"3,6,10,12,15,19,24,26",61,527,4.442113399505615
V_new,8,low,"3,6,10,12,15,19,24,26",62,476,5.054041385650635
V_new,8,low,"3,6,10,12,15,19,24,26",63,218,4.609095573425293
V_new,8,low,"3,8,10,12,15,21,24,26",0,275,5.258389472961426
V_new,8,low,"3,8,10,12,15,21,24,26",1,251,4.613120079040527
V_new,8,low,"3,8,10,12,15,21,24,26",2,27,4.412750244140625
V_new,8,low,"3,8,10,12,15,21,24,26",3,346,4.766787052154541
V_new,8,low,"3,8,10,12,15,21,24,26",4,381,5.195106029510498
V_new,8,low,"3,8,10,12,15,21,24,26",5,492,5.592719078063965
V_new,8,low,"3,8,10,12,15,21,24,26",6,12,5.064606666564941
V_new,8,low,"3,8,10,12,15,21,24,26",7,48,4.22199010848999
V_new,8,low,"3,8,10,12,15,21,24,26",8,331,5.227267742156982
V_new,8,low,"3,8,10,12,15,21,24,26",9,244,5.550967693328857
V_new,8,low,"3,8,10,12,15,21,24,26",10,24,4.264127254486084
V_new,8,low,"3,8,10,12,15,21,24,26",11,226,5.2897138595581055
V_new,8,low,"3,8,10,12,15,21,24,26",12,491,5.586560249328613
V_new,8,low,"3,8,10,12,15,21,24,26",13,203,4.790502071380615
V_new,8,low,"3,8,10,12,15,21,24,26",14,40,4.708651065826416
V_new,8,low,"3,8,10,12,15,21,24,26",15,217,5.034351348876953
V_new,8,low,"3,8,10,12,15,21,24,26",16,151,5.206723690032959
V_new,8,low,"3,8,10,12,15,21,24,26",17,100,5.126414775848389
V_new,8,low,"3,8,10,12,15,21,24,26",18,356,5.481876373291016
V_new,8,low,"3,8,10,12,15,21,24,26",19,457,5.318793296813965
V_new,8,low,"3,8,10,12,15,21,24,26",20,90,5.129136562347412
V_new,8,low,"3,8,10,12,15,21,24,26",21,511,5.0973334312438965
V_new,8,low,"3,8,10,12,15,21,24,26",22,33,5.188392639160156
V_new,8,low,"3,8,10,12,15,21,24,26",23,279,5.492722511291504
V_new,8,low,"3,8,10,12,15,21,24,26",24,505,5.049163341522217
V_new,8,low,"3,8,10,12,15,21,24,26",25,464,5.617410182952881
V_new,8,low,"3,8,10,12,15,21,24,26",26,149,4.477682590484619
V_new,8,low,"3,8,10,12,15,21,24,26",27,116,5.37808084487915
V_new,8,low,"3,8,10,12,15,21,24,26",28,150,5.214710235595703
V_new,8,low,"3,8,10,12,15,21,24,26",29,445,5.4887542724609375
V_new,8,low,"3,8,10,12,15,21,24,26",30,339,4.789373397827148
V_new,8,low,"3,8,10,12,15,21,24,26",31,276,5.228900909423828
V_new,8,low,"3,8,10,12,15,21,24,26",32,115,4.999574184417725
V_new,8,low,"3,8,10,12,15,21,24,26",33,289,5.140621662139893
V_new,8,low,"3,8,10,12,15,21,24,26",34,83,5.1045355796813965
V_new,8,low,"3,8,10,12,15,21,24,26",35,128,4.459527015686035
V_new,8,low,"3,8,10,12,15,21,24,26",36,211,4.786285877227783
V_new,8,low,"3,8,10,12,15,21,24,26",37,53,4.792145252227783
V_new,8,low,"3,8,10,12,15,21,24,26",38,456,5.034371852874756
V_new,8,low,"3,8,10,12,15,21,24,26",39,131,4.72184419631958
V_new,8,low,"3,8,10,12,15,21,24,26",40,199,5.330095291137695
V_new,8,low,"3,8,10,12,15,21,24,26",41,264,5.305291175842285
V_new,8,low,"3,8,10,12,15,21,24,26",42,231,5.426323413848877
V_new,8,low,"3,8,10,12,15,21,24,26",43,201,5.1751909255981445
V_new,8,low,"3,8,10,12,15,21,24,26",44,102,5.241771221160889
V_new,8,low,"3,8,10,12,15,21,24,26",45,265,5.467008113861084
V_new,8,low,"3,8,10,12,15,21,24,26",46,245,5.05994176864624
V_new,8,low,"3,8,10,12,15,21,24,26",47,488,4.431704521179199
V_new,8,low,"3,8,10,12,15,21,24,26",48,437,4.562868595123291
V_new,8,low,"3,8,10,12,15,21,24,26",49,515,5.624679088592529
V_new,8,low,"3,8,10,12,15,21,24,26",50,195,5.216771125793457
V_new,8,low,"3,8,10,12,15,21,24,26",51,443,5.812110900878906
V_new,8,low,"3,8,10,12,15,21,24,26",52,187,5.0469465255737305
V_new,8,low,"3,8,10,12,15,21,24,26",53,29,3.8740251064300537
V_new,8,low,"3,8,10,12,15,21,24,26",54,125,5.251205921173096
V_new,8,low,"3,8,10,12,15,21,24,26",55,192,5.223382472991943
V_new,8,low,"3,8,10,12,15,21,24,26",56,299,5.054952144622803
V_new,8,low,"3,8,10,12,15,21,24,26",57,98,5.040677070617676
V_new,8,low,"3,8,10,12,15,21,24,26",58,436,3.957188129425049
V_new,8,low,"3,8,10,12,15,21,24,26",59,73,5.049376964569092
V_new,8,low,"3,8,10,12,15,21,24,26",60,364,5.143788814544678
V_new,8,low,"3,8,10,12,15,21,24,26",61,527,4.907730579376221
V_new,8,low,"3,8,10,12,15,21,24,26",62,476,5.773753643035889
V_new,8,low,"3,8,10,12,15,21,24,26",63,218,5.338101863861084
V_new,8,low,"3,8,10,15,17,19,21,24",0,275,5.0221452713012695
V_new,8,low,"3,8,10,15,17,19,21,24",1,251,4.593354225158691
V_new,8,low,"3,8,10,15,17,19,21,24",2,27,4.1971259117126465
V_new,8,low,"3,8,10,15,17,19,21,24",3,346,4.493383884429932
V_new,8,low,"3,8,10,15,17,19,21,24",4,381,4.852513313293457
V_new,8,low,"3,8,10,15,17,19,21,24",5,492,5.369399547576904
V_new,8,low,"3,8,10,15,17,19,21,24",6,12,4.533531665802002
V_new,8,low,"3,8,10,15,17,19,21,24",7,48,4.165374279022217
V_new,8,low,"3,8,10,15,17,19,21,24",8,331,4.923618793487549
V_new,8,low,"3,8,10,15,17,19,21,24",9,244,5.321831703186035
V_new,8,low,"3,8,10,15,17,19,21,24",10,24,4.279604911804199
V_new,8,low,"3,8,10,15,17,19,21,24",11,226,4.903069496154785
V_new,8,low,"3,8,10,15,17,19,21,24",12,491,5.53993558883667
V_new,8,low,"3,8,10,15,17,19,21,24",13,203,4.636092662811279
V_new,8,low,"3,8,10,15,17,19,21,24",14,40,4.518289566040039
V_new,8,low,"3,8,10,15,17,19,21,24",15,217,4.832879543304443
V_new,8,low,"3,8,10,15,17,19,21,24",16,151,4.77272367477417
V_new,8,low,"3,8,10,15,17,19,21,24",17,100,4.837535858154297
V_new,8,low,"3,8,10,15,17,19,21,24",18,356,5.334179878234863
V_new,8,low,"3,8,10,15,17,19,21,24",19,457,4.966475009918213
V_new,8,low,"3,8,10,15,17,19,21,24",20,90,4.730520725250244
V_new,8,low,"3,8,10,15,17,19,21,24",21,511,4.721850872039795
V_new,8,low,"3,8,10,15,17,19,21,24",22,33,4.7558088302612305
V_new,8,low,"3,8,10,15,17,19,21,24",23,279,5.103262901306152
V_new,8,low,"3,8,10,15,17,19,21,24",24,505,4.8633575439453125
V_new,8,low,"3,8,10,15,17,19,21,24",25,464,5.392293453216553
V_new,8,low,"3,8,10,15,17,19,21,24",26,149,4.450912952423096
V_new,8,low,"3,8,10,15,17,19,21,24",27,116,5.184732913970947
V_new,8,low,"3,8,10,15,17,19,21,24",28,150,4.8449578285217285
V_new,8,low,"3,8,10,15,17,19,21,24",29,445,5.347156047821045
V_new,8,low,"3,8,10,15,17,19,21,24",30,339,4.717708587646484
V_new,8,low,"3,8,10,15,17,19,21,24",31,276,4.924946308135986
V_new,8,low,"3,8,10,15,17,19,21,24",32,115,4.702885150909424
V_new,8,low,"3,8,10,15,17,19,21,24",33,289,4.808846950531006
V_new,8,low,"3,8,10,15,17,19,21,24",34,83,5.101263046264648
V_new,8,low,"3,8,10,15,17,19,21,24",35,128,4.514406681060791
V_new,8,low,"3,8,10,15,17,19,21,24",36,211,4.50195837020874
V_new,8,low,"3,8,10,15,17,19,21,24",37,53,4.5451860427856445
V_new,8,low,"3,8,10,15,17,19,21,24",38,456,5.059407711029053
V_new,8,low,"3,8,10,15,17,19,21,24",39,131,4.379573345184326
V_new,8,low,"3,8,10,15,17,19,21,24",40,199,4.941118240356445
V_new,8,low,"3,8,10,15,17,19,21,24",41,264,5.097828388214111
V_new,8,low,"3,8,10,15,17,19,21,24",42,231,5.371898174285889
V_new,8,low,"3,8,10,15,17,19,21,24",43,201,4.822691440582275
V_new,8,low,"3,8,10,15,17,19,21,24",44,102,4.879252910614014
V_new,8,low,"3,8,10,15,17,19,21,24",45,265,5.038028717041016
V_new,8,low,"3,8,10,15,17,19,21,24",46,245,4.841969013214111
V_new,8,low,"3,8,10,15,17,19,21,24",47,488,4.61946964263916
V_new,8,low,"3,8,10,15,17,19,21,24",48,437,4.293858528137207
V_new,8,low,"3,8,10,15,17,19,21,24",49,515,5.36473274230957
V_new,8,low,"3,8,10,15,17,19,21,24",50,195,4.876182556152344
V_new,8,low,"3,8,10,15,17,19,21,24",51,443,5.339502811431885
V_new,8,low,"3,8,10,15,17,19,21,24",52,187,4.945227146148682
V_new,8,low,"3,8,10,15,17,19,21,24",53,29,3.970249652862549
V_new,8,low,"3,8,10,15,17,19,21,24",54,125,5.161025524139404
V_new,8,low,"3,8,10,15,17,19,21,24",55,192,4.957952499389648
V_new,8,low,"3,8,10,15,17,19,21,24",56,299,4.962718963623047
V_new,8,low,"3,8,10,15,17,19,21,24",57,98,4.998046875
V_new,8,low,"3,8,10,15,17,19,21,24",58,436,3.5068774223327637
V_new,8,low,"3,8,10,15,17,19,21,24",59,73,4.957329750061035
V_new,8,low,"3,8,10,15,17,19,21,24",60,364,5.148750305175781
V_new,8,low,"3,8,10,15,17,19,21,24",61,527,4.887435436248779
V_new,8,low,"3,8,10,15,17,19,21,24",62,476,5.3057451248168945
V_new,8,low,"3,8,10,15,17,19,21,24",63,218,5.150115013122559
V_new,8,low,"3,8,12,15,17,19,21,24",0,275,5.334081172943115
V_new,8,low,"3,8,12,15,17,19,21,24",1,251,4.735473155975342
V_new,8,low,"3,8,12,15,17,19,21,24",2,27,4.296985626220703
V_new,8,low,"3,8,12,15,17,19,21,24",3,346,4.901067733764648
V_new,8,low,"3,8,12,15,17,19,21,24",4,381,5.058375358581543
V_new,8,low,"3,8,12,15,17,19,21,24",5,492,5.442319869995117
V_new,8,low,"3,8,12,15,17,19,21,24",6,12,4.685891628265381
V_new,8,low,"3,8,12,15,17,19,21,24",7,48,4.216290473937988
V_new,8,low,"3,8,12,15,17,19,21,24",8,331,5.273563861846924
V_new,8,low,"3,8,12,15,17,19,21,24",9,244,5.547745227813721
V_new,8,low,"3,8,12,15,17,19,21,24",10,24,4.441428184509277
V_new,8,low,"3,8,12,15,17,19,21,24",11,226,5.125239849090576
V_new,8,low,"3,8,12,15,17,19,21,24",12,491,5.652132987976074
V_new,8,low,"3,8,12,15,17,19,21,24",13,203,4.80930233001709
V_new,8,low,"3,8,12,15,17,19,21,24",14,40,4.6569437980651855
V_new,8,low,"3,8,12,15,17,19,21,24",15,217,5.033740520477295
V_new,8,low,"3,8,12,15,17,19,21,24",16,151,5.0339484214782715
V_new,8,low,"3,8,12,15,17,19,21,24",17,100,4.915380954742432
V_new,8,low,"3,8,12,15,17,19,21,24",18,356,5.482017517089844
V_new,8,low,"3,8,12,15,17,19,21,24",19,457,5.257730484008789
V_new,8,low,"3,8,12,15,17,19,21,24",20,90,4.905478000640869
V_new,8,low,"3,8,12,15,17,19,21,24",21,511,5.0090484619140625
V_new,8,low,"3,8,12,15,17,19,21,24",22,33,4.871644020080566
V_new,8,low,"3,8,12,15,17,19,21,24",23,279,5.29157829284668
V_new,8,low,"3,8,12,15,17,19,21,24",24,505,5.002879619598389
V_new,8,low,"3,8,12,15,17,19,21,24",25,464,5.63893461227417
V_new,8,low,"3,8,12,15,17,19,21,24",26,149,4.678244113922119
V_new,8,low,"3,8,12,15,17,19,21,24",27,116,5.15827751159668
V_new,8,low,"3,8,12,15,17,19,21,24",28,150,4.89105749130249
V_new,8,low,"3,8,12,15,17,19,21,24",29,445,5.389969348907471
V_new,8,low,"3,8,12,15,17,19,21,24",30,339,4.8830952644348145
V_new,8,low,"3,8,12,15,17,19,21,24",31,276,5.1446404457092285
V_new,8,low,"3,8,12,15,17,19,21,24",32,115,4.722713470458984
V_new,8,low,"3,8,12,15,17,19,21,24",33,289,4.864809036254883
V_new,8,low,"3,8,12,15,17,19,21,24",34,83,5.209257125854492
V_new,8,low,"3,8,12,15,17,19,21,24",35,128,4.673849105834961
V_new,8,low,"3,8,12,15,17,19,21,24",36,211,4.604521751403809
V_new,8,low,"3,8,12,15,17,19,21,24",37,53,4.737987041473389
V_new,8,low,"3,8,12,15,17,19,21,24",38,456,5.198513031005859
V_new,8,low,"3,8,12,15,17,19,21,24",39,131,4.73436975479126
V_new,8,low,"3,8,12,15,17,19,21,24",40,199,5.226551055908203
V_new,8,low,"3,8,12,15,17,19,21,24",41,264,5.330896377563477
V_new,8,low,"3,8,12,15,17,19,21,24",42,231,5.434074401855469
V_new,8,low,"3,8,12,15,17,19,21,24",43,201,4.999490261077881
V_new,8,low,"3,8,12,15,17,19,21,24",44,102,5.048047065734863
V_new,8,low,"3,8,12,15,17,19,21,24",45,265,5.182427883148193
V_new,8,low,"3,8,12,15,17,19,21,24",46,245,4.994481563568115
V_new,8,low,"3,8,12,15,17,19,21,24",47,488,4.819758892059326
V_new,8,low,"3,8,12,15,17,19,21,24",48,437,4.556825160980225
V_new,8,low,"3,8,12,15,17,19,21,24",49,515,5.7791876792907715
V_new,8,low,"3,8,12,15,17,19,21,24",50,195,5.060832500457764
V_new,8,low,"3,8,12,15,17,19,21,24",51,443,5.587229251861572
V_new,8,low,"3,8,12,15,17,19,21,24",52,187,4.788637161254883
V_new,8,low,"3,8,12,15,17,19,21,24",53,29,4.122950553894043
V_new,8,low,"3,8,12,15,17,19,21,24",54,125,5.528074264526367
V_new,8,low,"3,8,12,15,17,19,21,24",55,192,5.049729347229004
V_new,8,low,"3,8,12,15,17,19,21,24",56,299,5.1244988441467285
V_new,8,low,"3,8,12,15,17,19,21,24",57,98,5.054656028747559
V_new,8,low,"3,8,12,15,17,19,21,24",58,436,3.8772077560424805
V_new,8,low,"3,8,12,15,17,19,21,24",59,73,4.950838565826416
V_new,8,low,"3,8,12,15,17,19,21,24",60,364,5.2630205154418945
V_new,8,low,"3,8,12,15,17,19,21,24",61,527,4.869607448577881
V_new,8,low,"3,8,12,15,17,19,21,24",62,476,5.363093376159668
V_new,8,low,"3,8,12,15,17,19,21,24",63,218,5.232680797576904
V_new,8,low,"3,8,12,15,17,19,24,26",0,275,4.836630344390869
V_new,8,low,"3,8,12,15,17,19,24,26",1,251,4.279087543487549
V_new,8,low,"3,8,12,15,17,19,24,26",2,27,3.9332828521728516
V_new,8,low,"3,8,12,15,17,19,24,26",3,346,4.241687774658203
V_new,8,low,"3,8,12,15,17,19,24,26",4,381,4.719779014587402
V_new,8,low,"3,8,12,15,17,19,24,26",5,492,5.154963970184326
V_new,8,low,"3,8,12,15,17,19,24,26",6,12,4.572400093078613
V_new,8,low,"3,8,12,15,17,19,24,26",7,48,4.2051286697387695
V_new,8,low,"3,8,12,15,17,19,24,26",8,331,4.906152725219727
V_new,8,low,"3,8,12,15,17,19,24,26",9,244,5.29769229888916
V_new,8,low,"3,8,12,15,17,19,24,26",10,24,4.191288471221924
V_new,8,low,"3,8,12,15,17,19,24,26",11,226,4.717467308044434
V_new,8,low,"3,8,12,15,17,19,24,26",12,491,5.212993621826172
V_new,8,low,"3,8,12,15,17,19,24,26",13,203,4.4119391441345215
V_new,8,low,"3,8,12,15,17,19,24,26",14,40,4.349090576171875
V_new,8,low,"3,8,12,15,17,19,24,26",15,217,4.6008992195129395
V_new,8,low,"3,8,12,15,17,19,24,26",16,151,4.6055378913879395
V_new,8,low,"3,8,12,15,17,19,24,26",17,100,4.366434574127197
V_new,8,low,"3,8,12,15,17,19,24,26",18,356,5.198404788970947
V_new,8,low,"3,8,12,15,17,19,24,26",19,457,4.935703754425049
V_new,8,low,"3,8,12,15,17,19,24,26",20,90,4.707489013671875
V_new,8,low,"3,8,12,15,17,19,24,26",21,511,4.652961730957031
V_new,8,low,"3,8,12,15,17,19,24,26",22,33,4.580146789550781
V_new,8,low,"3,8,12,15,17,19,24,26",23,279,5.093184471130371
V_new,8,low,"3,8,12,15,17,19,24,26",24,505,4.811945915222168
V_new,8,low,"3,8,12,15,17,19,24,26",25,464,5.012461185455322
V_new,8,low,"3,8,12,15,17,19,24,26",26,149,4.245349407196045
V_new,8,low,"3,8,12,15,17,19,24,26",27,116,4.750759124755859
V_new,8,low,"3,8,12,15,17,19,24,26",28,150,4.6071624755859375
V_new,8,low,"3,8,12,15,17,19,24,26",29,445,5.025856018066406
V_new,8,low,"3,8,12,15,17,19,24,26",30,339,4.496610641479492
V_new,8,low,"3,8,12,15,17,19,24,26",31,276,4.687220096588135
V_new,8,low,"3,8,12,15,17,19,24,26",32,115,4.341261386871338
V_new,8,low,"3,8,12,15,17,19,24,26",33,289,4.656757354736328
V_new,8,low,"3,8,12,15,17,19,24,26",34,83,4.78935432434082
V_new,8,low,"3,8,12,15,17,19,24,26",35,128,4.201504230499268
V_new,8,low,"3,8,12,15,17,19,24,26",36,211,4.43722677230835
V_new,8,low,"3,8,12,15,17,19,24,26",37,53,4.397273540496826
V_new,8,low,"3,8,12,15,17,19,24,26",38,456,4.849582672119141
V_new,8,low,"3,8,12,15,17,19,24,26",39,131,4.2482590675354
V_new,8,low,"3,8,12,15,17,19,24,26",40,199,4.8470964431762695
V_new,8,low,"3,8,12,15,17,19,24,26",41,264,5.030854225158691
V_new,8,low,"3,8,12,15,17,19,24,26",42,231,4.8474602699279785
V_new,8,low,"3,8,12,15,17,19,24,26",43,201,4.76118803024292
V_new,8,low,"3,8,12,15,17,19,24,26",44,102,4.630096912384033
V_new,8,low,"3,8,12,15,17,19,24,26",45,265,5.0248517990112305
V_new,8,low,"3,8,12,15,17,19,24,26",46,245,4.641122817993164
V_new,8,low,"3,8,12,15,17,19,24,26",47,488,4.20780611038208
V_new,8,low,"3,8,12,15,17,19,24,26",48,437,4.006848335266113
V_new,8,low,"3,8,12,15,17,19,24,26",49,515,5.317249298095703
V_new,8,low,"3,8,12,15,17,19,24,26",50,195,4.793148994445801
V_new,8,low,"3,8,12,15,17,19,24,26",51,443,5.383002281188965
V_new,8,low,"3,8,12,15,17,19,24,26",52,187,4.709992408752441
V_new,8,low,"3,8,12,15,17,19,24,26",53,29,3.813554525375366
V_new,8,low,"3,8,12,15,17,19,24,26",54,125,4.981866359710693
V_new,8,low,"3,8,12,15,17,19,24,26",55,192,4.664503574371338
V_new,8,low,"3,8,12,15,17,19,24,26",56,299,4.806898593902588
V_new,8,low,"3,8,12,15,17,19,24,26",57,98,4.4900054931640625
V_new,8,low,"3,8,12,15,17,19,24,26",58,436,3.4110937118530273
V_new,8,low,"3,8,12,15,17,19,24,26",59,73,4.5118303298950195
V_new,8,low,"3,8,12,15,17,19,24,26",60,364,4.844775676727295
V_new,8,low,"3,8,12,15,17,19,24,26",61,527,4.663784503936768
V_new,8,low,"3,8,12,15,17,19,24,26",62,476,5.139326572418213
V_new,8,low,"3,8,12,15,17,19,24,26",63,218,4.818253040313721
V_new,8,low,"6,8,10,12,15,17,21,24",0,275,4.980464935302734
V_new,8,low,"6,8,10,12,15,17,21,24",1,251,4.504549026489258
V_new,8,low,"6,8,10,12,15,17,21,24",2,27,4.165289402008057
V_new,8,low,"6,8,10,12,15,17,21,24",3,346,4.34153413772583
V_new,8,low,"6,8,10,12,15,17,21,24",4,381,4.895913600921631
V_new,8,low,"6,8,10,12,15,17,21,24",5,492,5.116532802581787
V_new,8,low,"6,8,10,12,15,17,21,24",6,12,4.4864091873168945
V_new,8,low,"6,8,10,12,15,17,21,24",7,48,3.952620506286621
V_new,8,low,"6,8,10,12,15,17,21,24",8,331,4.553534030914307
V_new,8,low,"6,8,10,12,15,17,21,24",9,244,4.983863830566406
V_new,8,low,"6,8,10,12,15,17,21,24",10,24,3.8939356803894043
V_new,8,low,"6,8,10,12,15,17,21,24",11,226,4.770750522613525
V_new,8,low,"6,8,10,12,15,17,21,24",12,491,5.377160549163818
V_new,8,low,"6,8,10,12,15,17,21,24",13,203,4.378760814666748
V_new,8,low,"6,8,10,12,15,17,21,24",14,40,4.215383529663086
V_new,8,low,"6,8,10,12,15,17,21,24",15,217,4.790674686431885
V_new,8,low,"6,8,10,12,15,17,21,24",16,151,4.794377326965332
V_new,8,low,"6,8,10,12,15,17,21,24",17,100,4.525583744049072
V_new,8,low,"6,8,10,12,15,17,21,24",18,356,5.055964469909668
V_new,8,low,"6,8,10,12,15,17,21,24",19,457,4.934808254241943
V_new,8,low,"6,8,10,12,15,17,21,24",20,90,4.861886978149414
V_new,8,low,"6,8,10,12,15,17,21,24",21,511,4.745396137237549
V_new,8,low,"6,8,10,12,15,17,21,24",22,33,4.684058666229248
V_new,8,low,"6,8,10,12,15,17,21,24",23,279,5.244201183319092
V_new,8,low,"6,8,10,12,15,17,21,24",24,505,4.651392459869385
V_new,8,low,"6,8,10,12,15,17,21,24",25,464,5.0603413581848145
V_new,8,low,"6,8,10,12,15,17,21,24",26,149,4.064024925231934
V_new,8,low,"6,8,10,12,15,17,21,24",27,116,4.977028846740723
V_new,8,low,"6,8,10,12,15,17,21,24",28,150,4.84812068939209
V_new,8,low,"6,8,10,12,15,17,21,24",29,445,5.4136962890625
V_new,8,low,"6,8,10,12,15,17,21,24",30,339,4.492831707000732
V_new,8,low,"6,8,10,12,15,17,21,24",31,276,4.844269752502441
V_new,8,low,"6,8,10,12,15,17,21,24",32,115,4.390260219573975
V_new,8,low,"6,8,10,12,15,17,21,24",33,289,4.740041255950928
V_new,8,low,"6,8,10,12,15,17,21,24",34,83,5.139901161193848
V_new,8,low,"6,8,10,12,15,17,21,24",35,128,4.065249443054199
V_new,8,low,"6,8,10,12,15,17,21,24",36,211,4.315408706665039
V_new,8,low,"6,8,10,12,15,17,21,24",37,53,4.563905715942383
V_new,8,low,"6,8,10,12,15,17,21,24",38,456,4.994314670562744
V_new,8,low,"6,8,10,12,15,17,21,24",39,131,4.269747257232666
V_new,8,low,"6,8,10,12,15,17,21,24",40,199,4.746016979217529
V_new,8,low,"6,8,10,12,15,17,21,24",41,264,5.1887102127075195
V_new,8,low,"6,8,10,12,15,17,21,24",42,231,4.879653453826904
V_new,8,low,"6,8,10,12,15,17,21,24",43,201,4.713623523712158
V_new,8,low,"6,8,10,12,15,17,21,24",44,102,4.642863750457764
V_new,8,low,"6,8,10,12,15,17,21,24",45,265,4.816501617431641
V_new,8,low,"6,8,10,12,15,17,21,24",46,245,4.723552703857422
V_new,8,low,"6,8,10,12,15,17,21,24",47,488,4.44216775894165
V_new,8,low,"6,8,10,12,15,17,21,24",48,437,4.125003814697266
V_new,8,low,"6,8,10,12,15,17,21,24",49,515,5.180649757385254
V_new,8,low,"6,8,10,12,15,17,21,24",50,195,4.71342658996582
V_new,8,low,"6,8,10,12,15,17,21,24",51,443,5.162326335906982
V_new,8,low,"6,8,10,12,15,17,21,24",52,187,4.431878566741943
V_new,8,low,"6,8,10,12,15,17,21,24",53,29,3.7370355129241943
V_new,8,low,"6,8,10,12,15,17,21,24",54,125,5.059864521026611
V_new,8,low,"6,8,10,12,15,17,21,24",55,192,4.765849590301514
V_new,8,low,"6,8,10,12,15,17,21,24",56,299,4.673742294311523
V_new,8,low,"6,8,10,12,15,17,21,24",57,98,4.777541160583496
V_new,8,low,"6,8,10,12,15,17,21,24",58,436,3.239042282104492
V_new,8,low,"6,8,10,12,15,17,21,24",59,73,4.80448579788208
V_new,8,low,"6,8,10,12,15,17,21,24",60,364,4.830748558044434
V_new,8,low,"6,8,10,12,15,17,21,24",61,527,4.753956317901611
V_new,8,low,"6,8,10,12,15,17,21,24",62,476,4.99417781829834
V_new,8,low,"6,8,10,12,15,17,21,24",63,218,4.956582546234131
V_new,8,low,"6,8,10,12,15,21,24,26",0,275,5.238187789916992
V_new,8,low,"6,8,10,12,15,21,24,26",1,251,4.763963222503662
V_new,8,low,"6,8,10,12,15,21,24,26",2,27,4.4404449462890625
V_new,8,low,"6,8,10,12,15,21,24,26",3,346,4.626160144805908
V_new,8,low,"6,8,10,12,15,21,24,26",4,381,5.152227878570557
V_new,8,low,"6,8,10,12,15,21,24,26",5,492,5.252570152282715
V_new,8,low,"6,8,10,12,15,21,24,26",6,12,5.098700046539307
V_new,8,low,"6,8,10,12,15,21,24,26",7,48,4.113361358642578
V_new,8,low,"6,8,10,12,15,21,24,26",8,331,5.031952857971191
V_new,8,low,"6,8,10,12,15,21,24,26",9,244,5.52229642868042
V_new,8,low,"6,8,10,12,15,21,24,26",10,24,4.307884216308594
V_new,8,low,"6,8,10,12,15,21,24,26",11,226,5.095571994781494
V_new,8,low,"6,8,10,12,15,21,24,26",12,491,5.631497859954834
V_new,8,low,"6,8,10,12,15,21,24,26",13,203,4.774694919586182
V_new,8,low,"6,8,10,12,15,21,24,26",14,40,4.5163421630859375
V_new,8,low,"6,8,10,12,15,21,24,26",15,217,5.007292747497559
V_new,8,low,"6,8,10,12,15,21,24,26",16,151,5.148972988128662
V_new,8,low,"6,8,10,12,15,21,24,26",17,100,4.778531551361084
V_new,8,low,"6,8,10,12,15,21,24,26",18,356,5.5441975593566895
V_new,8,low,"6,8,10,12,15,21,24,26",19,457,5.403160572052002
V_new,8,low,"6,8,10,12,15,21,24,26",20,90,5.149799346923828
V_new,8,low,"6,8,10,12,15,21,24,26",21,511,5.075035572052002
V_new,8,low,"6,8,10,12,15,21,24,26",22,33,5.079711437225342
V_new,8,low,"6,8,10,12,15,21,24,26",23,279,5.583113670349121
V_new,8,low,"6,8,10,12,15,21,24,26",24,505,4.855564117431641
V_new,8,low,"6,8,10,12,15,21,24,26",25,464,5.531389236450195
V_new,8,low,"6,8,10,12,15,21,24,26",26,149,4.617300987243652
V_new,8,low,"6,8,10,12,15,21,24,26",27,116,5.2716851234436035
V_new,8,low,"6,8,10,12,15,21,24,26",28,150,5.418911457061768
V_new,8,low,"6,8,10,12,15,21,24,26",29,445,5.5275468826293945
V_new,8,low,"6,8,10,12,15,21,24,26",30,339,4.780650615692139
V_new,8,low,"6,8,10,12,15,21,24,26",31,276,5.266946315765381
V_new,8,low,"6,8,10,12,15,21,24,26",32,115,4.716511249542236
V_new,8,low,"6,8,10,12,15,21,24,26",33,289,5.333090782165527
V_new,8,low,"6,8,10,12,15,21,24,26",34,83,5.317050457000732
V_new,8,low,"6,8,10,12,15,21,24,26",35,128,4.328047275543213
V_new,8,low,"6,8,10,12,15,21,24,26",36,211,4.701234340667725
V_new,8,low,"6,8,10,12,15,21,24,26",37,53,4.995926856994629
V_new,8,low,"6,8,10,12,15,21,24,26",38,456,5.01187801361084
V_new,8,low,"6,8,10,12,15,21,24,26",39,131,4.440127849578857
V_new,8,low,"6,8,10,12,15,21,24,26",40,199,5.128086090087891
V_new,8,low,"6,8,10,12,15,21,24,26",41,264,5.235783576965332
V_new,8,low,"6,8,10,12,15,21,24,26",42,231,5.095339775085449
V_new,8,low,"6,8,10,12,15,21,24,26",43,201,5.081587791442871
V_new,8,low,"6,8,10,12,15,21,24,26",44,102,4.851939678192139
V_new,8,low,"6,8,10,12,15,21,24,26",45,265,5.254853248596191
V_new,8,low,"6,8,10,12,15,21,24,26",46,245,5.019587516784668
V_new,8,low,"6,8,10,12,15,21,24,26",47,488,4.296469688415527
V_new,8,low,"6,8,10,12,15,21,24,26",48,437,4.574621200561523
V_new,8,low,"6,8,10,12,15,21,24,26",49,515,5.479002952575684
V_new,8,low,"6,8,10,12,15,21,24,26",50,195,5.116588115692139
V_new,8,low,"6,8,10,12,15,21,24,26",51,443,5.557549476623535
V_new,8,low,"6,8,10,12,15,21,24,26",52,187,4.921752452850342
V_new,8,low,"6,8,10,12,15,21,24,26",53,29,4.145441055297852
V_new,8,low,"6,8,10,12,15,21,24,26",54,125,5.433938026428223
V_new,8,low,"6,8,10,12,15,21,24,26",55,192,5.268870830535889
V_new,8,low,"6,8,10,12,15,21,24,26",56,299,4.905075550079346
V_new,8,low,"6,8,10,12,15,21,24,26",57,98,4.888212203979492
V_new,8,low,"6,8,10,12,15,21,24,26",58,436,3.771859884262085
V_new,8,low,"6,8,10,12,15,21,24,26",59,73,4.892929553985596
V_new,8,low,"6,8,10,12,15,21,24,26",60,364,5.270758152008057
V_new,8,low,"6,8,10,12,15,21,24,26",61,527,5.040822505950928
V_new,8,low,"6,8,10,12,15,21,24,26",62,476,5.708100318908691
V_new,8,low,"6,8,10,12,15,21,24,26",63,218,5.317453384399414
V_new,8,low,"6,10,12,17,19,21,24,26",0,275,5.467479228973389
V_new,8,low,"6,10,12,17,19,21,24,26",1,251,5.155502796173096
V_new,8,low,"6,10,12,17,19,21,24,26",2,27,4.78584098815918
V_new,8,low,"6,10,12,17,19,21,24,26",3,346,5.339501857757568
V_new,8,low,"6,10,12,17,19,21,24,26",4,381,5.348770618438721
V_new,8,low,"6,10,12,17,19,21,24,26",5,492,6.120769023895264
V_new,8,low,"6,10,12,17,19,21,24,26",6,12,5.450143337249756
V_new,8,low,"6,10,12,17,19,21,24,26",7,48,5.011888027191162
V_new,8,low,"6,10,12,17,19,21,24,26",8,331,5.564019203186035
V_new,8,low,"6,10,12,17,19,21,24,26",9,244,6.190244197845459
V_new,8,low,"6,10,12,17,19,21,24,26",10,24,4.903406620025635
V_new,8,low,"6,10,12,17,19,21,24,26",11,226,5.284788131713867
V_new,8,low,"6,10,12,17,19,21,24,26",12,491,6.115085124969482
V_new,8,low,"6,10,12,17,19,21,24,26",13,203,5.7373762130737305
V_new,8,low,"6,10,12,17,19,21,24,26",14,40,4.995883464813232
V_new,8,low,"6,10,12,17,19,21,24,26",15,217,5.25101375579834
V_new,8,low,"6,10,12,17,19,21,24,26",16,151,5.448495864868164
V_new,8,low,"6,10,12,17,19,21,24,26",17,100,5.313994884490967
V_new,8,low,"6,10,12,17,19,21,24,26",18,356,5.915641784667969
V_new,8,low,"6,10,12,17,19,21,24,26",19,457,5.7482686042785645
V_new,8,low,"6,10,12,17,19,21,24,26",20,90,5.575951099395752
V_new,8,low,"6,10,12,17,19,21,24,26",21,511,5.502741813659668
V_new,8,low,"6,10,12,17,19,21,24,26",22,33,5.215790748596191
V_new,8,low,"6,10,12,17,19,21,24,26",23,279,5.870879650115967
V_new,8,low,"6,10,12,17,19,21,24,26",24,505,5.783003330230713
V_new,8,low,"6,10,12,17,19,21,24,26",25,464,6.067298889160156
V_new,8,low,"6,10,12,17,19,21,24,26",26,149,5.200509071350098
V_new,8,low,"6,10,12,17,19,21,24,26",27,116,5.6508331298828125
V_new,8,low,"6,10,12,17,19,21,24,26",28,150,5.544654369354248
V_new,8,low,"6,10,12,17,19,21,24,26",29,445,5.6803297996521
V_new,8,low,"6,10,12,17,19,21,24,26",30,339,5.051239967346191
V_new,8,low,"6,10,12,17,19,21,24,26",31,276,5.408683776855469
V_new,8,low,"6,10,12,17,19,21,24,26",32,115,5.3832688331604
V_new,8,low,"6,10,12,17,19,21,24,26",33,289,5.71026086807251
V_new,8,low,"6,10,12,17,19,21,24,26",34,83,5.607177734375
V_new,8,low,"6,10,12,17,19,21,24,26",35,128,4.9170331954956055
V_new,8,low,"6,10,12,17,19,21,24,26",36,211,5.135964870452881
V_new,8,low,"6,10,12,17,19,21,24,26",37,53,5.291121959686279
V_new,8,low,"6,10,12,17,19,21,24,26",38,456,5.923828125
V_new,8,low,"6,10,12,17,19,21,24,26",39,131,5.223390102386475
V_new,8,low,"6,10,12,17,19,21,24,26",40,199,5.578471660614014
V_new,8,low,"6,10,12,17,19,21,24,26",41,264,5.599461078643799
V_new,8,low,"6,10,12,17,19,21,24,26",42,231,5.6794114112854
V_new,8,low,"6,10,12,17,19,21,24,26",43,201,5.6031012535095215
V_new,8,low,"6,10,12,17,19,21,24,26",44,102,5.477902889251709
V_new,8,low,"6,10,12,17,19,21,24,26",45,265,5.6355719566345215
V_new,8,low,"6,10,12,17,19,21,24,26",46,245,5.443686485290527
V_new,8,low,"6,10,12,17,19,21,24,26",47,488,5.251018524169922
V_new,8,low,"6,10,12,17,19,21,24,26",48,437,4.984813213348389
V_new,8,low,"6,10,12,17,19,21,24,26",49,515,6.199122428894043
V_new,8,low,"6,10,12,17,19,21,24,26",50,195,5.533270835876465
V_new,8,low,"6,10,12,17,19,21,24,26",51,443,6.030769348144531
V_new,8,low,"6,10,12,17,19,21,24,26",52,187,5.5932416915893555
V_new,8,low,"6,10,12,17,19,21,24,26",53,29,4.723163604736328
V_new,8,low,"6,10,12,17,19,21,24,26",54,125,5.997183322906494
V_new,8,low,"6,10,12,17,19,21,24,26",55,192,5.779077053070068
V_new,8,low,"6,10,12,17,19,21,24,26",56,299,5.348993301391602
V_new,8,low,"6,10,12,17,19,21,24,26",57,98,5.3914923667907715
V_new,8,low,"6,10,12,17,19,21,24,26",58,436,4.227306842803955
V_new,8,low,"6,10,12,17,19,21,24,26",59,73,5.546341419219971
V_new,8,low,"6,10,12,17,19,21,24,26",60,364,5.725433826446533
V_new,8,low,"6,10,12,17,19,21,24,26",61,527,5.602426052093506
V_new,8,low,"6,10,12,17,19,21,24,26",62,476,6.051934242248535
V_new,8,low,"6,10,12,17,19,21,24,26",63,218,5.418259620666504
V_new,8,low,"8,10,12,15,17,19,24,26",0,275,4.582026481628418
V_new,8,low,"8,10,12,15,17,19,24,26",1,251,4.106882095336914
V_new,8,low,"8,10,12,15,17,19,24,26",2,27,3.784479856491089
V_new,8,low,"8,10,12,15,17,19,24,26",3,346,4.132040023803711
V_new,8,low,"8,10,12,15,17,19,24,26",4,381,4.352755069732666
V_new,8,low,"8,10,12,15,17,19,24,26",5,492,4.921545505523682
V_new,8,low,"8,10,12,15,17,19,24,26",6,12,4.402508735656738
V_new,8,low,"8,10,12,15,17,19,24,26",7,48,4.031318664550781
V_new,8,low,"8,10,12,15,17,19,24,26",8,331,4.702275276184082
V_new,8,low,"8,10,12,15,17,19,24,26",9,244,5.00603723526001
V_new,8,low,"8,10,12,15,17,19,24,26",10,24,3.9935061931610107
V_new,8,low,"8,10,12,15,17,19,24,26",11,226,4.459343910217285
V_new,8,low,"8,10,12,15,17,19,24,26",12,491,5.023619174957275
V_new,8,low,"8,10,12,15,17,19,24,26",13,203,4.490979194641113
V_new,8,low,"8,10,12,15,17,19,24,26",14,40,4.307371139526367
V_new,8,low,"8,10,12,15,17,19,24,26",15,217,4.496651649475098
V_new,8,low,"8,10,12,15,17,19,24,26",16,151,4.496685981750488
V_new,8,low,"8,10,12,15,17,19,24,26",17,100,4.281975269317627
V_new,8,low,"8,10,12,15,17,19,24,26",18,356,4.933755397796631
V_new,8,low,"8,10,12,15,17,19,24,26",19,457,4.8472981452941895
V_new,8,low,"8,10,12,15,17,19,24,26",20,90,4.602510452270508
V_new,8,low,"8,10,12,15,17,19,24,26",21,511,4.583271026611328
V_new,8,low,"8,10,12,15,17,19,24,26",22,33,4.3672261238098145
V_new,8,low,"8,10,12,15,17,19,24,26",23,279,4.676673412322998
V_new,8,low,"8,10,12,15,17,19,24,26",24,505,4.6639509201049805
V_new,8,low,"8,10,12,15,17,19,24,26",25,464,4.77211332321167
V_new,8,low,"8,10,12,15,17,19,24,26",26,149,4.086573600769043
V_new,8,low,"8,10,12,15,17,19,24,26",27,116,4.662266731262207
V_new,8,low,"8,10,12,15,17,19,24,26",28,150,4.469367504119873
V_new,8,low,"8,10,12,15,17,19,24,26",29,445,4.668047904968262
V_new,8,low,"8,10,12,15,17,19,24,26",30,339,4.3437981605529785
V_new,8,low,"8,10,12,15,17,19,24,26",31,276,4.430172920227051
V_new,8,low,"8,10,12,15,17,19,24,26",32,115,4.16141939163208
V_new,8,low,"8,10,12,15,17,19,24,26",33,289,4.520723819732666
V_new,8,low,"8,10,12,15,17,19,24,26",34,83,4.674208164215088
V_new,8,low,"8,10,12,15,17,19,24,26",35,128,4.021931171417236
V_new,8,low,"8,10,12,15,17,19,24,26",36,211,4.299480438232422
V_new,8,low,"8,10,12,15,17,19,24,26",37,53,4.223690032958984
V_new,8,low,"8,10,12,15,17,19,24,26",38,456,4.6681227684021
V_new,8,low,"8,10,12,15,17,19,24,26",39,131,4.0716352462768555
V_new,8,low,"8,10,12,15,17,19,24,26",40,199,4.686324596405029
V_new,8,low,"8,10,12,15,17,19,24,26",41,264,4.849399089813232
V_new,8,low,"8,10,12,15,17,19,24,26",42,231,4.513761043548584
V_new,8,low,"8,10,12,15,17,19,24,26",43,201,4.823298454284668
V_new,8,low,"8,10,12,15,17,19,24,26",44,102,4.3707594871521
V_new,8,low,"8,10,12,15,17,19,24,26",45,265,4.886481761932373
V_new,8,low,"8,10,12,15,17,19,24,26",46,245,4.507117748260498
V_new,8,low,"8,10,12,15,17,19,24,26",47,488,4.378155708312988
V_new,8,low,"8,10,12,15,17,19,24,26",48,437,3.928330421447754
V_new,8,low,"8,10,12,15,17,19,24,26",49,515,5.2624921798706055
V_new,8,low,"8,10,12,15,17,19,24,26",50,195,4.6108293533325195
V_new,8,low,"8,10,12,15,17,19,24,26",51,443,5.1225385665893555
V_new,8,low,"8,10,12,15,17,19,24,26",52,187,4.738193988800049
V_new,8,low,"8,10,12,15,17,19,24,26",53,29,3.6752405166625977
V_new,8,low,"8,10,12,15,17,19,24,26",54,125,4.900537014007568
V_new,8,low,"8,10,12,15,17,19,24,26",55,192,4.507749557495117
V_new,8,low,"8,10,12,15,17,19,24,26",56,299,4.59608268737793
V_new,8,low,"8,10,12,15,17,19,24,26",57,98,4.460307598114014
V_new,8,low,"8,10,12,15,17,19,24,26",58,436,3.3411121368408203
V_new,8,low,"8,10,12,15,17,19,24,26",59,73,4.363877296447754
V_new,8,low,"8,10,12,15,17,19,24,26",60,364,4.764008045196533
V_new,8,low,"8,10,12,15,17,19,24,26",61,527,4.447329998016357
V_new,8,low,"8,10,12,15,17,19,24,26",62,476,4.947103977203369
V_new,8,low,"8,10,12,15,17,19,24,26",63,218,4.605049133300781
