split,first_layer,second_layer,sample_index,source_window_index,nll
calibration,,,0,720,2.9764976501464844
calibration,,,1,3796,2.9913675785064697
calibration,,,2,2979,2.40080189704895
calibration,,,3,3195,2.5334548950195312
calibration,,,4,3348,2.607734441757202
calibration,,,5,636,2.5102949142456055
calibration,,,6,655,2.595299005508423
calibration,,,7,4470,2.661198616027832
calibration,,,8,3767,2.3412933349609375
calibration,,,9,1123,2.5440762042999268
calibration,,,10,1907,2.663752317428589
calibration,,,11,4325,2.735158920288086
calibration,,,12,3374,2.8142738342285156
calibration,,,13,552,2.2565219402313232
calibration,,,14,1983,2.606459379196167
calibration,,,15,279,2.5457825660705566
calibration,,,16,3116,2.826444387435913
calibration,,,17,3247,3.0098557472229004
calibration,,,18,4798,2.8213160037994385
calibration,,,19,2782,2.239896059036255
calibration,,,20,2029,2.7361860275268555
calibration,,,21,3681,2.5951499938964844
calibration,,,22,252,1.9828847646713257
calibration,,,23,2694,2.4280693531036377
calibration,,,24,1696,2.8868658542633057
calibration,,,25,1,3.0034420490264893
calibration,,,26,1432,2.562223434448242
calibration,,,27,3131,2.8209917545318604
calibration,,,28,4718,2.9218530654907227
calibration,,,29,2055,2.498628854751587
calibration,,,30,4817,2.768162965774536
calibration,,,31,2110,2.5072109699249268
calibration,,,32,4972,2.40130352973938
calibration,,,33,3779,2.0381317138671875
calibration,,,34,4553,1.3701717853546143
calibration,,,35,4505,2.3264546394348145
calibration,,,36,779,2.670896053314209
calibration,,,37,375,2.6342198848724365
calibration,,,38,3175,2.648453712463379
calibration,,,39,1099,2.4575700759887695
calibration,,,40,3387,3.172402858734131
calibration,,,41,3081,1.832305908203125
calibration,,,42,461,2.3170080184936523
calibration,,,43,429,2.7646403312683105
calibration,,,44,2649,2.688352108001709
calibration,,,45,1815,2.528489351272583
calibration,,,46,4318,2.5691442489624023
calibration,,,47,226,2.787646532058716
calibration,,,48,4210,2.4647459983825684
calibration,,,49,892,2.4431281089782715
calibration,,,50,2021,2.6526753902435303
calibration,,,51,2579,2.1286864280700684
calibration,,,52,2843,2.6461288928985596
calibration,,,53,2661,1.9835561513900757
calibration,,,54,426,2.8866796493530273
calibration,,,55,768,3.0741567611694336
calibration,,,56,2163,2.5304195880889893
calibration,,,57,2378,2.5309438705444336
calibration,,,58,1777,2.936810255050659
calibration,,,59,2019,2.568953275680542
calibration,,,60,611,2.5705554485321045
calibration,,,61,1632,2.701939821243286
calibration,,,62,1668,2.059081554412842
calibration,,,63,2131,2.0260722637176514
calibration,,,64,4582,0.9998347759246826
calibration,,,65,3185,2.272592306137085
calibration,,,66,3604,2.3927032947540283
calibration,,,67,2688,2.4515459537506104
calibration,,,68,1024,2.5019989013671875
calibration,,,69,3447,2.723418951034546
calibration,,,70,1624,2.47430682182312
calibration,,,71,683,2.0967648029327393
calibration,,,72,3712,2.7738659381866455
calibration,,,73,4597,2.0184848308563232
calibration,,,74,2003,2.4226386547088623
calibration,,,75,38,2.6239304542541504
calibration,,,76,2557,2.2834384441375732
calibration,,,77,648,2.815011978149414
calibration,,,78,2091,2.089824914932251
calibration,,,79,2261,2.899595022201538
calibration,,,80,2086,2.719841718673706
calibration,,,81,4297,2.7300760746002197
calibration,,,82,3993,2.169003963470459
calibration,,,83,559,2.3492324352264404
calibration,,,84,3219,2.882901430130005
calibration,,,85,3324,2.643761157989502
calibration,,,86,4366,2.7660861015319824
calibration,,,87,323,2.7341370582580566
calibration,,,88,3151,2.456529140472412
calibration,,,89,2912,2.2484939098358154
calibration,,,90,2892,2.864865303039551
calibration,,,91,1031,3.0259621143341064
calibration,,,92,2905,1.6566044092178345
calibration,,,93,1747,2.760496139526367
calibration,,,94,1426,2.626422882080078
calibration,,,95,1288,2.4076199531555176
calibration,1,,0,720,5.586105823516846
calibration,1,,1,3796,5.445492744445801
calibration,1,,2,2979,4.7041168212890625
calibration,1,,3,3195,4.751105308532715
calibration,1,,4,3348,6.944336891174316
calibration,1,,5,636,6.775688171386719
calibration,1,,6,655,5.0044684410095215
calibration,1,,7,4470,5.662873268127441
calibration,1,,8,3767,4.8592753410339355
calibration,1,,9,1123,7.086008071899414
calibration,1,,10,1907,4.318582534790039
calibration,1,,11,4325,9.96380615234375
calibration,1,,12,3374,6.392620086669922
calibration,1,,13,552,4.619979381561279
calibration,1,,14,1983,5.028944969177246
calibration,1,,15,279,4.124519348144531
calibration,1,,16,3116,5.621391773223877
calibration,1,,17,3247,6.163979530334473
calibration,1,,18,4798,6.949228763580322
calibration,1,,19,2782,4.518784523010254
calibration,1,,20,2029,4.589756488800049
calibration,1,,21,3681,4.765483379364014
calibration,1,,22,252,6.042291641235352
calibration,1,,23,2694,5.584961891174316
calibration,1,,24,1696,7.235666751861572
calibration,1,,25,1,5.8762125968933105
calibration,1,,26,1432,6.504986763000488
calibration,1,,27,3131,5.2818827629089355
calibration,1,,28,4718,4.567038536071777
calibration,1,,29,2055,5.12234354019165
calibration,1,,30,4817,4.930516719818115
calibration,1,,31,2110,5.413285732269287
calibration,1,,32,4972,7.313577175140381
calibration,1,,33,3779,6.488198280334473
calibration,1,,34,4553,4.341458320617676
calibration,1,,35,4505,5.833835124969482
calibration,1,,36,779,5.842901229858398
calibration,1,,37,375,4.236507892608643
calibration,1,,38,3175,6.5456976890563965
calibration,1,,39,1099,4.631682395935059
calibration,1,,40,3387,5.181561470031738
calibration,1,,41,3081,3.978203773498535
calibration,1,,42,461,6.769907474517822
calibration,1,,43,429,5.002404689788818
calibration,1,,44,2649,7.305001735687256
calibration,1,,45,1815,10.676288604736328
calibration,1,,46,4318,4.787436008453369
calibration,1,,47,226,6.39242696762085
calibration,1,,48,4210,12.022634506225586
calibration,1,,49,892,9.691469192504883
calibration,1,,50,2021,5.133384704589844
calibration,1,,51,2579,5.065807819366455
calibration,1,,52,2843,4.52470064163208
calibration,1,,53,2661,6.078065395355225
calibration,1,,54,426,5.370456218719482
calibration,1,,55,768,5.0073089599609375
calibration,1,,56,2163,6.223262310028076
calibration,1,,57,2378,4.713836193084717
calibration,1,,58,1777,4.4515790939331055
calibration,1,,59,2019,5.245445728302002
calibration,1,,60,611,4.113659858703613
calibration,1,,61,1632,7.898390769958496
calibration,1,,62,1668,7.868406295776367
calibration,1,,63,2131,5.712491512298584
calibration,1,,64,4582,2.140437126159668
calibration,1,,65,3185,4.445063591003418
calibration,1,,66,3604,5.486945152282715
calibration,1,,67,2688,4.645974159240723
calibration,1,,68,1024,9.229235649108887
calibration,1,,69,3447,4.807245254516602
calibration,1,,70,1624,3.911036729812622
calibration,1,,71,683,4.252496719360352
calibration,1,,72,3712,4.468798637390137
calibration,1,,73,4597,4.625546455383301
calibration,1,,74,2003,5.358017921447754
calibration,1,,75,38,4.7892937660217285
calibration,1,,76,2557,5.49769401550293
calibration,1,,77,648,4.994124412536621
calibration,1,,78,2091,4.872411727905273
calibration,1,,79,2261,4.613223552703857
calibration,1,,80,2086,5.366273880004883
calibration,1,,81,4297,4.32961368560791
calibration,1,,82,3993,4.999040603637695
calibration,1,,83,559,4.248677730560303
calibration,1,,84,3219,4.603649139404297
calibration,1,,85,3324,4.898005962371826
calibration,1,,86,4366,4.495543479919434
calibration,1,,87,323,4.670712947845459
calibration,1,,88,3151,4.3395514488220215
calibration,1,,89,2912,4.4067606925964355
calibration,1,,90,2892,4.4615349769592285
calibration,1,,91,1031,6.565560340881348
calibration,1,,92,2905,4.260037422180176
calibration,1,,93,1747,5.587485313415527
calibration,1,,94,1426,5.742892742156982
calibration,1,,95,1288,5.117158889770508
calibration,3,,0,720,3.280181407928467
calibration,3,,1,3796,3.1224124431610107
calibration,3,,2,2979,2.5547120571136475
calibration,3,,3,3195,2.6992273330688477
calibration,3,,4,3348,2.827564001083374
calibration,3,,5,636,2.6894431114196777
calibration,3,,6,655,2.7591636180877686
calibration,3,,7,4470,2.7552945613861084
calibration,3,,8,3767,2.440669059753418
calibration,3,,9,1123,2.642218828201294
calibration,3,,10,1907,2.7855236530303955
calibration,3,,11,4325,2.984257936477661
calibration,3,,12,3374,2.9233388900756836
calibration,3,,13,552,2.3860998153686523
calibration,3,,14,1983,2.9673922061920166
calibration,3,,15,279,2.810978412628174
calibration,3,,16,3116,2.980771064758301
calibration,3,,17,3247,3.176764965057373
calibration,3,,18,4798,2.986239194869995
calibration,3,,19,2782,2.504209518432617
calibration,3,,20,2029,2.9518163204193115
calibration,3,,21,3681,2.7767176628112793
calibration,3,,22,252,2.1452410221099854
calibration,3,,23,2694,2.6173830032348633
calibration,3,,24,1696,3.105574369430542
calibration,3,,25,1,3.144685745239258
calibration,3,,26,1432,2.6853761672973633
calibration,3,,27,3131,3.0057806968688965
calibration,3,,28,4718,2.9930665493011475
calibration,3,,29,2055,2.710341453552246
calibration,3,,30,4817,2.9039251804351807
calibration,3,,31,2110,2.662508249282837
calibration,3,,32,4972,2.538487672805786
calibration,3,,33,3779,2.1826045513153076
calibration,3,,34,4553,1.6549491882324219
calibration,3,,35,4505,2.4808688163757324
calibration,3,,36,779,2.803788661956787
calibration,3,,37,375,2.826007604598999
calibration,3,,38,3175,2.767439842224121
calibration,3,,39,1099,2.605346918106079
calibration,3,,40,3387,3.3317368030548096
calibration,3,,41,3081,2.0365984439849854
calibration,3,,42,461,2.416210651397705
calibration,3,,43,429,3.0123887062072754
calibration,3,,44,2649,2.8824541568756104
calibration,3,,45,1815,2.69288969039917
calibration,3,,46,4318,2.766324520111084
calibration,3,,47,226,2.8706352710723877
calibration,3,,48,4210,2.684133768081665
calibration,3,,49,892,2.675051689147949
calibration,3,,50,2021,2.853311538696289
calibration,3,,51,2579,2.256079912185669
calibration,3,,52,2843,2.755232572555542
calibration,3,,53,2661,2.1353280544281006
calibration,3,,54,426,3.025078296661377
calibration,3,,55,768,3.2461960315704346
calibration,3,,56,2163,2.807029962539673
calibration,3,,57,2378,2.6302711963653564
calibration,3,,58,1777,3.1111879348754883
calibration,3,,59,2019,2.7542951107025146
calibration,3,,60,611,2.698051929473877
calibration,3,,61,1632,2.9248037338256836
calibration,3,,62,1668,2.267385959625244
calibration,3,,63,2131,2.2665886878967285
calibration,3,,64,4582,1.0683568716049194
calibration,3,,65,3185,2.4786360263824463
calibration,3,,66,3604,2.5894112586975098
calibration,3,,67,2688,2.690655469894409
calibration,3,,68,1024,2.6823532581329346
calibration,3,,69,3447,3.006754159927368
calibration,3,,70,1624,2.63685941696167
calibration,3,,71,683,2.2913777828216553
calibration,3,,72,3712,2.9268321990966797
calibration,3,,73,4597,2.2079732418060303
calibration,3,,74,2003,2.63765549659729
calibration,3,,75,38,2.741615056991577
calibration,3,,76,2557,2.39711594581604
calibration,3,,77,648,2.98651123046875
calibration,3,,78,2091,2.291492462158203
calibration,3,,79,2261,2.979172945022583
calibration,3,,80,2086,2.954580783843994
calibration,3,,81,4297,2.946668863296509
calibration,3,,82,3993,2.310137987136841
calibration,3,,83,559,2.523677349090576
calibration,3,,84,3219,3.1942195892333984
calibration,3,,85,3324,2.868041753768921
calibration,3,,86,4366,3.1392059326171875
calibration,3,,87,323,2.898404359817505
calibration,3,,88,3151,2.6596736907958984
calibration,3,,89,2912,2.4941463470458984
calibration,3,,90,2892,3.0991830825805664
calibration,3,,91,1031,3.283860683441162
calibration,3,,92,2905,1.9383059740066528
calibration,3,,93,1747,2.8379979133605957
calibration,3,,94,1426,2.880340576171875
calibration,3,,95,1288,2.6805005073547363
calibration,6,,0,720,3.068601608276367
calibration,6,,1,3796,3.075063943862915
calibration,6,,2,2979,2.5346503257751465
calibration,6,,3,3195,2.6177480220794678
calibration,6,,4,3348,2.7740318775177
calibration,6,,5,636,2.602424383163452
calibration,6,,6,655,2.739405870437622
calibration,6,,7,4470,2.7535510063171387
calibration,6,,8,3767,2.431401014328003
calibration,6,,9,1123,2.6043009757995605
calibration,6,,10,1907,2.748663902282715
calibration,6,,11,4325,2.8935351371765137
calibration,6,,12,3374,2.859877109527588
calibration,6,,13,552,2.3520514965057373
calibration,6,,14,1983,2.7838282585144043
calibration,6,,15,279,2.6677932739257812
calibration,6,,16,3116,2.942596912384033
calibration,6,,17,3247,3.0991225242614746
calibration,6,,18,4798,2.931335926055908
calibration,6,,19,2782,2.4300153255462646
calibration,6,,20,2029,2.7940785884857178
calibration,6,,21,3681,2.723598003387451
calibration,6,,22,252,2.0690228939056396
calibration,6,,23,2694,2.493577718734741
calibration,6,,24,1696,3.006302833557129
calibration,6,,25,1,3.0474660396575928
calibration,6,,26,1432,2.671297311782837
calibration,6,,27,3131,2.9468729496002197
calibration,6,,28,4718,2.9847419261932373
calibration,6,,29,2055,2.5514237880706787
calibration,6,,30,4817,2.8818562030792236
calibration,6,,31,2110,2.6016111373901367
calibration,6,,32,4972,2.551417112350464
calibration,6,,33,3779,2.1584579944610596
calibration,6,,34,4553,1.4597886800765991
calibration,6,,35,4505,2.3999109268188477
calibration,6,,36,779,2.828880786895752
calibration,6,,37,375,2.746764898300171
calibration,6,,38,3175,2.7365078926086426
calibration,6,,39,1099,2.5666990280151367
calibration,6,,40,3387,3.2324819564819336
calibration,6,,41,3081,2.0247063636779785
calibration,6,,42,461,2.4164743423461914
calibration,6,,43,429,2.9013662338256836
calibration,6,,44,2649,2.81952166557312
calibration,6,,45,1815,2.586068868637085
calibration,6,,46,4318,2.744276285171509
calibration,6,,47,226,2.8821167945861816
calibration,6,,48,4210,2.6430277824401855
calibration,6,,49,892,2.525958776473999
calibration,6,,50,2021,2.7391369342803955
calibration,6,,51,2579,2.2435123920440674
calibration,6,,52,2843,2.7194151878356934
calibration,6,,53,2661,2.102857828140259
calibration,6,,54,426,2.983631134033203
calibration,6,,55,768,3.1452126502990723
calibration,6,,56,2163,2.6682956218719482
calibration,6,,57,2378,2.618802309036255
calibration,6,,58,1777,3.026627540588379
calibration,6,,59,2019,2.622586250305176
calibration,6,,60,611,2.6486830711364746
calibration,6,,61,1632,2.83569598197937
calibration,6,,62,1668,2.21750807762146
calibration,6,,63,2131,2.158055067062378
calibration,6,,64,4582,1.0443205833435059
calibration,6,,65,3185,2.4107301235198975
calibration,6,,66,3604,2.552985668182373
calibration,6,,67,2688,2.6163880825042725
calibration,6,,68,1024,2.6134464740753174
calibration,6,,69,3447,2.8252179622650146
calibration,6,,70,1624,2.5928852558135986
calibration,6,,71,683,2.1833324432373047
calibration,6,,72,3712,2.863462209701538
calibration,6,,73,4597,2.0953803062438965
calibration,6,,74,2003,2.5541982650756836
calibration,6,,75,38,2.757145404815674
calibration,6,,76,2557,2.3969478607177734
calibration,6,,77,648,2.9560439586639404
calibration,6,,78,2091,2.1964969635009766
calibration,6,,79,2261,2.949453115463257
calibration,6,,80,2086,2.8290772438049316
calibration,6,,81,4297,2.825270414352417
calibration,6,,82,3993,2.2383651733398438
calibration,6,,83,559,2.4669578075408936
calibration,6,,84,3219,3.01920223236084
calibration,6,,85,3324,2.7239341735839844
calibration,6,,86,4366,2.887979030609131
calibration,6,,87,323,2.8284664154052734
calibration,6,,88,3151,2.5947818756103516
calibration,6,,89,2912,2.388164520263672
calibration,6,,90,2892,2.9359772205352783
calibration,6,,91,1031,3.122591018676758
calibration,6,,92,2905,1.8149629831314087
calibration,6,,93,1747,2.873556137084961
calibration,6,,94,1426,2.787899971008301
calibration,6,,95,1288,2.5713789463043213
calibration,8,,0,720,3.175579071044922
calibration,8,,1,3796,3.175759792327881
calibration,8,,2,2979,2.5624613761901855
calibration,8,,3,3195,2.6816811561584473
calibration,8,,4,3348,2.7753663063049316
calibration,8,,5,636,2.644906997680664
calibration,8,,6,655,2.8090648651123047
calibration,8,,7,4470,2.760805606842041
calibration,8,,8,3767,2.4588069915771484
calibration,8,,9,1123,2.645789623260498
calibration,8,,10,1907,2.7768197059631348
calibration,8,,11,4325,2.8683927059173584
calibration,8,,12,3374,2.932284116744995
calibration,8,,13,552,2.3872663974761963
calibration,8,,14,1983,2.7408041954040527
calibration,8,,15,279,2.6713833808898926
calibration,8,,16,3116,2.9846067428588867
calibration,8,,17,3247,3.1445462703704834
calibration,8,,18,4798,2.939704656600952
calibration,8,,19,2782,2.4676456451416016
calibration,8,,20,2029,2.936676025390625
calibration,8,,21,3681,2.7340118885040283
calibration,8,,22,252,2.134223699569702
calibration,8,,23,2694,2.6150267124176025
calibration,8,,24,1696,3.028226137161255
calibration,8,,25,1,3.112334728240967
calibration,8,,26,1432,2.64928936958313
calibration,8,,27,3131,2.9457128047943115
calibration,8,,28,4718,2.9774816036224365
calibration,8,,29,2055,2.603809118270874
calibration,8,,30,4817,2.868720054626465
calibration,8,,31,2110,2.6790895462036133
calibration,8,,32,4972,2.5558176040649414
calibration,8,,33,3779,2.1967337131500244
calibration,8,,34,4553,1.4957411289215088
calibration,8,,35,4505,2.4082536697387695
calibration,8,,36,779,2.8124139308929443
calibration,8,,37,375,2.739993095397949
calibration,8,,38,3175,2.701568365097046
calibration,8,,39,1099,2.5847129821777344
calibration,8,,40,3387,3.296508550643921
calibration,8,,41,3081,1.950874924659729
calibration,8,,42,461,2.426117181777954
calibration,8,,43,429,2.8992655277252197
calibration,8,,44,2649,2.8154616355895996
calibration,8,,45,1815,2.633833408355713
calibration,8,,46,4318,2.800133466720581
calibration,8,,47,226,2.9185986518859863
calibration,8,,48,4210,2.6441497802734375
calibration,8,,49,892,2.532499313354492
calibration,8,,50,2021,2.7717020511627197
calibration,8,,51,2579,2.227705955505371
calibration,8,,52,2843,2.8133153915405273
calibration,8,,53,2661,2.1077206134796143
calibration,8,,54,426,2.9767870903015137
calibration,8,,55,768,3.254718542098999
calibration,8,,56,2163,2.7116527557373047
calibration,8,,57,2378,2.678231716156006
calibration,8,,58,1777,3.062954902648926
calibration,8,,59,2019,2.6588969230651855
calibration,8,,60,611,2.752957344055176
calibration,8,,61,1632,2.861621141433716
calibration,8,,62,1668,2.1362428665161133
calibration,8,,63,2131,2.1277027130126953
calibration,8,,64,4582,1.0411043167114258
calibration,8,,65,3185,2.4029653072357178
calibration,8,,66,3604,2.5215823650360107
calibration,8,,67,2688,2.555553674697876
calibration,8,,68,1024,2.6265316009521484
calibration,8,,69,3447,2.89619779586792
calibration,8,,70,1624,2.612447738647461
calibration,8,,71,683,2.1838645935058594
calibration,8,,72,3712,2.9521920680999756
calibration,8,,73,4597,2.121187686920166
calibration,8,,74,2003,2.5985300540924072
calibration,8,,75,38,2.7333409786224365
calibration,8,,76,2557,2.3833208084106445
calibration,8,,77,648,3.0049989223480225
calibration,8,,78,2091,2.229996919631958
calibration,8,,79,2261,2.907655954360962
calibration,8,,80,2086,2.8247482776641846
calibration,8,,81,4297,2.865521192550659
calibration,8,,82,3993,2.2574994564056396
calibration,8,,83,559,2.4807333946228027
calibration,8,,84,3219,2.9791197776794434
calibration,8,,85,3324,2.8172709941864014
calibration,8,,86,4366,2.8587844371795654
calibration,8,,87,323,2.8161354064941406
calibration,8,,88,3151,2.581791639328003
calibration,8,,89,2912,2.340094566345215
calibration,8,,90,2892,2.996988534927368
calibration,8,,91,1031,3.1928815841674805
calibration,8,,92,2905,1.8888006210327148
calibration,8,,93,1747,2.83781361579895
calibration,8,,94,1426,2.748450517654419
calibration,8,,95,1288,2.596259593963623
calibration,10,,0,720,3.107595205307007
calibration,10,,1,3796,3.0688247680664062
calibration,10,,2,2979,2.4863505363464355
calibration,10,,3,3195,2.5925068855285645
calibration,10,,4,3348,2.7000200748443604
calibration,10,,5,636,2.577144145965576
calibration,10,,6,655,2.66023325920105
calibration,10,,7,4470,2.7351672649383545
calibration,10,,8,3767,2.4086661338806152
calibration,10,,9,1123,2.6266283988952637
calibration,10,,10,1907,2.706718683242798
calibration,10,,11,4325,2.8300909996032715
calibration,10,,12,3374,2.8485589027404785
calibration,10,,13,552,2.3236618041992188
calibration,10,,14,1983,2.639676570892334
calibration,10,,15,279,2.5980777740478516
calibration,10,,16,3116,2.8724539279937744
calibration,10,,17,3247,3.0617172718048096
calibration,10,,18,4798,2.882178544998169
calibration,10,,19,2782,2.344022274017334
calibration,10,,20,2029,2.824861764907837
calibration,10,,21,3681,2.64044189453125
calibration,10,,22,252,2.0548717975616455
calibration,10,,23,2694,2.5052220821380615
calibration,10,,24,1696,2.965656042098999
calibration,10,,25,1,3.0582761764526367
calibration,10,,26,1432,2.6132826805114746
calibration,10,,27,3131,2.858332872390747
calibration,10,,28,4718,2.980008602142334
calibration,10,,29,2055,2.5412096977233887
calibration,10,,30,4817,2.8105897903442383
calibration,10,,31,2110,2.601261615753174
calibration,10,,32,4972,2.479133129119873
calibration,10,,33,3779,2.1390793323516846
calibration,10,,34,4553,1.3887370824813843
calibration,10,,35,4505,2.3290469646453857
calibration,10,,36,779,2.729416847229004
calibration,10,,37,375,2.684782028198242
calibration,10,,38,3175,2.688333034515381
calibration,10,,39,1099,2.5343239307403564
calibration,10,,40,3387,3.203360080718994
calibration,10,,41,3081,1.9059299230575562
calibration,10,,42,461,2.367295265197754
calibration,10,,43,429,2.811779260635376
calibration,10,,44,2649,2.7314043045043945
calibration,10,,45,1815,2.594184637069702
calibration,10,,46,4318,2.682171583175659
calibration,10,,47,226,2.8763227462768555
calibration,10,,48,4210,2.581450939178467
calibration,10,,49,892,2.518045663833618
calibration,10,,50,2021,2.758247137069702
calibration,10,,51,2579,2.2200539112091064
calibration,10,,52,2843,2.7337796688079834
calibration,10,,53,2661,2.0858490467071533
calibration,10,,54,426,2.9442896842956543
calibration,10,,55,768,3.1720683574676514
calibration,10,,56,2163,2.634345054626465
calibration,10,,57,2378,2.6102631092071533
calibration,10,,58,1777,3.0271785259246826
calibration,10,,59,2019,2.623321533203125
calibration,10,,60,611,2.658491373062134
calibration,10,,61,1632,2.8154385089874268
calibration,10,,62,1668,2.107224464416504
calibration,10,,63,2131,2.1532304286956787
calibration,10,,64,4582,1.045525074005127
calibration,10,,65,3185,2.3531789779663086
calibration,10,,66,3604,2.454326868057251
calibration,10,,67,2688,2.47855806350708
calibration,10,,68,1024,2.5922176837921143
calibration,10,,69,3447,2.825432300567627
calibration,10,,70,1624,2.582524061203003
calibration,10,,71,683,2.1143300533294678
calibration,10,,72,3712,2.8493571281433105
calibration,10,,73,4597,2.1117403507232666
calibration,10,,74,2003,2.5002329349517822
calibration,10,,75,38,2.691384792327881
calibration,10,,76,2557,2.3728811740875244
calibration,10,,77,648,2.893016815185547
calibration,10,,78,2091,2.199631929397583
calibration,10,,79,2261,2.958188056945801
calibration,10,,80,2086,2.792832851409912
calibration,10,,81,4297,2.7859714031219482
calibration,10,,82,3993,2.2014191150665283
calibration,10,,83,559,2.4412622451782227
calibration,10,,84,3219,2.9305226802825928
calibration,10,,85,3324,2.7503669261932373
calibration,10,,86,4366,2.808462381362915
calibration,10,,87,323,2.7803125381469727
calibration,10,,88,3151,2.5110507011413574
calibration,10,,89,2912,2.2808284759521484
calibration,10,,90,2892,2.907750129699707
calibration,10,,91,1031,3.122745990753174
calibration,10,,92,2905,1.7877596616744995
calibration,10,,93,1747,2.810638904571533
calibration,10,,94,1426,2.7226643562316895
calibration,10,,95,1288,2.5023438930511475
calibration,12,,0,720,3.1014435291290283
calibration,12,,1,3796,3.014821767807007
calibration,12,,2,2979,2.476572036743164
calibration,12,,3,3195,2.6168761253356934
calibration,12,,4,3348,2.7051544189453125
calibration,12,,5,636,2.6006436347961426
calibration,12,,6,655,2.6493008136749268
calibration,12,,7,4470,2.7432079315185547
calibration,12,,8,3767,2.4145874977111816
calibration,12,,9,1123,2.6149141788482666
calibration,12,,10,1907,2.7042412757873535
calibration,12,,11,4325,2.83467960357666
calibration,12,,12,3374,2.883125066757202
calibration,12,,13,552,2.308074712753296
calibration,12,,14,1983,2.6705100536346436
calibration,12,,15,279,2.612682580947876
calibration,12,,16,3116,2.866321086883545
calibration,12,,17,3247,3.0680606365203857
calibration,12,,18,4798,2.9116406440734863
calibration,12,,19,2782,2.3619868755340576
calibration,12,,20,2029,2.821726083755493
calibration,12,,21,3681,2.675055742263794
calibration,12,,22,252,2.0605759620666504
calibration,12,,23,2694,2.4925875663757324
calibration,12,,24,1696,2.945770740509033
calibration,12,,25,1,3.0620760917663574
calibration,12,,26,1432,2.6362509727478027
calibration,12,,27,3131,2.878324270248413
calibration,12,,28,4718,2.9124093055725098
calibration,12,,29,2055,2.546600103378296
calibration,12,,30,4817,2.8250560760498047
calibration,12,,31,2110,2.550835371017456
calibration,12,,32,4972,2.4927852153778076
calibration,12,,33,3779,2.1378939151763916
calibration,12,,34,4553,1.4364241361618042
calibration,12,,35,4505,2.3412528038024902
calibration,12,,36,779,2.7742245197296143
calibration,12,,37,375,2.7064859867095947
calibration,12,,38,3175,2.6874899864196777
calibration,12,,39,1099,2.5170395374298096
calibration,12,,40,3387,3.235151529312134
calibration,12,,41,3081,1.8731813430786133
calibration,12,,42,461,2.3561298847198486
calibration,12,,43,429,2.8274824619293213
calibration,12,,44,2649,2.7677857875823975
calibration,12,,45,1815,2.544400691986084
calibration,12,,46,4318,2.67750883102417
calibration,12,,47,226,2.8351783752441406
calibration,12,,48,4210,2.5227556228637695
calibration,12,,49,892,2.4846925735473633
calibration,12,,50,2021,2.682851791381836
calibration,12,,51,2579,2.2259907722473145
calibration,12,,52,2843,2.7411818504333496
calibration,12,,53,2661,2.073031425476074
calibration,12,,54,426,2.940047025680542
calibration,12,,55,768,3.1748108863830566
calibration,12,,56,2163,2.5815792083740234
calibration,12,,57,2378,2.5554471015930176
calibration,12,,58,1777,3.001673460006714
calibration,12,,59,2019,2.6090683937072754
calibration,12,,60,611,2.66731333732605
calibration,12,,61,1632,2.747346878051758
calibration,12,,62,1668,2.1120944023132324
calibration,12,,63,2131,2.14577317237854
calibration,12,,64,4582,1.0347586870193481
calibration,12,,65,3185,2.3129920959472656
calibration,12,,66,3604,2.45682430267334
calibration,12,,67,2688,2.5233917236328125
calibration,12,,68,1024,2.5835390090942383
calibration,12,,69,3447,2.824223518371582
calibration,12,,70,1624,2.5626931190490723
calibration,12,,71,683,2.1623411178588867
calibration,12,,72,3712,2.7972190380096436
calibration,12,,73,4597,2.064791440963745
calibration,12,,74,2003,2.5088303089141846
calibration,12,,75,38,2.6807546615600586
calibration,12,,76,2557,2.339672088623047
calibration,12,,77,648,2.896543025970459
calibration,12,,78,2091,2.186781644821167
calibration,12,,79,2261,2.9108471870422363
calibration,12,,80,2086,2.8003323078155518
calibration,12,,81,4297,2.797111749649048
calibration,12,,82,3993,2.246180772781372
calibration,12,,83,559,2.4369571208953857
calibration,12,,84,3219,2.947535753250122
calibration,12,,85,3324,2.7400834560394287
calibration,12,,86,4366,2.8222317695617676
calibration,12,,87,323,2.7560877799987793
calibration,12,,88,3151,2.5365025997161865
calibration,12,,89,2912,2.315186023712158
calibration,12,,90,2892,2.9170055389404297
calibration,12,,91,1031,3.101832151412964
calibration,12,,92,2905,1.7641340494155884
calibration,12,,93,1747,2.819045305252075
calibration,12,,94,1426,2.694645404815674
calibration,12,,95,1288,2.495919704437256
calibration,15,,0,720,3.034879684448242
calibration,15,,1,3796,3.040508985519409
calibration,15,,2,2979,2.464726448059082
calibration,15,,3,3195,2.6403651237487793
calibration,15,,4,3348,2.649286985397339
calibration,15,,5,636,2.5572385787963867
calibration,15,,6,655,2.6421844959259033
calibration,15,,7,4470,2.756314277648926
calibration,15,,8,3767,2.411869525909424
calibration,15,,9,1123,2.6236114501953125
calibration,15,,10,1907,2.7239327430725098
calibration,15,,11,4325,2.815847158432007
calibration,15,,12,3374,2.88560152053833
calibration,15,,13,552,2.303370237350464
calibration,15,,14,1983,2.6775805950164795
calibration,15,,15,279,2.616795063018799
calibration,15,,16,3116,2.9125304222106934
calibration,15,,17,3247,3.0866143703460693
calibration,15,,18,4798,2.8895246982574463
calibration,15,,19,2782,2.2875962257385254
calibration,15,,20,2029,2.8101296424865723
calibration,15,,21,3681,2.6885759830474854
calibration,15,,22,252,2.0521254539489746
calibration,15,,23,2694,2.498668670654297
calibration,15,,24,1696,2.951270341873169
calibration,15,,25,1,3.0695414543151855
calibration,15,,26,1432,2.637744426727295
calibration,15,,27,3131,2.8974030017852783
calibration,15,,28,4718,2.980355978012085
calibration,15,,29,2055,2.5600438117980957
calibration,15,,30,4817,2.8148279190063477
calibration,15,,31,2110,2.6063077449798584
calibration,15,,32,4972,2.4652020931243896
calibration,15,,33,3779,2.10874605178833
calibration,15,,34,4553,1.426145076751709
calibration,15,,35,4505,2.3548221588134766
calibration,15,,36,779,2.7661585807800293
calibration,15,,37,375,2.743448257446289
calibration,15,,38,3175,2.745516538619995
calibration,15,,39,1099,2.513362407684326
calibration,15,,40,3387,3.2446956634521484
calibration,15,,41,3081,1.9375969171524048
calibration,15,,42,461,2.3908514976501465
calibration,15,,43,429,2.8405215740203857
calibration,15,,44,2649,2.741070508956909
calibration,15,,45,1815,2.561958074569702
calibration,15,,46,4318,2.6363861560821533
calibration,15,,47,226,2.8456315994262695
calibration,15,,48,4210,2.5300498008728027
calibration,15,,49,892,2.4765753746032715
calibration,15,,50,2021,2.7010014057159424
calibration,15,,51,2579,2.217310667037964
calibration,15,,52,2843,2.702528238296509
calibration,15,,53,2661,2.0625953674316406
calibration,15,,54,426,2.961113214492798
calibration,15,,55,768,3.141660451889038
calibration,15,,56,2163,2.6417887210845947
calibration,15,,57,2378,2.5906612873077393
calibration,15,,58,1777,3.003741979598999
calibration,15,,59,2019,2.583312749862671
calibration,15,,60,611,2.672283887863159
calibration,15,,61,1632,2.806034803390503
calibration,15,,62,1668,2.122861623764038
calibration,15,,63,2131,2.1406235694885254
calibration,15,,64,4582,1.0155014991760254
calibration,15,,65,3185,2.304307699203491
calibration,15,,66,3604,2.4465203285217285
calibration,15,,67,2688,2.502333641052246
calibration,15,,68,1024,2.5710391998291016
calibration,15,,69,3447,2.7842087745666504
calibration,15,,70,1624,2.576388359069824
calibration,15,,71,683,2.1176095008850098
calibration,15,,72,3712,2.850334644317627
calibration,15,,73,4597,2.0664100646972656
calibration,15,,74,2003,2.5017826557159424
calibration,15,,75,38,2.7084994316101074
calibration,15,,76,2557,2.372483968734741
calibration,15,,77,648,2.906128168106079
calibration,15,,78,2091,2.1980509757995605
calibration,15,,79,2261,2.983368396759033
calibration,15,,80,2086,2.7772746086120605
calibration,15,,81,4297,2.7556943893432617
calibration,15,,82,3993,2.2131338119506836
calibration,15,,83,559,2.429673194885254
calibration,15,,84,3219,2.966188430786133
calibration,15,,85,3324,2.7310073375701904
calibration,15,,86,4366,2.7996609210968018
calibration,15,,87,323,2.793128728866577
calibration,15,,88,3151,2.5227835178375244
calibration,15,,89,2912,2.30027437210083
calibration,15,,90,2892,2.90942120552063
calibration,15,,91,1031,3.0677437782287598
calibration,15,,92,2905,1.7232781648635864
calibration,15,,93,1747,2.823559284210205
calibration,15,,94,1426,2.7034077644348145
calibration,15,,95,1288,2.4520492553710938
calibration,17,,0,720,3.0834197998046875
calibration,17,,1,3796,3.0241100788116455
calibration,17,,2,2979,2.5263447761535645
calibration,17,,3,3195,2.648810386657715
calibration,17,,4,3348,2.6663434505462646
calibration,17,,5,636,2.5776169300079346
calibration,17,,6,655,2.6819722652435303
calibration,17,,7,4470,2.77449107170105
calibration,17,,8,3767,2.429386615753174
calibration,17,,9,1123,2.6297731399536133
calibration,17,,10,1907,2.76580548286438
calibration,17,,11,4325,2.8347115516662598
calibration,17,,12,3374,2.9023075103759766
calibration,17,,13,552,2.381636619567871
calibration,17,,14,1983,2.695924758911133
calibration,17,,15,279,2.6442723274230957
calibration,17,,16,3116,2.899209976196289
calibration,17,,17,3247,3.12870454788208
calibration,17,,18,4798,2.9565553665161133
calibration,17,,19,2782,2.4023079872131348
calibration,17,,20,2029,2.8191640377044678
calibration,17,,21,3681,2.7034695148468018
calibration,17,,22,252,2.1483209133148193
calibration,17,,23,2694,2.51412296295166
calibration,17,,24,1696,3.0107579231262207
calibration,17,,25,1,3.0959441661834717
calibration,17,,26,1432,2.668468475341797
calibration,17,,27,3131,2.9499425888061523
calibration,17,,28,4718,2.97894024848938
calibration,17,,29,2055,2.561992883682251
calibration,17,,30,4817,2.8401854038238525
calibration,17,,31,2110,2.6728243827819824
calibration,17,,32,4972,2.486722707748413
calibration,17,,33,3779,2.1590945720672607
calibration,17,,34,4553,1.451733946800232
calibration,17,,35,4505,2.377458095550537
calibration,17,,36,779,2.7439236640930176
calibration,17,,37,375,2.7697319984436035
calibration,17,,38,3175,2.7747573852539062
calibration,17,,39,1099,2.5542519092559814
calibration,17,,40,3387,3.273813009262085
calibration,17,,41,3081,1.960934042930603
calibration,17,,42,461,2.4077799320220947
calibration,17,,43,429,2.8833656311035156
calibration,17,,44,2649,2.7850334644317627
calibration,17,,45,1815,2.6106858253479004
calibration,17,,46,4318,2.6839406490325928
calibration,17,,47,226,2.9353718757629395
calibration,17,,48,4210,2.5506484508514404
calibration,17,,49,892,2.5299108028411865
calibration,17,,50,2021,2.70562744140625
calibration,17,,51,2579,2.266672134399414
calibration,17,,52,2843,2.714200019836426
calibration,17,,53,2661,2.0887668132781982
calibration,17,,54,426,3.032214641571045
calibration,17,,55,768,3.196272134780884
calibration,17,,56,2163,2.640103340148926
calibration,17,,57,2378,2.6423680782318115
calibration,17,,58,1777,3.0588607788085938
calibration,17,,59,2019,2.6283342838287354
calibration,17,,60,611,2.666757106781006
calibration,17,,61,1632,2.8143117427825928
calibration,17,,62,1668,2.1666228771209717
calibration,17,,63,2131,2.175496816635132
calibration,17,,64,4582,1.082814335823059
calibration,17,,65,3185,2.344831705093384
calibration,17,,66,3604,2.484863519668579
calibration,17,,67,2688,2.586747884750366
calibration,17,,68,1024,2.5832033157348633
calibration,17,,69,3447,2.8528990745544434
calibration,17,,70,1624,2.5684850215911865
calibration,17,,71,683,2.1791555881500244
calibration,17,,72,3712,2.8989779949188232
calibration,17,,73,4597,2.0947318077087402
calibration,17,,74,2003,2.558565139770508
calibration,17,,75,38,2.7288973331451416
calibration,17,,76,2557,2.400327682495117
calibration,17,,77,648,2.9522581100463867
calibration,17,,78,2091,2.22766375541687
calibration,17,,79,2261,3.0156617164611816
calibration,17,,80,2086,2.839881420135498
calibration,17,,81,4297,2.7773256301879883
calibration,17,,82,3993,2.283247947692871
calibration,17,,83,559,2.4542317390441895
calibration,17,,84,3219,3.029193878173828
calibration,17,,85,3324,2.7556419372558594
calibration,17,,86,4366,2.8450236320495605
calibration,17,,87,323,2.8381686210632324
calibration,17,,88,3151,2.5634799003601074
calibration,17,,89,2912,2.2842330932617188
calibration,17,,90,2892,2.9462714195251465
calibration,17,,91,1031,3.1141622066497803
calibration,17,,92,2905,1.7978020906448364
calibration,17,,93,1747,2.8434343338012695
calibration,17,,94,1426,2.725858211517334
calibration,17,,95,1288,2.5252468585968018
calibration,19,,0,720,3.0999245643615723
calibration,19,,1,3796,3.0994389057159424
calibration,19,,2,2979,2.5844836235046387
calibration,19,,3,3195,2.717421054840088
calibration,19,,4,3348,2.751875162124634
calibration,19,,5,636,2.6579809188842773
calibration,19,,6,655,2.7097744941711426
calibration,19,,7,4470,2.8226206302642822
calibration,19,,8,3767,2.5356431007385254
calibration,19,,9,1123,2.6775481700897217
calibration,19,,10,1907,2.820768356323242
calibration,19,,11,4325,2.893554925918579
calibration,19,,12,3374,2.992157459259033
calibration,19,,13,552,2.404433488845825
calibration,19,,14,1983,2.817450523376465
calibration,19,,15,279,2.699371576309204
calibration,19,,16,3116,2.9635748863220215
calibration,19,,17,3247,3.195312976837158
calibration,19,,18,4798,2.9649479389190674
calibration,19,,19,2782,2.417343854904175
calibration,19,,20,2029,2.902986526489258
calibration,19,,21,3681,2.7541732788085938
calibration,19,,22,252,2.1873676776885986
calibration,19,,23,2694,2.608682870864868
calibration,19,,24,1696,3.119542360305786
calibration,19,,25,1,3.1323671340942383
calibration,19,,26,1432,2.7240498065948486
calibration,19,,27,3131,2.9967617988586426
calibration,19,,28,4718,3.0671396255493164
calibration,19,,29,2055,2.6364636421203613
calibration,19,,30,4817,2.907985210418701
calibration,19,,31,2110,2.67244815826416
calibration,19,,32,4972,2.5775563716888428
calibration,19,,33,3779,2.2400033473968506
calibration,19,,34,4553,1.6204872131347656
calibration,19,,35,4505,2.4948365688323975
calibration,19,,36,779,2.8291990756988525
calibration,19,,37,375,2.846548318862915
calibration,19,,38,3175,2.8069238662719727
calibration,19,,39,1099,2.628413200378418
calibration,19,,40,3387,3.3352978229522705
calibration,19,,41,3081,1.991358757019043
calibration,19,,42,461,2.4629762172698975
calibration,19,,43,429,2.938263416290283
calibration,19,,44,2649,2.856715679168701
calibration,19,,45,1815,2.6468799114227295
calibration,19,,46,4318,2.757093906402588
calibration,19,,47,226,2.9699435234069824
calibration,19,,48,4210,2.597562074661255
calibration,19,,49,892,2.5948667526245117
calibration,19,,50,2021,2.8118884563446045
calibration,19,,51,2579,2.3513669967651367
calibration,19,,52,2843,2.8348348140716553
calibration,19,,53,2661,2.172456979751587
calibration,19,,54,426,3.049346923828125
calibration,19,,55,768,3.219782829284668
calibration,19,,56,2163,2.678143262863159
calibration,19,,57,2378,2.6778643131256104
calibration,19,,58,1777,3.092453718185425
calibration,19,,59,2019,2.694380283355713
calibration,19,,60,611,2.7298593521118164
calibration,19,,61,1632,2.874377727508545
calibration,19,,62,1668,2.2829113006591797
calibration,19,,63,2131,2.3423149585723877
calibration,19,,64,4582,1.1386045217514038
calibration,19,,65,3185,2.4793615341186523
calibration,19,,66,3604,2.5625693798065186
calibration,19,,67,2688,2.649857521057129
calibration,19,,68,1024,2.709094762802124
calibration,19,,69,3447,2.9346885681152344
calibration,19,,70,1624,2.6897528171539307
calibration,19,,71,683,2.2127292156219482
calibration,19,,72,3712,2.9223880767822266
calibration,19,,73,4597,2.19529390335083
calibration,19,,74,2003,2.634807825088501
calibration,19,,75,38,2.7905030250549316
calibration,19,,76,2557,2.4602203369140625
calibration,19,,77,648,3.0471301078796387
calibration,19,,78,2091,2.2929487228393555
calibration,19,,79,2261,3.0936696529388428
calibration,19,,80,2086,2.9112889766693115
calibration,19,,81,4297,2.871880531311035
calibration,19,,82,3993,2.3633735179901123
calibration,19,,83,559,2.489018440246582
calibration,19,,84,3219,3.0213818550109863
calibration,19,,85,3324,2.776283025741577
calibration,19,,86,4366,2.8780930042266846
calibration,19,,87,323,2.8976540565490723
calibration,19,,88,3151,2.6718223094940186
calibration,19,,89,2912,2.40971040725708
calibration,19,,90,2892,3.0548274517059326
calibration,19,,91,1031,3.225689172744751
calibration,19,,92,2905,1.9892812967300415
calibration,19,,93,1747,2.923105239868164
calibration,19,,94,1426,2.7799930572509766
calibration,19,,95,1288,2.592099189758301
calibration,21,,0,720,3.2244181632995605
calibration,21,,1,3796,3.166444778442383
calibration,21,,2,2979,2.7540595531463623
calibration,21,,3,3195,2.7569591999053955
calibration,21,,4,3348,2.8576626777648926
calibration,21,,5,636,2.751251697540283
calibration,21,,6,655,2.7907278537750244
calibration,21,,7,4470,2.864187002182007
calibration,21,,8,3767,2.5266263484954834
calibration,21,,9,1123,2.7597241401672363
calibration,21,,10,1907,2.904103994369507
calibration,21,,11,4325,2.9810242652893066
calibration,21,,12,3374,3.054936408996582
calibration,21,,13,552,2.4014337062835693
calibration,21,,14,1983,2.900355577468872
calibration,21,,15,279,2.8037922382354736
calibration,21,,16,3116,3.005962610244751
calibration,21,,17,3247,3.288243055343628
calibration,21,,18,4798,3.099512815475464
calibration,21,,19,2782,2.491381883621216
calibration,21,,20,2029,2.972978353500366
calibration,21,,21,3681,2.7756330966949463
calibration,21,,22,252,2.351292610168457
calibration,21,,23,2694,2.6849615573883057
calibration,21,,24,1696,3.2457945346832275
calibration,21,,25,1,3.217773199081421
calibration,21,,26,1432,2.735114336013794
calibration,21,,27,3131,3.0492165088653564
calibration,21,,28,4718,3.1660914421081543
calibration,21,,29,2055,2.6509578227996826
calibration,21,,30,4817,3.006565570831299
calibration,21,,31,2110,2.732253313064575
calibration,21,,32,4972,2.6524245738983154
calibration,21,,33,3779,2.232977867126465
calibration,21,,34,4553,1.6464289426803589
calibration,21,,35,4505,2.6324527263641357
calibration,21,,36,779,2.8479104042053223
calibration,21,,37,375,3.0251030921936035
calibration,21,,38,3175,2.9096412658691406
calibration,21,,39,1099,2.6816306114196777
calibration,21,,40,3387,3.399893283843994
calibration,21,,41,3081,2.0741968154907227
calibration,21,,42,461,2.518927812576294
calibration,21,,43,429,2.9779255390167236
calibration,21,,44,2649,3.007784366607666
calibration,21,,45,1815,2.691072702407837
calibration,21,,46,4318,2.788726806640625
calibration,21,,47,226,2.944328546524048
calibration,21,,48,4210,2.7979602813720703
calibration,21,,49,892,2.6357946395874023
calibration,21,,50,2021,2.856952667236328
calibration,21,,51,2579,2.433851718902588
calibration,21,,52,2843,2.878040075302124
calibration,21,,53,2661,2.195021390914917
calibration,21,,54,426,3.1111302375793457
calibration,21,,55,768,3.318755865097046
calibration,21,,56,2163,2.9016566276550293
calibration,21,,57,2378,2.8950257301330566
calibration,21,,58,1777,3.152198076248169
calibration,21,,59,2019,2.7642595767974854
calibration,21,,60,611,2.7637650966644287
calibration,21,,61,1632,3.0013182163238525
calibration,21,,62,1668,2.3283088207244873
calibration,21,,63,2131,2.5248005390167236
calibration,21,,64,4582,1.0749683380126953
calibration,21,,65,3185,2.569805145263672
calibration,21,,66,3604,2.5933985710144043
calibration,21,,67,2688,2.782390832901001
calibration,21,,68,1024,2.9535164833068848
calibration,21,,69,3447,2.9328174591064453
calibration,21,,70,1624,2.6988837718963623
calibration,21,,71,683,2.354933738708496
calibration,21,,72,3712,3.0293445587158203
calibration,21,,73,4597,2.1360106468200684
calibration,21,,74,2003,2.7517430782318115
calibration,21,,75,38,2.9723222255706787
calibration,21,,76,2557,2.4685168266296387
calibration,21,,77,648,3.0321974754333496
calibration,21,,78,2091,2.3509716987609863
calibration,21,,79,2261,3.145951509475708
calibration,21,,80,2086,2.9370341300964355
calibration,21,,81,4297,2.9225680828094482
calibration,21,,82,3993,2.4057717323303223
calibration,21,,83,559,2.6582186222076416
calibration,21,,84,3219,3.1470725536346436
calibration,21,,85,3324,2.9924564361572266
calibration,21,,86,4366,2.978071689605713
calibration,21,,87,323,3.0296995639801025
calibration,21,,88,3151,2.705153226852417
calibration,21,,89,2912,2.5530412197113037
calibration,21,,90,2892,3.1244139671325684
calibration,21,,91,1031,3.290196657180786
calibration,21,,92,2905,2.005225896835327
calibration,21,,93,1747,3.0068788528442383
calibration,21,,94,1426,2.8630096912384033
calibration,21,,95,1288,2.6392505168914795
calibration,24,,0,720,3.220903158187866
calibration,24,,1,3796,3.2622902393341064
calibration,24,,2,2979,2.7971057891845703
calibration,24,,3,3195,2.7675561904907227
calibration,24,,4,3348,2.913174629211426
calibration,24,,5,636,2.7394487857818604
calibration,24,,6,655,2.884809732437134
calibration,24,,7,4470,2.9129247665405273
calibration,24,,8,3767,2.5591847896575928
calibration,24,,9,1123,2.7731010913848877
calibration,24,,10,1907,2.8984222412109375
calibration,24,,11,4325,2.9852306842803955
calibration,24,,12,3374,3.0536537170410156
calibration,24,,13,552,2.4875831604003906
calibration,24,,14,1983,2.832832098007202
calibration,24,,15,279,2.769303798675537
calibration,24,,16,3116,2.9899394512176514
calibration,24,,17,3247,3.247967481613159
calibration,24,,18,4798,3.0303728580474854
calibration,24,,19,2782,2.580596446990967
calibration,24,,20,2029,2.9484410285949707
calibration,24,,21,3681,2.829648017883301
calibration,24,,22,252,2.3372156620025635
calibration,24,,23,2694,2.646923780441284
calibration,24,,24,1696,3.172823429107666
calibration,24,,25,1,3.1910316944122314
calibration,24,,26,1432,2.733567714691162
calibration,24,,27,3131,3.0474789142608643
calibration,24,,28,4718,3.181220769882202
calibration,24,,29,2055,2.6878974437713623
calibration,24,,30,4817,3.0101044178009033
calibration,24,,31,2110,2.722207546234131
calibration,24,,32,4972,2.626504898071289
calibration,24,,33,3779,2.210742473602295
calibration,24,,34,4553,1.637420415878296
calibration,24,,35,4505,2.6649715900421143
calibration,24,,36,779,2.8748772144317627
calibration,24,,37,375,2.9589436054229736
calibration,24,,38,3175,2.9182169437408447
calibration,24,,39,1099,2.75237774848938
calibration,24,,40,3387,3.4490272998809814
calibration,24,,41,3081,2.026360034942627
calibration,24,,42,461,2.6150710582733154
calibration,24,,43,429,3.0262699127197266
calibration,24,,44,2649,3.0163509845733643
calibration,24,,45,1815,2.756693124771118
calibration,24,,46,4318,2.878432273864746
calibration,24,,47,226,3.0154480934143066
calibration,24,,48,4210,2.756798505783081
calibration,24,,49,892,2.6564271450042725
calibration,24,,50,2021,2.8946962356567383
calibration,24,,51,2579,2.4318315982818604
calibration,24,,52,2843,2.850374221801758
calibration,24,,53,2661,2.166471242904663
calibration,24,,54,426,3.1941256523132324
calibration,24,,55,768,3.313173532485962
calibration,24,,56,2163,2.904421091079712
calibration,24,,57,2378,2.8262698650360107
calibration,24,,58,1777,3.1749966144561768
calibration,24,,59,2019,2.748518943786621
calibration,24,,60,611,2.731916904449463
calibration,24,,61,1632,3.0023725032806396
calibration,24,,62,1668,2.359644889831543
calibration,24,,63,2131,2.4462413787841797
calibration,24,,64,4582,1.0928871631622314
calibration,24,,65,3185,2.5367777347564697
calibration,24,,66,3604,2.6406948566436768
calibration,24,,67,2688,2.6588006019592285
calibration,24,,68,1024,2.902984380722046
calibration,24,,69,3447,2.9565484523773193
calibration,24,,70,1624,2.600086212158203
calibration,24,,71,683,2.2862956523895264
calibration,24,,72,3712,2.9486632347106934
calibration,24,,73,4597,2.1612637042999268
calibration,24,,74,2003,2.6673150062561035
calibration,24,,75,38,2.8546266555786133
calibration,24,,76,2557,2.4910409450531006
calibration,24,,77,648,3.0456666946411133
calibration,24,,78,2091,2.3028736114501953
calibration,24,,79,2261,3.113312005996704
calibration,24,,80,2086,3.015613555908203
calibration,24,,81,4297,2.9777257442474365
calibration,24,,82,3993,2.369266986846924
calibration,24,,83,559,2.612201452255249
calibration,24,,84,3219,3.1748528480529785
calibration,24,,85,3324,2.8997790813446045
calibration,24,,86,4366,3.0200576782226562
calibration,24,,87,323,3.011343240737915
calibration,24,,88,3151,2.706404209136963
calibration,24,,89,2912,2.515183925628662
calibration,24,,90,2892,3.1054234504699707
calibration,24,,91,1031,3.2883787155151367
calibration,24,,92,2905,1.950283169746399
calibration,24,,93,1747,2.9595377445220947
calibration,24,,94,1426,2.9399728775024414
calibration,24,,95,1288,2.6106648445129395
calibration,26,,0,720,3.2838356494903564
calibration,26,,1,3796,3.3888437747955322
calibration,26,,2,2979,2.7744064331054688
calibration,26,,3,3195,2.9828507900238037
calibration,26,,4,3348,3.006899356842041
calibration,26,,5,636,2.9204797744750977
calibration,26,,6,655,3.1303529739379883
calibration,26,,7,4470,3.1884422302246094
calibration,26,,8,3767,2.6612865924835205
calibration,26,,9,1123,3.0386526584625244
calibration,26,,10,1907,3.0501723289489746
calibration,26,,11,4325,3.1069791316986084
calibration,26,,12,3374,3.2596800327301025
calibration,26,,13,552,2.6615707874298096
calibration,26,,14,1983,2.960632562637329
calibration,26,,15,279,2.8585758209228516
calibration,26,,16,3116,3.221921443939209
calibration,26,,17,3247,3.466214179992676
calibration,26,,18,4798,3.219831943511963
calibration,26,,19,2782,2.625084161758423
calibration,26,,20,2029,3.0888304710388184
calibration,26,,21,3681,2.971632719039917
calibration,26,,22,252,2.4386146068573
calibration,26,,23,2694,2.935170888900757
calibration,26,,24,1696,3.4654645919799805
calibration,26,,25,1,3.4402551651000977
calibration,26,,26,1432,2.948381185531616
calibration,26,,27,3131,3.1527512073516846
calibration,26,,28,4718,3.4268670082092285
calibration,26,,29,2055,2.8778810501098633
calibration,26,,30,4817,3.100260019302368
calibration,26,,31,2110,2.955929756164551
calibration,26,,32,4972,2.805054187774658
calibration,26,,33,3779,2.3623597621917725
calibration,26,,34,4553,1.8034968376159668
calibration,26,,35,4505,2.7442524433135986
calibration,26,,36,779,3.0329456329345703
calibration,26,,37,375,3.129023790359497
calibration,26,,38,3175,3.038543224334717
calibration,26,,39,1099,2.801063299179077
calibration,26,,40,3387,3.579758405685425
calibration,26,,41,3081,2.222834825515747
calibration,26,,42,461,2.7188820838928223
calibration,26,,43,429,3.2189323902130127
calibration,26,,44,2649,3.0914084911346436
calibration,26,,45,1815,2.9096245765686035
calibration,26,,46,4318,2.979499101638794
calibration,26,,47,226,3.203504800796509
calibration,26,,48,4210,2.8741421699523926
calibration,26,,49,892,2.7426443099975586
calibration,26,,50,2021,3.1122026443481445
calibration,26,,51,2579,2.4667856693267822
calibration,26,,52,2843,2.917720079421997
calibration,26,,53,2661,2.253948450088501
calibration,26,,54,426,3.212592124938965
calibration,26,,55,768,3.452434539794922
calibration,26,,56,2163,3.053980827331543
calibration,26,,57,2378,2.979938507080078
calibration,26,,58,1777,3.2838120460510254
calibration,26,,59,2019,2.9188764095306396
calibration,26,,60,611,3.071119785308838
calibration,26,,61,1632,3.1857943534851074
calibration,26,,62,1668,2.537562370300293
calibration,26,,63,2131,2.537268877029419
calibration,26,,64,4582,1.1279702186584473
calibration,26,,65,3185,2.606391429901123
calibration,26,,66,3604,2.7493903636932373
calibration,26,,67,2688,2.8065431118011475
calibration,26,,68,1024,3.0678491592407227
calibration,26,,69,3447,3.0165083408355713
calibration,26,,70,1624,2.6808700561523438
calibration,26,,71,683,2.442440986633301
calibration,26,,72,3712,3.0908782482147217
calibration,26,,73,4597,2.3443236351013184
calibration,26,,74,2003,2.858349323272705
calibration,26,,75,38,3.0536818504333496
calibration,26,,76,2557,2.6561672687530518
calibration,26,,77,648,3.2322030067443848
calibration,26,,78,2091,2.5144143104553223
calibration,26,,79,2261,3.149773359298706
calibration,26,,80,2086,3.0988223552703857
calibration,26,,81,4297,3.050525188446045
calibration,26,,82,3993,2.568140745162964
calibration,26,,83,559,2.797639846801758
calibration,26,,84,3219,3.310137987136841
calibration,26,,85,3324,3.212400436401367
calibration,26,,86,4366,3.0601561069488525
calibration,26,,87,323,3.2023298740386963
calibration,26,,88,3151,2.870270013809204
calibration,26,,89,2912,2.6540446281433105
calibration,26,,90,2892,3.406188726425171
calibration,26,,91,1031,3.4656498432159424
calibration,26,,92,2905,2.0717597007751465
calibration,26,,93,1747,3.1210920810699463
calibration,26,,94,1426,3.0820839405059814
calibration,26,,95,1288,2.7811625003814697
calibration,1,3,0,720,6.114567279815674
calibration,1,3,1,3796,6.1111159324646
calibration,1,3,2,2979,5.285184860229492
calibration,1,3,3,3195,5.847999095916748
calibration,1,3,4,3348,5.345986366271973
calibration,1,3,5,636,6.172743797302246
calibration,1,3,6,655,5.234638214111328
calibration,1,3,7,4470,5.798605442047119
calibration,1,3,8,3767,5.6402201652526855
calibration,1,3,9,1123,6.666714668273926
calibration,1,3,10,1907,5.076011657714844
calibration,1,3,11,4325,6.9032745361328125
calibration,1,3,12,3374,6.0300726890563965
calibration,1,3,13,552,5.332808494567871
calibration,1,3,14,1983,5.526381492614746
calibration,1,3,15,279,5.044162750244141
calibration,1,3,16,3116,5.378050804138184
calibration,1,3,17,3247,6.619342803955078
calibration,1,3,18,4798,6.909859657287598
calibration,1,3,19,2782,5.707355976104736
calibration,1,3,20,2029,5.372823715209961
calibration,1,3,21,3681,5.1976423263549805
calibration,1,3,22,252,5.840888500213623
calibration,1,3,23,2694,5.530965328216553
calibration,1,3,24,1696,5.776970863342285
calibration,1,3,25,1,5.45491361618042
calibration,1,3,26,1432,5.431720733642578
calibration,1,3,27,3131,5.8754801750183105
calibration,1,3,28,4718,5.766022682189941
calibration,1,3,29,2055,4.384769439697266
calibration,1,3,30,4817,5.533820152282715
calibration,1,3,31,2110,5.768702983856201
calibration,1,3,32,4972,6.951829433441162
calibration,1,3,33,3779,5.694893836975098
calibration,1,3,34,4553,4.160186290740967
calibration,1,3,35,4505,6.223215103149414
calibration,1,3,36,779,5.395820140838623
calibration,1,3,37,375,5.143802165985107
calibration,1,3,38,3175,5.549144744873047
calibration,1,3,39,1099,4.921092510223389
calibration,1,3,40,3387,5.721087455749512
calibration,1,3,41,3081,4.497032165527344
calibration,1,3,42,461,5.576707363128662
calibration,1,3,43,429,6.093318939208984
calibration,1,3,44,2649,6.889122486114502
calibration,1,3,45,1815,6.011736869812012
calibration,1,3,46,4318,5.0177321434021
calibration,1,3,47,226,5.99775505065918
calibration,1,3,48,4210,7.4425740242004395
calibration,1,3,49,892,6.705153465270996
calibration,1,3,50,2021,6.224337577819824
calibration,1,3,51,2579,5.559820652008057
calibration,1,3,52,2843,5.209283351898193
calibration,1,3,53,2661,5.433102130889893
calibration,1,3,54,426,5.57645845413208
calibration,1,3,55,768,5.362000942230225
calibration,1,3,56,2163,6.00612211227417
calibration,1,3,57,2378,5.028500080108643
calibration,1,3,58,1777,4.876136779785156
calibration,1,3,59,2019,5.4927215576171875
calibration,1,3,60,611,5.064923286437988
calibration,1,3,61,1632,6.843156337738037
calibration,1,3,62,1668,6.121982097625732
calibration,1,3,63,2131,6.093703746795654
calibration,1,3,64,4582,2.4991536140441895
calibration,1,3,65,3185,4.956875324249268
calibration,1,3,66,3604,5.512380123138428
calibration,1,3,67,2688,5.078261375427246
calibration,1,3,68,1024,6.2189741134643555
calibration,1,3,69,3447,5.844441890716553
calibration,1,3,70,1624,4.400021553039551
calibration,1,3,71,683,4.97470235824585
calibration,1,3,72,3712,5.055477142333984
calibration,1,3,73,4597,4.480250835418701
calibration,1,3,74,2003,6.509673118591309
calibration,1,3,75,38,5.590300559997559
calibration,1,3,76,2557,5.597794532775879
calibration,1,3,77,648,5.202291011810303
calibration,1,3,78,2091,5.652078151702881
calibration,1,3,79,2261,5.5622334480285645
calibration,1,3,80,2086,5.90822696685791
calibration,1,3,81,4297,5.09940767288208
calibration,1,3,82,3993,5.024400234222412
calibration,1,3,83,559,5.258244514465332
calibration,1,3,84,3219,5.3321332931518555
calibration,1,3,85,3324,5.712244510650635
calibration,1,3,86,4366,5.024601459503174
calibration,1,3,87,323,5.664200782775879
calibration,1,3,88,3151,4.42246150970459
calibration,1,3,89,2912,4.942483425140381
calibration,1,3,90,2892,5.067256450653076
calibration,1,3,91,1031,6.317591190338135
calibration,1,3,92,2905,3.9407296180725098
calibration,1,3,93,1747,6.769418716430664
calibration,1,3,94,1426,5.594360828399658
calibration,1,3,95,1288,5.008243560791016
calibration,1,6,0,720,5.772439002990723
calibration,1,6,1,3796,5.835319519042969
calibration,1,6,2,2979,5.059059143066406
calibration,1,6,3,3195,5.08967924118042
calibration,1,6,4,3348,7.947222709655762
calibration,1,6,5,636,6.761205673217773
calibration,1,6,6,655,5.082045555114746
calibration,1,6,7,4470,5.707211494445801
calibration,1,6,8,3767,5.003232479095459
calibration,1,6,9,1123,6.72308349609375
calibration,1,6,10,1907,4.992254257202148
calibration,1,6,11,4325,10.687761306762695
calibration,1,6,12,3374,6.762958526611328
calibration,1,6,13,552,4.635402202606201
calibration,1,6,14,1983,5.358221530914307
calibration,1,6,15,279,4.545286655426025
calibration,1,6,16,3116,5.526583194732666
calibration,1,6,17,3247,6.316763401031494
calibration,1,6,18,4798,7.598355770111084
calibration,1,6,19,2782,5.061850070953369
calibration,1,6,20,2029,5.126949310302734
calibration,1,6,21,3681,5.309087753295898
calibration,1,6,22,252,6.113129615783691
calibration,1,6,23,2694,5.883214950561523
calibration,1,6,24,1696,7.35508918762207
calibration,1,6,25,1,5.979894638061523
calibration,1,6,26,1432,6.461819648742676
calibration,1,6,27,3131,5.4460768699646
calibration,1,6,28,4718,5.082691192626953
calibration,1,6,29,2055,5.51864767074585
calibration,1,6,30,4817,4.959601402282715
calibration,1,6,31,2110,5.635551929473877
calibration,1,6,32,4972,7.476747989654541
calibration,1,6,33,3779,7.0029449462890625
calibration,1,6,34,4553,4.896578788757324
calibration,1,6,35,4505,6.278670787811279
calibration,1,6,36,779,5.892611503601074
calibration,1,6,37,375,4.802358627319336
calibration,1,6,38,3175,7.302657127380371
calibration,1,6,39,1099,4.856311798095703
calibration,1,6,40,3387,5.529905319213867
calibration,1,6,41,3081,4.530483722686768
calibration,1,6,42,461,6.831176280975342
calibration,1,6,43,429,5.280776500701904
calibration,1,6,44,2649,7.681804656982422
calibration,1,6,45,1815,10.589679718017578
calibration,1,6,46,4318,4.96134090423584
calibration,1,6,47,226,6.790509223937988
calibration,1,6,48,4210,12.291618347167969
calibration,1,6,49,892,10.76891803741455
calibration,1,6,50,2021,5.366142272949219
calibration,1,6,51,2579,5.110141754150391
calibration,1,6,52,2843,4.742249488830566
calibration,1,6,53,2661,6.157951831817627
calibration,1,6,54,426,5.596368789672852
calibration,1,6,55,768,5.350809097290039
calibration,1,6,56,2163,6.447292327880859
calibration,1,6,57,2378,4.944637775421143
calibration,1,6,58,1777,4.8115410804748535
calibration,1,6,59,2019,5.570368766784668
calibration,1,6,60,611,4.50076150894165
calibration,1,6,61,1632,7.910919189453125
calibration,1,6,62,1668,8.44002628326416
calibration,1,6,63,2131,5.838413715362549
calibration,1,6,64,4582,2.8361620903015137
calibration,1,6,65,3185,4.907675743103027
calibration,1,6,66,3604,5.69255256652832
calibration,1,6,67,2688,5.158748149871826
calibration,1,6,68,1024,9.8200101852417
calibration,1,6,69,3447,5.480618000030518
calibration,1,6,70,1624,4.254028797149658
calibration,1,6,71,683,4.751728534698486
calibration,1,6,72,3712,4.906339645385742
calibration,1,6,73,4597,4.571121692657471
calibration,1,6,74,2003,5.565136909484863
calibration,1,6,75,38,5.00702428817749
calibration,1,6,76,2557,6.214017868041992
calibration,1,6,77,648,5.548713684082031
calibration,1,6,78,2091,5.636987686157227
calibration,1,6,79,2261,5.185356140136719
calibration,1,6,80,2086,5.499854564666748
calibration,1,6,81,4297,4.803611755371094
calibration,1,6,82,3993,5.511872291564941
calibration,1,6,83,559,5.048946380615234
calibration,1,6,84,3219,5.40029239654541
calibration,1,6,85,3324,5.009982109069824
calibration,1,6,86,4366,4.951233863830566
calibration,1,6,87,323,5.384552478790283
calibration,1,6,88,3151,4.730685710906982
calibration,1,6,89,2912,4.805030822753906
calibration,1,6,90,2892,4.918181896209717
calibration,1,6,91,1031,6.891483306884766
calibration,1,6,92,2905,4.139930248260498
calibration,1,6,93,1747,5.708230972290039
calibration,1,6,94,1426,5.820436000823975
calibration,1,6,95,1288,5.04777717590332
calibration,1,8,0,720,5.590390682220459
calibration,1,8,1,3796,6.327602863311768
calibration,1,8,2,2979,5.114528179168701
calibration,1,8,3,3195,5.124660968780518
calibration,1,8,4,3348,7.496583461761475
calibration,1,8,5,636,7.005144119262695
calibration,1,8,6,655,5.026876449584961
calibration,1,8,7,4470,5.653144359588623
calibration,1,8,8,3767,5.175826072692871
calibration,1,8,9,1123,6.592245101928711
calibration,1,8,10,1907,4.844837188720703
calibration,1,8,11,4325,10.223527908325195
calibration,1,8,12,3374,6.551315784454346
calibration,1,8,13,552,4.955140113830566
calibration,1,8,14,1983,5.289799213409424
calibration,1,8,15,279,4.539144515991211
calibration,1,8,16,3116,5.373359203338623
calibration,1,8,17,3247,6.290879726409912
calibration,1,8,18,4798,7.296483039855957
calibration,1,8,19,2782,4.979592323303223
calibration,1,8,20,2029,5.207286834716797
calibration,1,8,21,3681,4.980525970458984
calibration,1,8,22,252,6.2808756828308105
calibration,1,8,23,2694,5.782036304473877
calibration,1,8,24,1696,7.56307315826416
calibration,1,8,25,1,5.969801902770996
calibration,1,8,26,1432,6.410922527313232
calibration,1,8,27,3131,5.623277187347412
calibration,1,8,28,4718,5.064362049102783
calibration,1,8,29,2055,5.697179794311523
calibration,1,8,30,4817,5.311583995819092
calibration,1,8,31,2110,5.429586410522461
calibration,1,8,32,4972,7.899781227111816
calibration,1,8,33,3779,6.790441513061523
calibration,1,8,34,4553,4.603359222412109
calibration,1,8,35,4505,7.369710922241211
calibration,1,8,36,779,6.0299835205078125
calibration,1,8,37,375,4.604257583618164
calibration,1,8,38,3175,6.966578960418701
calibration,1,8,39,1099,4.81886625289917
calibration,1,8,40,3387,5.383527755737305
calibration,1,8,41,3081,4.255635738372803
calibration,1,8,42,461,6.837767124176025
calibration,1,8,43,429,5.333176612854004
calibration,1,8,44,2649,7.080844402313232
calibration,1,8,45,1815,10.621150016784668
calibration,1,8,46,4318,4.883397579193115
calibration,1,8,47,226,6.736763000488281
calibration,1,8,48,4210,11.706586837768555
calibration,1,8,49,892,9.979104042053223
calibration,1,8,50,2021,5.342906475067139
calibration,1,8,51,2579,5.294139385223389
calibration,1,8,52,2843,4.661615371704102
calibration,1,8,53,2661,5.923031330108643
calibration,1,8,54,426,5.399630069732666
calibration,1,8,55,768,5.147019386291504
calibration,1,8,56,2163,6.340471267700195
calibration,1,8,57,2378,4.739569187164307
calibration,1,8,58,1777,4.892378807067871
calibration,1,8,59,2019,5.598536491394043
calibration,1,8,60,611,4.345493316650391
calibration,1,8,61,1632,8.394922256469727
calibration,1,8,62,1668,8.088529586791992
calibration,1,8,63,2131,5.945557117462158
calibration,1,8,64,4582,2.5410940647125244
calibration,1,8,65,3185,4.731004238128662
calibration,1,8,66,3604,5.8368988037109375
calibration,1,8,67,2688,4.84313440322876
calibration,1,8,68,1024,9.584178924560547
calibration,1,8,69,3447,5.274669170379639
calibration,1,8,70,1624,3.9634621143341064
calibration,1,8,71,683,4.868532657623291
calibration,1,8,72,3712,4.884284019470215
calibration,1,8,73,4597,4.612714767456055
calibration,1,8,74,2003,5.874147415161133
calibration,1,8,75,38,5.224808216094971
calibration,1,8,76,2557,5.636955738067627
calibration,1,8,77,648,5.528598308563232
calibration,1,8,78,2091,5.33875036239624
calibration,1,8,79,2261,5.1800994873046875
calibration,1,8,80,2086,5.615959644317627
calibration,1,8,81,4297,4.712348937988281
calibration,1,8,82,3993,5.246758460998535
calibration,1,8,83,559,4.663541793823242
calibration,1,8,84,3219,5.185827255249023
calibration,1,8,85,3324,5.184166431427002
calibration,1,8,86,4366,4.957065105438232
calibration,1,8,87,323,5.390625
calibration,1,8,88,3151,4.415486812591553
calibration,1,8,89,2912,4.795347690582275
calibration,1,8,90,2892,4.724897384643555
calibration,1,8,91,1031,6.6808247566223145
calibration,1,8,92,2905,4.246608257293701
calibration,1,8,93,1747,5.699799537658691
calibration,1,8,94,1426,5.578460216522217
calibration,1,8,95,1288,5.076082229614258
calibration,1,10,0,720,5.608037948608398
calibration,1,10,1,3796,5.5001091957092285
calibration,1,10,2,2979,4.909501075744629
calibration,1,10,3,3195,4.847589492797852
calibration,1,10,4,3348,7.410170555114746
calibration,1,10,5,636,6.884979248046875
calibration,1,10,6,655,5.026271343231201
calibration,1,10,7,4470,5.5367817878723145
calibration,1,10,8,3767,4.937219142913818
calibration,1,10,9,1123,6.494471073150635
calibration,1,10,10,1907,4.368483066558838
calibration,1,10,11,4325,10.000940322875977
calibration,1,10,12,3374,6.627553939819336
calibration,1,10,13,552,4.687135696411133
calibration,1,10,14,1983,5.261433124542236
calibration,1,10,15,279,4.23638391494751
calibration,1,10,16,3116,5.1260085105896
calibration,1,10,17,3247,6.427473545074463
calibration,1,10,18,4798,6.9406561851501465
calibration,1,10,19,2782,4.601071834564209
calibration,1,10,20,2029,4.760800361633301
calibration,1,10,21,3681,4.781879901885986
calibration,1,10,22,252,6.021732807159424
calibration,1,10,23,2694,5.787794589996338
calibration,1,10,24,1696,7.5813398361206055
calibration,1,10,25,1,5.8539323806762695
calibration,1,10,26,1432,6.544262409210205
calibration,1,10,27,3131,5.420503616333008
calibration,1,10,28,4718,4.756650447845459
calibration,1,10,29,2055,5.852999687194824
calibration,1,10,30,4817,5.022913932800293
calibration,1,10,31,2110,5.382750511169434
calibration,1,10,32,4972,7.111573696136475
calibration,1,10,33,3779,6.497426509857178
calibration,1,10,34,4553,4.133090972900391
calibration,1,10,35,4505,5.975517749786377
calibration,1,10,36,779,5.9278564453125
calibration,1,10,37,375,4.3781208992004395
calibration,1,10,38,3175,7.013574123382568
calibration,1,10,39,1099,4.716894149780273
calibration,1,10,40,3387,5.286448955535889
calibration,1,10,41,3081,4.089601039886475
calibration,1,10,42,461,7.0452189445495605
calibration,1,10,43,429,4.962587356567383
calibration,1,10,44,2649,7.309486389160156
calibration,1,10,45,1815,10.449910163879395
calibration,1,10,46,4318,4.6322340965271
calibration,1,10,47,226,6.595583438873291
calibration,1,10,48,4210,11.685280799865723
calibration,1,10,49,892,9.705010414123535
calibration,1,10,50,2021,5.255197525024414
calibration,1,10,51,2579,5.060422897338867
calibration,1,10,52,2843,4.614599227905273
calibration,1,10,53,2661,6.20796537399292
calibration,1,10,54,426,5.418210029602051
calibration,1,10,55,768,5.042354106903076
calibration,1,10,56,2163,6.358644485473633
calibration,1,10,57,2378,4.781555652618408
calibration,1,10,58,1777,4.559606552124023
calibration,1,10,59,2019,5.496407985687256
calibration,1,10,60,611,4.222809791564941
calibration,1,10,61,1632,7.978540897369385
calibration,1,10,62,1668,7.890131950378418
calibration,1,10,63,2131,6.078744411468506
calibration,1,10,64,4582,2.205393075942993
calibration,1,10,65,3185,4.705443859100342
calibration,1,10,66,3604,5.580803394317627
calibration,1,10,67,2688,4.731902122497559
calibration,1,10,68,1024,9.282440185546875
calibration,1,10,69,3447,4.896758556365967
calibration,1,10,70,1624,3.9204025268554688
calibration,1,10,71,683,4.458056449890137
calibration,1,10,72,3712,4.560004234313965
calibration,1,10,73,4597,4.731367111206055
calibration,1,10,74,2003,5.435935020446777
calibration,1,10,75,38,4.882186412811279
calibration,1,10,76,2557,5.588652610778809
calibration,1,10,77,648,5.007678508758545
calibration,1,10,78,2091,4.930263519287109
calibration,1,10,79,2261,4.906863689422607
calibration,1,10,80,2086,5.41827917098999
calibration,1,10,81,4297,4.370981216430664
calibration,1,10,82,3993,5.402637004852295
calibration,1,10,83,559,4.501173496246338
calibration,1,10,84,3219,4.753052711486816
calibration,1,10,85,3324,5.1171464920043945
calibration,1,10,86,4366,4.566842079162598
calibration,1,10,87,323,4.743873119354248
calibration,1,10,88,3151,4.485389232635498
calibration,1,10,89,2912,4.4089436531066895
calibration,1,10,90,2892,4.591330528259277
calibration,1,10,91,1031,6.468421459197998
calibration,1,10,92,2905,4.3438639640808105
calibration,1,10,93,1747,5.4483232498168945
calibration,1,10,94,1426,5.594433784484863
calibration,1,10,95,1288,5.092080593109131
calibration,1,12,0,720,5.748483657836914
calibration,1,12,1,3796,5.505260944366455
calibration,1,12,2,2979,4.782785415649414
calibration,1,12,3,3195,5.111869812011719
calibration,1,12,4,3348,7.408840179443359
calibration,1,12,5,636,6.9878010749816895
calibration,1,12,6,655,5.20866060256958
calibration,1,12,7,4470,5.624167442321777
calibration,1,12,8,3767,5.014138221740723
calibration,1,12,9,1123,7.45280647277832
calibration,1,12,10,1907,4.497556686401367
calibration,1,12,11,4325,10.154054641723633
calibration,1,12,12,3374,6.980561256408691
calibration,1,12,13,552,5.041560173034668
calibration,1,12,14,1983,5.457852840423584
calibration,1,12,15,279,4.240569591522217
calibration,1,12,16,3116,5.507636547088623
calibration,1,12,17,3247,6.314114570617676
calibration,1,12,18,4798,7.250078201293945
calibration,1,12,19,2782,4.61853551864624
calibration,1,12,20,2029,4.885446071624756
calibration,1,12,21,3681,5.390279769897461
calibration,1,12,22,252,6.3509392738342285
calibration,1,12,23,2694,5.674294471740723
calibration,1,12,24,1696,7.706484794616699
calibration,1,12,25,1,5.796903610229492
calibration,1,12,26,1432,8.100415229797363
calibration,1,12,27,3131,5.386082172393799
calibration,1,12,28,4718,4.964992046356201
calibration,1,12,29,2055,5.637070178985596
calibration,1,12,30,4817,5.1563544273376465
calibration,1,12,31,2110,5.436893463134766
calibration,1,12,32,4972,7.516829967498779
calibration,1,12,33,3779,6.904184818267822
calibration,1,12,34,4553,4.893319129943848
calibration,1,12,35,4505,6.46277379989624
calibration,1,12,36,779,5.989243507385254
calibration,1,12,37,375,4.462285995483398
calibration,1,12,38,3175,7.077324867248535
calibration,1,12,39,1099,4.712942600250244
calibration,1,12,40,3387,5.5163679122924805
calibration,1,12,41,3081,4.3246259689331055
calibration,1,12,42,461,6.716936111450195
calibration,1,12,43,429,5.1847310066223145
calibration,1,12,44,2649,7.90891695022583
calibration,1,12,45,1815,10.653899192810059
calibration,1,12,46,4318,4.949713230133057
calibration,1,12,47,226,6.985306262969971
calibration,1,12,48,4210,11.16883659362793
calibration,1,12,49,892,9.818387985229492
calibration,1,12,50,2021,5.486049175262451
calibration,1,12,51,2579,5.35624885559082
calibration,1,12,52,2843,4.75194787979126
calibration,1,12,53,2661,6.69831657409668
calibration,1,12,54,426,5.4976019859313965
calibration,1,12,55,768,5.324047565460205
calibration,1,12,56,2163,6.283812999725342
calibration,1,12,57,2378,5.062832355499268
calibration,1,12,58,1777,4.859392166137695
calibration,1,12,59,2019,5.550525665283203
calibration,1,12,60,611,4.26043176651001
calibration,1,12,61,1632,8.690184593200684
calibration,1,12,62,1668,8.145788192749023
calibration,1,12,63,2131,5.855964660644531
calibration,1,12,64,4582,2.5556304454803467
calibration,1,12,65,3185,4.763169288635254
calibration,1,12,66,3604,5.687626838684082
calibration,1,12,67,2688,5.0411529541015625
calibration,1,12,68,1024,9.423002243041992
calibration,1,12,69,3447,5.170875072479248
calibration,1,12,70,1624,4.239511489868164
calibration,1,12,71,683,4.543638229370117
calibration,1,12,72,3712,4.827462673187256
calibration,1,12,73,4597,5.216122150421143
calibration,1,12,74,2003,5.546600818634033
calibration,1,12,75,38,4.929558277130127
calibration,1,12,76,2557,6.058197021484375
calibration,1,12,77,648,5.29787540435791
calibration,1,12,78,2091,5.22990608215332
calibration,1,12,79,2261,5.070950508117676
calibration,1,12,80,2086,5.685179710388184
calibration,1,12,81,4297,4.429403305053711
calibration,1,12,82,3993,5.376699924468994
calibration,1,12,83,559,4.872674465179443
calibration,1,12,84,3219,5.443783760070801
calibration,1,12,85,3324,5.327338695526123
calibration,1,12,86,4366,4.822815418243408
calibration,1,12,87,323,4.997272968292236
calibration,1,12,88,3151,4.7546067237854
calibration,1,12,89,2912,4.559957504272461
calibration,1,12,90,2892,4.65216064453125
calibration,1,12,91,1031,6.772630214691162
calibration,1,12,92,2905,4.568784713745117
calibration,1,12,93,1747,5.743478298187256
calibration,1,12,94,1426,5.405665397644043
calibration,1,12,95,1288,5.135918617248535
calibration,1,15,0,720,5.491279125213623
calibration,1,15,1,3796,5.505040645599365
calibration,1,15,2,2979,4.8007354736328125
calibration,1,15,3,3195,4.91703462600708
calibration,1,15,4,3348,7.148938179016113
calibration,1,15,5,636,6.991855621337891
calibration,1,15,6,655,5.119990825653076
calibration,1,15,7,4470,5.770638465881348
calibration,1,15,8,3767,4.981884002685547
calibration,1,15,9,1123,7.054161071777344
calibration,1,15,10,1907,4.439403057098389
calibration,1,15,11,4325,10.194636344909668
calibration,1,15,12,3374,6.613038539886475
calibration,1,15,13,552,4.766379356384277
calibration,1,15,14,1983,5.137512683868408
calibration,1,15,15,279,4.262824058532715
calibration,1,15,16,3116,5.441469192504883
calibration,1,15,17,3247,6.294984340667725
calibration,1,15,18,4798,6.90225887298584
calibration,1,15,19,2782,4.685400485992432
calibration,1,15,20,2029,4.825674057006836
calibration,1,15,21,3681,4.795916557312012
calibration,1,15,22,252,6.09840726852417
calibration,1,15,23,2694,5.6636457443237305
calibration,1,15,24,1696,7.2936482429504395
calibration,1,15,25,1,6.003888130187988
calibration,1,15,26,1432,6.764143943786621
calibration,1,15,27,3131,5.191497802734375
calibration,1,15,28,4718,4.596860885620117
calibration,1,15,29,2055,5.76182746887207
calibration,1,15,30,4817,5.092716693878174
calibration,1,15,31,2110,5.734755039215088
calibration,1,15,32,4972,7.7133073806762695
calibration,1,15,33,3779,6.825804710388184
calibration,1,15,34,4553,4.349288463592529
calibration,1,15,35,4505,6.054337024688721
calibration,1,15,36,779,5.863208293914795
calibration,1,15,37,375,4.348154067993164
calibration,1,15,38,3175,6.697170734405518
calibration,1,15,39,1099,4.793757915496826
calibration,1,15,40,3387,5.267620086669922
calibration,1,15,41,3081,4.127810955047607
calibration,1,15,42,461,7.27843713760376
calibration,1,15,43,429,5.071285247802734
calibration,1,15,44,2649,7.750490188598633
calibration,1,15,45,1815,10.8508882522583
calibration,1,15,46,4318,4.766729354858398
calibration,1,15,47,226,6.441244602203369
calibration,1,15,48,4210,11.641645431518555
calibration,1,15,49,892,9.85720443725586
calibration,1,15,50,2021,5.265469074249268
calibration,1,15,51,2579,4.987172603607178
calibration,1,15,52,2843,4.768795490264893
calibration,1,15,53,2661,6.255607604980469
calibration,1,15,54,426,5.552998065948486
calibration,1,15,55,768,4.9353928565979
calibration,1,15,56,2163,6.3552327156066895
calibration,1,15,57,2378,4.703609943389893
calibration,1,15,58,1777,4.474550724029541
calibration,1,15,59,2019,5.128177165985107
calibration,1,15,60,611,4.2117533683776855
calibration,1,15,61,1632,7.9190897941589355
calibration,1,15,62,1668,8.274818420410156
calibration,1,15,63,2131,5.847263813018799
calibration,1,15,64,4582,2.260894775390625
calibration,1,15,65,3185,4.508266448974609
calibration,1,15,66,3604,5.527493476867676
calibration,1,15,67,2688,4.788950443267822
calibration,1,15,68,1024,9.525343894958496
calibration,1,15,69,3447,5.077598571777344
calibration,1,15,70,1624,4.0627031326293945
calibration,1,15,71,683,4.285051345825195
calibration,1,15,72,3712,4.638329982757568
calibration,1,15,73,4597,4.6687703132629395
calibration,1,15,74,2003,5.416861534118652
calibration,1,15,75,38,4.9308905601501465
calibration,1,15,76,2557,5.644250392913818
calibration,1,15,77,648,5.191216945648193
calibration,1,15,78,2091,5.2054314613342285
calibration,1,15,79,2261,4.730223655700684
calibration,1,15,80,2086,5.359521865844727
calibration,1,15,81,4297,4.382277488708496
calibration,1,15,82,3993,5.12056827545166
calibration,1,15,83,559,4.418763637542725
calibration,1,15,84,3219,4.679870128631592
calibration,1,15,85,3324,5.089732646942139
calibration,1,15,86,4366,4.577071189880371
calibration,1,15,87,323,4.729421138763428
calibration,1,15,88,3151,4.512856960296631
calibration,1,15,89,2912,4.473247051239014
calibration,1,15,90,2892,4.440737247467041
calibration,1,15,91,1031,6.795368194580078
calibration,1,15,92,2905,4.2013630867004395
calibration,1,15,93,1747,5.531904220581055
calibration,1,15,94,1426,5.557877540588379
calibration,1,15,95,1288,5.237255573272705
calibration,1,17,0,720,5.460114479064941
calibration,1,17,1,3796,5.47019624710083
calibration,1,17,2,2979,4.805391311645508
calibration,1,17,3,3195,4.9605183601379395
calibration,1,17,4,3348,7.361217975616455
calibration,1,17,5,636,6.857921600341797
calibration,1,17,6,655,5.1517791748046875
calibration,1,17,7,4470,5.657684326171875
calibration,1,17,8,3767,5.048665523529053
calibration,1,17,9,1123,6.740612506866455
calibration,1,17,10,1907,4.486473560333252
calibration,1,17,11,4325,10.638784408569336
calibration,1,17,12,3374,6.7815165519714355
calibration,1,17,13,552,4.653304100036621
calibration,1,17,14,1983,5.164969444274902
calibration,1,17,15,279,4.267601490020752
calibration,1,17,16,3116,5.474285125732422
calibration,1,17,17,3247,6.220032215118408
calibration,1,17,18,4798,7.189569473266602
calibration,1,17,19,2782,4.64075231552124
calibration,1,17,20,2029,4.761661529541016
calibration,1,17,21,3681,4.788316249847412
calibration,1,17,22,252,6.17429780960083
calibration,1,17,23,2694,5.758159160614014
calibration,1,17,24,1696,7.363423824310303
calibration,1,17,25,1,5.947196006774902
calibration,1,17,26,1432,7.1419596672058105
calibration,1,17,27,3131,5.31781005859375
calibration,1,17,28,4718,4.582561016082764
calibration,1,17,29,2055,5.3981499671936035
calibration,1,17,30,4817,5.0435638427734375
calibration,1,17,31,2110,5.474012851715088
calibration,1,17,32,4972,7.906164169311523
calibration,1,17,33,3779,6.841922283172607
calibration,1,17,34,4553,4.7657470703125
calibration,1,17,35,4505,6.565425872802734
calibration,1,17,36,779,6.036026477813721
calibration,1,17,37,375,4.398983001708984
calibration,1,17,38,3175,6.947774887084961
calibration,1,17,39,1099,4.794918537139893
calibration,1,17,40,3387,5.250143527984619
calibration,1,17,41,3081,4.053197860717773
calibration,1,17,42,461,7.483598709106445
calibration,1,17,43,429,5.0804572105407715
calibration,1,17,44,2649,8.141501426696777
calibration,1,17,45,1815,10.769430160522461
calibration,1,17,46,4318,4.8164963722229
calibration,1,17,47,226,6.599447727203369
calibration,1,17,48,4210,12.373716354370117
calibration,1,17,49,892,10.223238945007324
calibration,1,17,50,2021,5.211421489715576
calibration,1,17,51,2579,5.139092922210693
calibration,1,17,52,2843,4.708464622497559
calibration,1,17,53,2661,6.525462627410889
calibration,1,17,54,426,5.472743034362793
calibration,1,17,55,768,5.0023932456970215
calibration,1,17,56,2163,6.388880252838135
calibration,1,17,57,2378,4.739665508270264
calibration,1,17,58,1777,4.499736309051514
calibration,1,17,59,2019,5.420078277587891
calibration,1,17,60,611,4.23109769821167
calibration,1,17,61,1632,8.450533866882324
calibration,1,17,62,1668,8.169639587402344
calibration,1,17,63,2131,5.843111515045166
calibration,1,17,64,4582,2.440925121307373
calibration,1,17,65,3185,4.48040771484375
calibration,1,17,66,3604,5.7965474128723145
calibration,1,17,67,2688,4.811647891998291
calibration,1,17,68,1024,9.750723838806152
calibration,1,17,69,3447,5.004720211029053
calibration,1,17,70,1624,3.9756920337677
calibration,1,17,71,683,4.658285140991211
calibration,1,17,72,3712,4.586111545562744
calibration,1,17,73,4597,5.369384765625
calibration,1,17,74,2003,5.4669084548950195
calibration,1,17,75,38,4.869711875915527
calibration,1,17,76,2557,5.915633678436279
calibration,1,17,77,648,5.1972808837890625
calibration,1,17,78,2091,5.286322116851807
calibration,1,17,79,2261,4.718958377838135
calibration,1,17,80,2086,5.502677917480469
calibration,1,17,81,4297,4.277470588684082
calibration,1,17,82,3993,5.249965190887451
calibration,1,17,83,559,4.430580139160156
calibration,1,17,84,3219,4.659108638763428
calibration,1,17,85,3324,5.103858470916748
calibration,1,17,86,4366,4.59683084487915
calibration,1,17,87,323,4.633709907531738
calibration,1,17,88,3151,4.609313011169434
calibration,1,17,89,2912,4.4343953132629395
calibration,1,17,90,2892,4.519913673400879
calibration,1,17,91,1031,6.982642650604248
calibration,1,17,92,2905,4.4348649978637695
calibration,1,17,93,1747,5.877040863037109
calibration,1,17,94,1426,5.555261611938477
calibration,1,17,95,1288,5.169250965118408
calibration,1,19,0,720,5.942616939544678
calibration,1,19,1,3796,5.862929344177246
calibration,1,19,2,2979,5.019668102264404
calibration,1,19,3,3195,5.248719215393066
calibration,1,19,4,3348,7.169543266296387
calibration,1,19,5,636,7.151673793792725
calibration,1,19,6,655,5.455287456512451
calibration,1,19,7,4470,6.023494720458984
calibration,1,19,8,3767,5.212727069854736
calibration,1,19,9,1123,7.876270771026611
calibration,1,19,10,1907,4.604145526885986
calibration,1,19,11,4325,10.32475757598877
calibration,1,19,12,3374,6.960375785827637
calibration,1,19,13,552,4.945672035217285
calibration,1,19,14,1983,5.641325950622559
calibration,1,19,15,279,4.446638584136963
calibration,1,19,16,3116,5.953315734863281
calibration,1,19,17,3247,6.488359451293945
calibration,1,19,18,4798,7.161797046661377
calibration,1,19,19,2782,4.876337051391602
calibration,1,19,20,2029,4.9427103996276855
calibration,1,19,21,3681,5.1464152336120605
calibration,1,19,22,252,6.55662727355957
calibration,1,19,23,2694,5.925043106079102
calibration,1,19,24,1696,7.584987163543701
calibration,1,19,25,1,6.309059143066406
calibration,1,19,26,1432,6.951289176940918
calibration,1,19,27,3131,5.833967208862305
calibration,1,19,28,4718,4.981529712677002
calibration,1,19,29,2055,5.582509517669678
calibration,1,19,30,4817,5.293035984039307
calibration,1,19,31,2110,5.84052038192749
calibration,1,19,32,4972,8.255125045776367
calibration,1,19,33,3779,6.718303203582764
calibration,1,19,34,4553,4.698979377746582
calibration,1,19,35,4505,6.170997619628906
calibration,1,19,36,779,6.270197868347168
calibration,1,19,37,375,4.622648239135742
calibration,1,19,38,3175,6.915530681610107
calibration,1,19,39,1099,4.95546293258667
calibration,1,19,40,3387,5.618346691131592
calibration,1,19,41,3081,4.3472089767456055
calibration,1,19,42,461,7.198932647705078
calibration,1,19,43,429,5.2472147941589355
calibration,1,19,44,2649,8.552268981933594
calibration,1,19,45,1815,10.62220573425293
calibration,1,19,46,4318,5.067721366882324
calibration,1,19,47,226,6.723325252532959
calibration,1,19,48,4210,11.810952186584473
calibration,1,19,49,892,10.172658920288086
calibration,1,19,50,2021,5.74180793762207
calibration,1,19,51,2579,5.5086283683776855
calibration,1,19,52,2843,4.986883640289307
calibration,1,19,53,2661,6.442134380340576
calibration,1,19,54,426,5.808784008026123
calibration,1,19,55,768,5.342745780944824
calibration,1,19,56,2163,6.534702301025391
calibration,1,19,57,2378,5.068995475769043
calibration,1,19,58,1777,4.899607181549072
calibration,1,19,59,2019,5.7167863845825195
calibration,1,19,60,611,4.383364677429199
calibration,1,19,61,1632,8.418737411499023
calibration,1,19,62,1668,8.016154289245605
calibration,1,19,63,2131,6.095668315887451
calibration,1,19,64,4582,2.4706993103027344
calibration,1,19,65,3185,4.8237433433532715
calibration,1,19,66,3604,6.033444881439209
calibration,1,19,67,2688,5.269390106201172
calibration,1,19,68,1024,9.538439750671387
calibration,1,19,69,3447,5.289889812469482
calibration,1,19,70,1624,4.312437057495117
calibration,1,19,71,683,4.59341287612915
calibration,1,19,72,3712,4.887009143829346
calibration,1,19,73,4597,5.370059967041016
calibration,1,19,74,2003,5.849577903747559
calibration,1,19,75,38,5.057049751281738
calibration,1,19,76,2557,6.398740291595459
calibration,1,19,77,648,5.5174078941345215
calibration,1,19,78,2091,5.392929553985596
calibration,1,19,79,2261,5.0224690437316895
calibration,1,19,80,2086,5.762512683868408
calibration,1,19,81,4297,4.697342395782471
calibration,1,19,82,3993,5.444803237915039
calibration,1,19,83,559,4.629434585571289
calibration,1,19,84,3219,4.9451422691345215
calibration,1,19,85,3324,5.300913333892822
calibration,1,19,86,4366,4.8474202156066895
calibration,1,19,87,323,5.1194987297058105
calibration,1,19,88,3151,4.948517322540283
calibration,1,19,89,2912,4.765331745147705
calibration,1,19,90,2892,4.849581241607666
calibration,1,19,91,1031,6.868107795715332
calibration,1,19,92,2905,4.938477516174316
calibration,1,19,93,1747,5.949632167816162
calibration,1,19,94,1426,5.938158988952637
calibration,1,19,95,1288,5.493730068206787
calibration,1,21,0,720,6.105364799499512
calibration,1,21,1,3796,5.858107089996338
calibration,1,21,2,2979,5.20368766784668
calibration,1,21,3,3195,5.117347240447998
calibration,1,21,4,3348,7.322170734405518
calibration,1,21,5,636,7.076812744140625
calibration,1,21,6,655,5.6178202629089355
calibration,1,21,7,4470,6.234720230102539
calibration,1,21,8,3767,5.198526382446289
calibration,1,21,9,1123,8.358704566955566
calibration,1,21,10,1907,4.734664440155029
calibration,1,21,11,4325,10.275069236755371
calibration,1,21,12,3374,7.103527069091797
calibration,1,21,13,552,5.291335105895996
calibration,1,21,14,1983,5.519937992095947
calibration,1,21,15,279,4.5144476890563965
calibration,1,21,16,3116,6.363916873931885
calibration,1,21,17,3247,6.6206440925598145
calibration,1,21,18,4798,7.469971656799316
calibration,1,21,19,2782,4.872158527374268
calibration,1,21,20,2029,4.888449192047119
calibration,1,21,21,3681,5.04901123046875
calibration,1,21,22,252,6.5041069984436035
calibration,1,21,23,2694,6.024886131286621
calibration,1,21,24,1696,8.027217864990234
calibration,1,21,25,1,6.562805652618408
calibration,1,21,26,1432,7.24982213973999
calibration,1,21,27,3131,5.908507823944092
calibration,1,21,28,4718,5.0618157386779785
calibration,1,21,29,2055,5.570695400238037
calibration,1,21,30,4817,5.292848110198975
calibration,1,21,31,2110,6.110666275024414
calibration,1,21,32,4972,8.172016143798828
calibration,1,21,33,3779,6.7956929206848145
calibration,1,21,34,4553,4.604091644287109
calibration,1,21,35,4505,6.296701908111572
calibration,1,21,36,779,6.249675273895264
calibration,1,21,37,375,4.68146276473999
calibration,1,21,38,3175,6.936795234680176
calibration,1,21,39,1099,4.948197364807129
calibration,1,21,40,3387,5.650475978851318
calibration,1,21,41,3081,4.413578987121582
calibration,1,21,42,461,7.3085408210754395
calibration,1,21,43,429,5.480543613433838
calibration,1,21,44,2649,8.0796537399292
calibration,1,21,45,1815,10.907462120056152
calibration,1,21,46,4318,5.154658794403076
calibration,1,21,47,226,6.921877384185791
calibration,1,21,48,4210,11.907073020935059
calibration,1,21,49,892,9.781612396240234
calibration,1,21,50,2021,5.944772720336914
calibration,1,21,51,2579,5.558589935302734
calibration,1,21,52,2843,4.986482620239258
calibration,1,21,53,2661,6.643352508544922
calibration,1,21,54,426,5.8419623374938965
calibration,1,21,55,768,5.639200210571289
calibration,1,21,56,2163,6.657281875610352
calibration,1,21,57,2378,5.253655910491943
calibration,1,21,58,1777,4.791555881500244
calibration,1,21,59,2019,5.877923011779785
calibration,1,21,60,611,4.448780536651611
calibration,1,21,61,1632,8.675825119018555
calibration,1,21,62,1668,8.300776481628418
calibration,1,21,63,2131,6.019320964813232
calibration,1,21,64,4582,2.408522605895996
calibration,1,21,65,3185,4.9516191482543945
calibration,1,21,66,3604,6.051248550415039
calibration,1,21,67,2688,5.18559455871582
calibration,1,21,68,1024,10.003378868103027
calibration,1,21,69,3447,5.171000003814697
calibration,1,21,70,1624,4.374505043029785
calibration,1,21,71,683,4.720047473907471
calibration,1,21,72,3712,4.789337635040283
calibration,1,21,73,4597,5.155393123626709
calibration,1,21,74,2003,5.741109371185303
calibration,1,21,75,38,5.223928451538086
calibration,1,21,76,2557,5.921872138977051
calibration,1,21,77,648,5.467316627502441
calibration,1,21,78,2091,5.3996806144714355
calibration,1,21,79,2261,5.049748420715332
calibration,1,21,80,2086,5.908632278442383
calibration,1,21,81,4297,4.890112400054932
calibration,1,21,82,3993,5.498498439788818
calibration,1,21,83,559,4.666356563568115
calibration,1,21,84,3219,4.943345069885254
calibration,1,21,85,3324,5.528361797332764
calibration,1,21,86,4366,4.850775241851807
calibration,1,21,87,323,5.117824077606201
calibration,1,21,88,3151,4.836851119995117
calibration,1,21,89,2912,4.906910419464111
calibration,1,21,90,2892,5.005862712860107
calibration,1,21,91,1031,7.059267520904541
calibration,1,21,92,2905,4.821873664855957
calibration,1,21,93,1747,5.976269245147705
calibration,1,21,94,1426,6.79733943939209
calibration,1,21,95,1288,5.7786078453063965
calibration,1,24,0,720,6.084824085235596
calibration,1,24,1,3796,5.844254970550537
calibration,1,24,2,2979,5.148289203643799
calibration,1,24,3,3195,5.145408630371094
calibration,1,24,4,3348,7.388767242431641
calibration,1,24,5,636,7.098598957061768
calibration,1,24,6,655,5.409255027770996
calibration,1,24,7,4470,5.898866653442383
calibration,1,24,8,3767,5.175429344177246
calibration,1,24,9,1123,7.434760093688965
calibration,1,24,10,1907,4.693932056427002
calibration,1,24,11,4325,10.128602981567383
calibration,1,24,12,3374,6.953949451446533
calibration,1,24,13,552,5.0200724601745605
calibration,1,24,14,1983,5.4486541748046875
calibration,1,24,15,279,4.394222259521484
calibration,1,24,16,3116,5.949807643890381
calibration,1,24,17,3247,6.538066387176514
calibration,1,24,18,4798,7.3693108558654785
calibration,1,24,19,2782,4.932488441467285
calibration,1,24,20,2029,4.895003318786621
calibration,1,24,21,3681,5.108734607696533
calibration,1,24,22,252,6.443972110748291
calibration,1,24,23,2694,6.001463413238525
calibration,1,24,24,1696,7.650110721588135
calibration,1,24,25,1,6.22652006149292
calibration,1,24,26,1432,6.82778787612915
calibration,1,24,27,3131,5.670086860656738
calibration,1,24,28,4718,4.978756427764893
calibration,1,24,29,2055,5.348182201385498
calibration,1,24,30,4817,5.3607683181762695
calibration,1,24,31,2110,5.624073028564453
calibration,1,24,32,4972,7.78447961807251
calibration,1,24,33,3779,7.010569095611572
calibration,1,24,34,4553,4.645904064178467
calibration,1,24,35,4505,6.368908882141113
calibration,1,24,36,779,6.378626346588135
calibration,1,24,37,375,4.572021484375
calibration,1,24,38,3175,6.9646382331848145
calibration,1,24,39,1099,5.0507731437683105
calibration,1,24,40,3387,5.576852321624756
calibration,1,24,41,3081,4.244006156921387
calibration,1,24,42,461,7.326043605804443
calibration,1,24,43,429,5.370926380157471
calibration,1,24,44,2649,7.777058124542236
calibration,1,24,45,1815,10.863706588745117
calibration,1,24,46,4318,5.02052640914917
calibration,1,24,47,226,6.836016654968262
calibration,1,24,48,4210,12.334681510925293
calibration,1,24,49,892,9.911325454711914
calibration,1,24,50,2021,5.574685096740723
calibration,1,24,51,2579,5.438903331756592
calibration,1,24,52,2843,4.80269193649292
calibration,1,24,53,2661,6.4297285079956055
calibration,1,24,54,426,5.857153415679932
calibration,1,24,55,768,5.299089431762695
calibration,1,24,56,2163,6.614430904388428
calibration,1,24,57,2378,5.09073543548584
calibration,1,24,58,1777,4.700003147125244
calibration,1,24,59,2019,5.597478866577148
calibration,1,24,60,611,4.476377487182617
calibration,1,24,61,1632,8.52259349822998
calibration,1,24,62,1668,8.315089225769043
calibration,1,24,63,2131,6.257504463195801
calibration,1,24,64,4582,2.4724316596984863
calibration,1,24,65,3185,4.755100727081299
calibration,1,24,66,3604,5.761220455169678
calibration,1,24,67,2688,5.011877536773682
calibration,1,24,68,1024,9.58494758605957
calibration,1,24,69,3447,5.182398319244385
calibration,1,24,70,1624,4.288914203643799
calibration,1,24,71,683,4.714783668518066
calibration,1,24,72,3712,4.783353328704834
calibration,1,24,73,4597,5.179278373718262
calibration,1,24,74,2003,5.774369716644287
calibration,1,24,75,38,5.1566925048828125
calibration,1,24,76,2557,5.899723052978516
calibration,1,24,77,648,5.350606918334961
calibration,1,24,78,2091,5.216884136199951
calibration,1,24,79,2261,4.973405361175537
calibration,1,24,80,2086,5.769764423370361
calibration,1,24,81,4297,4.695341110229492
calibration,1,24,82,3993,5.321969509124756
calibration,1,24,83,559,4.57526969909668
calibration,1,24,84,3219,4.968341827392578
calibration,1,24,85,3324,5.461438179016113
calibration,1,24,86,4366,4.857607364654541
calibration,1,24,87,323,5.0265727043151855
calibration,1,24,88,3151,4.668206691741943
calibration,1,24,89,2912,4.71806001663208
calibration,1,24,90,2892,4.753749370574951
calibration,1,24,91,1031,6.79435920715332
calibration,1,24,92,2905,4.5758137702941895
calibration,1,24,93,1747,5.827511310577393
calibration,1,24,94,1426,6.0212178230285645
calibration,1,24,95,1288,5.562692165374756
calibration,1,26,0,720,5.8608503341674805
calibration,1,26,1,3796,5.518654823303223
calibration,1,26,2,2979,4.954881191253662
calibration,1,26,3,3195,5.001331329345703
calibration,1,26,4,3348,7.161142826080322
calibration,1,26,5,636,6.904637813568115
calibration,1,26,6,655,5.21870756149292
calibration,1,26,7,4470,5.836100101470947
calibration,1,26,8,3767,5.081936836242676
calibration,1,26,9,1123,7.422898292541504
calibration,1,26,10,1907,4.651485443115234
calibration,1,26,11,4325,10.542787551879883
calibration,1,26,12,3374,6.607544898986816
calibration,1,26,13,552,4.892144203186035
calibration,1,26,14,1983,5.239528656005859
calibration,1,26,15,279,4.465120792388916
calibration,1,26,16,3116,5.805553913116455
calibration,1,26,17,3247,6.300835132598877
calibration,1,26,18,4798,6.995580196380615
calibration,1,26,19,2782,4.811203956604004
calibration,1,26,20,2029,4.852538585662842
calibration,1,26,21,3681,5.047869682312012
calibration,1,26,22,252,6.163254261016846
calibration,1,26,23,2694,5.782338619232178
calibration,1,26,24,1696,7.502317905426025
calibration,1,26,25,1,6.071962356567383
calibration,1,26,26,1432,6.7813215255737305
calibration,1,26,27,3131,5.497832775115967
calibration,1,26,28,4718,4.848463535308838
calibration,1,26,29,2055,5.429897785186768
calibration,1,26,30,4817,5.21924352645874
calibration,1,26,31,2110,5.611389636993408
calibration,1,26,32,4972,7.391274452209473
calibration,1,26,33,3779,6.588525772094727
calibration,1,26,34,4553,4.409453392028809
calibration,1,26,35,4505,5.8951945304870605
calibration,1,26,36,779,6.052935600280762
calibration,1,26,37,375,4.549905776977539
calibration,1,26,38,3175,6.825225830078125
calibration,1,26,39,1099,4.848825931549072
calibration,1,26,40,3387,5.443181037902832
calibration,1,26,41,3081,4.26417350769043
calibration,1,26,42,461,7.037492752075195
calibration,1,26,43,429,5.267643928527832
calibration,1,26,44,2649,7.410116672515869
calibration,1,26,45,1815,11.351204872131348
calibration,1,26,46,4318,5.031446933746338
calibration,1,26,47,226,6.577127456665039
calibration,1,26,48,4210,12.590361595153809
calibration,1,26,49,892,10.288227081298828
calibration,1,26,50,2021,5.463178634643555
calibration,1,26,51,2579,5.20554256439209
calibration,1,26,52,2843,4.74163293838501
calibration,1,26,53,2661,6.222890377044678
calibration,1,26,54,426,5.603472709655762
calibration,1,26,55,768,5.331065654754639
calibration,1,26,56,2163,6.316489219665527
calibration,1,26,57,2378,5.03019905090332
calibration,1,26,58,1777,4.791365623474121
calibration,1,26,59,2019,5.410817623138428
calibration,1,26,60,611,4.502742290496826
calibration,1,26,61,1632,8.104387283325195
calibration,1,26,62,1668,7.908830642700195
calibration,1,26,63,2131,5.848194122314453
calibration,1,26,64,4582,2.3895907402038574
calibration,1,26,65,3185,4.724686622619629
calibration,1,26,66,3604,5.781533718109131
calibration,1,26,67,2688,4.910910129547119
calibration,1,26,68,1024,9.879715919494629
calibration,1,26,69,3447,5.120693206787109
calibration,1,26,70,1624,4.111712455749512
calibration,1,26,71,683,4.474274158477783
calibration,1,26,72,3712,4.839625835418701
calibration,1,26,73,4597,4.892480850219727
calibration,1,26,74,2003,5.530101776123047
calibration,1,26,75,38,5.013700008392334
calibration,1,26,76,2557,5.758878231048584
calibration,1,26,77,648,5.220349311828613
calibration,1,26,78,2091,5.093146800994873
calibration,1,26,79,2261,4.813395023345947
calibration,1,26,80,2086,5.698800086975098
calibration,1,26,81,4297,4.597409248352051
calibration,1,26,82,3993,5.2034711837768555
calibration,1,26,83,559,4.505476951599121
calibration,1,26,84,3219,4.966188907623291
calibration,1,26,85,3324,5.256326675415039
calibration,1,26,86,4366,4.705397129058838
calibration,1,26,87,323,4.915066719055176
calibration,1,26,88,3151,4.602199077606201
calibration,1,26,89,2912,4.618679523468018
calibration,1,26,90,2892,4.776625156402588
calibration,1,26,91,1031,6.685218334197998
calibration,1,26,92,2905,4.420861721038818
calibration,1,26,93,1747,5.74429988861084
calibration,1,26,94,1426,5.929224014282227
calibration,1,26,95,1288,5.336134433746338
calibration,3,6,0,720,3.4557244777679443
calibration,3,6,1,3796,3.337663173675537
calibration,3,6,2,2979,2.958885669708252
calibration,3,6,3,3195,2.9128010272979736
calibration,3,6,4,3348,3.171936511993408
calibration,3,6,5,636,2.912977457046509
calibration,3,6,6,655,3.0465424060821533
calibration,3,6,7,4470,2.939725637435913
calibration,3,6,8,3767,2.6439437866210938
calibration,3,6,9,1123,2.8296141624450684
calibration,3,6,10,1907,2.9369874000549316
calibration,3,6,11,4325,3.207294225692749
calibration,3,6,12,3374,3.1164159774780273
calibration,3,6,13,552,2.6024415493011475
calibration,3,6,14,1983,3.145017147064209
calibration,3,6,15,279,2.999943256378174
calibration,3,6,16,3116,3.4089932441711426
calibration,3,6,17,3247,3.4485771656036377
calibration,3,6,18,4798,3.2244744300842285
calibration,3,6,19,2782,2.8021275997161865
calibration,3,6,20,2029,3.08542537689209
calibration,3,6,21,3681,2.9963274002075195
calibration,3,6,22,252,2.41353702545166
calibration,3,6,23,2694,2.794551372528076
calibration,3,6,24,1696,3.2572133541107178
calibration,3,6,25,1,3.2608039379119873
calibration,3,6,26,1432,2.9056448936462402
calibration,3,6,27,3131,3.1818532943725586
calibration,3,6,28,4718,3.332692861557007
calibration,3,6,29,2055,2.8508524894714355
calibration,3,6,30,4817,3.0933640003204346
calibration,3,6,31,2110,2.822732925415039
calibration,3,6,32,4972,2.8369131088256836
calibration,3,6,33,3779,2.400865316390991
calibration,3,6,34,4553,1.8096094131469727
calibration,3,6,35,4505,2.6166701316833496
calibration,3,6,36,779,3.160630702972412
calibration,3,6,37,375,2.9567463397979736
calibration,3,6,38,3175,2.953441619873047
calibration,3,6,39,1099,2.7950599193573
calibration,3,6,40,3387,3.544713020324707
calibration,3,6,41,3081,2.2962582111358643
calibration,3,6,42,461,2.592827320098877
calibration,3,6,43,429,3.371652603149414
calibration,3,6,44,2649,3.2341015338897705
calibration,3,6,45,1815,2.868137836456299
calibration,3,6,46,4318,3.0167667865753174
calibration,3,6,47,226,3.137817859649658
calibration,3,6,48,4210,2.923304796218872
calibration,3,6,49,892,2.820749044418335
calibration,3,6,50,2021,2.9933228492736816
calibration,3,6,51,2579,2.457796096801758
calibration,3,6,52,2843,2.991030216217041
calibration,3,6,53,2661,2.3543410301208496
calibration,3,6,54,426,3.4001970291137695
calibration,3,6,55,768,3.4887382984161377
calibration,3,6,56,2163,3.0539259910583496
calibration,3,6,57,2378,2.842165946960449
calibration,3,6,58,1777,3.327712059020996
calibration,3,6,59,2019,2.8432650566101074
calibration,3,6,60,611,2.885995388031006
calibration,3,6,61,1632,3.0499749183654785
calibration,3,6,62,1668,2.6330909729003906
calibration,3,6,63,2131,2.4799129962921143
calibration,3,6,64,4582,1.172243356704712
calibration,3,6,65,3185,2.663691997528076
calibration,3,6,66,3604,2.8245320320129395
calibration,3,6,67,2688,2.907275915145874
calibration,3,6,68,1024,2.9297964572906494
calibration,3,6,69,3447,3.2672712802886963
calibration,3,6,70,1624,2.7446329593658447
calibration,3,6,71,683,2.3575613498687744
calibration,3,6,72,3712,3.2427663803100586
calibration,3,6,73,4597,2.3017241954803467
calibration,3,6,74,2003,2.754152774810791
calibration,3,6,75,38,3.1012604236602783
calibration,3,6,76,2557,2.6599254608154297
calibration,3,6,77,648,3.2228853702545166
calibration,3,6,78,2091,2.418073892593384
calibration,3,6,79,2261,3.1262917518615723
calibration,3,6,80,2086,3.1069188117980957
calibration,3,6,81,4297,3.1368155479431152
calibration,3,6,82,3993,2.4944305419921875
calibration,3,6,83,559,2.7215683460235596
calibration,3,6,84,3219,3.4531023502349854
calibration,3,6,85,3324,3.0342795848846436
calibration,3,6,86,4366,3.2957100868225098
calibration,3,6,87,323,3.145094156265259
calibration,3,6,88,3151,2.858466148376465
calibration,3,6,89,2912,2.7918050289154053
calibration,3,6,90,2892,3.495893955230713
calibration,3,6,91,1031,3.5450351238250732
calibration,3,6,92,2905,2.1302359104156494
calibration,3,6,93,1747,3.0476574897766113
calibration,3,6,94,1426,3.2184677124023438
calibration,3,6,95,1288,2.9160735607147217
calibration,3,8,0,720,3.6247105598449707
calibration,3,8,1,3796,3.4842870235443115
calibration,3,8,2,2979,2.956631898880005
calibration,3,8,3,3195,2.913330554962158
calibration,3,8,4,3348,3.0707335472106934
calibration,3,8,5,636,2.9545300006866455
calibration,3,8,6,655,3.090066909790039
calibration,3,8,7,4470,3.0562899112701416
calibration,3,8,8,3767,2.652137517929077
calibration,3,8,9,1123,2.9363462924957275
calibration,3,8,10,1907,2.932558298110962
calibration,3,8,11,4325,3.238046169281006
calibration,3,8,12,3374,3.132260322570801
calibration,3,8,13,552,2.600778102874756
calibration,3,8,14,1983,3.2496869564056396
calibration,3,8,15,279,3.0708868503570557
calibration,3,8,16,3116,3.3077540397644043
calibration,3,8,17,3247,3.654742479324341
calibration,3,8,18,4798,3.3306260108947754
calibration,3,8,19,2782,2.7889816761016846
calibration,3,8,20,2029,3.2631804943084717
calibration,3,8,21,3681,2.958387613296509
calibration,3,8,22,252,2.5434536933898926
calibration,3,8,23,2694,2.9538941383361816
calibration,3,8,24,1696,3.479983329772949
calibration,3,8,25,1,3.363614320755005
calibration,3,8,26,1432,2.8777015209198
calibration,3,8,27,3131,3.225665807723999
calibration,3,8,28,4718,3.313028335571289
calibration,3,8,29,2055,3.001366376876831
calibration,3,8,30,4817,3.1762635707855225
calibration,3,8,31,2110,3.060718059539795
calibration,3,8,32,4972,2.8483192920684814
calibration,3,8,33,3779,2.432757616043091
calibration,3,8,34,4553,1.8406304121017456
calibration,3,8,35,4505,2.714538335800171
calibration,3,8,36,779,3.226046085357666
calibration,3,8,37,375,3.0218522548675537
calibration,3,8,38,3175,2.9041543006896973
calibration,3,8,39,1099,3.031087636947632
calibration,3,8,40,3387,3.661675453186035
calibration,3,8,41,3081,2.374305248260498
calibration,3,8,42,461,2.706329822540283
calibration,3,8,43,429,3.521574020385742
calibration,3,8,44,2649,3.200320243835449
calibration,3,8,45,1815,2.8976831436157227
calibration,3,8,46,4318,3.072253465652466
calibration,3,8,47,226,3.2100486755371094
calibration,3,8,48,4210,3.088805913925171
calibration,3,8,49,892,2.857060670852661
calibration,3,8,50,2021,3.0758657455444336
calibration,3,8,51,2579,2.4526150226593018
calibration,3,8,52,2843,3.0868849754333496
calibration,3,8,53,2661,2.316467761993408
calibration,3,8,54,426,3.3330883979797363
calibration,3,8,55,768,3.526057004928589
calibration,3,8,56,2163,3.05621075630188
calibration,3,8,57,2378,2.9579837322235107
calibration,3,8,58,1777,3.3505218029022217
calibration,3,8,59,2019,2.8747823238372803
calibration,3,8,60,611,3.0766801834106445
calibration,3,8,61,1632,3.1453492641448975
calibration,3,8,62,1668,2.7350950241088867
calibration,3,8,63,2131,2.4801478385925293
calibration,3,8,64,4582,1.163804054260254
calibration,3,8,65,3185,2.70418643951416
calibration,3,8,66,3604,2.8661019802093506
calibration,3,8,67,2688,2.854379177093506
calibration,3,8,68,1024,2.965604305267334
calibration,3,8,69,3447,3.347700357437134
calibration,3,8,70,1624,2.783095121383667
calibration,3,8,71,683,2.3856117725372314
calibration,3,8,72,3712,3.2674031257629395
calibration,3,8,73,4597,2.388805627822876
calibration,3,8,74,2003,2.8887224197387695
calibration,3,8,75,38,3.074420928955078
calibration,3,8,76,2557,2.622483253479004
calibration,3,8,77,648,3.375533103942871
calibration,3,8,78,2091,2.537428140640259
calibration,3,8,79,2261,3.1870594024658203
calibration,3,8,80,2086,3.1891376972198486
calibration,3,8,81,4297,3.1845860481262207
calibration,3,8,82,3993,2.4769399166107178
calibration,3,8,83,559,2.777649402618408
calibration,3,8,84,3219,3.3983209133148193
calibration,3,8,85,3324,3.057936429977417
calibration,3,8,86,4366,3.3142521381378174
calibration,3,8,87,323,3.1243479251861572
calibration,3,8,88,3151,2.988874673843384
calibration,3,8,89,2912,2.791698455810547
calibration,3,8,90,2892,3.538670063018799
calibration,3,8,91,1031,3.6229629516601562
calibration,3,8,92,2905,2.257715940475464
calibration,3,8,93,1747,3.1100008487701416
calibration,3,8,94,1426,3.2659389972686768
calibration,3,8,95,1288,2.9655401706695557
calibration,3,10,0,720,3.412649631500244
calibration,3,10,1,3796,3.1960549354553223
calibration,3,10,2,2979,2.658287763595581
calibration,3,10,3,3195,2.787806510925293
calibration,3,10,4,3348,2.9680140018463135
calibration,3,10,5,636,2.7738685607910156
calibration,3,10,6,655,2.8505170345306396
calibration,3,10,7,4470,2.882443428039551
calibration,3,10,8,3767,2.5037059783935547
calibration,3,10,9,1123,2.8128654956817627
calibration,3,10,10,1907,2.8597216606140137
calibration,3,10,11,4325,3.0705184936523438
calibration,3,10,12,3374,3.019745111465454
calibration,3,10,13,552,2.4636893272399902
calibration,3,10,14,1983,3.079195499420166
calibration,3,10,15,279,2.900275468826294
calibration,3,10,16,3116,3.0879733562469482
calibration,3,10,17,3247,3.3050503730773926
calibration,3,10,18,4798,3.1016759872436523
calibration,3,10,19,2782,2.6285786628723145
calibration,3,10,20,2029,3.0350000858306885
calibration,3,10,21,3681,2.8287436962127686
calibration,3,10,22,252,2.304741859436035
calibration,3,10,23,2694,2.7309134006500244
calibration,3,10,24,1696,3.1595511436462402
calibration,3,10,25,1,3.199517250061035
calibration,3,10,26,1432,2.7483713626861572
calibration,3,10,27,3131,3.090291976928711
calibration,3,10,28,4718,3.0666489601135254
calibration,3,10,29,2055,2.7711164951324463
calibration,3,10,30,4817,2.993072986602783
calibration,3,10,31,2110,2.8397746086120605
calibration,3,10,32,4972,2.629028558731079
calibration,3,10,33,3779,2.3308205604553223
calibration,3,10,34,4553,1.7494912147521973
calibration,3,10,35,4505,2.534853219985962
calibration,3,10,36,779,2.9231960773468018
calibration,3,10,37,375,2.9293107986450195
calibration,3,10,38,3175,2.8512489795684814
calibration,3,10,39,1099,2.7459256649017334
calibration,3,10,40,3387,3.4411096572875977
calibration,3,10,41,3081,2.1051411628723145
calibration,3,10,42,461,2.4647908210754395
calibration,3,10,43,429,3.1204299926757812
calibration,3,10,44,2649,2.9828078746795654
calibration,3,10,45,1815,2.783094882965088
calibration,3,10,46,4318,2.886362314224243
calibration,3,10,47,226,3.0413801670074463
calibration,3,10,48,4210,2.802868127822876
calibration,3,10,49,892,2.7658092975616455
calibration,3,10,50,2021,2.943697214126587
calibration,3,10,51,2579,2.346994161605835
calibration,3,10,52,2843,2.8890159130096436
calibration,3,10,53,2661,2.2465837001800537
calibration,3,10,54,426,3.083617925643921
calibration,3,10,55,768,3.365662097930908
calibration,3,10,56,2163,2.9481828212738037
calibration,3,10,57,2378,2.755086898803711
calibration,3,10,58,1777,3.2240302562713623
calibration,3,10,59,2019,2.8364150524139404
calibration,3,10,60,611,2.8535921573638916
calibration,3,10,61,1632,3.015713930130005
calibration,3,10,62,1668,2.3686506748199463
calibration,3,10,63,2131,2.367448329925537
calibration,3,10,64,4582,1.1202380657196045
calibration,3,10,65,3185,2.5568578243255615
calibration,3,10,66,3604,2.6970083713531494
calibration,3,10,67,2688,2.7825167179107666
calibration,3,10,68,1024,2.8622376918792725
calibration,3,10,69,3447,3.1713366508483887
calibration,3,10,70,1624,2.7469935417175293
calibration,3,10,71,683,2.2812368869781494
calibration,3,10,72,3712,3.0307345390319824
calibration,3,10,73,4597,2.258988380432129
calibration,3,10,74,2003,2.779780387878418
calibration,3,10,75,38,2.8622779846191406
calibration,3,10,76,2557,2.534874439239502
calibration,3,10,77,648,3.1501259803771973
calibration,3,10,78,2091,2.406550645828247
calibration,3,10,79,2261,3.1019256114959717
calibration,3,10,80,2086,3.0690033435821533
calibration,3,10,81,4297,3.0333001613616943
calibration,3,10,82,3993,2.3695101737976074
calibration,3,10,83,559,2.6729888916015625
calibration,3,10,84,3219,3.2393429279327393
calibration,3,10,85,3324,2.9929709434509277
calibration,3,10,86,4366,3.031520366668701
calibration,3,10,87,323,2.9537742137908936
calibration,3,10,88,3151,2.8106744289398193
calibration,3,10,89,2912,2.602435350418091
calibration,3,10,90,2892,3.1448004245758057
calibration,3,10,91,1031,3.4320435523986816
calibration,3,10,92,2905,2.0517094135284424
calibration,3,10,93,1747,2.9242136478424072
calibration,3,10,94,1426,3.0588464736938477
calibration,3,10,95,1288,2.7112016677856445
calibration,3,12,0,720,3.457803249359131
calibration,3,12,1,3796,3.1811177730560303
calibration,3,12,2,2979,2.6426937580108643
calibration,3,12,3,3195,2.7871944904327393
calibration,3,12,4,3348,2.9671928882598877
calibration,3,12,5,636,2.82535982131958
calibration,3,12,6,655,2.8419272899627686
calibration,3,12,7,4470,2.898588180541992
calibration,3,12,8,3767,2.542212963104248
calibration,3,12,9,1123,2.763564348220825
calibration,3,12,10,1907,2.8713808059692383
calibration,3,12,11,4325,3.099888801574707
calibration,3,12,12,3374,3.0235135555267334
calibration,3,12,13,552,2.441470146179199
calibration,3,12,14,1983,3.044306755065918
calibration,3,12,15,279,2.9029972553253174
calibration,3,12,16,3116,3.0309178829193115
calibration,3,12,17,3247,3.2737269401550293
calibration,3,12,18,4798,3.1284332275390625
calibration,3,12,19,2782,2.614447593688965
calibration,3,12,20,2029,3.028221368789673
calibration,3,12,21,3681,2.8733203411102295
calibration,3,12,22,252,2.215547561645508
calibration,3,12,23,2694,2.706500291824341
calibration,3,12,24,1696,3.1702756881713867
calibration,3,12,25,1,3.2049381732940674
calibration,3,12,26,1432,2.772193431854248
calibration,3,12,27,3131,3.1161997318267822
calibration,3,12,28,4718,3.0545766353607178
calibration,3,12,29,2055,2.7959532737731934
calibration,3,12,30,4817,2.9678893089294434
calibration,3,12,31,2110,2.7418761253356934
calibration,3,12,32,4972,2.6607658863067627
calibration,3,12,33,3779,2.3008065223693848
calibration,3,12,34,4553,1.7487081289291382
calibration,3,12,35,4505,2.588376998901367
calibration,3,12,36,779,2.9841246604919434
calibration,3,12,37,375,2.9758353233337402
calibration,3,12,38,3175,2.8575446605682373
calibration,3,12,39,1099,2.7059326171875
calibration,3,12,40,3387,3.4375381469726562
calibration,3,12,41,3081,2.0926475524902344
calibration,3,12,42,461,2.506650447845459
calibration,3,12,43,429,3.14070463180542
calibration,3,12,44,2649,2.945821762084961
calibration,3,12,45,1815,2.751275062561035
calibration,3,12,46,4318,2.899035692214966
calibration,3,12,47,226,3.001225471496582
calibration,3,12,48,4210,2.7785496711730957
calibration,3,12,49,892,2.7188048362731934
calibration,3,12,50,2021,2.9718048572540283
calibration,3,12,51,2579,2.345811128616333
calibration,3,12,52,2843,2.92760968208313
calibration,3,12,53,2661,2.2333433628082275
calibration,3,12,54,426,3.1435580253601074
calibration,3,12,55,768,3.4103705883026123
calibration,3,12,56,2163,2.8935699462890625
calibration,3,12,57,2378,2.7004201412200928
calibration,3,12,58,1777,3.1759045124053955
calibration,3,12,59,2019,2.7841997146606445
calibration,3,12,60,611,2.8457062244415283
calibration,3,12,61,1632,3.0122733116149902
calibration,3,12,62,1668,2.3587512969970703
calibration,3,12,63,2131,2.3807504177093506
calibration,3,12,64,4582,1.1397432088851929
calibration,3,12,65,3185,2.5657145977020264
calibration,3,12,66,3604,2.658273458480835
calibration,3,12,67,2688,2.7562673091888428
calibration,3,12,68,1024,2.8187735080718994
calibration,3,12,69,3447,3.1367156505584717
calibration,3,12,70,1624,2.7415919303894043
calibration,3,12,71,683,2.367375135421753
calibration,3,12,72,3712,2.9761860370635986
calibration,3,12,73,4597,2.26481556892395
calibration,3,12,74,2003,2.7710204124450684
calibration,3,12,75,38,2.868415117263794
calibration,3,12,76,2557,2.5485293865203857
calibration,3,12,77,648,3.1028828620910645
calibration,3,12,78,2091,2.386451244354248
calibration,3,12,79,2261,3.0732455253601074
calibration,3,12,80,2086,3.046830177307129
calibration,3,12,81,4297,3.0422861576080322
calibration,3,12,82,3993,2.385906457901001
calibration,3,12,83,559,2.63657808303833
calibration,3,12,84,3219,3.2610700130462646
calibration,3,12,85,3324,2.994521379470825
calibration,3,12,86,4366,3.042262554168701
calibration,3,12,87,323,2.9223101139068604
calibration,3,12,88,3151,2.8375391960144043
calibration,3,12,89,2912,2.5910027027130127
calibration,3,12,90,2892,3.220179319381714
calibration,3,12,91,1031,3.445392608642578
calibration,3,12,92,2905,2.0777664184570312
calibration,3,12,93,1747,2.940859079360962
calibration,3,12,94,1426,2.9750726222991943
calibration,3,12,95,1288,2.693561553955078
calibration,3,15,0,720,3.349780321121216
calibration,3,15,1,3796,3.1932528018951416
calibration,3,15,2,2979,2.633286952972412
calibration,3,15,3,3195,2.813361406326294
calibration,3,15,4,3348,2.9074156284332275
calibration,3,15,5,636,2.739077568054199
calibration,3,15,6,655,2.825354814529419
calibration,3,15,7,4470,2.8877875804901123
calibration,3,15,8,3767,2.5355703830718994
calibration,3,15,9,1123,2.7513184547424316
calibration,3,15,10,1907,2.8863985538482666
calibration,3,15,11,4325,3.065760374069214
calibration,3,15,12,3374,3.058011531829834
calibration,3,15,13,552,2.4451518058776855
calibration,3,15,14,1983,3.052318572998047
calibration,3,15,15,279,2.8968756198883057
calibration,3,15,16,3116,3.0428307056427
calibration,3,15,17,3247,3.2643966674804688
calibration,3,15,18,4798,3.063246726989746
calibration,3,15,19,2782,2.5810346603393555
calibration,3,15,20,2029,3.049715280532837
calibration,3,15,21,3681,2.8633594512939453
calibration,3,15,22,252,2.2174441814422607
calibration,3,15,23,2694,2.6404004096984863
calibration,3,15,24,1696,3.1567859649658203
calibration,3,15,25,1,3.21036434173584
calibration,3,15,26,1432,2.7434544563293457
calibration,3,15,27,3131,3.109788656234741
calibration,3,15,28,4718,3.0938632488250732
calibration,3,15,29,2055,2.7836499214172363
calibration,3,15,30,4817,2.9701120853424072
calibration,3,15,31,2110,2.7314789295196533
calibration,3,15,32,4972,2.615917205810547
calibration,3,15,33,3779,2.2664945125579834
calibration,3,15,34,4553,1.7569464445114136
calibration,3,15,35,4505,2.549221992492676
calibration,3,15,36,779,2.9195334911346436
calibration,3,15,37,375,2.9299190044403076
calibration,3,15,38,3175,2.8811824321746826
calibration,3,15,39,1099,2.659658193588257
calibration,3,15,40,3387,3.446995258331299
calibration,3,15,41,3081,2.104823589324951
calibration,3,15,42,461,2.529717445373535
calibration,3,15,43,429,3.1092915534973145
calibration,3,15,44,2649,2.966610908508301
calibration,3,15,45,1815,2.7718617916107178
calibration,3,15,46,4318,2.853938102722168
calibration,3,15,47,226,2.958653211593628
calibration,3,15,48,4210,2.7807352542877197
calibration,3,15,49,892,2.737499952316284
calibration,3,15,50,2021,2.9240756034851074
calibration,3,15,51,2579,2.361855983734131
calibration,3,15,52,2843,2.839900493621826
calibration,3,15,53,2661,2.2178518772125244
calibration,3,15,54,426,3.1428492069244385
calibration,3,15,55,768,3.336780309677124
calibration,3,15,56,2163,2.9399056434631348
calibration,3,15,57,2378,2.718686580657959
calibration,3,15,58,1777,3.1811089515686035
calibration,3,15,59,2019,2.7756247520446777
calibration,3,15,60,611,2.805314779281616
calibration,3,15,61,1632,3.0204665660858154
calibration,3,15,62,1668,2.357112169265747
calibration,3,15,63,2131,2.370267391204834
calibration,3,15,64,4582,1.0896074771881104
calibration,3,15,65,3185,2.5413811206817627
calibration,3,15,66,3604,2.659724712371826
calibration,3,15,67,2688,2.763620138168335
calibration,3,15,68,1024,2.821254253387451
calibration,3,15,69,3447,3.092042922973633
calibration,3,15,70,1624,2.724222421646118
calibration,3,15,71,683,2.3115601539611816
calibration,3,15,72,3712,3.0333545207977295
calibration,3,15,73,4597,2.265681028366089
calibration,3,15,74,2003,2.7544755935668945
calibration,3,15,75,38,2.839569091796875
calibration,3,15,76,2557,2.51486873626709
calibration,3,15,77,648,3.096884250640869
calibration,3,15,78,2091,2.4006810188293457
calibration,3,15,79,2261,3.092766761779785
calibration,3,15,80,2086,3.020599126815796
calibration,3,15,81,4297,2.959728717803955
calibration,3,15,82,3993,2.39739727973938
calibration,3,15,83,559,2.642308235168457
calibration,3,15,84,3219,3.271230936050415
calibration,3,15,85,3324,2.9301390647888184
calibration,3,15,86,4366,3.0467264652252197
calibration,3,15,87,323,2.9697070121765137
calibration,3,15,88,3151,2.745051622390747
calibration,3,15,89,2912,2.577191114425659
calibration,3,15,90,2892,3.1845364570617676
calibration,3,15,91,1031,3.3716866970062256
calibration,3,15,92,2905,1.975046992301941
calibration,3,15,93,1747,2.9246795177459717
calibration,3,15,94,1426,2.9689385890960693
calibration,3,15,95,1288,2.664476156234741
calibration,3,17,0,720,3.424492597579956
calibration,3,17,1,3796,3.2312300205230713
calibration,3,17,2,2979,2.68058443069458
calibration,3,17,3,3195,2.838517189025879
calibration,3,17,4,3348,2.9228429794311523
calibration,3,17,5,636,2.7980101108551025
calibration,3,17,6,655,2.844432830810547
calibration,3,17,7,4470,2.9540321826934814
calibration,3,17,8,3767,2.571179151535034
calibration,3,17,9,1123,2.8103811740875244
calibration,3,17,10,1907,2.941563367843628
calibration,3,17,11,4325,3.090219736099243
calibration,3,17,12,3374,3.0399434566497803
calibration,3,17,13,552,2.5259952545166016
calibration,3,17,14,1983,3.06506609916687
calibration,3,17,15,279,2.9083104133605957
calibration,3,17,16,3116,3.0632266998291016
calibration,3,17,17,3247,3.3329408168792725
calibration,3,17,18,4798,3.123716115951538
calibration,3,17,19,2782,2.693281888961792
calibration,3,17,20,2029,3.0304651260375977
calibration,3,17,21,3681,2.883057117462158
calibration,3,17,22,252,2.329585552215576
calibration,3,17,23,2694,2.721738815307617
calibration,3,17,24,1696,3.216130256652832
calibration,3,17,25,1,3.217702627182007
calibration,3,17,26,1432,2.825545072555542
calibration,3,17,27,3131,3.1507489681243896
calibration,3,17,28,4718,3.0997207164764404
calibration,3,17,29,2055,2.7626471519470215
calibration,3,17,30,4817,2.9935457706451416
calibration,3,17,31,2110,2.8359298706054688
calibration,3,17,32,4972,2.6518449783325195
calibration,3,17,33,3779,2.309842586517334
calibration,3,17,34,4553,1.720473289489746
calibration,3,17,35,4505,2.5825510025024414
calibration,3,17,36,779,2.9522533416748047
calibration,3,17,37,375,2.987657308578491
calibration,3,17,38,3175,2.9169955253601074
calibration,3,17,39,1099,2.692713499069214
calibration,3,17,40,3387,3.474480152130127
calibration,3,17,41,3081,2.1764097213745117
calibration,3,17,42,461,2.517063617706299
calibration,3,17,43,429,3.13977313041687
calibration,3,17,44,2649,2.9784934520721436
calibration,3,17,45,1815,2.848940849304199
calibration,3,17,46,4318,2.8677239418029785
calibration,3,17,47,226,3.057018995285034
calibration,3,17,48,4210,2.7704672813415527
calibration,3,17,49,892,2.788116216659546
calibration,3,17,50,2021,2.940204620361328
calibration,3,17,51,2579,2.3853518962860107
calibration,3,17,52,2843,2.8538928031921387
calibration,3,17,53,2661,2.253504514694214
calibration,3,17,54,426,3.166501522064209
calibration,3,17,55,768,3.418160915374756
calibration,3,17,56,2163,2.9502251148223877
calibration,3,17,57,2378,2.7560813426971436
calibration,3,17,58,1777,3.24467396736145
calibration,3,17,59,2019,2.836076021194458
calibration,3,17,60,611,2.841209650039673
calibration,3,17,61,1632,3.0758848190307617
calibration,3,17,62,1668,2.3990776538848877
calibration,3,17,63,2131,2.4037225246429443
calibration,3,17,64,4582,1.149658203125
calibration,3,17,65,3185,2.5344865322113037
calibration,3,17,66,3604,2.677802085876465
calibration,3,17,67,2688,2.8382015228271484
calibration,3,17,68,1024,2.8254523277282715
calibration,3,17,69,3447,3.1385247707366943
calibration,3,17,70,1624,2.7643063068389893
calibration,3,17,71,683,2.365433692932129
calibration,3,17,72,3712,3.035461664199829
calibration,3,17,73,4597,2.3009796142578125
calibration,3,17,74,2003,2.8133203983306885
calibration,3,17,75,38,2.857309579849243
calibration,3,17,76,2557,2.540738582611084
calibration,3,17,77,648,3.1664791107177734
calibration,3,17,78,2091,2.4864234924316406
calibration,3,17,79,2261,3.186342716217041
calibration,3,17,80,2086,3.095494031906128
calibration,3,17,81,4297,3.009666919708252
calibration,3,17,82,3993,2.4603030681610107
calibration,3,17,83,559,2.671158790588379
calibration,3,17,84,3219,3.3582005500793457
calibration,3,17,85,3324,2.9957363605499268
calibration,3,17,86,4366,3.138789415359497
calibration,3,17,87,323,2.9899802207946777
calibration,3,17,88,3151,2.816657304763794
calibration,3,17,89,2912,2.5567030906677246
calibration,3,17,90,2892,3.1881399154663086
calibration,3,17,91,1031,3.421321153640747
calibration,3,17,92,2905,2.076359987258911
calibration,3,17,93,1747,2.9704959392547607
calibration,3,17,94,1426,3.0252575874328613
calibration,3,17,95,1288,2.7642884254455566
calibration,3,19,0,720,3.459275245666504
calibration,3,19,1,3796,3.2763619422912598
calibration,3,19,2,2979,2.8011648654937744
calibration,3,19,3,3195,2.9109601974487305
calibration,3,19,4,3348,3.0023410320281982
calibration,3,19,5,636,2.913926362991333
calibration,3,19,6,655,2.93867826461792
calibration,3,19,7,4470,3.0182607173919678
calibration,3,19,8,3767,2.6437954902648926
calibration,3,19,9,1123,2.833646535873413
calibration,3,19,10,1907,3.0226943492889404
calibration,3,19,11,4325,3.150879144668579
calibration,3,19,12,3374,3.1673238277435303
calibration,3,19,13,552,2.5648858547210693
calibration,3,19,14,1983,3.1778759956359863
calibration,3,19,15,279,3.0113525390625
calibration,3,19,16,3116,3.1634559631347656
calibration,3,19,17,3247,3.414937973022461
calibration,3,19,18,4798,3.1914074420928955
calibration,3,19,19,2782,2.737750291824341
calibration,3,19,20,2029,3.1566507816314697
calibration,3,19,21,3681,2.9847257137298584
calibration,3,19,22,252,2.363025665283203
calibration,3,19,23,2694,2.8540666103363037
calibration,3,19,24,1696,3.313971757888794
calibration,3,19,25,1,3.317120313644409
calibration,3,19,26,1432,2.8852035999298096
calibration,3,19,27,3131,3.239223003387451
calibration,3,19,28,4718,3.216266632080078
calibration,3,19,29,2055,2.9286868572235107
calibration,3,19,30,4817,3.095379114151001
calibration,3,19,31,2110,2.8460209369659424
calibration,3,19,32,4972,2.7491042613983154
calibration,3,19,33,3779,2.4219040870666504
calibration,3,19,34,4553,1.8989613056182861
calibration,3,19,35,4505,2.715024709701538
calibration,3,19,36,779,2.9956400394439697
calibration,3,19,37,375,3.042008399963379
calibration,3,19,38,3175,2.9777560234069824
calibration,3,19,39,1099,2.801791191101074
calibration,3,19,40,3387,3.5368218421936035
calibration,3,19,41,3081,2.218474864959717
calibration,3,19,42,461,2.5894241333007812
calibration,3,19,43,429,3.2258381843566895
calibration,3,19,44,2649,3.100823402404785
calibration,3,19,45,1815,2.8997199535369873
calibration,3,19,46,4318,3.0201549530029297
calibration,3,19,47,226,3.100411891937256
calibration,3,19,48,4210,2.8545329570770264
calibration,3,19,49,892,2.8928468227386475
calibration,3,19,50,2021,3.0399036407470703
calibration,3,19,51,2579,2.491088628768921
calibration,3,19,52,2843,2.9857897758483887
calibration,3,19,53,2661,2.3833136558532715
calibration,3,19,54,426,3.239433526992798
calibration,3,19,55,768,3.4342620372772217
calibration,3,19,56,2163,3.00868558883667
calibration,3,19,57,2378,2.821881055831909
calibration,3,19,58,1777,3.275803804397583
calibration,3,19,59,2019,2.921577215194702
calibration,3,19,60,611,2.912689447402954
calibration,3,19,61,1632,3.1352200508117676
calibration,3,19,62,1668,2.535764455795288
calibration,3,19,63,2131,2.5834476947784424
calibration,3,19,64,4582,1.2196024656295776
calibration,3,19,65,3185,2.7236485481262207
calibration,3,19,66,3604,2.77475905418396
calibration,3,19,67,2688,2.923719644546509
calibration,3,19,68,1024,2.939648151397705
calibration,3,19,69,3447,3.2812039852142334
calibration,3,19,70,1624,2.8863017559051514
calibration,3,19,71,683,2.39174485206604
calibration,3,19,72,3712,3.0898051261901855
calibration,3,19,73,4597,2.42507266998291
calibration,3,19,74,2003,2.8579533100128174
calibration,3,19,75,38,2.9844515323638916
calibration,3,19,76,2557,2.601970911026001
calibration,3,19,77,648,3.2417025566101074
calibration,3,19,78,2091,2.548287868499756
calibration,3,19,79,2261,3.2174289226531982
calibration,3,19,80,2086,3.1794862747192383
calibration,3,19,81,4297,3.1141138076782227
calibration,3,19,82,3993,2.510016918182373
calibration,3,19,83,559,2.700019598007202
calibration,3,19,84,3219,3.356008529663086
calibration,3,19,85,3324,3.0693705081939697
calibration,3,19,86,4366,3.259124755859375
calibration,3,19,87,323,3.1708436012268066
calibration,3,19,88,3151,2.9202630519866943
calibration,3,19,89,2912,2.7446136474609375
calibration,3,19,90,2892,3.338615894317627
calibration,3,19,91,1031,3.536041259765625
calibration,3,19,92,2905,2.2624073028564453
calibration,3,19,93,1747,3.0283150672912598
calibration,3,19,94,1426,3.1279242038726807
calibration,3,19,95,1288,2.9496662616729736
calibration,3,21,0,720,3.4438014030456543
calibration,3,21,1,3796,3.2788922786712646
calibration,3,21,2,2979,2.901822805404663
calibration,3,21,3,3195,2.940965414047241
calibration,3,21,4,3348,3.0798425674438477
calibration,3,21,5,636,2.9314706325531006
calibration,3,21,6,655,2.9768283367156982
calibration,3,21,7,4470,2.9768691062927246
calibration,3,21,8,3767,2.62445068359375
calibration,3,21,9,1123,2.864734411239624
calibration,3,21,10,1907,3.0398545265197754
calibration,3,21,11,4325,3.183267593383789
calibration,3,21,12,3374,3.153132438659668
calibration,3,21,13,552,2.548065185546875
calibration,3,21,14,1983,3.2058398723602295
calibration,3,21,15,279,3.0321033000946045
calibration,3,21,16,3116,3.190162181854248
calibration,3,21,17,3247,3.473404884338379
calibration,3,21,18,4798,3.251378297805786
calibration,3,21,19,2782,2.7805981636047363
calibration,3,21,20,2029,3.1781461238861084
calibration,3,21,21,3681,3.0237209796905518
calibration,3,21,22,252,2.5518906116485596
calibration,3,21,23,2694,2.9055144786834717
calibration,3,21,24,1696,3.4329936504364014
calibration,3,21,25,1,3.40695858001709
calibration,3,21,26,1432,2.8701581954956055
calibration,3,21,27,3131,3.2611114978790283
calibration,3,21,28,4718,3.227837085723877
calibration,3,21,29,2055,2.862602949142456
calibration,3,21,30,4817,3.174384832382202
calibration,3,21,31,2110,2.886831045150757
calibration,3,21,32,4972,2.8217520713806152
calibration,3,21,33,3779,2.39475679397583
calibration,3,21,34,4553,1.8231711387634277
calibration,3,21,35,4505,2.7855002880096436
calibration,3,21,36,779,2.9737966060638428
calibration,3,21,37,375,3.194611072540283
calibration,3,21,38,3175,3.059332847595215
calibration,3,21,39,1099,2.8330390453338623
calibration,3,21,40,3387,3.5280745029449463
calibration,3,21,41,3081,2.3456928730010986
calibration,3,21,42,461,2.6131274700164795
calibration,3,21,43,429,3.2490415573120117
calibration,3,21,44,2649,3.1886050701141357
calibration,3,21,45,1815,2.8817198276519775
calibration,3,21,46,4318,2.9910383224487305
calibration,3,21,47,226,3.072202444076538
calibration,3,21,48,4210,2.9729979038238525
calibration,3,21,49,892,2.8573780059814453
calibration,3,21,50,2021,3.083120584487915
calibration,3,21,51,2579,2.5766730308532715
calibration,3,21,52,2843,2.9746334552764893
calibration,3,21,53,2661,2.3547048568725586
calibration,3,21,54,426,3.2852694988250732
calibration,3,21,55,768,3.4896352291107178
calibration,3,21,56,2163,3.143453598022461
calibration,3,21,57,2378,2.926931142807007
calibration,3,21,58,1777,3.3091049194335938
calibration,3,21,59,2019,2.9707603454589844
calibration,3,21,60,611,2.9197444915771484
calibration,3,21,61,1632,3.227268934249878
calibration,3,21,62,1668,2.5182254314422607
calibration,3,21,63,2131,2.756338596343994
calibration,3,21,64,4582,1.1532902717590332
calibration,3,21,65,3185,2.7680089473724365
calibration,3,21,66,3604,2.8137407302856445
calibration,3,21,67,2688,2.9687020778656006
calibration,3,21,68,1024,3.0916407108306885
calibration,3,21,69,3447,3.2393131256103516
calibration,3,21,70,1624,2.8406646251678467
calibration,3,21,71,683,2.5551116466522217
calibration,3,21,72,3712,3.141216278076172
calibration,3,21,73,4597,2.313595771789551
calibration,3,21,74,2003,2.921505928039551
calibration,3,21,75,38,3.1141908168792725
calibration,3,21,76,2557,2.5899288654327393
calibration,3,21,77,648,3.190114974975586
calibration,3,21,78,2091,2.540565013885498
calibration,3,21,79,2261,3.209312677383423
calibration,3,21,80,2086,3.158352851867676
calibration,3,21,81,4297,3.156606435775757
calibration,3,21,82,3993,2.5112578868865967
calibration,3,21,83,559,2.8550612926483154
calibration,3,21,84,3219,3.408231496810913
calibration,3,21,85,3324,3.181192636489868
calibration,3,21,86,4366,3.392709255218506
calibration,3,21,87,323,3.2257769107818604
calibration,3,21,88,3151,2.9093668460845947
calibration,3,21,89,2912,2.7761526107788086
calibration,3,21,90,2892,3.3204758167266846
calibration,3,21,91,1031,3.556103229522705
calibration,3,21,92,2905,2.2569968700408936
calibration,3,21,93,1747,3.1317336559295654
calibration,3,21,94,1426,3.1423847675323486
calibration,3,21,95,1288,3.060305595397949
calibration,3,24,0,720,3.493086576461792
calibration,3,24,1,3796,3.314091920852661
calibration,3,24,2,2979,2.9115121364593506
calibration,3,24,3,3195,2.947913885116577
calibration,3,24,4,3348,3.107879638671875
calibration,3,24,5,636,2.89736008644104
calibration,3,24,6,655,3.0295467376708984
calibration,3,24,7,4470,2.97595477104187
calibration,3,24,8,3767,2.6653926372528076
calibration,3,24,9,1123,2.875368595123291
calibration,3,24,10,1907,3.022386312484741
calibration,3,24,11,4325,3.2207236289978027
calibration,3,24,12,3374,3.1106553077697754
calibration,3,24,13,552,2.6019816398620605
calibration,3,24,14,1983,3.1829216480255127
calibration,3,24,15,279,3.0107574462890625
calibration,3,24,16,3116,3.177762746810913
calibration,3,24,17,3247,3.4351232051849365
calibration,3,24,18,4798,3.208791494369507
calibration,3,24,19,2782,2.8364365100860596
calibration,3,24,20,2029,3.13846755027771
calibration,3,24,21,3681,2.995859146118164
calibration,3,24,22,252,2.4692063331604004
calibration,3,24,23,2694,2.833554744720459
calibration,3,24,24,1696,3.373277187347412
calibration,3,24,25,1,3.3693132400512695
calibration,3,24,26,1432,2.8529036045074463
calibration,3,24,27,3131,3.234431266784668
calibration,3,24,28,4718,3.204038381576538
calibration,3,24,29,2055,2.886568546295166
calibration,3,24,30,4817,3.0951130390167236
calibration,3,24,31,2110,2.872175455093384
calibration,3,24,32,4972,2.766275405883789
calibration,3,24,33,3779,2.316920757293701
calibration,3,24,34,4553,1.8274492025375366
calibration,3,24,35,4505,2.7531628608703613
calibration,3,24,36,779,2.9792563915252686
calibration,3,24,37,375,3.120664596557617
calibration,3,24,38,3175,3.0004289150238037
calibration,3,24,39,1099,2.8996686935424805
calibration,3,24,40,3387,3.591240167617798
calibration,3,24,41,3081,2.230112314224243
calibration,3,24,42,461,2.7169651985168457
calibration,3,24,43,429,3.3221428394317627
calibration,3,24,44,2649,3.1736257076263428
calibration,3,24,45,1815,2.922736883163452
calibration,3,24,46,4318,3.0490427017211914
calibration,3,24,47,226,3.079694986343384
calibration,3,24,48,4210,2.9437763690948486
calibration,3,24,49,892,2.852339267730713
calibration,3,24,50,2021,3.045358896255493
calibration,3,24,51,2579,2.556872606277466
calibration,3,24,52,2843,2.976050853729248
calibration,3,24,53,2661,2.326054811477661
calibration,3,24,54,426,3.341768264770508
calibration,3,24,55,768,3.4881083965301514
calibration,3,24,56,2163,3.1419551372528076
calibration,3,24,57,2378,2.9059011936187744
calibration,3,24,58,1777,3.341831922531128
calibration,3,24,59,2019,2.923677921295166
calibration,3,24,60,611,2.8497889041900635
calibration,3,24,61,1632,3.126845598220825
calibration,3,24,62,1668,2.5523507595062256
calibration,3,24,63,2131,2.5880062580108643
calibration,3,24,64,4582,1.1333231925964355
calibration,3,24,65,3185,2.6864216327667236
calibration,3,24,66,3604,2.826409339904785
calibration,3,24,67,2688,2.891775608062744
calibration,3,24,68,1024,3.03346848487854
calibration,3,24,69,3447,3.234023332595825
calibration,3,24,70,1624,2.7395899295806885
calibration,3,24,71,683,2.4903337955474854
calibration,3,24,72,3712,3.0982515811920166
calibration,3,24,73,4597,2.35391902923584
calibration,3,24,74,2003,2.875375986099243
calibration,3,24,75,38,2.9772744178771973
calibration,3,24,76,2557,2.5893733501434326
calibration,3,24,77,648,3.2210447788238525
calibration,3,24,78,2091,2.471419334411621
calibration,3,24,79,2261,3.180565357208252
calibration,3,24,80,2086,3.231048107147217
calibration,3,24,81,4297,3.176633596420288
calibration,3,24,82,3993,2.4712471961975098
calibration,3,24,83,559,2.783501148223877
calibration,3,24,84,3219,3.471674919128418
calibration,3,24,85,3324,3.1614022254943848
calibration,3,24,86,4366,3.3337152004241943
calibration,3,24,87,323,3.1500046253204346
calibration,3,24,88,3151,2.881941080093384
calibration,3,24,89,2912,2.768772840499878
calibration,3,24,90,2892,3.3374381065368652
calibration,3,24,91,1031,3.478321075439453
calibration,3,24,92,2905,2.165894031524658
calibration,3,24,93,1747,3.0581018924713135
calibration,3,24,94,1426,3.1683945655822754
calibration,3,24,95,1288,2.883103370666504
calibration,3,26,0,720,3.5146172046661377
calibration,3,26,1,3796,3.4889304637908936
calibration,3,26,2,2979,2.893292188644409
calibration,3,26,3,3195,3.137300491333008
calibration,3,26,4,3348,3.168050527572632
calibration,3,26,5,636,3.0446975231170654
calibration,3,26,6,655,3.1840591430664062
calibration,3,26,7,4470,3.152684450149536
calibration,3,26,8,3767,2.7196130752563477
calibration,3,26,9,1123,3.052013397216797
calibration,3,26,10,1907,3.1517183780670166
calibration,3,26,11,4325,3.273195266723633
calibration,3,26,12,3374,3.2744555473327637
calibration,3,26,13,552,2.744704246520996
calibration,3,26,14,1983,3.2591869831085205
calibration,3,26,15,279,3.059576988220215
calibration,3,26,16,3116,3.3181955814361572
calibration,3,26,17,3247,3.5408430099487305
calibration,3,26,18,4798,3.326552629470825
calibration,3,26,19,2782,2.905585289001465
calibration,3,26,20,2029,3.232335329055786
calibration,3,26,21,3681,3.1470634937286377
calibration,3,26,22,252,2.5850181579589844
calibration,3,26,23,2694,3.0839991569519043
calibration,3,26,24,1696,3.532451868057251
calibration,3,26,25,1,3.4655661582946777
calibration,3,26,26,1432,3.071485757827759
calibration,3,26,27,3131,3.2516703605651855
calibration,3,26,28,4718,3.413858652114868
calibration,3,26,29,2055,3.05926513671875
calibration,3,26,30,4817,3.1818225383758545
calibration,3,26,31,2110,3.0106208324432373
calibration,3,26,32,4972,2.904738426208496
calibration,3,26,33,3779,2.493436574935913
calibration,3,26,34,4553,1.9614757299423218
calibration,3,26,35,4505,2.8477039337158203
calibration,3,26,36,779,3.0980169773101807
calibration,3,26,37,375,3.263263463973999
calibration,3,26,38,3175,3.161180019378662
calibration,3,26,39,1099,2.927360773086548
calibration,3,26,40,3387,3.620633840560913
calibration,3,26,41,3081,2.4123363494873047
calibration,3,26,42,461,2.7792165279388428
calibration,3,26,43,429,3.420771360397339
calibration,3,26,44,2649,3.1890106201171875
calibration,3,26,45,1815,3.0442519187927246
calibration,3,26,46,4318,3.0992820262908936
calibration,3,26,47,226,3.2389023303985596
calibration,3,26,48,4210,3.0292739868164062
calibration,3,26,49,892,2.9230525493621826
calibration,3,26,50,2021,3.205233573913574
calibration,3,26,51,2579,2.566547393798828
calibration,3,26,52,2843,2.998748779296875
calibration,3,26,53,2661,2.3812224864959717
calibration,3,26,54,426,3.2962710857391357
calibration,3,26,55,768,3.5575058460235596
calibration,3,26,56,2163,3.242840051651001
calibration,3,26,57,2378,3.0078508853912354
calibration,3,26,58,1777,3.435579299926758
calibration,3,26,59,2019,3.0391249656677246
calibration,3,26,60,611,3.138936758041382
calibration,3,26,61,1632,3.3008289337158203
calibration,3,26,62,1668,2.670381546020508
calibration,3,26,63,2131,2.7616806030273438
calibration,3,26,64,4582,1.2011942863464355
calibration,3,26,65,3185,2.7607061862945557
calibration,3,26,66,3604,2.9322926998138428
calibration,3,26,67,2688,3.014345407485962
calibration,3,26,68,1024,3.1468632221221924
calibration,3,26,69,3447,3.268747329711914
calibration,3,26,70,1624,2.7872114181518555
calibration,3,26,71,683,2.5622127056121826
calibration,3,26,72,3712,3.171379566192627
calibration,3,26,73,4597,2.4912641048431396
calibration,3,26,74,2003,3.0448784828186035
calibration,3,26,75,38,3.136045455932617
calibration,3,26,76,2557,2.720273494720459
calibration,3,26,77,648,3.3156402111053467
calibration,3,26,78,2091,2.6377334594726562
calibration,3,26,79,2261,3.228475570678711
calibration,3,26,80,2086,3.3030669689178467
calibration,3,26,81,4297,3.195129871368408
calibration,3,26,82,3993,2.6443979740142822
calibration,3,26,83,559,2.9147136211395264
calibration,3,26,84,3219,3.514709234237671
calibration,3,26,85,3324,3.263782262802124
calibration,3,26,86,4366,3.3977127075195312
calibration,3,26,87,323,3.3351352214813232
calibration,3,26,88,3151,2.997523784637451
calibration,3,26,89,2912,2.809687614440918
calibration,3,26,90,2892,3.5428626537323
calibration,3,26,91,1031,3.6842193603515625
calibration,3,26,92,2905,2.28322696685791
calibration,3,26,93,1747,3.180734872817993
calibration,3,26,94,1426,3.296867609024048
calibration,3,26,95,1288,3.013516664505005
calibration,6,8,0,720,3.438671350479126
calibration,6,8,1,3796,3.4199209213256836
calibration,6,8,2,2979,2.8729922771453857
calibration,6,8,3,3195,3.043649911880493
calibration,6,8,4,3348,3.148240804672241
calibration,6,8,5,636,2.8892085552215576
calibration,6,8,6,655,3.094078779220581
calibration,6,8,7,4470,3.1345415115356445
calibration,6,8,8,3767,2.738802909851074
calibration,6,8,9,1123,2.776890277862549
calibration,6,8,10,1907,2.9440534114837646
calibration,6,8,11,4325,3.207087278366089
calibration,6,8,12,3374,3.076784610748291
calibration,6,8,13,552,2.5777058601379395
calibration,6,8,14,1983,2.9948208332061768
calibration,6,8,15,279,2.95688796043396
calibration,6,8,16,3116,3.2040064334869385
calibration,6,8,17,3247,3.6407241821289062
calibration,6,8,18,4798,3.2323269844055176
calibration,6,8,19,2782,2.780352830886841
calibration,6,8,20,2029,3.251110792160034
calibration,6,8,21,3681,2.9931554794311523
calibration,6,8,22,252,2.595453977584839
calibration,6,8,23,2694,2.9485855102539062
calibration,6,8,24,1696,3.274766206741333
calibration,6,8,25,1,3.4141035079956055
calibration,6,8,26,1432,3.0224788188934326
calibration,6,8,27,3131,3.241213321685791
calibration,6,8,28,4718,3.2633800506591797
calibration,6,8,29,2055,2.8617489337921143
calibration,6,8,30,4817,3.183091163635254
calibration,6,8,31,2110,2.9622676372528076
calibration,6,8,32,4972,2.8195643424987793
calibration,6,8,33,3779,2.4470367431640625
calibration,6,8,34,4553,1.7795873880386353
calibration,6,8,35,4505,2.5505032539367676
calibration,6,8,36,779,3.163400650024414
calibration,6,8,37,375,3.115630626678467
calibration,6,8,38,3175,3.0313522815704346
calibration,6,8,39,1099,2.8381197452545166
calibration,6,8,40,3387,3.554058790206909
calibration,6,8,41,3081,2.5014333724975586
calibration,6,8,42,461,2.654841423034668
calibration,6,8,43,429,3.2229576110839844
calibration,6,8,44,2649,3.0516083240509033
calibration,6,8,45,1815,2.806851863861084
calibration,6,8,46,4318,3.1593098640441895
calibration,6,8,47,226,3.219996690750122
calibration,6,8,48,4210,3.013662099838257
calibration,6,8,49,892,2.7448325157165527
calibration,6,8,50,2021,3.0884032249450684
calibration,6,8,51,2579,2.6496200561523438
calibration,6,8,52,2843,3.0868985652923584
calibration,6,8,53,2661,2.471338987350464
calibration,6,8,54,426,3.1577463150024414
calibration,6,8,55,768,3.5084011554718018
calibration,6,8,56,2163,3.077582597732544
calibration,6,8,57,2378,2.964707136154175
calibration,6,8,58,1777,3.33355712890625
calibration,6,8,59,2019,2.822133779525757
calibration,6,8,60,611,3.0990684032440186
calibration,6,8,61,1632,3.136526584625244
calibration,6,8,62,1668,2.478925943374634
calibration,6,8,63,2131,2.4539544582366943
calibration,6,8,64,4582,1.1150100231170654
calibration,6,8,65,3185,2.7051773071289062
calibration,6,8,66,3604,2.9077675342559814
calibration,6,8,67,2688,2.7953298091888428
calibration,6,8,68,1024,2.9653117656707764
calibration,6,8,69,3447,3.285090446472168
calibration,6,8,70,1624,2.7687418460845947
calibration,6,8,71,683,2.4498651027679443
calibration,6,8,72,3712,3.223015069961548
calibration,6,8,73,4597,2.349900245666504
calibration,6,8,74,2003,2.9394478797912598
calibration,6,8,75,38,3.2476913928985596
calibration,6,8,76,2557,2.6419456005096436
calibration,6,8,77,648,3.2643754482269287
calibration,6,8,78,2091,2.5373294353485107
calibration,6,8,79,2261,3.178629159927368
calibration,6,8,80,2086,3.1219229698181152
calibration,6,8,81,4297,3.134152889251709
calibration,6,8,82,3993,2.4934000968933105
calibration,6,8,83,559,2.801609754562378
calibration,6,8,84,3219,3.4361963272094727
calibration,6,8,85,3324,3.0716421604156494
calibration,6,8,86,4366,3.0607705116271973
calibration,6,8,87,323,3.2081141471862793
calibration,6,8,88,3151,2.9085657596588135
calibration,6,8,89,2912,2.6789495944976807
calibration,6,8,90,2892,3.2127113342285156
calibration,6,8,91,1031,3.4698472023010254
calibration,6,8,92,2905,2.172386646270752
calibration,6,8,93,1747,3.111557960510254
calibration,6,8,94,1426,3.2399911880493164
calibration,6,8,95,1288,2.90468168258667
calibration,6,10,0,720,3.197671890258789
calibration,6,10,1,3796,3.1908023357391357
calibration,6,10,2,2979,2.6620519161224365
calibration,6,10,3,3195,2.698749542236328
calibration,6,10,4,3348,2.873366594314575
calibration,6,10,5,636,2.70967698097229
calibration,6,10,6,655,2.8292016983032227
calibration,6,10,7,4470,2.8439104557037354
calibration,6,10,8,3767,2.5262396335601807
calibration,6,10,9,1123,2.7250430583953857
calibration,6,10,10,1907,2.8345651626586914
calibration,6,10,11,4325,2.965712547302246
calibration,6,10,12,3374,2.942652940750122
calibration,6,10,13,552,2.460270404815674
calibration,6,10,14,1983,2.822134256362915
calibration,6,10,15,279,2.773991107940674
calibration,6,10,16,3116,3.0186145305633545
calibration,6,10,17,3247,3.21506404876709
calibration,6,10,18,4798,3.013007164001465
calibration,6,10,19,2782,2.579333782196045
calibration,6,10,20,2029,2.908398151397705
calibration,6,10,21,3681,2.833962917327881
calibration,6,10,22,252,2.177258014678955
calibration,6,10,23,2694,2.6229965686798096
calibration,6,10,24,1696,3.053317070007324
calibration,6,10,25,1,3.1504881381988525
calibration,6,10,26,1432,2.7374684810638428
calibration,6,10,27,3131,3.0052597522735596
calibration,6,10,28,4718,3.03889536857605
calibration,6,10,29,2055,2.634221076965332
calibration,6,10,30,4817,2.962385892868042
calibration,6,10,31,2110,2.7152600288391113
calibration,6,10,32,4972,2.6283252239227295
calibration,6,10,33,3779,2.2466206550598145
calibration,6,10,34,4553,1.5767524242401123
calibration,6,10,35,4505,2.4235801696777344
calibration,6,10,36,779,2.918233871459961
calibration,6,10,37,375,2.8750874996185303
calibration,6,10,38,3175,2.8518319129943848
calibration,6,10,39,1099,2.6614084243774414
calibration,6,10,40,3387,3.3092823028564453
calibration,6,10,41,3081,2.110522508621216
calibration,6,10,42,461,2.4556376934051514
calibration,6,10,43,429,2.995356798171997
calibration,6,10,44,2649,2.926532745361328
calibration,6,10,45,1815,2.664412260055542
calibration,6,10,46,4318,2.8697187900543213
calibration,6,10,47,226,3.007046699523926
calibration,6,10,48,4210,2.78727126121521
calibration,6,10,49,892,2.6589765548706055
calibration,6,10,50,2021,2.8765413761138916
calibration,6,10,51,2579,2.3697268962860107
calibration,6,10,52,2843,2.8588321208953857
calibration,6,10,53,2661,2.2101356983184814
calibration,6,10,54,426,3.022275924682617
calibration,6,10,55,768,3.286332368850708
calibration,6,10,56,2163,2.793459892272949
calibration,6,10,57,2378,2.714350461959839
calibration,6,10,58,1777,3.1334922313690186
calibration,6,10,59,2019,2.7198023796081543
calibration,6,10,60,611,2.8090476989746094
calibration,6,10,61,1632,2.958597421646118
calibration,6,10,62,1668,2.3085885047912598
calibration,6,10,63,2131,2.318490505218506
calibration,6,10,64,4582,1.1063401699066162
calibration,6,10,65,3185,2.48791241645813
calibration,6,10,66,3604,2.6718506813049316
calibration,6,10,67,2688,2.66913104057312
calibration,6,10,68,1024,2.7291667461395264
calibration,6,10,69,3447,2.9651639461517334
calibration,6,10,70,1624,2.656877279281616
calibration,6,10,71,683,2.215937852859497
calibration,6,10,72,3712,2.9780313968658447
calibration,6,10,73,4597,2.1559243202209473
calibration,6,10,74,2003,2.7040255069732666
calibration,6,10,75,38,2.881554126739502
calibration,6,10,76,2557,2.498340368270874
calibration,6,10,77,648,3.044119119644165
calibration,6,10,78,2091,2.3110175132751465
calibration,6,10,79,2261,3.0613083839416504
calibration,6,10,80,2086,2.891728401184082
calibration,6,10,81,4297,2.912391185760498
calibration,6,10,82,3993,2.304277181625366
calibration,6,10,83,559,2.6029462814331055
calibration,6,10,84,3219,3.1170542240142822
calibration,6,10,85,3324,2.9018661975860596
calibration,6,10,86,4366,2.970147132873535
calibration,6,10,87,323,2.9574482440948486
calibration,6,10,88,3151,2.6583821773529053
calibration,6,10,89,2912,2.423344612121582
calibration,6,10,90,2892,2.9800729751586914
calibration,6,10,91,1031,3.2354462146759033
calibration,6,10,92,2905,1.9059513807296753
calibration,6,10,93,1747,2.977133274078369
calibration,6,10,94,1426,2.901447057723999
calibration,6,10,95,1288,2.6858999729156494
calibration,6,12,0,720,3.2544949054718018
calibration,6,12,1,3796,3.130821704864502
calibration,6,12,2,2979,2.6472177505493164
calibration,6,12,3,3195,2.7414703369140625
calibration,6,12,4,3348,2.883380174636841
calibration,6,12,5,636,2.7325358390808105
calibration,6,12,6,655,2.7947299480438232
calibration,6,12,7,4470,2.8745310306549072
calibration,6,12,8,3767,2.542264223098755
calibration,6,12,9,1123,2.72686767578125
calibration,6,12,10,1907,2.842099189758301
calibration,6,12,11,4325,3.037193536758423
calibration,6,12,12,3374,2.9843344688415527
calibration,6,12,13,552,2.393146276473999
calibration,6,12,14,1983,2.8261256217956543
calibration,6,12,15,279,2.749674081802368
calibration,6,12,16,3116,3.0161643028259277
calibration,6,12,17,3247,3.2161269187927246
calibration,6,12,18,4798,3.0511677265167236
calibration,6,12,19,2782,2.5781068801879883
calibration,6,12,20,2029,2.91499400138855
calibration,6,12,21,3681,2.8336336612701416
calibration,6,12,22,252,2.1859734058380127
calibration,6,12,23,2694,2.6184592247009277
calibration,6,12,24,1696,3.1073920726776123
calibration,6,12,25,1,3.140428304672241
calibration,6,12,26,1432,2.7830138206481934
calibration,6,12,27,3131,3.0583226680755615
calibration,6,12,28,4718,3.043262243270874
calibration,6,12,29,2055,2.640096664428711
calibration,6,12,30,4817,2.93467378616333
calibration,6,12,31,2110,2.6732757091522217
calibration,6,12,32,4972,2.661430835723877
calibration,6,12,33,3779,2.252321481704712
calibration,6,12,34,4553,1.6169379949569702
calibration,6,12,35,4505,2.456576347351074
calibration,6,12,36,779,2.9684643745422363
calibration,6,12,37,375,2.9347805976867676
calibration,6,12,38,3175,2.816051959991455
calibration,6,12,39,1099,2.6508941650390625
calibration,6,12,40,3387,3.3320229053497314
calibration,6,12,41,3081,2.086364984512329
calibration,6,12,42,461,2.523545503616333
calibration,6,12,43,429,3.0305047035217285
calibration,6,12,44,2649,2.9451615810394287
calibration,6,12,45,1815,2.6782445907592773
calibration,6,12,46,4318,2.921691656112671
calibration,6,12,47,226,3.002840280532837
calibration,6,12,48,4210,2.7168867588043213
calibration,6,12,49,892,2.6021995544433594
calibration,6,12,50,2021,2.8247807025909424
calibration,6,12,51,2579,2.361725330352783
calibration,6,12,52,2843,2.831054210662842
calibration,6,12,53,2661,2.214811325073242
calibration,6,12,54,426,3.059795379638672
calibration,6,12,55,768,3.286574602127075
calibration,6,12,56,2163,2.7827980518341064
calibration,6,12,57,2378,2.676090717315674
calibration,6,12,58,1777,3.1243505477905273
calibration,6,12,59,2019,2.6656582355499268
calibration,6,12,60,611,2.7661519050598145
calibration,6,12,61,1632,2.8861100673675537
calibration,6,12,62,1668,2.275780200958252
calibration,6,12,63,2131,2.336467981338501
calibration,6,12,64,4582,1.103094220161438
calibration,6,12,65,3185,2.517054557800293
calibration,6,12,66,3604,2.6513442993164062
calibration,6,12,67,2688,2.6933884620666504
calibration,6,12,68,1024,2.750814437866211
calibration,6,12,69,3447,2.9437553882598877
calibration,6,12,70,1624,2.670435667037964
calibration,6,12,71,683,2.2861790657043457
calibration,6,12,72,3712,2.9102251529693604
calibration,6,12,73,4597,2.1603951454162598
calibration,6,12,74,2003,2.6829991340637207
calibration,6,12,75,38,2.882251262664795
calibration,6,12,76,2557,2.501993179321289
calibration,6,12,77,648,3.0745623111724854
calibration,6,12,78,2091,2.302083730697632
calibration,6,12,79,2261,3.025219202041626
calibration,6,12,80,2086,2.9185492992401123
calibration,6,12,81,4297,2.9467110633850098
calibration,6,12,82,3993,2.3407351970672607
calibration,6,12,83,559,2.6072685718536377
calibration,6,12,84,3219,3.1479649543762207
calibration,6,12,85,3324,2.899207830429077
calibration,6,12,86,4366,2.9721546173095703
calibration,6,12,87,323,2.897111654281616
calibration,6,12,88,3151,2.709329128265381
calibration,6,12,89,2912,2.462995767593384
calibration,6,12,90,2892,2.9930169582366943
calibration,6,12,91,1031,3.261833906173706
calibration,6,12,92,2905,1.902754306793213
calibration,6,12,93,1747,2.940769672393799
calibration,6,12,94,1426,2.860234022140503
calibration,6,12,95,1288,2.7014949321746826
calibration,6,15,0,720,3.1198036670684814
calibration,6,15,1,3796,3.1466004848480225
calibration,6,15,2,2979,2.6175410747528076
calibration,6,15,3,3195,2.7321701049804688
calibration,6,15,4,3348,2.841362237930298
calibration,6,15,5,636,2.6937036514282227
calibration,6,15,6,655,2.7934999465942383
calibration,6,15,7,4470,2.8604564666748047
calibration,6,15,8,3767,2.513148307800293
calibration,6,15,9,1123,2.710069179534912
calibration,6,15,10,1907,2.8121700286865234
calibration,6,15,11,4325,2.959521770477295
calibration,6,15,12,3374,2.949522018432617
calibration,6,15,13,552,2.4188430309295654
calibration,6,15,14,1983,2.8580572605133057
calibration,6,15,15,279,2.751220703125
calibration,6,15,16,3116,2.977623224258423
calibration,6,15,17,3247,3.192455291748047
calibration,6,15,18,4798,2.983729124069214
calibration,6,15,19,2782,2.5317978858947754
calibration,6,15,20,2029,2.8791441917419434
calibration,6,15,21,3681,2.827641010284424
calibration,6,15,22,252,2.169142961502075
calibration,6,15,23,2694,2.5761427879333496
calibration,6,15,24,1696,3.0897910594940186
calibration,6,15,25,1,3.146012306213379
calibration,6,15,26,1432,2.740370988845825
calibration,6,15,27,3131,3.0272109508514404
calibration,6,15,28,4718,3.0672905445098877
calibration,6,15,29,2055,2.613173007965088
calibration,6,15,30,4817,2.9336118698120117
calibration,6,15,31,2110,2.7112507820129395
calibration,6,15,32,4972,2.5995097160339355
calibration,6,15,33,3779,2.255664348602295
calibration,6,15,34,4553,1.5595676898956299
calibration,6,15,35,4505,2.436497688293457
calibration,6,15,36,779,2.937378168106079
calibration,6,15,37,375,2.8621513843536377
calibration,6,15,38,3175,2.8421709537506104
calibration,6,15,39,1099,2.635133981704712
calibration,6,15,40,3387,3.3177945613861084
calibration,6,15,41,3081,2.112661600112915
calibration,6,15,42,461,2.524254083633423
calibration,6,15,43,429,2.9865975379943848
calibration,6,15,44,2649,2.8877933025360107
calibration,6,15,45,1815,2.658857583999634
calibration,6,15,46,4318,2.8396244049072266
calibration,6,15,47,226,2.984938859939575
calibration,6,15,48,4210,2.731746196746826
calibration,6,15,49,892,2.606430768966675
calibration,6,15,50,2021,2.8031575679779053
calibration,6,15,51,2579,2.3444557189941406
calibration,6,15,52,2843,2.807816743850708
calibration,6,15,53,2661,2.192884922027588
calibration,6,15,54,426,3.0816280841827393
calibration,6,15,55,768,3.2390058040618896
calibration,6,15,56,2163,2.812906503677368
calibration,6,15,57,2378,2.689054250717163
calibration,6,15,58,1777,3.112112522125244
calibration,6,15,59,2019,2.6251347064971924
calibration,6,15,60,611,2.7667760848999023
calibration,6,15,61,1632,2.9228591918945312
calibration,6,15,62,1668,2.300191640853882
calibration,6,15,63,2131,2.2858200073242188
calibration,6,15,64,4582,1.0705000162124634
calibration,6,15,65,3185,2.462547540664673
calibration,6,15,66,3604,2.6227893829345703
calibration,6,15,67,2688,2.6913843154907227
calibration,6,15,68,1024,2.6951041221618652
calibration,6,15,69,3447,2.901374340057373
calibration,6,15,70,1624,2.654432773590088
calibration,6,15,71,683,2.215756893157959
calibration,6,15,72,3712,2.937533378601074
calibration,6,15,73,4597,2.1644632816314697
calibration,6,15,74,2003,2.670485258102417
calibration,6,15,75,38,2.823286533355713
calibration,6,15,76,2557,2.470116376876831
calibration,6,15,77,648,3.036794424057007
calibration,6,15,78,2091,2.320364475250244
calibration,6,15,79,2261,3.0651485919952393
calibration,6,15,80,2086,2.901852607727051
calibration,6,15,81,4297,2.87021803855896
calibration,6,15,82,3993,2.3395273685455322
calibration,6,15,83,559,2.574974775314331
calibration,6,15,84,3219,3.1055538654327393
calibration,6,15,85,3324,2.8322083950042725
calibration,6,15,86,4366,2.934002637863159
calibration,6,15,87,323,2.9362175464630127
calibration,6,15,88,3151,2.621614933013916
calibration,6,15,89,2912,2.4582066535949707
calibration,6,15,90,2892,3.008070707321167
calibration,6,15,91,1031,3.187704086303711
calibration,6,15,92,2905,1.850813627243042
calibration,6,15,93,1747,2.936739206314087
calibration,6,15,94,1426,2.848515510559082
calibration,6,15,95,1288,2.6401679515838623
calibration,6,17,0,720,3.201782464981079
calibration,6,17,1,3796,3.176669120788574
calibration,6,17,2,2979,2.6432173252105713
calibration,6,17,3,3195,2.746938705444336
calibration,6,17,4,3348,2.837836980819702
calibration,6,17,5,636,2.7226650714874268
calibration,6,17,6,655,2.823906183242798
calibration,6,17,7,4470,2.88757061958313
calibration,6,17,8,3767,2.522925853729248
calibration,6,17,9,1123,2.7213234901428223
calibration,6,17,10,1907,2.865309000015259
calibration,6,17,11,4325,3.004129409790039
calibration,6,17,12,3374,2.955467462539673
calibration,6,17,13,552,2.4758520126342773
calibration,6,17,14,1983,2.85996675491333
calibration,6,17,15,279,2.757718324661255
calibration,6,17,16,3116,3.0107460021972656
calibration,6,17,17,3247,3.2342615127563477
calibration,6,17,18,4798,3.0494420528411865
calibration,6,17,19,2782,2.59509539604187
calibration,6,17,20,2029,2.8740665912628174
calibration,6,17,21,3681,2.831404685974121
calibration,6,17,22,252,2.232869863510132
calibration,6,17,23,2694,2.6236960887908936
calibration,6,17,24,1696,3.1207802295684814
calibration,6,17,25,1,3.1549854278564453
calibration,6,17,26,1432,2.7837679386138916
calibration,6,17,27,3131,3.095884084701538
calibration,6,17,28,4718,3.095315456390381
calibration,6,17,29,2055,2.616554021835327
calibration,6,17,30,4817,2.9301857948303223
calibration,6,17,31,2110,2.7674176692962646
calibration,6,17,32,4972,2.6335134506225586
calibration,6,17,33,3779,2.294696569442749
calibration,6,17,34,4553,1.5408300161361694
calibration,6,17,35,4505,2.4702601432800293
calibration,6,17,36,779,2.9233429431915283
calibration,6,17,37,375,2.9062318801879883
calibration,6,17,38,3175,2.890312433242798
calibration,6,17,39,1099,2.661379337310791
calibration,6,17,40,3387,3.369180679321289
calibration,6,17,41,3081,2.11834454536438
calibration,6,17,42,461,2.5255024433135986
calibration,6,17,43,429,3.0272960662841797
calibration,6,17,44,2649,2.9479591846466064
calibration,6,17,45,1815,2.68216609954834
calibration,6,17,46,4318,2.858567953109741
calibration,6,17,47,226,3.058242082595825
calibration,6,17,48,4210,2.7257847785949707
calibration,6,17,49,892,2.647841453552246
calibration,6,17,50,2021,2.8054683208465576
calibration,6,17,51,2579,2.380729913711548
calibration,6,17,52,2843,2.7992136478424072
calibration,6,17,53,2661,2.225219488143921
calibration,6,17,54,426,3.118542432785034
calibration,6,17,55,768,3.300387144088745
calibration,6,17,56,2163,2.8053457736968994
calibration,6,17,57,2378,2.7572755813598633
calibration,6,17,58,1777,3.1384458541870117
calibration,6,17,59,2019,2.69020676612854
calibration,6,17,60,611,2.7749061584472656
calibration,6,17,61,1632,2.9446463584899902
calibration,6,17,62,1668,2.345799446105957
calibration,6,17,63,2131,2.35907244682312
calibration,6,17,64,4582,1.103920578956604
calibration,6,17,65,3185,2.4692091941833496
calibration,6,17,66,3604,2.6509406566619873
calibration,6,17,67,2688,2.7609896659851074
calibration,6,17,68,1024,2.703007459640503
calibration,6,17,69,3447,2.9285876750946045
calibration,6,17,70,1624,2.672166347503662
calibration,6,17,71,683,2.249795436859131
calibration,6,17,72,3712,2.993154764175415
calibration,6,17,73,4597,2.169602155685425
calibration,6,17,74,2003,2.6909022331237793
calibration,6,17,75,38,2.913846969604492
calibration,6,17,76,2557,2.502675771713257
calibration,6,17,77,648,3.086618423461914
calibration,6,17,78,2091,2.362334728240967
calibration,6,17,79,2261,3.0909292697906494
calibration,6,17,80,2086,2.980989933013916
calibration,6,17,81,4297,2.8893251419067383
calibration,6,17,82,3993,2.3783185482025146
calibration,6,17,83,559,2.6048848628997803
calibration,6,17,84,3219,3.160531520843506
calibration,6,17,85,3324,2.8365890979766846
calibration,6,17,86,4366,2.9767799377441406
calibration,6,17,87,323,2.94718074798584
calibration,6,17,88,3151,2.7286276817321777
calibration,6,17,89,2912,2.4425997734069824
calibration,6,17,90,2892,2.9737472534179688
calibration,6,17,91,1031,3.244112014770508
calibration,6,17,92,2905,1.9602173566818237
calibration,6,17,93,1747,2.987684965133667
calibration,6,17,94,1426,2.8902571201324463
calibration,6,17,95,1288,2.692016839981079
calibration,6,19,0,720,3.22129225730896
calibration,6,19,1,3796,3.231856107711792
calibration,6,19,2,2979,2.7460057735443115
calibration,6,19,3,3195,2.853630781173706
calibration,6,19,4,3348,2.950197696685791
calibration,6,19,5,636,2.7843716144561768
calibration,6,19,6,655,2.8804919719696045
calibration,6,19,7,4470,2.9498450756073
calibration,6,19,8,3767,2.6188299655914307
calibration,6,19,9,1123,2.8038177490234375
calibration,6,19,10,1907,2.945852041244507
calibration,6,19,11,4325,3.0617992877960205
calibration,6,19,12,3374,3.0791258811950684
calibration,6,19,13,552,2.514983892440796
calibration,6,19,14,1983,2.9578845500946045
calibration,6,19,15,279,2.8493666648864746
calibration,6,19,16,3116,3.082648515701294
calibration,6,19,17,3247,3.289231538772583
calibration,6,19,18,4798,3.0961110591888428
calibration,6,19,19,2782,2.650308609008789
calibration,6,19,20,2029,2.9659831523895264
calibration,6,19,21,3681,2.915632963180542
calibration,6,19,22,252,2.288619041442871
calibration,6,19,23,2694,2.7061171531677246
calibration,6,19,24,1696,3.2900617122650146
calibration,6,19,25,1,3.2197647094726562
calibration,6,19,26,1432,2.8468716144561768
calibration,6,19,27,3131,3.1863770484924316
calibration,6,19,28,4718,3.195969820022583
calibration,6,19,29,2055,2.7563090324401855
calibration,6,19,30,4817,3.057166576385498
calibration,6,19,31,2110,2.8114168643951416
calibration,6,19,32,4972,2.752828359603882
calibration,6,19,33,3779,2.36332368850708
calibration,6,19,34,4553,1.7274712324142456
calibration,6,19,35,4505,2.6173784732818604
calibration,6,19,36,779,2.9951138496398926
calibration,6,19,37,375,2.9999983310699463
calibration,6,19,38,3175,2.916343927383423
calibration,6,19,39,1099,2.734464406967163
calibration,6,19,40,3387,3.405719757080078
calibration,6,19,41,3081,2.1798274517059326
calibration,6,19,42,461,2.6218490600585938
calibration,6,19,43,429,3.066436529159546
calibration,6,19,44,2649,3.016627311706543
calibration,6,19,45,1815,2.7776389122009277
calibration,6,19,46,4318,2.965083599090576
calibration,6,19,47,226,3.098052740097046
calibration,6,19,48,4210,2.783165216445923
calibration,6,19,49,892,2.7142534255981445
calibration,6,19,50,2021,2.909867286682129
calibration,6,19,51,2579,2.455864667892456
calibration,6,19,52,2843,2.9283225536346436
calibration,6,19,53,2661,2.3024089336395264
calibration,6,19,54,426,3.167576789855957
calibration,6,19,55,768,3.318876266479492
calibration,6,19,56,2163,2.879798650741577
calibration,6,19,57,2378,2.78476619720459
calibration,6,19,58,1777,3.2248308658599854
calibration,6,19,59,2019,2.7916452884674072
calibration,6,19,60,611,2.844691753387451
calibration,6,19,61,1632,2.9977784156799316
calibration,6,19,62,1668,2.460904359817505
calibration,6,19,63,2131,2.4741291999816895
calibration,6,19,64,4582,1.2137030363082886
calibration,6,19,65,3185,2.6320247650146484
calibration,6,19,66,3604,2.7650952339172363
calibration,6,19,67,2688,2.881782293319702
calibration,6,19,68,1024,2.8766860961914062
calibration,6,19,69,3447,3.059284210205078
calibration,6,19,70,1624,2.8028483390808105
calibration,6,19,71,683,2.309285879135132
calibration,6,19,72,3712,3.0256967544555664
calibration,6,19,73,4597,2.296693801879883
calibration,6,19,74,2003,2.8160996437072754
calibration,6,19,75,38,2.985473394393921
calibration,6,19,76,2557,2.6279613971710205
calibration,6,19,77,648,3.2292418479919434
calibration,6,19,78,2091,2.4315803050994873
calibration,6,19,79,2261,3.1931040287017822
calibration,6,19,80,2086,3.05192232131958
calibration,6,19,81,4297,3.0158803462982178
calibration,6,19,82,3993,2.4872684478759766
calibration,6,19,83,559,2.6627004146575928
calibration,6,19,84,3219,3.2061760425567627
calibration,6,19,85,3324,2.940244674682617
calibration,6,19,86,4366,3.025808572769165
calibration,6,19,87,323,3.073918104171753
calibration,6,19,88,3151,2.820495367050171
calibration,6,19,89,2912,2.5749995708465576
calibration,6,19,90,2892,3.17006516456604
calibration,6,19,91,1031,3.348389148712158
calibration,6,19,92,2905,2.123591899871826
calibration,6,19,93,1747,3.0567240715026855
calibration,6,19,94,1426,2.998035192489624
calibration,6,19,95,1288,2.803583860397339
calibration,6,21,0,720,3.328927516937256
calibration,6,21,1,3796,3.2408573627471924
calibration,6,21,2,2979,2.8671646118164062
calibration,6,21,3,3195,2.9141428470611572
calibration,6,21,4,3348,3.0133731365203857
calibration,6,21,5,636,2.8493642807006836
calibration,6,21,6,655,3.009117603302002
calibration,6,21,7,4470,2.97698712348938
calibration,6,21,8,3767,2.5995919704437256
calibration,6,21,9,1123,2.851184368133545
calibration,6,21,10,1907,2.988279342651367
calibration,6,21,11,4325,3.1280486583709717
calibration,6,21,12,3374,3.103132963180542
calibration,6,21,13,552,2.511847972869873
calibration,6,21,14,1983,3.0627331733703613
calibration,6,21,15,279,2.9468867778778076
calibration,6,21,16,3116,3.181542158126831
calibration,6,21,17,3247,3.400334119796753
calibration,6,21,18,4798,3.1734566688537598
calibration,6,21,19,2782,2.682417392730713
calibration,6,21,20,2029,3.0301694869995117
calibration,6,21,21,3681,2.9445197582244873
calibration,6,21,22,252,2.4748382568359375
calibration,6,21,23,2694,2.7578067779541016
calibration,6,21,24,1696,3.323713779449463
calibration,6,21,25,1,3.28584623336792
calibration,6,21,26,1432,2.8695855140686035
calibration,6,21,27,3131,3.186629056930542
calibration,6,21,28,4718,3.229328155517578
calibration,6,21,29,2055,2.7126455307006836
calibration,6,21,30,4817,3.1341681480407715
calibration,6,21,31,2110,2.8313472270965576
calibration,6,21,32,4972,2.848478317260742
calibration,6,21,33,3779,2.385514736175537
calibration,6,21,34,4553,1.7329058647155762
calibration,6,21,35,4505,2.752434253692627
calibration,6,21,36,779,2.9754703044891357
calibration,6,21,37,375,3.158012866973877
calibration,6,21,38,3175,3.0342507362365723
calibration,6,21,39,1099,2.7926511764526367
calibration,6,21,40,3387,3.4418845176696777
calibration,6,21,41,3081,2.3272461891174316
calibration,6,21,42,461,2.6295149326324463
calibration,6,21,43,429,3.125932216644287
calibration,6,21,44,2649,3.1251819133758545
calibration,6,21,45,1815,2.7519004344940186
calibration,6,21,46,4318,2.973580837249756
calibration,6,21,47,226,3.0887269973754883
calibration,6,21,48,4210,2.959537982940674
calibration,6,21,49,892,2.736959218978882
calibration,6,21,50,2021,2.993786096572876
calibration,6,21,51,2579,2.5634326934814453
calibration,6,21,52,2843,2.9609053134918213
calibration,6,21,53,2661,2.3141372203826904
calibration,6,21,54,426,3.1956114768981934
calibration,6,21,55,768,3.378746747970581
calibration,6,21,56,2163,3.056546449661255
calibration,6,21,57,2378,2.97953462600708
calibration,6,21,58,1777,3.2586190700531006
calibration,6,21,59,2019,2.8393173217773438
calibration,6,21,60,611,2.8486061096191406
calibration,6,21,61,1632,3.1219260692596436
calibration,6,21,62,1668,2.500715494155884
calibration,6,21,63,2131,2.655348300933838
calibration,6,21,64,4582,1.1400575637817383
calibration,6,21,65,3185,2.7323083877563477
calibration,6,21,66,3604,2.784945011138916
calibration,6,21,67,2688,3.001976490020752
calibration,6,21,68,1024,3.0500850677490234
calibration,6,21,69,3447,3.11145281791687
calibration,6,21,70,1624,2.823033332824707
calibration,6,21,71,683,2.493208408355713
calibration,6,21,72,3712,3.121750831604004
calibration,6,21,73,4597,2.2374918460845947
calibration,6,21,74,2003,2.853721857070923
calibration,6,21,75,38,3.092024564743042
calibration,6,21,76,2557,2.6510236263275146
calibration,6,21,77,648,3.18141508102417
calibration,6,21,78,2091,2.441591501235962
calibration,6,21,79,2261,3.202876567840576
calibration,6,21,80,2086,3.01263427734375
calibration,6,21,81,4297,3.0312399864196777
calibration,6,21,82,3993,2.4777445793151855
calibration,6,21,83,559,2.8132131099700928
calibration,6,21,84,3219,3.2516300678253174
calibration,6,21,85,3324,3.0628576278686523
calibration,6,21,86,4366,3.129427671432495
calibration,6,21,87,323,3.125596523284912
calibration,6,21,88,3151,2.865788698196411
calibration,6,21,89,2912,2.6858327388763428
calibration,6,21,90,2892,3.2545459270477295
calibration,6,21,91,1031,3.3985588550567627
calibration,6,21,92,2905,2.1866700649261475
calibration,6,21,93,1747,3.1256296634674072
calibration,6,21,94,1426,3.048910617828369
calibration,6,21,95,1288,2.841550827026367
calibration,6,24,0,720,3.294280529022217
calibration,6,24,1,3796,3.3116095066070557
calibration,6,24,2,2979,2.901418924331665
calibration,6,24,3,3195,2.914698600769043
calibration,6,24,4,3348,3.0876169204711914
calibration,6,24,5,636,2.8610434532165527
calibration,6,24,6,655,3.0383424758911133
calibration,6,24,7,4470,3.0195300579071045
calibration,6,24,8,3767,2.6573617458343506
calibration,6,24,9,1123,2.822352647781372
calibration,6,24,10,1907,3.0092060565948486
calibration,6,24,11,4325,3.1236374378204346
calibration,6,24,12,3374,3.1100103855133057
calibration,6,24,13,552,2.6135449409484863
calibration,6,24,14,1983,3.0169525146484375
calibration,6,24,15,279,2.927884817123413
calibration,6,24,16,3116,3.1225714683532715
calibration,6,24,17,3247,3.378434181213379
calibration,6,24,18,4798,3.1369240283966064
calibration,6,24,19,2782,2.7528536319732666
calibration,6,24,20,2029,3.0177338123321533
calibration,6,24,21,3681,2.9665350914001465
calibration,6,24,22,252,2.3874731063842773
calibration,6,24,23,2694,2.7358994483947754
calibration,6,24,24,1696,3.257547616958618
calibration,6,24,25,1,3.2496585845947266
calibration,6,24,26,1432,2.8519723415374756
calibration,6,24,27,3131,3.163902521133423
calibration,6,24,28,4718,3.2708520889282227
calibration,6,24,29,2055,2.759989023208618
calibration,6,24,30,4817,3.0722057819366455
calibration,6,24,31,2110,2.825462818145752
calibration,6,24,32,4972,2.8030173778533936
calibration,6,24,33,3779,2.365201711654663
calibration,6,24,34,4553,1.7216447591781616
calibration,6,24,35,4505,2.7176761627197266
calibration,6,24,36,779,3.027909994125366
calibration,6,24,37,375,3.1138205528259277
calibration,6,24,38,3175,3.019754409790039
calibration,6,24,39,1099,2.8815724849700928
calibration,6,24,40,3387,3.492687702178955
calibration,6,24,41,3081,2.244699716567993
calibration,6,24,42,461,2.7238845825195312
calibration,6,24,43,429,3.178927421569824
calibration,6,24,44,2649,3.186056137084961
calibration,6,24,45,1815,2.8262574672698975
calibration,6,24,46,4318,3.056884288787842
calibration,6,24,47,226,3.142263650894165
calibration,6,24,48,4210,2.9016242027282715
calibration,6,24,49,892,2.743049383163452
calibration,6,24,50,2021,2.982243537902832
calibration,6,24,51,2579,2.5430843830108643
calibration,6,24,52,2843,2.9288852214813232
calibration,6,24,53,2661,2.2773427963256836
calibration,6,24,54,426,3.2653465270996094
calibration,6,24,55,768,3.402358055114746
calibration,6,24,56,2163,2.9956722259521484
calibration,6,24,57,2378,2.9203884601593018
calibration,6,24,58,1777,3.285306930541992
calibration,6,24,59,2019,2.8317904472351074
calibration,6,24,60,611,2.8294787406921387
calibration,6,24,61,1632,3.146483898162842
calibration,6,24,62,1668,2.51908016204834
calibration,6,24,63,2131,2.477402687072754
calibration,6,24,64,4582,1.1152403354644775
calibration,6,24,65,3185,2.6900765895843506
calibration,6,24,66,3604,2.8294925689697266
calibration,6,24,67,2688,2.8611457347869873
calibration,6,24,68,1024,2.9851131439208984
calibration,6,24,69,3447,3.0905544757843018
calibration,6,24,70,1624,2.7205464839935303
calibration,6,24,71,683,2.4497005939483643
calibration,6,24,72,3712,3.0541279315948486
calibration,6,24,73,4597,2.2542216777801514
calibration,6,24,74,2003,2.853408098220825
calibration,6,24,75,38,3.051632881164551
calibration,6,24,76,2557,2.6319332122802734
calibration,6,24,77,648,3.1798460483551025
calibration,6,24,78,2091,2.3882384300231934
calibration,6,24,79,2261,3.202955484390259
calibration,6,24,80,2086,3.12310791015625
calibration,6,24,81,4297,3.059307813644409
calibration,6,24,82,3993,2.4494681358337402
calibration,6,24,83,559,2.7370848655700684
calibration,6,24,84,3219,3.3043930530548096
calibration,6,24,85,3324,3.009003162384033
calibration,6,24,86,4366,3.1250476837158203
calibration,6,24,87,323,3.0852601528167725
calibration,6,24,88,3151,2.8675689697265625
calibration,6,24,89,2912,2.6450767517089844
calibration,6,24,90,2892,3.173366069793701
calibration,6,24,91,1031,3.3395259380340576
calibration,6,24,92,2905,2.089934825897217
calibration,6,24,93,1747,3.089186429977417
calibration,6,24,94,1426,3.074129819869995
calibration,6,24,95,1288,2.7642624378204346
calibration,6,26,0,720,3.3526864051818848
calibration,6,26,1,3796,3.4993526935577393
calibration,6,26,2,2979,2.919865846633911
calibration,6,26,3,3195,3.085108757019043
calibration,6,26,4,3348,3.14129376411438
calibration,6,26,5,636,3.0306832790374756
calibration,6,26,6,655,3.2172393798828125
calibration,6,26,7,4470,3.224745512008667
calibration,6,26,8,3767,2.769357919692993
calibration,6,26,9,1123,3.0406463146209717
calibration,6,26,10,1907,3.13938570022583
calibration,6,26,11,4325,3.2330162525177
calibration,6,26,12,3374,3.2713234424591064
calibration,6,26,13,552,2.768955945968628
calibration,6,26,14,1983,3.119377374649048
calibration,6,26,15,279,2.9627323150634766
calibration,6,26,16,3116,3.316124439239502
calibration,6,26,17,3247,3.5198135375976562
calibration,6,26,18,4798,3.3256921768188477
calibration,6,26,19,2782,2.8142406940460205
calibration,6,26,20,2029,3.141061782836914
calibration,6,26,21,3681,3.0831682682037354
calibration,6,26,22,252,2.5074141025543213
calibration,6,26,23,2694,2.9628071784973145
calibration,6,26,24,1696,3.4808967113494873
calibration,6,26,25,1,3.4161431789398193
calibration,6,26,26,1432,3.041685104370117
calibration,6,26,27,3131,3.2207987308502197
calibration,6,26,28,4718,3.4760453701019287
calibration,6,26,29,2055,2.9491078853607178
calibration,6,26,30,4817,3.218717098236084
calibration,6,26,31,2110,3.0251588821411133
calibration,6,26,32,4972,2.983222007751465
calibration,6,26,33,3779,2.486725091934204
calibration,6,26,34,4553,1.8590164184570312
calibration,6,26,35,4505,2.78118896484375
calibration,6,26,36,779,3.1451263427734375
calibration,6,26,37,375,3.2318882942199707
calibration,6,26,38,3175,3.1167569160461426
calibration,6,26,39,1099,2.9018449783325195
calibration,6,26,40,3387,3.6183621883392334
calibration,6,26,41,3081,2.4247376918792725
calibration,6,26,42,461,2.8190038204193115
calibration,6,26,43,429,3.321155071258545
calibration,6,26,44,2649,3.192862033843994
calibration,6,26,45,1815,2.935277223587036
calibration,6,26,46,4318,3.100449800491333
calibration,6,26,47,226,3.2650744915008545
calibration,6,26,48,4210,3.02323842048645
calibration,6,26,49,892,2.8212687969207764
calibration,6,26,50,2021,3.1460700035095215
calibration,6,26,51,2579,2.5717766284942627
calibration,6,26,52,2843,3.0284194946289062
calibration,6,26,53,2661,2.3861196041107178
calibration,6,26,54,426,3.3151185512542725
calibration,6,26,55,768,3.472193956375122
calibration,6,26,56,2163,3.179377555847168
calibration,6,26,57,2378,3.0311806201934814
calibration,6,26,58,1777,3.3822457790374756
calibration,6,26,59,2019,2.9440109729766846
calibration,6,26,60,611,3.104269504547119
calibration,6,26,61,1632,3.2661452293395996
calibration,6,26,62,1668,2.662696123123169
calibration,6,26,63,2131,2.583247661590576
calibration,6,26,64,4582,1.1629533767700195
calibration,6,26,65,3185,2.744415044784546
calibration,6,26,66,3604,2.920687675476074
calibration,6,26,67,2688,2.949193239212036
calibration,6,26,68,1024,3.138633966445923
calibration,6,26,69,3447,3.1605937480926514
calibration,6,26,70,1624,2.808044910430908
calibration,6,26,71,683,2.5136468410491943
calibration,6,26,72,3712,3.1702356338500977
calibration,6,26,73,4597,2.46419358253479
calibration,6,26,74,2003,2.980663776397705
calibration,6,26,75,38,3.1994400024414062
calibration,6,26,76,2557,2.8049235343933105
calibration,6,26,77,648,3.3262128829956055
calibration,6,26,78,2091,2.6554086208343506
calibration,6,26,79,2261,3.215738534927368
calibration,6,26,80,2086,3.189072608947754
calibration,6,26,81,4297,3.112295627593994
calibration,6,26,82,3993,2.656080722808838
calibration,6,26,83,559,2.908846616744995
calibration,6,26,84,3219,3.3918352127075195
calibration,6,26,85,3324,3.1829912662506104
calibration,6,26,86,4366,3.186347723007202
calibration,6,26,87,323,3.278303623199463
calibration,6,26,88,3151,2.996781826019287
calibration,6,26,89,2912,2.7399709224700928
calibration,6,26,90,2892,3.472825288772583
calibration,6,26,91,1031,3.5116891860961914
calibration,6,26,92,2905,2.2452547550201416
calibration,6,26,93,1747,3.212033748626709
calibration,6,26,94,1426,3.2201292514801025
calibration,6,26,95,1288,2.963636636734009
calibration,8,10,0,720,3.3509232997894287
calibration,8,10,1,3796,3.2335991859436035
calibration,8,10,2,2979,2.754148006439209
calibration,8,10,3,3195,2.8035082817077637
calibration,8,10,4,3348,2.952364921569824
calibration,8,10,5,636,2.725285530090332
calibration,8,10,6,655,2.886443614959717
calibration,8,10,7,4470,2.83797025680542
calibration,8,10,8,3767,2.5425446033477783
calibration,8,10,9,1123,2.7443833351135254
calibration,8,10,10,1907,2.8272416591644287
calibration,8,10,11,4325,2.949352502822876
calibration,8,10,12,3374,2.9783709049224854
calibration,8,10,13,552,2.4887137413024902
calibration,8,10,14,1983,2.8020927906036377
calibration,8,10,15,279,2.7979304790496826
calibration,8,10,16,3116,3.0529158115386963
calibration,8,10,17,3247,3.310131549835205
calibration,8,10,18,4798,3.036939859390259
calibration,8,10,19,2782,2.5714406967163086
calibration,8,10,20,2029,3.07609486579895
calibration,8,10,21,3681,2.8509974479675293
calibration,8,10,22,252,2.3022994995117188
calibration,8,10,23,2694,2.8026540279388428
calibration,8,10,24,1696,3.0956673622131348
calibration,8,10,25,1,3.2290329933166504
calibration,8,10,26,1432,2.7300360202789307
calibration,8,10,27,3131,2.995272397994995
calibration,8,10,28,4718,3.0885753631591797
calibration,8,10,29,2055,2.7304553985595703
calibration,8,10,30,4817,2.9644224643707275
calibration,8,10,31,2110,2.796879529953003
calibration,8,10,32,4972,2.643784523010254
calibration,8,10,33,3779,2.2712182998657227
calibration,8,10,34,4553,1.5501350164413452
calibration,8,10,35,4505,2.4867873191833496
calibration,8,10,36,779,2.9061403274536133
calibration,8,10,37,375,2.822307586669922
calibration,8,10,38,3175,2.812854528427124
calibration,8,10,39,1099,2.713365316390991
calibration,8,10,40,3387,3.3758914470672607
calibration,8,10,41,3081,2.1234257221221924
calibration,8,10,42,461,2.4494452476501465
calibration,8,10,43,429,2.9892282485961914
calibration,8,10,44,2649,2.9700915813446045
calibration,8,10,45,1815,2.734936475753784
calibration,8,10,46,4318,2.9188005924224854
calibration,8,10,47,226,3.087507724761963
calibration,8,10,48,4210,2.7458128929138184
calibration,8,10,49,892,2.6299540996551514
calibration,8,10,50,2021,2.8661081790924072
calibration,8,10,51,2579,2.4326205253601074
calibration,8,10,52,2843,2.9420652389526367
calibration,8,10,53,2661,2.2243704795837402
calibration,8,10,54,426,3.1085166931152344
calibration,8,10,55,768,3.4306037425994873
calibration,8,10,56,2163,2.8560523986816406
calibration,8,10,57,2378,2.828615188598633
calibration,8,10,58,1777,3.15350604057312
calibration,8,10,59,2019,2.7651758193969727
calibration,8,10,60,611,2.910735845565796
calibration,8,10,61,1632,2.9879086017608643
calibration,8,10,62,1668,2.2303507328033447
calibration,8,10,63,2131,2.3407974243164062
calibration,8,10,64,4582,1.098790168762207
calibration,8,10,65,3185,2.515291452407837
calibration,8,10,66,3604,2.6774768829345703
calibration,8,10,67,2688,2.637687921524048
calibration,8,10,68,1024,2.78031325340271
calibration,8,10,69,3447,2.9865071773529053
calibration,8,10,70,1624,2.675290584564209
calibration,8,10,71,683,2.241564989089966
calibration,8,10,72,3712,3.0463709831237793
calibration,8,10,73,4597,2.242129325866699
calibration,8,10,74,2003,2.7030527591705322
calibration,8,10,75,38,2.859426498413086
calibration,8,10,76,2557,2.5393080711364746
calibration,8,10,77,648,3.0909616947174072
calibration,8,10,78,2091,2.3119075298309326
calibration,8,10,79,2261,3.0812275409698486
calibration,8,10,80,2086,2.967593193054199
calibration,8,10,81,4297,2.9686439037323
calibration,8,10,82,3993,2.3472988605499268
calibration,8,10,83,559,2.6279959678649902
calibration,8,10,84,3219,3.0917482376098633
calibration,8,10,85,3324,2.9727249145507812
calibration,8,10,86,4366,2.941004991531372
calibration,8,10,87,323,2.8776066303253174
calibration,8,10,88,3151,2.6589913368225098
calibration,8,10,89,2912,2.436293601989746
calibration,8,10,90,2892,3.0714666843414307
calibration,8,10,91,1031,3.3028571605682373
calibration,8,10,92,2905,1.9807312488555908
calibration,8,10,93,1747,2.945495843887329
calibration,8,10,94,1426,2.9286375045776367
calibration,8,10,95,1288,2.6962594985961914
calibration,8,12,0,720,3.396040916442871
calibration,8,12,1,3796,3.3004324436187744
calibration,8,12,2,2979,2.7135114669799805
calibration,8,12,3,3195,2.8596179485321045
calibration,8,12,4,3348,2.955528736114502
calibration,8,12,5,636,2.827928066253662
calibration,8,12,6,655,2.9964730739593506
calibration,8,12,7,4470,2.9850056171417236
calibration,8,12,8,3767,2.6363155841827393
calibration,8,12,9,1123,2.8444173336029053
calibration,8,12,10,1907,2.9002716541290283
calibration,8,12,11,4325,3.0961194038391113
calibration,8,12,12,3374,3.033052921295166
calibration,8,12,13,552,2.4587459564208984
calibration,8,12,14,1983,2.8394548892974854
calibration,8,12,15,279,2.8031857013702393
calibration,8,12,16,3116,3.089230537414551
calibration,8,12,17,3247,3.3370039463043213
calibration,8,12,18,4798,3.079239845275879
calibration,8,12,19,2782,2.590146064758301
calibration,8,12,20,2029,3.095144510269165
calibration,8,12,21,3681,2.8821847438812256
calibration,8,12,22,252,2.363450288772583
calibration,8,12,23,2694,2.858070135116577
calibration,8,12,24,1696,3.229379892349243
calibration,8,12,25,1,3.2814342975616455
calibration,8,12,26,1432,2.79128360748291
calibration,8,12,27,3131,3.102494478225708
calibration,8,12,28,4718,3.1350016593933105
calibration,8,12,29,2055,2.739872455596924
calibration,8,12,30,4817,2.9857311248779297
calibration,8,12,31,2110,2.802150011062622
calibration,8,12,32,4972,2.68515944480896
calibration,8,12,33,3779,2.3163363933563232
calibration,8,12,34,4553,1.6375815868377686
calibration,8,12,35,4505,2.5035743713378906
calibration,8,12,36,779,3.088017225265503
calibration,8,12,37,375,3.037719488143921
calibration,8,12,38,3175,2.8882412910461426
calibration,8,12,39,1099,2.746356725692749
calibration,8,12,40,3387,3.4297494888305664
calibration,8,12,41,3081,2.0718183517456055
calibration,8,12,42,461,2.605053424835205
calibration,8,12,43,429,3.095409870147705
calibration,8,12,44,2649,2.9993293285369873
calibration,8,12,45,1815,2.717768907546997
calibration,8,12,46,4318,3.010514259338379
calibration,8,12,47,226,3.076448440551758
calibration,8,12,48,4210,2.74875545501709
calibration,8,12,49,892,2.654730796813965
calibration,8,12,50,2021,2.865558385848999
calibration,8,12,51,2579,2.4651687145233154
calibration,8,12,52,2843,2.9692227840423584
calibration,8,12,53,2661,2.2791411876678467
calibration,8,12,54,426,3.129185914993286
calibration,8,12,55,768,3.445573329925537
calibration,8,12,56,2163,2.807309627532959
calibration,8,12,57,2378,2.821458578109741
calibration,8,12,58,1777,3.17061710357666
calibration,8,12,59,2019,2.7477364540100098
calibration,8,12,60,611,3.0061326026916504
calibration,8,12,61,1632,3.0884029865264893
calibration,8,12,62,1668,2.2875967025756836
calibration,8,12,63,2131,2.342684030532837
calibration,8,12,64,4582,1.0921703577041626
calibration,8,12,65,3185,2.493812084197998
calibration,8,12,66,3604,2.6896514892578125
calibration,8,12,67,2688,2.700518846511841
calibration,8,12,68,1024,2.786722183227539
calibration,8,12,69,3447,3.0422654151916504
calibration,8,12,70,1624,2.746579647064209
calibration,8,12,71,683,2.333557367324829
calibration,8,12,72,3712,3.067078113555908
calibration,8,12,73,4597,2.17966365814209
calibration,8,12,74,2003,2.79905366897583
calibration,8,12,75,38,2.913226366043091
calibration,8,12,76,2557,2.557936906814575
calibration,8,12,77,648,3.2130486965179443
calibration,8,12,78,2091,2.451281785964966
calibration,8,12,79,2261,3.0667715072631836
calibration,8,12,80,2086,2.965984344482422
calibration,8,12,81,4297,2.9983391761779785
calibration,8,12,82,3993,2.4150969982147217
calibration,8,12,83,559,2.670724868774414
calibration,8,12,84,3219,3.198108196258545
calibration,8,12,85,3324,2.9762561321258545
calibration,8,12,86,4366,2.9921512603759766
calibration,8,12,87,323,2.9316415786743164
calibration,8,12,88,3151,2.7355546951293945
calibration,8,12,89,2912,2.4953701496124268
calibration,8,12,90,2892,3.161757707595825
calibration,8,12,91,1031,3.308077096939087
calibration,8,12,92,2905,2.032482147216797
calibration,8,12,93,1747,2.974680185317993
calibration,8,12,94,1426,2.971431255340576
calibration,8,12,95,1288,2.6822428703308105
calibration,8,15,0,720,3.247007131576538
calibration,8,15,1,3796,3.2240312099456787
calibration,8,15,2,2979,2.6154868602752686
calibration,8,15,3,3195,2.7768750190734863
calibration,8,15,4,3348,2.8747963905334473
calibration,8,15,5,636,2.7079501152038574
calibration,8,15,6,655,2.874000072479248
calibration,8,15,7,4470,2.8717257976531982
calibration,8,15,8,3767,2.56074595451355
calibration,8,15,9,1123,2.7576701641082764
calibration,8,15,10,1907,2.818748950958252
calibration,8,15,11,4325,2.965365409851074
calibration,8,15,12,3374,3.0231094360351562
calibration,8,15,13,552,2.4800899028778076
calibration,8,15,14,1983,2.8365871906280518
calibration,8,15,15,279,2.75080943107605
calibration,8,15,16,3116,3.043687582015991
calibration,8,15,17,3247,3.278731107711792
calibration,8,15,18,4798,3.0222725868225098
calibration,8,15,19,2782,2.5453858375549316
calibration,8,15,20,2029,3.024270534515381
calibration,8,15,21,3681,2.8314855098724365
calibration,8,15,22,252,2.249652624130249
calibration,8,15,23,2694,2.69830584526062
calibration,8,15,24,1696,3.117323637008667
calibration,8,15,25,1,3.201200485229492
calibration,8,15,26,1432,2.7232954502105713
calibration,8,15,27,3131,3.029374361038208
calibration,8,15,28,4718,3.0841081142425537
calibration,8,15,29,2055,2.7057690620422363
calibration,8,15,30,4817,2.943450689315796
calibration,8,15,31,2110,2.757046699523926
calibration,8,15,32,4972,2.609922409057617
calibration,8,15,33,3779,2.3093347549438477
calibration,8,15,34,4553,1.587283730506897
calibration,8,15,35,4505,2.4620578289031982
calibration,8,15,36,779,2.923006296157837
calibration,8,15,37,375,2.837242364883423
calibration,8,15,38,3175,2.805445671081543
calibration,8,15,39,1099,2.672332286834717
calibration,8,15,40,3387,3.375722885131836
calibration,8,15,41,3081,2.0623443126678467
calibration,8,15,42,461,2.5022168159484863
calibration,8,15,43,429,2.975712537765503
calibration,8,15,44,2649,2.881009817123413
calibration,8,15,45,1815,2.669118642807007
calibration,8,15,46,4318,2.886568307876587
calibration,8,15,47,226,3.01335072517395
calibration,8,15,48,4210,2.72481632232666
calibration,8,15,49,892,2.6026318073272705
calibration,8,15,50,2021,2.861706018447876
calibration,8,15,51,2579,2.341240167617798
calibration,8,15,52,2843,2.8803462982177734
calibration,8,15,53,2661,2.2189486026763916
calibration,8,15,54,426,3.061492919921875
calibration,8,15,55,768,3.3525800704956055
calibration,8,15,56,2163,2.839996337890625
calibration,8,15,57,2378,2.799934148788452
calibration,8,15,58,1777,3.183320999145508
calibration,8,15,59,2019,2.705634117126465
calibration,8,15,60,611,2.8809826374053955
calibration,8,15,61,1632,2.9377260208129883
calibration,8,15,62,1668,2.197641134262085
calibration,8,15,63,2131,2.2490296363830566
calibration,8,15,64,4582,1.0635126829147339
calibration,8,15,65,3185,2.477989673614502
calibration,8,15,66,3604,2.6009275913238525
calibration,8,15,67,2688,2.673971652984619
calibration,8,15,68,1024,2.707510471343994
calibration,8,15,69,3447,2.932277202606201
calibration,8,15,70,1624,2.725884199142456
calibration,8,15,71,683,2.2255473136901855
calibration,8,15,72,3712,3.0633175373077393
calibration,8,15,73,4597,2.189312219619751
calibration,8,15,74,2003,2.6774206161499023
calibration,8,15,75,38,2.898153305053711
calibration,8,15,76,2557,2.5082459449768066
calibration,8,15,77,648,3.0864157676696777
calibration,8,15,78,2091,2.3369948863983154
calibration,8,15,79,2261,3.010605573654175
calibration,8,15,80,2086,2.9070470333099365
calibration,8,15,81,4297,2.907855272293091
calibration,8,15,82,3993,2.361912965774536
calibration,8,15,83,559,2.574704885482788
calibration,8,15,84,3219,3.0561976432800293
calibration,8,15,85,3324,2.9134600162506104
calibration,8,15,86,4366,2.9153683185577393
calibration,8,15,87,323,2.9161627292633057
calibration,8,15,88,3151,2.633350133895874
calibration,8,15,89,2912,2.405986785888672
calibration,8,15,90,2892,3.0341787338256836
calibration,8,15,91,1031,3.25382924079895
calibration,8,15,92,2905,1.9665201902389526
calibration,8,15,93,1747,2.9192917346954346
calibration,8,15,94,1426,2.852266788482666
calibration,8,15,95,1288,2.6051084995269775
calibration,8,17,0,720,3.303483486175537
calibration,8,17,1,3796,3.239434242248535
calibration,8,17,2,2979,2.679036855697632
calibration,8,17,3,3195,2.798326015472412
calibration,8,17,4,3348,2.836261510848999
calibration,8,17,5,636,2.742483615875244
calibration,8,17,6,655,2.902866840362549
calibration,8,17,7,4470,2.9068830013275146
calibration,8,17,8,3767,2.556408405303955
calibration,8,17,9,1123,2.766181468963623
calibration,8,17,10,1907,2.913811445236206
calibration,8,17,11,4325,2.9855213165283203
calibration,8,17,12,3374,3.0360219478607178
calibration,8,17,13,552,2.5188958644866943
calibration,8,17,14,1983,2.8442163467407227
calibration,8,17,15,279,2.762063503265381
calibration,8,17,16,3116,3.040111541748047
calibration,8,17,17,3247,3.298069477081299
calibration,8,17,18,4798,3.0414023399353027
calibration,8,17,19,2782,2.6325271129608154
calibration,8,17,20,2029,3.027066469192505
calibration,8,17,21,3681,2.817993402481079
calibration,8,17,22,252,2.3022117614746094
calibration,8,17,23,2694,2.7072935104370117
calibration,8,17,24,1696,3.1602673530578613
calibration,8,17,25,1,3.217714309692383
calibration,8,17,26,1432,2.745530366897583
calibration,8,17,27,3131,3.0856387615203857
calibration,8,17,28,4718,3.0773868560791016
calibration,8,17,29,2055,2.68005108833313
calibration,8,17,30,4817,2.9395875930786133
calibration,8,17,31,2110,2.8293285369873047
calibration,8,17,32,4972,2.629657506942749
calibration,8,17,33,3779,2.3233425617218018
calibration,8,17,34,4553,1.5689833164215088
calibration,8,17,35,4505,2.5111923217773438
calibration,8,17,36,779,2.935379981994629
calibration,8,17,37,375,2.8663759231567383
calibration,8,17,38,3175,2.834763526916504
calibration,8,17,39,1099,2.6941704750061035
calibration,8,17,40,3387,3.4068589210510254
calibration,8,17,41,3081,2.0710129737854004
calibration,8,17,42,461,2.5296249389648438
calibration,8,17,43,429,3.025300979614258
calibration,8,17,44,2649,2.9218826293945312
calibration,8,17,45,1815,2.74715256690979
calibration,8,17,46,4318,2.9077305793762207
calibration,8,17,47,226,3.0485846996307373
calibration,8,17,48,4210,2.7231128215789795
calibration,8,17,49,892,2.6351816654205322
calibration,8,17,50,2021,2.830948829650879
calibration,8,17,51,2579,2.373507499694824
calibration,8,17,52,2843,2.860121965408325
calibration,8,17,53,2661,2.227080821990967
calibration,8,17,54,426,3.106478214263916
calibration,8,17,55,768,3.416778564453125
calibration,8,17,56,2163,2.8152077198028564
calibration,8,17,57,2378,2.7860774993896484
calibration,8,17,58,1777,3.189244508743286
calibration,8,17,59,2019,2.708446502685547
calibration,8,17,60,611,2.854402780532837
calibration,8,17,61,1632,2.997601270675659
calibration,8,17,62,1668,2.241014003753662
calibration,8,17,63,2131,2.303321599960327
calibration,8,17,64,4582,1.122527837753296
calibration,8,17,65,3185,2.4639408588409424
calibration,8,17,66,3604,2.621842622756958
calibration,8,17,67,2688,2.705073356628418
calibration,8,17,68,1024,2.725611925125122
calibration,8,17,69,3447,2.985182523727417
calibration,8,17,70,1624,2.6898694038391113
calibration,8,17,71,683,2.252040147781372
calibration,8,17,72,3712,3.066047430038452
calibration,8,17,73,4597,2.2087531089782715
calibration,8,17,74,2003,2.731480121612549
calibration,8,17,75,38,2.8877904415130615
calibration,8,17,76,2557,2.5071709156036377
calibration,8,17,77,648,3.1472690105438232
calibration,8,17,78,2091,2.367969036102295
calibration,8,17,79,2261,3.055269718170166
calibration,8,17,80,2086,2.953187942504883
calibration,8,17,81,4297,2.9235072135925293
calibration,8,17,82,3993,2.381840705871582
calibration,8,17,83,559,2.6062567234039307
calibration,8,17,84,3219,3.1121420860290527
calibration,8,17,85,3324,2.9072060585021973
calibration,8,17,86,4366,2.992262125015259
calibration,8,17,87,323,2.927490711212158
calibration,8,17,88,3151,2.692128896713257
calibration,8,17,89,2912,2.407504081726074
calibration,8,17,90,2892,3.055675506591797
calibration,8,17,91,1031,3.292550802230835
calibration,8,17,92,2905,2.040774345397949
calibration,8,17,93,1747,2.9480528831481934
calibration,8,17,94,1426,2.8742456436157227
calibration,8,17,95,1288,2.6871964931488037
calibration,8,19,0,720,3.2947633266448975
calibration,8,19,1,3796,3.3134331703186035
calibration,8,19,2,2979,2.719951868057251
calibration,8,19,3,3195,2.8715951442718506
calibration,8,19,4,3348,2.9653091430664062
calibration,8,19,5,636,2.816404342651367
calibration,8,19,6,655,2.944215774536133
calibration,8,19,7,4470,2.961477518081665
calibration,8,19,8,3767,2.6338205337524414
calibration,8,19,9,1123,2.8094747066497803
calibration,8,19,10,1907,2.9460947513580322
calibration,8,19,11,4325,3.024369716644287
calibration,8,19,12,3374,3.1181983947753906
calibration,8,19,13,552,2.5526602268218994
calibration,8,19,14,1983,2.930508852005005
calibration,8,19,15,279,2.860028028488159
calibration,8,19,16,3116,3.1363847255706787
calibration,8,19,17,3247,3.357128381729126
calibration,8,19,18,4798,3.093027353286743
calibration,8,19,19,2782,2.654205083847046
calibration,8,19,20,2029,3.107577323913574
calibration,8,19,21,3681,2.933014154434204
calibration,8,19,22,252,2.3734471797943115
calibration,8,19,23,2694,2.8094451427459717
calibration,8,19,24,1696,3.258484125137329
calibration,8,19,25,1,3.2757115364074707
calibration,8,19,26,1432,2.8370168209075928
calibration,8,19,27,3131,3.171738624572754
calibration,8,19,28,4718,3.179847478866577
calibration,8,19,29,2055,2.8064284324645996
calibration,8,19,30,4817,3.0152251720428467
calibration,8,19,31,2110,2.8422975540161133
calibration,8,19,32,4972,2.754578113555908
calibration,8,19,33,3779,2.3726375102996826
calibration,8,19,34,4553,1.746953010559082
calibration,8,19,35,4505,2.60276460647583
calibration,8,19,36,779,2.9691741466522217
calibration,8,19,37,375,2.9541501998901367
calibration,8,19,38,3175,2.890918731689453
calibration,8,19,39,1099,2.7402424812316895
calibration,8,19,40,3387,3.4825055599212646
calibration,8,19,41,3081,2.120295763015747
calibration,8,19,42,461,2.6042096614837646
calibration,8,19,43,429,3.072911500930786
calibration,8,19,44,2649,3.0230088233947754
calibration,8,19,45,1815,2.7718234062194824
calibration,8,19,46,4318,2.9941298961639404
calibration,8,19,47,226,3.107494354248047
calibration,8,19,48,4210,2.792534112930298
calibration,8,19,49,892,2.741597890853882
calibration,8,19,50,2021,2.9570014476776123
calibration,8,19,51,2579,2.45790958404541
calibration,8,19,52,2843,3.014573335647583
calibration,8,19,53,2661,2.3081560134887695
calibration,8,19,54,426,3.1519510746002197
calibration,8,19,55,768,3.406749725341797
calibration,8,19,56,2163,2.8787214756011963
calibration,8,19,57,2378,2.8280189037323
calibration,8,19,58,1777,3.243025064468384
calibration,8,19,59,2019,2.8138320446014404
calibration,8,19,60,611,2.918552875518799
calibration,8,19,61,1632,3.0059497356414795
calibration,8,19,62,1668,2.3775649070739746
calibration,8,19,63,2131,2.4390687942504883
calibration,8,19,64,4582,1.1675537824630737
calibration,8,19,65,3185,2.6158652305603027
calibration,8,19,66,3604,2.709360361099243
calibration,8,19,67,2688,2.7882096767425537
calibration,8,19,68,1024,2.8556461334228516
calibration,8,19,69,3447,3.117736339569092
calibration,8,19,70,1624,2.843919515609741
calibration,8,19,71,683,2.307138442993164
calibration,8,19,72,3712,3.1250662803649902
calibration,8,19,73,4597,2.3157215118408203
calibration,8,19,74,2003,2.8066048622131348
calibration,8,19,75,38,2.9394092559814453
calibration,8,19,76,2557,2.597520589828491
calibration,8,19,77,648,3.206259250640869
calibration,8,19,78,2091,2.4250707626342773
calibration,8,19,79,2261,3.1293725967407227
calibration,8,19,80,2086,3.0429697036743164
calibration,8,19,81,4297,3.038478374481201
calibration,8,19,82,3993,2.4756765365600586
calibration,8,19,83,559,2.634827136993408
calibration,8,19,84,3219,3.1536688804626465
calibration,8,19,85,3324,2.9556431770324707
calibration,8,19,86,4366,3.017878293991089
calibration,8,19,87,323,3.0304741859436035
calibration,8,19,88,3151,2.8051135540008545
calibration,8,19,89,2912,2.5337343215942383
calibration,8,19,90,2892,3.1655540466308594
calibration,8,19,91,1031,3.4127984046936035
calibration,8,19,92,2905,2.1827967166900635
calibration,8,19,93,1747,3.0136990547180176
calibration,8,19,94,1426,2.9133858680725098
calibration,8,19,95,1288,2.808320999145508
calibration,8,21,0,720,3.42431640625
calibration,8,21,1,3796,3.336594343185425
calibration,8,21,2,2979,2.915430784225464
calibration,8,21,3,3195,2.921173572540283
calibration,8,21,4,3348,3.068237781524658
calibration,8,21,5,636,2.9180455207824707
calibration,8,21,6,655,3.0350797176361084
calibration,8,21,7,4470,2.993943214416504
calibration,8,21,8,3767,2.670851707458496
calibration,8,21,9,1123,2.8785316944122314
calibration,8,21,10,1907,3.0156431198120117
calibration,8,21,11,4325,3.08888840675354
calibration,8,21,12,3374,3.1736834049224854
calibration,8,21,13,552,2.552703857421875
calibration,8,21,14,1983,3.039182424545288
calibration,8,21,15,279,2.9269814491271973
calibration,8,21,16,3116,3.1794166564941406
calibration,8,21,17,3247,3.4460253715515137
calibration,8,21,18,4798,3.203533887863159
calibration,8,21,19,2782,2.7136621475219727
calibration,8,21,20,2029,3.14888334274292
calibration,8,21,21,3681,2.94880747795105
calibration,8,21,22,252,2.458789825439453
calibration,8,21,23,2694,2.851019859313965
calibration,8,21,24,1696,3.4048655033111572
calibration,8,21,25,1,3.3446896076202393
calibration,8,21,26,1432,2.8496477603912354
calibration,8,21,27,3131,3.1769070625305176
calibration,8,21,28,4718,3.2174806594848633
calibration,8,21,29,2055,2.7664883136749268
calibration,8,21,30,4817,3.1165354251861572
calibration,8,21,31,2110,2.8936784267425537
calibration,8,21,32,4972,2.823004722595215
calibration,8,21,33,3779,2.385751247406006
calibration,8,21,34,4553,1.7609773874282837
calibration,8,21,35,4505,2.74471116065979
calibration,8,21,36,779,2.968008518218994
calibration,8,21,37,375,3.122570037841797
calibration,8,21,38,3175,2.9548940658569336
calibration,8,21,39,1099,2.8258776664733887
calibration,8,21,40,3387,3.5361151695251465
calibration,8,21,41,3081,2.233008623123169
calibration,8,21,42,461,2.634958028793335
calibration,8,21,43,429,3.1148428916931152
calibration,8,21,44,2649,3.1215550899505615
calibration,8,21,45,1815,2.8637337684631348
calibration,8,21,46,4318,3.02632737159729
calibration,8,21,47,226,3.0898184776306152
calibration,8,21,48,4210,2.9930367469787598
calibration,8,21,49,892,2.7233057022094727
calibration,8,21,50,2021,3.015446186065674
calibration,8,21,51,2579,2.5594327449798584
calibration,8,21,52,2843,3.012486696243286
calibration,8,21,53,2661,2.321733236312866
calibration,8,21,54,426,3.237213373184204
calibration,8,21,55,768,3.51298189163208
calibration,8,21,56,2163,3.042733669281006
calibration,8,21,57,2378,3.020231008529663
calibration,8,21,58,1777,3.2983882427215576
calibration,8,21,59,2019,2.883631467819214
calibration,8,21,60,611,2.9410200119018555
calibration,8,21,61,1632,3.140660047531128
calibration,8,21,62,1668,2.3936853408813477
calibration,8,21,63,2131,2.5510382652282715
calibration,8,21,64,4582,1.1152629852294922
calibration,8,21,65,3185,2.7016830444335938
calibration,8,21,66,3604,2.7713637351989746
calibration,8,21,67,2688,2.9178426265716553
calibration,8,21,68,1024,3.0833890438079834
calibration,8,21,69,3447,3.1978588104248047
calibration,8,21,70,1624,2.8454742431640625
calibration,8,21,71,683,2.4699060916900635
calibration,8,21,72,3712,3.2172253131866455
calibration,8,21,73,4597,2.2540857791900635
calibration,8,21,74,2003,2.9354124069213867
calibration,8,21,75,38,3.078962564468384
calibration,8,21,76,2557,2.5739712715148926
calibration,8,21,77,648,3.1690990924835205
calibration,8,21,78,2091,2.4946465492248535
calibration,8,21,79,2261,3.1597607135772705
calibration,8,21,80,2086,3.036728858947754
calibration,8,21,81,4297,3.0824191570281982
calibration,8,21,82,3993,2.48045015335083
calibration,8,21,83,559,2.7873518466949463
calibration,8,21,84,3219,3.2454311847686768
calibration,8,21,85,3324,3.1669483184814453
calibration,8,21,86,4366,3.0890467166900635
calibration,8,21,87,323,3.0947465896606445
calibration,8,21,88,3151,2.8082408905029297
calibration,8,21,89,2912,2.625833034515381
calibration,8,21,90,2892,3.2444729804992676
calibration,8,21,91,1031,3.4949610233306885
calibration,8,21,92,2905,2.2343122959136963
calibration,8,21,93,1747,3.0894668102264404
calibration,8,21,94,1426,2.9453837871551514
calibration,8,21,95,1288,2.8688225746154785
calibration,8,24,0,720,3.4079954624176025
calibration,8,24,1,3796,3.3955326080322266
calibration,8,24,2,2979,2.9448189735412598
calibration,8,24,3,3195,2.942514181137085
calibration,8,24,4,3348,3.0802459716796875
calibration,8,24,5,636,2.8739912509918213
calibration,8,24,6,655,3.0917892456054688
calibration,8,24,7,4470,2.9901368618011475
calibration,8,24,8,3767,2.716240882873535
calibration,8,24,9,1123,2.882361888885498
calibration,8,24,10,1907,3.0422725677490234
calibration,8,24,11,4325,3.120657444000244
calibration,8,24,12,3374,3.1926541328430176
calibration,8,24,13,552,2.622175455093384
calibration,8,24,14,1983,2.9613022804260254
calibration,8,24,15,279,2.907846212387085
calibration,8,24,16,3116,3.1609654426574707
calibration,8,24,17,3247,3.398012161254883
calibration,8,24,18,4798,3.1678874492645264
calibration,8,24,19,2782,2.799307346343994
calibration,8,24,20,2029,3.1534385681152344
calibration,8,24,21,3681,2.9898931980133057
calibration,8,24,22,252,2.454355478286743
calibration,8,24,23,2694,2.8037893772125244
calibration,8,24,24,1696,3.3033320903778076
calibration,8,24,25,1,3.3198676109313965
calibration,8,24,26,1432,2.829061985015869
calibration,8,24,27,3131,3.1883161067962646
calibration,8,24,28,4718,3.2898030281066895
calibration,8,24,29,2055,2.8139560222625732
calibration,8,24,30,4817,3.1231906414031982
calibration,8,24,31,2110,2.8842275142669678
calibration,8,24,32,4972,2.792391538619995
calibration,8,24,33,3779,2.403761863708496
calibration,8,24,34,4553,1.7269309759140015
calibration,8,24,35,4505,2.715054988861084
calibration,8,24,36,779,3.0186080932617188
calibration,8,24,37,375,3.0360941886901855
calibration,8,24,38,3175,2.9603333473205566
calibration,8,24,39,1099,2.873000144958496
calibration,8,24,40,3387,3.5690200328826904
calibration,8,24,41,3081,2.1482903957366943
calibration,8,24,42,461,2.7151002883911133
calibration,8,24,43,429,3.1860265731811523
calibration,8,24,44,2649,3.1590757369995117
calibration,8,24,45,1815,2.897084951400757
calibration,8,24,46,4318,3.1417882442474365
calibration,8,24,47,226,3.1319265365600586
calibration,8,24,48,4210,2.9167683124542236
calibration,8,24,49,892,2.7469985485076904
calibration,8,24,50,2021,2.9991862773895264
calibration,8,24,51,2579,2.545663356781006
calibration,8,24,52,2843,3.021034002304077
calibration,8,24,53,2661,2.3072221279144287
calibration,8,24,54,426,3.281183958053589
calibration,8,24,55,768,3.5039994716644287
calibration,8,24,56,2163,3.0711240768432617
calibration,8,24,57,2378,2.9763433933258057
calibration,8,24,58,1777,3.334597110748291
calibration,8,24,59,2019,2.8598320484161377
calibration,8,24,60,611,2.9361703395843506
calibration,8,24,61,1632,3.1292693614959717
calibration,8,24,62,1668,2.421670913696289
calibration,8,24,63,2131,2.4767725467681885
calibration,8,24,64,4582,1.1226699352264404
calibration,8,24,65,3185,2.654575824737549
calibration,8,24,66,3604,2.7936134338378906
calibration,8,24,67,2688,2.7618374824523926
calibration,8,24,68,1024,3.033055067062378
calibration,8,24,69,3447,3.1757476329803467
calibration,8,24,70,1624,2.774954080581665
calibration,8,24,71,683,2.3989429473876953
calibration,8,24,72,3712,3.1170170307159424
calibration,8,24,73,4597,2.280776262283325
calibration,8,24,74,2003,2.813575506210327
calibration,8,24,75,38,2.9822165966033936
calibration,8,24,76,2557,2.594849109649658
calibration,8,24,77,648,3.220560312271118
calibration,8,24,78,2091,2.4356882572174072
calibration,8,24,79,2261,3.135316848754883
calibration,8,24,80,2086,3.135938882827759
calibration,8,24,81,4297,3.117903470993042
calibration,8,24,82,3993,2.4568822383880615
calibration,8,24,83,559,2.7477669715881348
calibration,8,24,84,3219,3.2859530448913574
calibration,8,24,85,3324,3.0794837474823
calibration,8,24,86,4366,3.0982346534729004
calibration,8,24,87,323,3.0889627933502197
calibration,8,24,88,3151,2.8335580825805664
calibration,8,24,89,2912,2.605891466140747
calibration,8,24,90,2892,3.2497305870056152
calibration,8,24,91,1031,3.450643539428711
calibration,8,24,92,2905,2.225370407104492
calibration,8,24,93,1747,3.0379703044891357
calibration,8,24,94,1426,3.031524419784546
calibration,8,24,95,1288,2.7918872833251953
calibration,8,26,0,720,3.5048415660858154
calibration,8,26,1,3796,3.542255163192749
calibration,8,26,2,2979,2.968548536300659
calibration,8,26,3,3195,3.114025354385376
calibration,8,26,4,3348,3.164144277572632
calibration,8,26,5,636,3.0461478233337402
calibration,8,26,6,655,3.272097587585449
calibration,8,26,7,4470,3.2432098388671875
calibration,8,26,8,3767,2.804978847503662
calibration,8,26,9,1123,3.0787770748138428
calibration,8,26,10,1907,3.1766955852508545
calibration,8,26,11,4325,3.2047598361968994
calibration,8,26,12,3374,3.411510705947876
calibration,8,26,13,552,2.7938756942749023
calibration,8,26,14,1983,3.115936756134033
calibration,8,26,15,279,2.991211414337158
calibration,8,26,16,3116,3.3772497177124023
calibration,8,26,17,3247,3.600703239440918
calibration,8,26,18,4798,3.3663651943206787
calibration,8,26,19,2782,2.820840835571289
calibration,8,26,20,2029,3.285531997680664
calibration,8,26,21,3681,3.1039600372314453
calibration,8,26,22,252,2.5496978759765625
calibration,8,26,23,2694,3.104691743850708
calibration,8,26,24,1696,3.5453569889068604
calibration,8,26,25,1,3.5132713317871094
calibration,8,26,26,1432,3.050675630569458
calibration,8,26,27,3131,3.277263879776001
calibration,8,26,28,4718,3.4772090911865234
calibration,8,26,29,2055,2.9680988788604736
calibration,8,26,30,4817,3.2063684463500977
calibration,8,26,31,2110,3.0809414386749268
calibration,8,26,32,4972,2.9337964057922363
calibration,8,26,33,3779,2.508624792098999
calibration,8,26,34,4553,1.8410316705703735
calibration,8,26,35,4505,2.8028180599212646
calibration,8,26,36,779,3.113560676574707
calibration,8,26,37,375,3.1819238662719727
calibration,8,26,38,3175,3.098137378692627
calibration,8,26,39,1099,2.895146131515503
calibration,8,26,40,3387,3.700155735015869
calibration,8,26,41,3081,2.340867519378662
calibration,8,26,42,461,2.789205312728882
calibration,8,26,43,429,3.338747501373291
calibration,8,26,44,2649,3.2326009273529053
calibration,8,26,45,1815,2.984070301055908
calibration,8,26,46,4318,3.186776638031006
calibration,8,26,47,226,3.319257974624634
calibration,8,26,48,4210,3.02976655960083
calibration,8,26,49,892,2.838395118713379
calibration,8,26,50,2021,3.203507423400879
calibration,8,26,51,2579,2.59421706199646
calibration,8,26,52,2843,3.084368944168091
calibration,8,26,53,2661,2.375746011734009
calibration,8,26,54,426,3.323791980743408
calibration,8,26,55,768,3.5701236724853516
calibration,8,26,56,2163,3.189702033996582
calibration,8,26,57,2378,3.103703737258911
calibration,8,26,58,1777,3.426161289215088
calibration,8,26,59,2019,3.0087974071502686
calibration,8,26,60,611,3.2134318351745605
calibration,8,26,61,1632,3.322047233581543
calibration,8,26,62,1668,2.5949034690856934
calibration,8,26,63,2131,2.6070663928985596
calibration,8,26,64,4582,1.1548632383346558
calibration,8,26,65,3185,2.7452008724212646
calibration,8,26,66,3604,2.8720970153808594
calibration,8,26,67,2688,2.9421911239624023
calibration,8,26,68,1024,3.1874301433563232
calibration,8,26,69,3447,3.235499620437622
calibration,8,26,70,1624,2.8178553581237793
calibration,8,26,71,683,2.5177018642425537
calibration,8,26,72,3712,3.2790675163269043
calibration,8,26,73,4597,2.468801498413086
calibration,8,26,74,2003,3.033712387084961
calibration,8,26,75,38,3.159550428390503
calibration,8,26,76,2557,2.7593836784362793
calibration,8,26,77,648,3.3488802909851074
calibration,8,26,78,2091,2.665091037750244
calibration,8,26,79,2261,3.186124086380005
calibration,8,26,80,2086,3.183082103729248
calibration,8,26,81,4297,3.1944665908813477
calibration,8,26,82,3993,2.632075309753418
calibration,8,26,83,559,2.9101858139038086
calibration,8,26,84,3219,3.399286985397339
calibration,8,26,85,3324,3.2798562049865723
calibration,8,26,86,4366,3.1446962356567383
calibration,8,26,87,323,3.2746877670288086
calibration,8,26,88,3151,2.9449875354766846
calibration,8,26,89,2912,2.706394910812378
calibration,8,26,90,2892,3.5094223022460938
calibration,8,26,91,1031,3.68768048286438
calibration,8,26,92,2905,2.286377429962158
calibration,8,26,93,1747,3.179234743118286
calibration,8,26,94,1426,3.1709351539611816
calibration,8,26,95,1288,2.9505622386932373
calibration,10,12,0,720,3.2736620903015137
calibration,10,12,1,3796,3.1096103191375732
calibration,10,12,2,2979,2.544304609298706
calibration,10,12,3,3195,2.7194671630859375
calibration,10,12,4,3348,2.8708224296569824
calibration,10,12,5,636,2.658932685852051
calibration,10,12,6,655,2.7286345958709717
calibration,10,12,7,4470,2.8265228271484375
calibration,10,12,8,3767,2.516547441482544
calibration,10,12,9,1123,2.715456485748291
calibration,10,12,10,1907,2.77351975440979
calibration,10,12,11,4325,2.9391424655914307
calibration,10,12,12,3374,2.948127031326294
calibration,10,12,13,552,2.3860719203948975
calibration,10,12,14,1983,2.713082790374756
calibration,10,12,15,279,2.7127206325531006
calibration,10,12,16,3116,2.966586112976074
calibration,10,12,17,3247,3.212383508682251
calibration,10,12,18,4798,2.9702773094177246
calibration,10,12,19,2782,2.4730021953582764
calibration,10,12,20,2029,2.9682886600494385
calibration,10,12,21,3681,2.742204427719116
calibration,10,12,22,252,2.1673858165740967
calibration,10,12,23,2694,2.632387161254883
calibration,10,12,24,1696,3.02730655670166
calibration,10,12,25,1,3.154905080795288
calibration,10,12,26,1432,2.718315601348877
calibration,10,12,27,3131,2.952338933944702
calibration,10,12,28,4718,3.0060932636260986
calibration,10,12,29,2055,2.657665491104126
calibration,10,12,30,4817,2.8949530124664307
calibration,10,12,31,2110,2.7014997005462646
calibration,10,12,32,4972,2.5838797092437744
calibration,10,12,33,3779,2.2751317024230957
calibration,10,12,34,4553,1.5276851654052734
calibration,10,12,35,4505,2.4149880409240723
calibration,10,12,36,779,2.8854970932006836
calibration,10,12,37,375,2.8855600357055664
calibration,10,12,38,3175,2.73873233795166
calibration,10,12,39,1099,2.5944786071777344
calibration,10,12,40,3387,3.3270986080169678
calibration,10,12,41,3081,1.9888548851013184
calibration,10,12,42,461,2.441751718521118
calibration,10,12,43,429,2.9454362392425537
calibration,10,12,44,2649,2.8518450260162354
calibration,10,12,45,1815,2.6454548835754395
calibration,10,12,46,4318,2.7957139015197754
calibration,10,12,47,226,2.974186658859253
calibration,10,12,48,4210,2.64785099029541
calibration,10,12,49,892,2.599766492843628
calibration,10,12,50,2021,2.823068857192993
calibration,10,12,51,2579,2.3709137439727783
calibration,10,12,52,2843,2.8427329063415527
calibration,10,12,53,2661,2.1771864891052246
calibration,10,12,54,426,3.0312299728393555
calibration,10,12,55,768,3.3516995906829834
calibration,10,12,56,2163,2.722496271133423
calibration,10,12,57,2378,2.6637179851531982
calibration,10,12,58,1777,3.127591371536255
calibration,10,12,59,2019,2.709763526916504
calibration,10,12,60,611,2.76025390625
calibration,10,12,61,1632,2.9128668308258057
calibration,10,12,62,1668,2.1635608673095703
calibration,10,12,63,2131,2.3061165809631348
calibration,10,12,64,4582,1.0762312412261963
calibration,10,12,65,3185,2.4186558723449707
calibration,10,12,66,3604,2.5346477031707764
calibration,10,12,67,2688,2.5913870334625244
calibration,10,12,68,1024,2.7213804721832275
calibration,10,12,69,3447,2.9413256645202637
calibration,10,12,70,1624,2.694108724594116
calibration,10,12,71,683,2.2355527877807617
calibration,10,12,72,3712,2.918891668319702
calibration,10,12,73,4597,2.1539039611816406
calibration,10,12,74,2003,2.624176502227783
calibration,10,12,75,38,2.815810441970825
calibration,10,12,76,2557,2.4727253913879395
calibration,10,12,77,648,3.0129857063293457
calibration,10,12,78,2091,2.3013594150543213
calibration,10,12,79,2261,3.067925453186035
calibration,10,12,80,2086,2.9051311016082764
calibration,10,12,81,4297,2.8835601806640625
calibration,10,12,82,3993,2.3178131580352783
calibration,10,12,83,559,2.5421295166015625
calibration,10,12,84,3219,3.022841691970825
calibration,10,12,85,3324,2.906282424926758
calibration,10,12,86,4366,2.8874661922454834
calibration,10,12,87,323,2.86114501953125
calibration,10,12,88,3151,2.6511521339416504
calibration,10,12,89,2912,2.373631000518799
calibration,10,12,90,2892,3.0079171657562256
calibration,10,12,91,1031,3.2121992111206055
calibration,10,12,92,2905,1.9188263416290283
calibration,10,12,93,1747,2.899590253829956
calibration,10,12,94,1426,2.8281517028808594
calibration,10,12,95,1288,2.6336605548858643
calibration,10,15,0,720,3.185789108276367
calibration,10,15,1,3796,3.140669345855713
calibration,10,15,2,2979,2.5996456146240234
calibration,10,15,3,3195,2.6937601566314697
calibration,10,15,4,3348,2.781280279159546
calibration,10,15,5,636,2.693058490753174
calibration,10,15,6,655,2.7158637046813965
calibration,10,15,7,4470,2.8583309650421143
calibration,10,15,8,3767,2.4976613521575928
calibration,10,15,9,1123,2.740640163421631
calibration,10,15,10,1907,2.781672954559326
calibration,10,15,11,4325,2.933156967163086
calibration,10,15,12,3374,2.976661443710327
calibration,10,15,13,552,2.4109201431274414
calibration,10,15,14,1983,2.7563724517822266
calibration,10,15,15,279,2.705235481262207
calibration,10,15,16,3116,3.017526865005493
calibration,10,15,17,3247,3.1828675270080566
calibration,10,15,18,4798,2.9777002334594727
calibration,10,15,19,2782,2.408501148223877
calibration,10,15,20,2029,2.9156668186187744
calibration,10,15,21,3681,2.763601541519165
calibration,10,15,22,252,2.1512391567230225
calibration,10,15,23,2694,2.641284227371216
calibration,10,15,24,1696,3.0552730560302734
calibration,10,15,25,1,3.1738085746765137
calibration,10,15,26,1432,2.7291409969329834
calibration,10,15,27,3131,2.9672486782073975
calibration,10,15,28,4718,3.076636552810669
calibration,10,15,29,2055,2.6232755184173584
calibration,10,15,30,4817,2.8904969692230225
calibration,10,15,31,2110,2.720898151397705
calibration,10,15,32,4972,2.557678461074829
calibration,10,15,33,3779,2.2280378341674805
calibration,10,15,34,4553,1.4982736110687256
calibration,10,15,35,4505,2.3965890407562256
calibration,10,15,36,779,2.869337558746338
calibration,10,15,37,375,2.8481602668762207
calibration,10,15,38,3175,2.7972137928009033
calibration,10,15,39,1099,2.630871534347534
calibration,10,15,40,3387,3.2990825176239014
calibration,10,15,41,3081,2.0213890075683594
calibration,10,15,42,461,2.4383113384246826
calibration,10,15,43,429,2.8967204093933105
calibration,10,15,44,2649,2.811789035797119
calibration,10,15,45,1815,2.660896062850952
calibration,10,15,46,4318,2.773522138595581
calibration,10,15,47,226,2.9704461097717285
calibration,10,15,48,4210,2.667332887649536
calibration,10,15,49,892,2.581272840499878
calibration,10,15,50,2021,2.846050977706909
calibration,10,15,51,2579,2.3398687839508057
calibration,10,15,52,2843,2.80012845993042
calibration,10,15,53,2661,2.187408447265625
calibration,10,15,54,426,3.045131206512451
calibration,10,15,55,768,3.3046367168426514
calibration,10,15,56,2163,2.7733452320098877
calibration,10,15,57,2378,2.6806259155273438
calibration,10,15,58,1777,3.1222081184387207
calibration,10,15,59,2019,2.6576616764068604
calibration,10,15,60,611,2.7874276638031006
calibration,10,15,61,1632,2.9258227348327637
calibration,10,15,62,1668,2.196655511856079
calibration,10,15,63,2131,2.3002243041992188
calibration,10,15,64,4582,1.0791727304458618
calibration,10,15,65,3185,2.446920394897461
calibration,10,15,66,3604,2.5313260555267334
calibration,10,15,67,2688,2.5769684314727783
calibration,10,15,68,1024,2.654461622238159
calibration,10,15,69,3447,2.8957223892211914
calibration,10,15,70,1624,2.7012181282043457
calibration,10,15,71,683,2.177070140838623
calibration,10,15,72,3712,2.9754674434661865
calibration,10,15,73,4597,2.1910946369171143
calibration,10,15,74,2003,2.644798994064331
calibration,10,15,75,38,2.768543243408203
calibration,10,15,76,2557,2.495870590209961
calibration,10,15,77,648,2.985041856765747
calibration,10,15,78,2091,2.3436012268066406
calibration,10,15,79,2261,3.073197603225708
calibration,10,15,80,2086,2.9130661487579346
calibration,10,15,81,4297,2.8266143798828125
calibration,10,15,82,3993,2.3200783729553223
calibration,10,15,83,559,2.555852174758911
calibration,10,15,84,3219,3.0630245208740234
calibration,10,15,85,3324,2.8755269050598145
calibration,10,15,86,4366,2.8774940967559814
calibration,10,15,87,323,2.892756223678589
calibration,10,15,88,3151,2.6419482231140137
calibration,10,15,89,2912,2.373446226119995
calibration,10,15,90,2892,3.007671594619751
calibration,10,15,91,1031,3.229839563369751
calibration,10,15,92,2905,1.8771597146987915
calibration,10,15,93,1747,2.9297001361846924
calibration,10,15,94,1426,2.8369839191436768
calibration,10,15,95,1288,2.6041102409362793
calibration,10,17,0,720,3.2441534996032715
calibration,10,17,1,3796,3.152244806289673
calibration,10,17,2,2979,2.600071430206299
calibration,10,17,3,3195,2.7266674041748047
calibration,10,17,4,3348,2.7768120765686035
calibration,10,17,5,636,2.6742289066314697
calibration,10,17,6,655,2.7613837718963623
calibration,10,17,7,4470,2.88240385055542
calibration,10,17,8,3767,2.5023295879364014
calibration,10,17,9,1123,2.7476260662078857
calibration,10,17,10,1907,2.8179001808166504
calibration,10,17,11,4325,2.9353840351104736
calibration,10,17,12,3374,2.9690914154052734
calibration,10,17,13,552,2.4732065200805664
calibration,10,17,14,1983,2.737959384918213
calibration,10,17,15,279,2.710801124572754
calibration,10,17,16,3116,2.998793125152588
calibration,10,17,17,3247,3.1786646842956543
calibration,10,17,18,4798,3.009843587875366
calibration,10,17,19,2782,2.5126240253448486
calibration,10,17,20,2029,2.9246644973754883
calibration,10,17,21,3681,2.7529735565185547
calibration,10,17,22,252,2.244429111480713
calibration,10,17,23,2694,2.609872579574585
calibration,10,17,24,1696,3.101937770843506
calibration,10,17,25,1,3.1818621158599854
calibration,10,17,26,1432,2.7308895587921143
calibration,10,17,27,3131,3.021122932434082
calibration,10,17,28,4718,3.070185899734497
calibration,10,17,29,2055,2.611163854598999
calibration,10,17,30,4817,2.8960790634155273
calibration,10,17,31,2110,2.7682220935821533
calibration,10,17,32,4972,2.567915916442871
calibration,10,17,33,3779,2.2686655521392822
calibration,10,17,34,4553,1.4939939975738525
calibration,10,17,35,4505,2.39601993560791
calibration,10,17,36,779,2.83439302444458
calibration,10,17,37,375,2.85477352142334
calibration,10,17,38,3175,2.8324429988861084
calibration,10,17,39,1099,2.6517155170440674
calibration,10,17,40,3387,3.312847852706909
calibration,10,17,41,3081,2.032724618911743
calibration,10,17,42,461,2.4746453762054443
calibration,10,17,43,429,2.9578211307525635
calibration,10,17,44,2649,2.8603293895721436
calibration,10,17,45,1815,2.6976797580718994
calibration,10,17,46,4318,2.797020196914673
calibration,10,17,47,226,3.0233194828033447
calibration,10,17,48,4210,2.685530424118042
calibration,10,17,49,892,2.632481575012207
calibration,10,17,50,2021,2.8229918479919434
calibration,10,17,51,2579,2.363412618637085
calibration,10,17,52,2843,2.7961325645446777
calibration,10,17,53,2661,2.2129416465759277
calibration,10,17,54,426,3.0894365310668945
calibration,10,17,55,768,3.324737548828125
calibration,10,17,56,2163,2.7702858448028564
calibration,10,17,57,2378,2.716423988342285
calibration,10,17,58,1777,3.165628671646118
calibration,10,17,59,2019,2.700240135192871
calibration,10,17,60,611,2.789438009262085
calibration,10,17,61,1632,2.949859619140625
calibration,10,17,62,1668,2.2297914028167725
calibration,10,17,63,2131,2.3186824321746826
calibration,10,17,64,4582,1.127144694328308
calibration,10,17,65,3185,2.4313342571258545
calibration,10,17,66,3604,2.54229736328125
calibration,10,17,67,2688,2.633317708969116
calibration,10,17,68,1024,2.6860857009887695
calibration,10,17,69,3447,2.9541378021240234
calibration,10,17,70,1624,2.6799635887145996
calibration,10,17,71,683,2.205383777618408
calibration,10,17,72,3712,2.9950809478759766
calibration,10,17,73,4597,2.18691086769104
calibration,10,17,74,2003,2.666954517364502
calibration,10,17,75,38,2.821885347366333
calibration,10,17,76,2557,2.5265986919403076
calibration,10,17,77,648,3.0501532554626465
calibration,10,17,78,2091,2.350334644317627
calibration,10,17,79,2261,3.087692975997925
calibration,10,17,80,2086,2.9464635848999023
calibration,10,17,81,4297,2.867433547973633
calibration,10,17,82,3993,2.3537817001342773
calibration,10,17,83,559,2.5440673828125
calibration,10,17,84,3219,3.088390827178955
calibration,10,17,85,3324,2.8734114170074463
calibration,10,17,86,4366,2.9181253910064697
calibration,10,17,87,323,2.901096820831299
calibration,10,17,88,3151,2.639803171157837
calibration,10,17,89,2912,2.332916736602783
calibration,10,17,90,2892,2.9871158599853516
calibration,10,17,91,1031,3.227294445037842
calibration,10,17,92,2905,1.9337241649627686
calibration,10,17,93,1747,2.8980541229248047
calibration,10,17,94,1426,2.8545422554016113
calibration,10,17,95,1288,2.6415719985961914
calibration,10,19,0,720,3.2422847747802734
calibration,10,19,1,3796,3.197160005569458
calibration,10,19,2,2979,2.6740660667419434
calibration,10,19,3,3195,2.812298059463501
calibration,10,19,4,3348,2.8503835201263428
calibration,10,19,5,636,2.7325685024261475
calibration,10,19,6,655,2.7749593257904053
calibration,10,19,7,4470,2.9294321537017822
calibration,10,19,8,3767,2.6068272590637207
calibration,10,19,9,1123,2.783508777618408
calibration,10,19,10,1907,2.8837385177612305
calibration,10,19,11,4325,3.0142269134521484
calibration,10,19,12,3374,3.0388174057006836
calibration,10,19,13,552,2.4903335571289062
calibration,10,19,14,1983,2.858839750289917
calibration,10,19,15,279,2.7990360260009766
calibration,10,19,16,3116,3.0497875213623047
calibration,10,19,17,3247,3.2471632957458496
calibration,10,19,18,4798,3.0394444465637207
calibration,10,19,19,2782,2.535588026046753
calibration,10,19,20,2029,2.9967384338378906
calibration,10,19,21,3681,2.8056278228759766
calibration,10,19,22,252,2.257248878479004
calibration,10,19,23,2694,2.7192330360412598
calibration,10,19,24,1696,3.2129011154174805
calibration,10,19,25,1,3.205077886581421
calibration,10,19,26,1432,2.7973015308380127
calibration,10,19,27,3131,3.0616395473480225
calibration,10,19,28,4718,3.1439599990844727
calibration,10,19,29,2055,2.70583438873291
calibration,10,19,30,4817,2.971134662628174
calibration,10,19,31,2110,2.7941224575042725
calibration,10,19,32,4972,2.657991409301758
calibration,10,19,33,3779,2.3555777072906494
calibration,10,19,34,4553,1.6110634803771973
calibration,10,19,35,4505,2.5070600509643555
calibration,10,19,36,779,2.901679515838623
calibration,10,19,37,375,2.8950185775756836
calibration,10,19,38,3175,2.8505306243896484
calibration,10,19,39,1099,2.71352481842041
calibration,10,19,40,3387,3.369044542312622
calibration,10,19,41,3081,2.09053635597229
calibration,10,19,42,461,2.539161443710327
calibration,10,19,43,429,3.010009288787842
calibration,10,19,44,2649,2.9283320903778076
calibration,10,19,45,1815,2.742799997329712
calibration,10,19,46,4318,2.872596025466919
calibration,10,19,47,226,3.0617401599884033
calibration,10,19,48,4210,2.724980115890503
calibration,10,19,49,892,2.697577953338623
calibration,10,19,50,2021,2.9288923740386963
calibration,10,19,51,2579,2.4449005126953125
calibration,10,19,52,2843,2.9315829277038574
calibration,10,19,53,2661,2.2805047035217285
calibration,10,19,54,426,3.1243479251861572
calibration,10,19,55,768,3.3295822143554688
calibration,10,19,56,2163,2.804271936416626
calibration,10,19,57,2378,2.7513644695281982
calibration,10,19,58,1777,3.214012861251831
calibration,10,19,59,2019,2.761075735092163
calibration,10,19,60,611,2.819066286087036
calibration,10,19,61,1632,2.9435207843780518
calibration,10,19,62,1668,2.3563039302825928
calibration,10,19,63,2131,2.4280178546905518
calibration,10,19,64,4582,1.195381999015808
calibration,10,19,65,3185,2.5719478130340576
calibration,10,19,66,3604,2.6339941024780273
calibration,10,19,67,2688,2.686058521270752
calibration,10,19,68,1024,2.829313278198242
calibration,10,19,69,3447,3.0542545318603516
calibration,10,19,70,1624,2.798024892807007
calibration,10,19,71,683,2.2421059608459473
calibration,10,19,72,3712,3.0237295627593994
calibration,10,19,73,4597,2.2891273498535156
calibration,10,19,74,2003,2.7326059341430664
calibration,10,19,75,38,2.8888301849365234
calibration,10,19,76,2557,2.5685293674468994
calibration,10,19,77,648,3.1035518646240234
calibration,10,19,78,2091,2.415994644165039
calibration,10,19,79,2261,3.1451284885406494
calibration,10,19,80,2086,3.0023999214172363
calibration,10,19,81,4297,2.955063819885254
calibration,10,19,82,3993,2.4355125427246094
calibration,10,19,83,559,2.6131951808929443
calibration,10,19,84,3219,3.1046717166900635
calibration,10,19,85,3324,2.9224135875701904
calibration,10,19,86,4366,2.94533371925354
calibration,10,19,87,323,2.971665382385254
calibration,10,19,88,3151,2.730620861053467
calibration,10,19,89,2912,2.4891412258148193
calibration,10,19,90,2892,3.105302572250366
calibration,10,19,91,1031,3.309393882751465
calibration,10,19,92,2905,2.1324899196624756
calibration,10,19,93,1747,2.9813268184661865
calibration,10,19,94,1426,2.8980135917663574
calibration,10,19,95,1288,2.7056188583374023
calibration,10,21,0,720,3.3503074645996094
calibration,10,21,1,3796,3.2548723220825195
calibration,10,21,2,2979,2.826446533203125
calibration,10,21,3,3195,2.833228588104248
calibration,10,21,4,3348,2.9712443351745605
calibration,10,21,5,636,2.8500821590423584
calibration,10,21,6,655,2.8647818565368652
calibration,10,21,7,4470,2.941727638244629
calibration,10,21,8,3767,2.6082420349121094
calibration,10,21,9,1123,2.868373394012451
calibration,10,21,10,1907,2.9551167488098145
calibration,10,21,11,4325,3.102051258087158
calibration,10,21,12,3374,3.1044788360595703
calibration,10,21,13,552,2.5047547817230225
calibration,10,21,14,1983,2.9532244205474854
calibration,10,21,15,279,2.8889670372009277
calibration,10,21,16,3116,3.0658013820648193
calibration,10,21,17,3247,3.396207094192505
calibration,10,21,18,4798,3.1616263389587402
calibration,10,21,19,2782,2.5994679927825928
calibration,10,21,20,2029,3.0714433193206787
calibration,10,21,21,3681,2.838261365890503
calibration,10,21,22,252,2.4182372093200684
calibration,10,21,23,2694,2.7949271202087402
calibration,10,21,24,1696,3.321046829223633
calibration,10,21,25,1,3.2983407974243164
calibration,10,21,26,1432,2.803689479827881
calibration,10,21,27,3131,3.1240010261535645
calibration,10,21,28,4718,3.2351837158203125
calibration,10,21,29,2055,2.7163162231445312
calibration,10,21,30,4817,3.0733649730682373
calibration,10,21,31,2110,2.8329670429229736
calibration,10,21,32,4972,2.7276370525360107
calibration,10,21,33,3779,2.3432869911193848
calibration,10,21,34,4553,1.7075852155685425
calibration,10,21,35,4505,2.6520354747772217
calibration,10,21,36,779,2.9188268184661865
calibration,10,21,37,375,3.132869243621826
calibration,10,21,38,3175,3.020082712173462
calibration,10,21,39,1099,2.751147985458374
calibration,10,21,40,3387,3.4373130798339844
calibration,10,21,41,3081,2.1722309589385986
calibration,10,21,42,461,2.589918375015259
calibration,10,21,43,429,3.0529537200927734
calibration,10,21,44,2649,3.046628475189209
calibration,10,21,45,1815,2.795839548110962
calibration,10,21,46,4318,2.8910763263702393
calibration,10,21,47,226,3.0594284534454346
calibration,10,21,48,4210,2.9415504932403564
calibration,10,21,49,892,2.741664171218872
calibration,10,21,50,2021,2.995234251022339
calibration,10,21,51,2579,2.544797658920288
calibration,10,21,52,2843,2.941089391708374
calibration,10,21,53,2661,2.2871646881103516
calibration,10,21,54,426,3.20047664642334
calibration,10,21,55,768,3.3651154041290283
calibration,10,21,56,2163,3.0115773677825928
calibration,10,21,57,2378,2.971986770629883
calibration,10,21,58,1777,3.248406410217285
calibration,10,21,59,2019,2.8615822792053223
calibration,10,21,60,611,2.86328125
calibration,10,21,61,1632,3.145348072052002
calibration,10,21,62,1668,2.4041268825531006
calibration,10,21,63,2131,2.608724594116211
calibration,10,21,64,4582,1.1370044946670532
calibration,10,21,65,3185,2.682466745376587
calibration,10,21,66,3604,2.703676700592041
calibration,10,21,67,2688,2.8607959747314453
calibration,10,21,68,1024,3.0950958728790283
calibration,10,21,69,3447,3.063690662384033
calibration,10,21,70,1624,2.8039798736572266
calibration,10,21,71,683,2.3960046768188477
calibration,10,21,72,3712,3.119152545928955
calibration,10,21,73,4597,2.2417564392089844
calibration,10,21,74,2003,2.8489532470703125
calibration,10,21,75,38,3.0358896255493164
calibration,10,21,76,2557,2.5576119422912598
calibration,10,21,77,648,3.063920021057129
calibration,10,21,78,2091,2.4794692993164062
calibration,10,21,79,2261,3.2283618450164795
calibration,10,21,80,2086,3.0207486152648926
calibration,10,21,81,4297,3.0221292972564697
calibration,10,21,82,3993,2.455111026763916
calibration,10,21,83,559,2.778198003768921
calibration,10,21,84,3219,3.21707820892334
calibration,10,21,85,3324,3.1151633262634277
calibration,10,21,86,4366,3.021840810775757
calibration,10,21,87,323,3.0993213653564453
calibration,10,21,88,3151,2.773594379425049
calibration,10,21,89,2912,2.6526644229888916
calibration,10,21,90,2892,3.1717045307159424
calibration,10,21,91,1031,3.4036896228790283
calibration,10,21,92,2905,2.111076831817627
calibration,10,21,93,1747,3.072021007537842
calibration,10,21,94,1426,2.96500301361084
calibration,10,21,95,1288,2.719082832336426
calibration,10,24,0,720,3.338712215423584
calibration,10,24,1,3796,3.3134396076202393
calibration,10,24,2,2979,2.8626420497894287
calibration,10,24,3,3195,2.830657482147217
calibration,10,24,4,3348,3.0147078037261963
calibration,10,24,5,636,2.81485915184021
calibration,10,24,6,655,2.950758457183838
calibration,10,24,7,4470,2.9973745346069336
calibration,10,24,8,3767,2.622513771057129
calibration,10,24,9,1123,2.8724849224090576
calibration,10,24,10,1907,2.9535300731658936
calibration,10,24,11,4325,3.0739784240722656
calibration,10,24,12,3374,3.0585272312164307
calibration,10,24,13,552,2.574671983718872
calibration,10,24,14,1983,2.8696086406707764
calibration,10,24,15,279,2.846773862838745
calibration,10,24,16,3116,3.0612833499908447
calibration,10,24,17,3247,3.3240480422973633
calibration,10,24,18,4798,3.10443377494812
calibration,10,24,19,2782,2.679614543914795
calibration,10,24,20,2029,3.0339760780334473
calibration,10,24,21,3681,2.888113260269165
calibration,10,24,22,252,2.378051996231079
calibration,10,24,23,2694,2.7184484004974365
calibration,10,24,24,1696,3.2495031356811523
calibration,10,24,25,1,3.269293785095215
calibration,10,24,26,1432,2.8089988231658936
calibration,10,24,27,3131,3.1023852825164795
calibration,10,24,28,4718,3.263326406478882
calibration,10,24,29,2055,2.723191261291504
calibration,10,24,30,4817,3.0570294857025146
calibration,10,24,31,2110,2.8132200241088867
calibration,10,24,32,4972,2.7140324115753174
calibration,10,24,33,3779,2.3402514457702637
calibration,10,24,34,4553,1.6737935543060303
calibration,10,24,35,4505,2.6439177989959717
calibration,10,24,36,779,2.933762550354004
calibration,10,24,37,375,3.0442614555358887
calibration,10,24,38,3175,2.9810712337493896
calibration,10,24,39,1099,2.8288865089416504
calibration,10,24,40,3387,3.475590705871582
calibration,10,24,41,3081,2.096545934677124
calibration,10,24,42,461,2.6842005252838135
calibration,10,24,43,429,3.0921943187713623
calibration,10,24,44,2649,3.056304454803467
calibration,10,24,45,1815,2.822134256362915
calibration,10,24,46,4318,3.0049612522125244
calibration,10,24,47,226,3.0930585861206055
calibration,10,24,48,4210,2.883202314376831
calibration,10,24,49,892,2.725513219833374
calibration,10,24,50,2021,2.9951980113983154
calibration,10,24,51,2579,2.5431506633758545
calibration,10,24,52,2843,2.9275970458984375
calibration,10,24,53,2661,2.2364585399627686
calibration,10,24,54,426,3.2716851234436035
calibration,10,24,55,768,3.40704345703125
calibration,10,24,56,2163,2.9989771842956543
calibration,10,24,57,2378,2.9097864627838135
calibration,10,24,58,1777,3.270909547805786
calibration,10,24,59,2019,2.8248703479766846
calibration,10,24,60,611,2.830254316329956
calibration,10,24,61,1632,3.107203245162964
calibration,10,24,62,1668,2.4114301204681396
calibration,10,24,63,2131,2.527705430984497
calibration,10,24,64,4582,1.1385643482208252
calibration,10,24,65,3185,2.612123489379883
calibration,10,24,66,3604,2.7037787437438965
calibration,10,24,67,2688,2.694509267807007
calibration,10,24,68,1024,2.9951043128967285
calibration,10,24,69,3447,3.109877586364746
calibration,10,24,70,1624,2.720926523208618
calibration,10,24,71,683,2.3161888122558594
calibration,10,24,72,3712,3.037886619567871
calibration,10,24,73,4597,2.246129274368286
calibration,10,24,74,2003,2.7513458728790283
calibration,10,24,75,38,2.955099105834961
calibration,10,24,76,2557,2.5643398761749268
calibration,10,24,77,648,3.0952134132385254
calibration,10,24,78,2091,2.4068126678466797
calibration,10,24,79,2261,3.155745029449463
calibration,10,24,80,2086,3.062006950378418
calibration,10,24,81,4297,3.0304558277130127
calibration,10,24,82,3993,2.4239494800567627
calibration,10,24,83,559,2.7032949924468994
calibration,10,24,84,3219,3.2417044639587402
calibration,10,24,85,3324,3.00980544090271
calibration,10,24,86,4366,3.0701744556427
calibration,10,24,87,323,3.031769275665283
calibration,10,24,88,3151,2.7627480030059814
calibration,10,24,89,2912,2.568310499191284
calibration,10,24,90,2892,3.1567130088806152
calibration,10,24,91,1031,3.353771686553955
calibration,10,24,92,2905,2.1037306785583496
calibration,10,24,93,1747,3.0184900760650635
calibration,10,24,94,1426,3.018634796142578
calibration,10,24,95,1288,2.7071075439453125
calibration,10,26,0,720,3.404601573944092
calibration,10,26,1,3796,3.4879310131073
calibration,10,26,2,2979,2.891111373901367
calibration,10,26,3,3195,3.0407824516296387
calibration,10,26,4,3348,3.098445415496826
calibration,10,26,5,636,2.9838666915893555
calibration,10,26,6,655,3.1853339672088623
calibration,10,26,7,4470,3.258512258529663
calibration,10,26,8,3767,2.7548608779907227
calibration,10,26,9,1123,3.079716444015503
calibration,10,26,10,1907,3.119743585586548
calibration,10,26,11,4325,3.1986238956451416
calibration,10,26,12,3374,3.2640976905822754
calibration,10,26,13,552,2.7213845252990723
calibration,10,26,14,1983,3.0312514305114746
calibration,10,26,15,279,2.9258158206939697
calibration,10,26,16,3116,3.2486588954925537
calibration,10,26,17,3247,3.532607078552246
calibration,10,26,18,4798,3.3128108978271484
calibration,10,26,19,2782,2.718501329421997
calibration,10,26,20,2029,3.177906036376953
calibration,10,26,21,3681,3.0444154739379883
calibration,10,26,22,252,2.498340606689453
calibration,10,26,23,2694,2.9829931259155273
calibration,10,26,24,1696,3.537271738052368
calibration,10,26,25,1,3.4860424995422363
calibration,10,26,26,1432,3.0261263847351074
calibration,10,26,27,3131,3.1855270862579346
calibration,10,26,28,4718,3.4869911670684814
calibration,10,26,29,2055,2.9319536685943604
calibration,10,26,30,4817,3.158083200454712
calibration,10,26,31,2110,3.037598133087158
calibration,10,26,32,4972,2.868675947189331
calibration,10,26,33,3779,2.4794600009918213
calibration,10,26,34,4553,1.8224478960037231
calibration,10,26,35,4505,2.7118492126464844
calibration,10,26,36,779,3.1412250995635986
calibration,10,26,37,375,3.2276692390441895
calibration,10,26,38,3175,3.104792833328247
calibration,10,26,39,1099,2.8609659671783447
calibration,10,26,40,3387,3.6060855388641357
calibration,10,26,41,3081,2.2934656143188477
calibration,10,26,42,461,2.7665932178497314
calibration,10,26,43,429,3.2885754108428955
calibration,10,26,44,2649,3.139435291290283
calibration,10,26,45,1815,2.9757497310638428
calibration,10,26,46,4318,3.0861175060272217
calibration,10,26,47,226,3.2721872329711914
calibration,10,26,48,4210,3.0125272274017334
calibration,10,26,49,892,2.8241820335388184
calibration,10,26,50,2021,3.2254488468170166
calibration,10,26,51,2579,2.599189519882202
calibration,10,26,52,2843,3.0132362842559814
calibration,10,26,53,2661,2.349827766418457
calibration,10,26,54,426,3.331157922744751
calibration,10,26,55,768,3.4991486072540283
calibration,10,26,56,2163,3.1508266925811768
calibration,10,26,57,2378,3.0481064319610596
calibration,10,26,58,1777,3.412457227706909
calibration,10,26,59,2019,2.98063063621521
calibration,10,26,60,611,3.1591274738311768
calibration,10,26,61,1632,3.263289213180542
calibration,10,26,62,1668,2.6102168560028076
calibration,10,26,63,2131,2.6303465366363525
calibration,10,26,64,4582,1.1641782522201538
calibration,10,26,65,3185,2.6855690479278564
calibration,10,26,66,3604,2.8385963439941406
calibration,10,26,67,2688,2.8407576084136963
calibration,10,26,68,1024,3.1736392974853516
calibration,10,26,69,3447,3.142277956008911
calibration,10,26,70,1624,2.785856246948242
calibration,10,26,71,683,2.474188804626465
calibration,10,26,72,3712,3.170161247253418
calibration,10,26,73,4597,2.43485164642334
calibration,10,26,74,2003,2.973057508468628
calibration,10,26,75,38,3.148163080215454
calibration,10,26,76,2557,2.75209641456604
calibration,10,26,77,648,3.3073859214782715
calibration,10,26,78,2091,2.6731953620910645
calibration,10,26,79,2261,3.2324981689453125
calibration,10,26,80,2086,3.1662609577178955
calibration,10,26,81,4297,3.1180498600006104
calibration,10,26,82,3993,2.601121425628662
calibration,10,26,83,559,2.901202440261841
calibration,10,26,84,3219,3.365251302719116
calibration,10,26,85,3324,3.239940643310547
calibration,10,26,86,4366,3.1082677841186523
calibration,10,26,87,323,3.2474820613861084
calibration,10,26,88,3151,2.9378914833068848
calibration,10,26,89,2912,2.7343993186950684
calibration,10,26,90,2892,3.4858052730560303
calibration,10,26,91,1031,3.565598249435425
calibration,10,26,92,2905,2.2243242263793945
calibration,10,26,93,1747,3.190190553665161
calibration,10,26,94,1426,3.1639885902404785
calibration,10,26,95,1288,2.881143808364868
calibration,12,15,0,720,3.191403865814209
calibration,12,15,1,3796,3.1005020141601562
calibration,12,15,2,2979,2.564408779144287
calibration,12,15,3,3195,2.745936393737793
calibration,12,15,4,3348,2.776628017425537
calibration,12,15,5,636,2.6813418865203857
calibration,12,15,6,655,2.7290263175964355
calibration,12,15,7,4470,2.834095001220703
calibration,12,15,8,3767,2.507244110107422
calibration,12,15,9,1123,2.751512289047241
calibration,12,15,10,1907,2.7837398052215576
calibration,12,15,11,4325,2.9400980472564697
calibration,12,15,12,3374,2.9723753929138184
calibration,12,15,13,552,2.4025142192840576
calibration,12,15,14,1983,2.7669970989227295
calibration,12,15,15,279,2.686599016189575
calibration,12,15,16,3116,2.9870593547821045
calibration,12,15,17,3247,3.149918556213379
calibration,12,15,18,4798,3.006178140640259
calibration,12,15,19,2782,2.464202642440796
calibration,12,15,20,2029,2.8948163986206055
calibration,12,15,21,3681,2.772376775741577
calibration,12,15,22,252,2.2017087936401367
calibration,12,15,23,2694,2.5858049392700195
calibration,12,15,24,1696,3.046978235244751
calibration,12,15,25,1,3.148787260055542
calibration,12,15,26,1432,2.726341962814331
calibration,12,15,27,3131,2.9662559032440186
calibration,12,15,28,4718,3.0126686096191406
calibration,12,15,29,2055,2.6102869510650635
calibration,12,15,30,4817,2.9176037311553955
calibration,12,15,31,2110,2.654209852218628
calibration,12,15,32,4972,2.5447866916656494
calibration,12,15,33,3779,2.2183241844177246
calibration,12,15,34,4553,1.5131269693374634
calibration,12,15,35,4505,2.4175713062286377
calibration,12,15,36,779,2.8825762271881104
calibration,12,15,37,375,2.808241605758667
calibration,12,15,38,3175,2.8353800773620605
calibration,12,15,39,1099,2.558164596557617
calibration,12,15,40,3387,3.326078414916992
calibration,12,15,41,3081,1.9982935190200806
calibration,12,15,42,461,2.4421238899230957
calibration,12,15,43,429,2.945910692214966
calibration,12,15,44,2649,2.8293304443359375
calibration,12,15,45,1815,2.607508897781372
calibration,12,15,46,4318,2.7870917320251465
calibration,12,15,47,226,2.9403092861175537
calibration,12,15,48,4210,2.6094565391540527
calibration,12,15,49,892,2.56856632232666
calibration,12,15,50,2021,2.7635395526885986
calibration,12,15,51,2579,2.3087313175201416
calibration,12,15,52,2843,2.8301100730895996
calibration,12,15,53,2661,2.187404155731201
calibration,12,15,54,426,3.075270891189575
calibration,12,15,55,768,3.308194398880005
calibration,12,15,56,2163,2.720858335494995
calibration,12,15,57,2378,2.661825180053711
calibration,12,15,58,1777,3.0817179679870605
calibration,12,15,59,2019,2.6466615200042725
calibration,12,15,60,611,2.79226016998291
calibration,12,15,61,1632,2.8866167068481445
calibration,12,15,62,1668,2.2175450325012207
calibration,12,15,63,2131,2.284282922744751
calibration,12,15,64,4582,1.0489351749420166
calibration,12,15,65,3185,2.371133327484131
calibration,12,15,66,3604,2.5247976779937744
calibration,12,15,67,2688,2.615917682647705
calibration,12,15,68,1024,2.689720630645752
calibration,12,15,69,3447,2.8975212574005127
calibration,12,15,70,1624,2.6706182956695557
calibration,12,15,71,683,2.227285146713257
calibration,12,15,72,3712,2.908341407775879
calibration,12,15,73,4597,2.117859125137329
calibration,12,15,74,2003,2.6393728256225586
calibration,12,15,75,38,2.8425869941711426
calibration,12,15,76,2557,2.4623162746429443
calibration,12,15,77,648,3.021859884262085
calibration,12,15,78,2091,2.334289312362671
calibration,12,15,79,2261,3.0610971450805664
calibration,12,15,80,2086,2.886256694793701
calibration,12,15,81,4297,2.862488031387329
calibration,12,15,82,3993,2.312673807144165
calibration,12,15,83,559,2.5359201431274414
calibration,12,15,84,3219,3.04026460647583
calibration,12,15,85,3324,2.857001543045044
calibration,12,15,86,4366,2.8588240146636963
calibration,12,15,87,323,2.861449956893921
calibration,12,15,88,3151,2.6237449645996094
calibration,12,15,89,2912,2.3824946880340576
calibration,12,15,90,2892,2.9842686653137207
calibration,12,15,91,1031,3.1646525859832764
calibration,12,15,92,2905,1.8238922357559204
calibration,12,15,93,1747,2.923731803894043
calibration,12,15,94,1426,2.7788257598876953
calibration,12,15,95,1288,2.548612356185913
calibration,12,17,0,720,3.2401998043060303
calibration,12,17,1,3796,3.1037650108337402
calibration,12,17,2,2979,2.604933261871338
calibration,12,17,3,3195,2.7496931552886963
calibration,12,17,4,3348,2.7738711833953857
calibration,12,17,5,636,2.697793483734131
calibration,12,17,6,655,2.74582576751709
calibration,12,17,7,4470,2.871169090270996
calibration,12,17,8,3767,2.5156445503234863
calibration,12,17,9,1123,2.726268768310547
calibration,12,17,10,1907,2.8148293495178223
calibration,12,17,11,4325,2.950364828109741
calibration,12,17,12,3374,2.9850029945373535
calibration,12,17,13,552,2.4528393745422363
calibration,12,17,14,1983,2.7723329067230225
calibration,12,17,15,279,2.716438055038452
calibration,12,17,16,3116,2.9758400917053223
calibration,12,17,17,3247,3.192570686340332
calibration,12,17,18,4798,3.037522554397583
calibration,12,17,19,2782,2.5250303745269775
calibration,12,17,20,2029,2.9037070274353027
calibration,12,17,21,3681,2.780491828918457
calibration,12,17,22,252,2.2534005641937256
calibration,12,17,23,2694,2.622239351272583
calibration,12,17,24,1696,3.109314203262329
calibration,12,17,25,1,3.1645216941833496
calibration,12,17,26,1432,2.7707290649414062
calibration,12,17,27,3131,3.0380849838256836
calibration,12,17,28,4718,3.0084054470062256
calibration,12,17,29,2055,2.6279664039611816
calibration,12,17,30,4817,2.9133400917053223
calibration,12,17,31,2110,2.7294905185699463
calibration,12,17,32,4972,2.5926570892333984
calibration,12,17,33,3779,2.25801420211792
calibration,12,17,34,4553,1.5337694883346558
calibration,12,17,35,4505,2.4393906593322754
calibration,12,17,36,779,2.8867034912109375
calibration,12,17,37,375,2.8812382221221924
calibration,12,17,38,3175,2.825047016143799
calibration,12,17,39,1099,2.6230826377868652
calibration,12,17,40,3387,3.349710702896118
calibration,12,17,41,3081,2.004028558731079
calibration,12,17,42,461,2.4809746742248535
calibration,12,17,43,429,2.9722344875335693
calibration,12,17,44,2649,2.8807010650634766
calibration,12,17,45,1815,2.641390800476074
calibration,12,17,46,4318,2.801255702972412
calibration,12,17,47,226,3.02929425239563
calibration,12,17,48,4210,2.6352710723876953
calibration,12,17,49,892,2.6144323348999023
calibration,12,17,50,2021,2.781583547592163
calibration,12,17,51,2579,2.3636958599090576
calibration,12,17,52,2843,2.794175624847412
calibration,12,17,53,2661,2.2039730548858643
calibration,12,17,54,426,3.0907793045043945
calibration,12,17,55,768,3.3365674018859863
calibration,12,17,56,2163,2.7220606803894043
calibration,12,17,57,2378,2.6839239597320557
calibration,12,17,58,1777,3.139549493789673
calibration,12,17,59,2019,2.6873891353607178
calibration,12,17,60,611,2.7689826488494873
calibration,12,17,61,1632,2.881721258163452
calibration,12,17,62,1668,2.2373175621032715
calibration,12,17,63,2131,2.304152488708496
calibration,12,17,64,4582,1.11972975730896
calibration,12,17,65,3185,2.4104089736938477
calibration,12,17,66,3604,2.5625863075256348
calibration,12,17,67,2688,2.6523523330688477
calibration,12,17,68,1024,2.691481828689575
calibration,12,17,69,3447,2.935945510864258
calibration,12,17,70,1624,2.6832566261291504
calibration,12,17,71,683,2.241542100906372
calibration,12,17,72,3712,2.9388651847839355
calibration,12,17,73,4597,2.1287224292755127
calibration,12,17,74,2003,2.6617398262023926
calibration,12,17,75,38,2.782567024230957
calibration,12,17,76,2557,2.5006041526794434
calibration,12,17,77,648,3.046294927597046
calibration,12,17,78,2091,2.335359811782837
calibration,12,17,79,2261,3.0637173652648926
calibration,12,17,80,2086,2.9343080520629883
calibration,12,17,81,4297,2.834989547729492
calibration,12,17,82,3993,2.371201992034912
calibration,12,17,83,559,2.559354782104492
calibration,12,17,84,3219,3.090622901916504
calibration,12,17,85,3324,2.8620030879974365
calibration,12,17,86,4366,2.9392993450164795
calibration,12,17,87,323,2.9144725799560547
calibration,12,17,88,3151,2.6737005710601807
calibration,12,17,89,2912,2.371856689453125
calibration,12,17,90,2892,3.0064759254455566
calibration,12,17,91,1031,3.217374563217163
calibration,12,17,92,2905,1.949744462966919
calibration,12,17,93,1747,2.9292399883270264
calibration,12,17,94,1426,2.830101728439331
calibration,12,17,95,1288,2.6058194637298584
calibration,12,19,0,720,3.213109016418457
calibration,12,19,1,3796,3.185286521911621
calibration,12,19,2,2979,2.7061383724212646
calibration,12,19,3,3195,2.839141368865967
calibration,12,19,4,3348,2.873965263366699
calibration,12,19,5,636,2.765754461288452
calibration,12,19,6,655,2.7868924140930176
calibration,12,19,7,4470,2.9430339336395264
calibration,12,19,8,3767,2.616645574569702
calibration,12,19,9,1123,2.787769079208374
calibration,12,19,10,1907,2.918381690979004
calibration,12,19,11,4325,3.0081331729888916
calibration,12,19,12,3374,3.0775880813598633
calibration,12,19,13,552,2.4881999492645264
calibration,12,19,14,1983,2.884721279144287
calibration,12,19,15,279,2.7846899032592773
calibration,12,19,16,3116,3.039489984512329
calibration,12,19,17,3247,3.252948045730591
calibration,12,19,18,4798,3.057854413986206
calibration,12,19,19,2782,2.5855085849761963
calibration,12,19,20,2029,2.9959824085235596
calibration,12,19,21,3681,2.847201108932495
calibration,12,19,22,252,2.3332347869873047
calibration,12,19,23,2694,2.690152645111084
calibration,12,19,24,1696,3.200654983520508
calibration,12,19,25,1,3.2057998180389404
calibration,12,19,26,1432,2.826122760772705
calibration,12,19,27,3131,3.0865156650543213
calibration,12,19,28,4718,3.0905182361602783
calibration,12,19,29,2055,2.722005605697632
calibration,12,19,30,4817,2.9841630458831787
calibration,12,19,31,2110,2.754600763320923
calibration,12,19,32,4972,2.6705501079559326
calibration,12,19,33,3779,2.3327741622924805
calibration,12,19,34,4553,1.6821767091751099
calibration,12,19,35,4505,2.596611261367798
calibration,12,19,36,779,2.9634857177734375
calibration,12,19,37,375,2.935145378112793
calibration,12,19,38,3175,2.8706765174865723
calibration,12,19,39,1099,2.704786539077759
calibration,12,19,40,3387,3.4215614795684814
calibration,12,19,41,3081,2.0457699298858643
calibration,12,19,42,461,2.534606695175171
calibration,12,19,43,429,3.0297980308532715
calibration,12,19,44,2649,2.970412254333496
calibration,12,19,45,1815,2.7138750553131104
calibration,12,19,46,4318,2.8952043056488037
calibration,12,19,47,226,3.0366311073303223
calibration,12,19,48,4210,2.670959234237671
calibration,12,19,49,892,2.65559720993042
calibration,12,19,50,2021,2.8678812980651855
calibration,12,19,51,2579,2.4247050285339355
calibration,12,19,52,2843,2.9814364910125732
calibration,12,19,53,2661,2.296046495437622
calibration,12,19,54,426,3.1335580348968506
calibration,12,19,55,768,3.319807767868042
calibration,12,19,56,2163,2.772324800491333
calibration,12,19,57,2378,2.735415458679199
calibration,12,19,58,1777,3.161043882369995
calibration,12,19,59,2019,2.7695257663726807
calibration,12,19,60,611,2.8424293994903564
calibration,12,19,61,1632,2.9182870388031006
calibration,12,19,62,1668,2.350790500640869
calibration,12,19,63,2131,2.4491522312164307
calibration,12,19,64,4582,1.1935392618179321
calibration,12,19,65,3185,2.568253517150879
calibration,12,19,66,3604,2.631678819656372
calibration,12,19,67,2688,2.741041660308838
calibration,12,19,68,1024,2.844500780105591
calibration,12,19,69,3447,3.0671298503875732
calibration,12,19,70,1624,2.7974295616149902
calibration,12,19,71,683,2.2896225452423096
calibration,12,19,72,3712,2.985841751098633
calibration,12,19,73,4597,2.2808353900909424
calibration,12,19,74,2003,2.7315549850463867
calibration,12,19,75,38,2.880185127258301
calibration,12,19,76,2557,2.5705738067626953
calibration,12,19,77,648,3.111706018447876
calibration,12,19,78,2091,2.421861171722412
calibration,12,19,79,2261,3.1449196338653564
calibration,12,19,80,2086,3.009399175643921
calibration,12,19,81,4297,2.9573757648468018
calibration,12,19,82,3993,2.488450288772583
calibration,12,19,83,559,2.6284241676330566
calibration,12,19,84,3219,3.0961833000183105
calibration,12,19,85,3324,2.93298602104187
calibration,12,19,86,4366,2.99420428276062
calibration,12,19,87,323,2.9925267696380615
calibration,12,19,88,3151,2.768315553665161
calibration,12,19,89,2912,2.5354413986206055
calibration,12,19,90,2892,3.121410369873047
calibration,12,19,91,1031,3.303851842880249
calibration,12,19,92,2905,2.141505002975464
calibration,12,19,93,1747,3.003631114959717
calibration,12,19,94,1426,2.893510341644287
calibration,12,19,95,1288,2.703200578689575
calibration,12,21,0,720,3.3359973430633545
calibration,12,21,1,3796,3.219700336456299
calibration,12,21,2,2979,2.8049237728118896
calibration,12,21,3,3195,2.8562264442443848
calibration,12,21,4,3348,2.975680112838745
calibration,12,21,5,636,2.8700804710388184
calibration,12,21,6,655,2.8705592155456543
calibration,12,21,7,4470,2.9565610885620117
calibration,12,21,8,3767,2.5930252075195312
calibration,12,21,9,1123,2.840977668762207
calibration,12,21,10,1907,2.949204921722412
calibration,12,21,11,4325,3.106417417526245
calibration,12,21,12,3374,3.1270856857299805
calibration,12,21,13,552,2.494018793106079
calibration,12,21,14,1983,2.9583253860473633
calibration,12,21,15,279,2.884997844696045
calibration,12,21,16,3116,3.0337746143341064
calibration,12,21,17,3247,3.3462514877319336
calibration,12,21,18,4798,3.1900136470794678
calibration,12,21,19,2782,2.641409397125244
calibration,12,21,20,2029,3.0590739250183105
calibration,12,21,21,3681,2.8760530948638916
calibration,12,21,22,252,2.474876642227173
calibration,12,21,23,2694,2.7641477584838867
calibration,12,21,24,1696,3.3235158920288086
calibration,12,21,25,1,3.290649175643921
calibration,12,21,26,1432,2.815568208694458
calibration,12,21,27,3131,3.1176083087921143
calibration,12,21,28,4718,3.1661810874938965
calibration,12,21,29,2055,2.7127583026885986
calibration,12,21,30,4817,3.049211263656616
calibration,12,21,31,2110,2.786811351776123
calibration,12,21,32,4972,2.750793933868408
calibration,12,21,33,3779,2.346177577972412
calibration,12,21,34,4553,1.7264940738677979
calibration,12,21,35,4505,2.652897834777832
calibration,12,21,36,779,2.9444689750671387
calibration,12,21,37,375,3.104332685470581
calibration,12,21,38,3175,2.9574952125549316
calibration,12,21,39,1099,2.710735321044922
calibration,12,21,40,3387,3.4652187824249268
calibration,12,21,41,3081,2.117266893386841
calibration,12,21,42,461,2.5724685192108154
calibration,12,21,43,429,3.063352108001709
calibration,12,21,44,2649,3.0779166221618652
calibration,12,21,45,1815,2.736114501953125
calibration,12,21,46,4318,2.9037389755249023
calibration,12,21,47,226,3.0126757621765137
calibration,12,21,48,4210,2.8764915466308594
calibration,12,21,49,892,2.68705415725708
calibration,12,21,50,2021,2.8984057903289795
calibration,12,21,51,2579,2.5424981117248535
calibration,12,21,52,2843,2.957425355911255
calibration,12,21,53,2661,2.2941460609436035
calibration,12,21,54,426,3.153958320617676
calibration,12,21,55,768,3.3745594024658203
calibration,12,21,56,2163,2.956929922103882
calibration,12,21,57,2378,2.954782724380493
calibration,12,21,58,1777,3.2341561317443848
calibration,12,21,59,2019,2.8456099033355713
calibration,12,21,60,611,2.8939223289489746
calibration,12,21,61,1632,3.083028793334961
calibration,12,21,62,1668,2.3951714038848877
calibration,12,21,63,2131,2.591198682785034
calibration,12,21,64,4582,1.1351267099380493
calibration,12,21,65,3185,2.6321048736572266
calibration,12,21,66,3604,2.6720292568206787
calibration,12,21,67,2688,2.8702199459075928
calibration,12,21,68,1024,3.0480926036834717
calibration,12,21,69,3447,3.0346124172210693
calibration,12,21,70,1624,2.7807564735412598
calibration,12,21,71,683,2.4229776859283447
calibration,12,21,72,3712,3.068007230758667
calibration,12,21,73,4597,2.2055084705352783
calibration,12,21,74,2003,2.8300981521606445
calibration,12,21,75,38,3.048353672027588
calibration,12,21,76,2557,2.541567802429199
calibration,12,21,77,648,3.104733467102051
calibration,12,21,78,2091,2.4840879440307617
calibration,12,21,79,2261,3.175612211227417
calibration,12,21,80,2086,3.0082883834838867
calibration,12,21,81,4297,2.9938337802886963
calibration,12,21,82,3993,2.496955156326294
calibration,12,21,83,559,2.7545886039733887
calibration,12,21,84,3219,3.2059805393218994
calibration,12,21,85,3324,3.1113312244415283
calibration,12,21,86,4366,3.0573275089263916
calibration,12,21,87,323,3.1008477210998535
calibration,12,21,88,3151,2.793910503387451
calibration,12,21,89,2912,2.6508917808532715
calibration,12,21,90,2892,3.1697909832000732
calibration,12,21,91,1031,3.361776828765869
calibration,12,21,92,2905,2.1343491077423096
calibration,12,21,93,1747,3.071329116821289
calibration,12,21,94,1426,2.957568645477295
calibration,12,21,95,1288,2.7355408668518066
calibration,12,24,0,720,3.347426652908325
calibration,12,24,1,3796,3.296337366104126
calibration,12,24,2,2979,2.868631601333618
calibration,12,24,3,3195,2.8542184829711914
calibration,12,24,4,3348,3.00400710105896
calibration,12,24,5,636,2.8403868675231934
calibration,12,24,6,655,2.9438679218292236
calibration,12,24,7,4470,3.01263427734375
calibration,12,24,8,3767,2.6435670852661133
calibration,12,24,9,1123,2.8177390098571777
calibration,12,24,10,1907,2.976508617401123
calibration,12,24,11,4325,3.092210054397583
calibration,12,24,12,3374,3.1208653450012207
calibration,12,24,13,552,2.548741102218628
calibration,12,24,14,1983,2.9007866382598877
calibration,12,24,15,279,2.8618781566619873
calibration,12,24,16,3116,3.047668933868408
calibration,12,24,17,3247,3.319211721420288
calibration,12,24,18,4798,3.1055748462677
calibration,12,24,19,2782,2.6941826343536377
calibration,12,24,20,2029,3.0523250102996826
calibration,12,24,21,3681,2.9146392345428467
calibration,12,24,22,252,2.427107572555542
calibration,12,24,23,2694,2.7299885749816895
calibration,12,24,24,1696,3.2270312309265137
calibration,12,24,25,1,3.2592179775238037
calibration,12,24,26,1432,2.8138136863708496
calibration,12,24,27,3131,3.1209561824798584
calibration,12,24,28,4718,3.205064296722412
calibration,12,24,29,2055,2.7460620403289795
calibration,12,24,30,4817,3.072626829147339
calibration,12,24,31,2110,2.773463726043701
calibration,12,24,32,4972,2.740715980529785
calibration,12,24,33,3779,2.3534300327301025
calibration,12,24,34,4553,1.7448927164077759
calibration,12,24,35,4505,2.685150384902954
calibration,12,24,36,779,2.9888360500335693
calibration,12,24,37,375,3.034261703491211
calibration,12,24,38,3175,2.988759756088257
calibration,12,24,39,1099,2.8053901195526123
calibration,12,24,40,3387,3.5135903358459473
calibration,12,24,41,3081,2.0622568130493164
calibration,12,24,42,461,2.657198429107666
calibration,12,24,43,429,3.108307361602783
calibration,12,24,44,2649,3.0996713638305664
calibration,12,24,45,1815,2.774024724960327
calibration,12,24,46,4318,3.0044074058532715
calibration,12,24,47,226,3.0642566680908203
calibration,12,24,48,4210,2.8241078853607178
calibration,12,24,49,892,2.685530662536621
calibration,12,24,50,2021,2.9162826538085938
calibration,12,24,51,2579,2.533606767654419
calibration,12,24,52,2843,2.9588186740875244
calibration,12,24,53,2661,2.263498306274414
calibration,12,24,54,426,3.250709056854248
calibration,12,24,55,768,3.4117014408111572
calibration,12,24,56,2163,2.953835964202881
calibration,12,24,57,2378,2.8714280128479004
calibration,12,24,58,1777,3.253591775894165
calibration,12,24,59,2019,2.8133127689361572
calibration,12,24,60,611,2.858342409133911
calibration,12,24,61,1632,3.060298204421997
calibration,12,24,62,1668,2.414506435394287
calibration,12,24,63,2131,2.4946439266204834
calibration,12,24,64,4582,1.1250560283660889
calibration,12,24,65,3185,2.5893120765686035
calibration,12,24,66,3604,2.698478937149048
calibration,12,24,67,2688,2.7669548988342285
calibration,12,24,68,1024,3.0004472732543945
calibration,12,24,69,3447,3.089301347732544
calibration,12,24,70,1624,2.718499183654785
calibration,12,24,71,683,2.37727952003479
calibration,12,24,72,3712,2.99798321723938
calibration,12,24,73,4597,2.217963457107544
calibration,12,24,74,2003,2.7672722339630127
calibration,12,24,75,38,2.941471576690674
calibration,12,24,76,2557,2.5593018531799316
calibration,12,24,77,648,3.1355364322662354
calibration,12,24,78,2091,2.4061994552612305
calibration,12,24,79,2261,3.1439454555511475
calibration,12,24,80,2086,3.1029579639434814
calibration,12,24,81,4297,3.0513968467712402
calibration,12,24,82,3993,2.461413860321045
calibration,12,24,83,559,2.6949634552001953
calibration,12,24,84,3219,3.2433972358703613
calibration,12,24,85,3324,3.0299911499023438
calibration,12,24,86,4366,3.091442584991455
calibration,12,24,87,323,3.047179698944092
calibration,12,24,88,3151,2.791334390640259
calibration,12,24,89,2912,2.574920654296875
calibration,12,24,90,2892,3.1826071739196777
calibration,12,24,91,1031,3.3719570636749268
calibration,12,24,92,2905,2.0732593536376953
calibration,12,24,93,1747,3.0248141288757324
calibration,12,24,94,1426,3.005331516265869
calibration,12,24,95,1288,2.710707187652588
calibration,12,26,0,720,3.402592658996582
calibration,12,26,1,3796,3.4346184730529785
calibration,12,26,2,2979,2.8525729179382324
calibration,12,26,3,3195,3.048109531402588
calibration,12,26,4,3348,3.0893826484680176
calibration,12,26,5,636,2.996274709701538
calibration,12,26,6,655,3.156440019607544
calibration,12,26,7,4470,3.2760183811187744
calibration,12,26,8,3767,2.7735559940338135
calibration,12,26,9,1123,3.102034091949463
calibration,12,26,10,1907,3.097435474395752
calibration,12,26,11,4325,3.1942031383514404
calibration,12,26,12,3374,3.33309268951416
calibration,12,26,13,552,2.7236013412475586
calibration,12,26,14,1983,3.025818347930908
calibration,12,26,15,279,2.93084454536438
calibration,12,26,16,3116,3.273665189743042
calibration,12,26,17,3247,3.5121214389801025
calibration,12,26,18,4798,3.3140718936920166
calibration,12,26,19,2782,2.7789433002471924
calibration,12,26,20,2029,3.181727170944214
calibration,12,26,21,3681,3.050300359725952
calibration,12,26,22,252,2.523204803466797
calibration,12,26,23,2694,2.9725005626678467
calibration,12,26,24,1696,3.507451057434082
calibration,12,26,25,1,3.4978108406066895
calibration,12,26,26,1432,2.9950194358825684
calibration,12,26,27,3131,3.194455862045288
calibration,12,26,28,4718,3.4395506381988525
calibration,12,26,29,2055,2.9125235080718994
calibration,12,26,30,4817,3.147372007369995
calibration,12,26,31,2110,3.023984432220459
calibration,12,26,32,4972,2.914064884185791
calibration,12,26,33,3779,2.479896306991577
calibration,12,26,34,4553,1.9075136184692383
calibration,12,26,35,4505,2.7232792377471924
calibration,12,26,36,779,3.1277849674224854
calibration,12,26,37,375,3.2030532360076904
calibration,12,26,38,3175,3.0781967639923096
calibration,12,26,39,1099,2.8527729511260986
calibration,12,26,40,3387,3.6209328174591064
calibration,12,26,41,3081,2.277024030685425
calibration,12,26,42,461,2.7651195526123047
calibration,12,26,43,429,3.3013675212860107
calibration,12,26,44,2649,3.1945812702178955
calibration,12,26,45,1815,2.926643133163452
calibration,12,26,46,4318,3.126701593399048
calibration,12,26,47,226,3.2265377044677734
calibration,12,26,48,4210,2.9267959594726562
calibration,12,26,49,892,2.793295383453369
calibration,12,26,50,2021,3.1371185779571533
calibration,12,26,51,2579,2.556624174118042
calibration,12,26,52,2843,3.0029067993164062
calibration,12,26,53,2661,2.3779914379119873
calibration,12,26,54,426,3.2873964309692383
calibration,12,26,55,768,3.534184455871582
calibration,12,26,56,2163,3.0995099544525146
calibration,12,26,57,2378,3.021824359893799
calibration,12,26,58,1777,3.340428113937378
calibration,12,26,59,2019,2.977860689163208
calibration,12,26,60,611,3.187612295150757
calibration,12,26,61,1632,3.216944932937622
calibration,12,26,62,1668,2.6174159049987793
calibration,12,26,63,2131,2.636401891708374
calibration,12,26,64,4582,1.183809757232666
calibration,12,26,65,3185,2.6661951541900635
calibration,12,26,66,3604,2.8524045944213867
calibration,12,26,67,2688,2.8953871726989746
calibration,12,26,68,1024,3.1663639545440674
calibration,12,26,69,3447,3.1398568153381348
calibration,12,26,70,1624,2.7863504886627197
calibration,12,26,71,683,2.5179617404937744
calibration,12,26,72,3712,3.1451985836029053
calibration,12,26,73,4597,2.3916854858398438
calibration,12,26,74,2003,2.9448165893554688
calibration,12,26,75,38,3.1211371421813965
calibration,12,26,76,2557,2.7555630207061768
calibration,12,26,77,648,3.284444808959961
calibration,12,26,78,2091,2.621002197265625
calibration,12,26,79,2261,3.188293695449829
calibration,12,26,80,2086,3.1853764057159424
calibration,12,26,81,4297,3.139343023300171
calibration,12,26,82,3993,2.653116226196289
calibration,12,26,83,559,2.906062126159668
calibration,12,26,84,3219,3.3783209323883057
calibration,12,26,85,3324,3.1818206310272217
calibration,12,26,86,4366,3.144036293029785
calibration,12,26,87,323,3.230132818222046
calibration,12,26,88,3151,2.963672161102295
calibration,12,26,89,2912,2.742685317993164
calibration,12,26,90,2892,3.47725772857666
calibration,12,26,91,1031,3.5292787551879883
calibration,12,26,92,2905,2.200042724609375
calibration,12,26,93,1747,3.181790828704834
calibration,12,26,94,1426,3.10707688331604
calibration,12,26,95,1288,2.8840172290802
calibration,15,17,0,720,3.181150197982788
calibration,15,17,1,3796,3.1056671142578125
calibration,15,17,2,2979,2.601663827896118
calibration,15,17,3,3195,2.7609643936157227
calibration,15,17,4,3348,2.748046875
calibration,15,17,5,636,2.640364646911621
calibration,15,17,6,655,2.7440481185913086
calibration,15,17,7,4470,2.8992323875427246
calibration,15,17,8,3767,2.5138535499572754
calibration,15,17,9,1123,2.7141788005828857
calibration,15,17,10,1907,2.840043544769287
calibration,15,17,11,4325,2.920431137084961
calibration,15,17,12,3374,2.9737296104431152
calibration,15,17,13,552,2.4562740325927734
calibration,15,17,14,1983,2.7928452491760254
calibration,15,17,15,279,2.725111484527588
calibration,15,17,16,3116,2.9977872371673584
calibration,15,17,17,3247,3.229545831680298
calibration,15,17,18,4798,3.047511577606201
calibration,15,17,19,2782,2.4958410263061523
calibration,15,17,20,2029,2.901932716369629
calibration,15,17,21,3681,2.7985172271728516
calibration,15,17,22,252,2.2133841514587402
calibration,15,17,23,2694,2.608696937561035
calibration,15,17,24,1696,3.080632209777832
calibration,15,17,25,1,3.1743180751800537
calibration,15,17,26,1432,2.7564337253570557
calibration,15,17,27,3131,3.0478756427764893
calibration,15,17,28,4718,3.0433411598205566
calibration,15,17,29,2055,2.642453193664551
calibration,15,17,30,4817,2.8997583389282227
calibration,15,17,31,2110,2.757072925567627
calibration,15,17,32,4972,2.5388548374176025
calibration,15,17,33,3779,2.2273244857788086
calibration,15,17,34,4553,1.539362907409668
calibration,15,17,35,4505,2.4637534618377686
calibration,15,17,36,779,2.8584485054016113
calibration,15,17,37,375,2.920559883117676
calibration,15,17,38,3175,2.892435073852539
calibration,15,17,39,1099,2.6232950687408447
calibration,15,17,40,3387,3.35137939453125
calibration,15,17,41,3081,2.0720982551574707
calibration,15,17,42,461,2.505388021469116
calibration,15,17,43,429,2.972141742706299
calibration,15,17,44,2649,2.8367421627044678
calibration,15,17,45,1815,2.6675736904144287
calibration,15,17,46,4318,2.7599966526031494
calibration,15,17,47,226,3.0138046741485596
calibration,15,17,48,4210,2.63713002204895
calibration,15,17,49,892,2.586779832839966
calibration,15,17,50,2021,2.7812647819519043
calibration,15,17,51,2579,2.363116502761841
calibration,15,17,52,2843,2.7844889163970947
calibration,15,17,53,2661,2.1879115104675293
calibration,15,17,54,426,3.1226353645324707
calibration,15,17,55,768,3.2935473918914795
calibration,15,17,56,2163,2.7827553749084473
calibration,15,17,57,2378,2.7020483016967773
calibration,15,17,58,1777,3.1437764167785645
calibration,15,17,59,2019,2.673715114593506
calibration,15,17,60,611,2.7748732566833496
calibration,15,17,61,1632,2.90729022026062
calibration,15,17,62,1668,2.2646963596343994
calibration,15,17,63,2131,2.305793046951294
calibration,15,17,64,4582,1.0837806463241577
calibration,15,17,65,3185,2.4152755737304688
calibration,15,17,66,3604,2.55131196975708
calibration,15,17,67,2688,2.6666550636291504
calibration,15,17,68,1024,2.676455497741699
calibration,15,17,69,3447,2.9276647567749023
calibration,15,17,70,1624,2.6899256706237793
calibration,15,17,71,683,2.2014434337615967
calibration,15,17,72,3712,2.991609811782837
calibration,15,17,73,4597,2.1481001377105713
calibration,15,17,74,2003,2.6767940521240234
calibration,15,17,75,38,2.8277437686920166
calibration,15,17,76,2557,2.5063722133636475
calibration,15,17,77,648,3.02461576461792
calibration,15,17,78,2091,2.3458311557769775
calibration,15,17,79,2261,3.1003730297088623
calibration,15,17,80,2086,2.9234626293182373
calibration,15,17,81,4297,2.824575185775757
calibration,15,17,82,3993,2.3614399433135986
calibration,15,17,83,559,2.5518457889556885
calibration,15,17,84,3219,3.1062843799591064
calibration,15,17,85,3324,2.851871967315674
calibration,15,17,86,4366,2.8916218280792236
calibration,15,17,87,323,2.9385290145874023
calibration,15,17,88,3151,2.631387948989868
calibration,15,17,89,2912,2.376145124435425
calibration,15,17,90,2892,3.038942575454712
calibration,15,17,91,1031,3.190432071685791
calibration,15,17,92,2905,1.841387152671814
calibration,15,17,93,1747,2.913457155227661
calibration,15,17,94,1426,2.8342509269714355
calibration,15,17,95,1288,2.5855116844177246
calibration,15,19,0,720,3.1928510665893555
calibration,15,19,1,3796,3.1900033950805664
calibration,15,19,2,2979,2.7045793533325195
calibration,15,19,3,3195,2.8658759593963623
calibration,15,19,4,3348,2.831977605819702
calibration,15,19,5,636,2.7552177906036377
calibration,15,19,6,655,2.783381223678589
calibration,15,19,7,4470,2.915900707244873
calibration,15,19,8,3767,2.6311349868774414
calibration,15,19,9,1123,2.796063184738159
calibration,15,19,10,1907,2.897618293762207
calibration,15,19,11,4325,2.9919066429138184
calibration,15,19,12,3374,3.124027967453003
calibration,15,19,13,552,2.486125946044922
calibration,15,19,14,1983,2.9240689277648926
calibration,15,19,15,279,2.8048455715179443
calibration,15,19,16,3116,3.077456474304199
calibration,15,19,17,3247,3.315603733062744
calibration,15,19,18,4798,3.0546247959136963
calibration,15,19,19,2782,2.4836063385009766
calibration,15,19,20,2029,2.9766809940338135
calibration,15,19,21,3681,2.8689801692962646
calibration,15,19,22,252,2.301841974258423
calibration,15,19,23,2694,2.729795455932617
calibration,15,19,24,1696,3.1962852478027344
calibration,15,19,25,1,3.2504055500030518
calibration,15,19,26,1432,2.8197596073150635
calibration,15,19,27,3131,3.0967507362365723
calibration,15,19,28,4718,3.132640838623047
calibration,15,19,29,2055,2.722515821456909
calibration,15,19,30,4817,2.9935152530670166
calibration,15,19,31,2110,2.8079397678375244
calibration,15,19,32,4972,2.667550563812256
calibration,15,19,33,3779,2.3263609409332275
calibration,15,19,34,4553,1.7286525964736938
calibration,15,19,35,4505,2.584012746810913
calibration,15,19,36,779,2.929079532623291
calibration,15,19,37,375,2.9981513023376465
calibration,15,19,38,3175,2.9473233222961426
calibration,15,19,39,1099,2.69110369682312
calibration,15,19,40,3387,3.4114861488342285
calibration,15,19,41,3081,2.1276769638061523
calibration,15,19,42,461,2.5471787452697754
calibration,15,19,43,429,3.0186469554901123
calibration,15,19,44,2649,2.9565529823303223
calibration,15,19,45,1815,2.703723907470703
calibration,15,19,46,4318,2.8598856925964355
calibration,15,19,47,226,3.0674076080322266
calibration,15,19,48,4210,2.7027313709259033
calibration,15,19,49,892,2.6656363010406494
calibration,15,19,50,2021,2.86521053314209
calibration,15,19,51,2579,2.4553894996643066
calibration,15,19,52,2843,2.891432285308838
calibration,15,19,53,2661,2.260450839996338
calibration,15,19,54,426,3.1490299701690674
calibration,15,19,55,768,3.3492565155029297
calibration,15,19,56,2163,2.833991050720215
calibration,15,19,57,2378,2.7664074897766113
calibration,15,19,58,1777,3.1906368732452393
calibration,15,19,59,2019,2.7405176162719727
calibration,15,19,60,611,2.8746840953826904
calibration,15,19,61,1632,2.9626498222351074
calibration,15,19,62,1668,2.370417594909668
calibration,15,19,63,2131,2.4578146934509277
calibration,15,19,64,4582,1.207854151725769
calibration,15,19,65,3185,2.548776388168335
calibration,15,19,66,3604,2.658867120742798
calibration,15,19,67,2688,2.7182717323303223
calibration,15,19,68,1024,2.8293259143829346
calibration,15,19,69,3447,3.012901782989502
calibration,15,19,70,1624,2.8065433502197266
calibration,15,19,71,683,2.2637712955474854
calibration,15,19,72,3712,3.0166714191436768
calibration,15,19,73,4597,2.265200138092041
calibration,15,19,74,2003,2.7659711837768555
calibration,15,19,75,38,2.9053268432617188
calibration,15,19,76,2557,2.607428550720215
calibration,15,19,77,648,3.103337287902832
calibration,15,19,78,2091,2.4537956714630127
calibration,15,19,79,2261,3.1882119178771973
calibration,15,19,80,2086,2.991008758544922
calibration,15,19,81,4297,2.9183051586151123
calibration,15,19,82,3993,2.4391305446624756
calibration,15,19,83,559,2.6008105278015137
calibration,15,19,84,3219,3.102599620819092
calibration,15,19,85,3324,2.879916191101074
calibration,15,19,86,4366,2.9811673164367676
calibration,15,19,87,323,3.0052297115325928
calibration,15,19,88,3151,2.7624757289886475
calibration,15,19,89,2912,2.508608341217041
calibration,15,19,90,2892,3.1127355098724365
calibration,15,19,91,1031,3.2784616947174072
calibration,15,19,92,2905,2.0419414043426514
calibration,15,19,93,1747,2.99514102935791
calibration,15,19,94,1426,2.8953826427459717
calibration,15,19,95,1288,2.699113130569458
calibration,15,21,0,720,3.2893166542053223
calibration,15,21,1,3796,3.237210512161255
calibration,15,21,2,2979,2.8438117504119873
calibration,15,21,3,3195,2.9010355472564697
calibration,15,21,4,3348,2.9280622005462646
calibration,15,21,5,636,2.8258168697357178
calibration,15,21,6,655,2.851142406463623
calibration,15,21,7,4470,2.9664266109466553
calibration,15,21,8,3767,2.605720043182373
calibration,15,21,9,1123,2.873122453689575
calibration,15,21,10,1907,2.9678969383239746
calibration,15,21,11,4325,3.0726585388183594
calibration,15,21,12,3374,3.133927583694458
calibration,15,21,13,552,2.474635362625122
calibration,15,21,14,1983,2.9743359088897705
calibration,15,21,15,279,2.889443874359131
calibration,15,21,16,3116,3.0892114639282227
calibration,15,21,17,3247,3.3778812885284424
calibration,15,21,18,4798,3.171499490737915
calibration,15,21,19,2782,2.575453281402588
calibration,15,21,20,2029,3.0563032627105713
calibration,15,21,21,3681,2.9100944995880127
calibration,15,21,22,252,2.4498379230499268
calibration,15,21,23,2694,2.7791435718536377
calibration,15,21,24,1696,3.304603338241577
calibration,15,21,25,1,3.3044466972351074
calibration,15,21,26,1432,2.8198201656341553
calibration,15,21,27,3131,3.166497230529785
calibration,15,21,28,4718,3.2436063289642334
calibration,15,21,29,2055,2.7183544635772705
calibration,15,21,30,4817,3.0644378662109375
calibration,15,21,31,2110,2.821563243865967
calibration,15,21,32,4972,2.742473840713501
calibration,15,21,33,3779,2.3301641941070557
calibration,15,21,34,4553,1.7376092672348022
calibration,15,21,35,4505,2.6946704387664795
calibration,15,21,36,779,2.9622278213500977
calibration,15,21,37,375,3.144564390182495
calibration,15,21,38,3175,3.022034168243408
calibration,15,21,39,1099,2.7366244792938232
calibration,15,21,40,3387,3.4841766357421875
calibration,15,21,41,3081,2.210705280303955
calibration,15,21,42,461,2.6141769886016846
calibration,15,21,43,429,3.0630455017089844
calibration,15,21,44,2649,3.0735433101654053
calibration,15,21,45,1815,2.7434194087982178
calibration,15,21,46,4318,2.863572120666504
calibration,15,21,47,226,3.0474860668182373
calibration,15,21,48,4210,2.8900320529937744
calibration,15,21,49,892,2.712653398513794
calibration,15,21,50,2021,2.9193036556243896
calibration,15,21,51,2579,2.532270908355713
calibration,15,21,52,2843,2.9335780143737793
calibration,15,21,53,2661,2.3086774349212646
calibration,15,21,54,426,3.2271151542663574
calibration,15,21,55,768,3.3515377044677734
calibration,15,21,56,2163,3.0295605659484863
calibration,15,21,57,2378,3.0040557384490967
calibration,15,21,58,1777,3.218440055847168
calibration,15,21,59,2019,2.8035247325897217
calibration,15,21,60,611,2.872526168823242
calibration,15,21,61,1632,3.1159892082214355
calibration,15,21,62,1668,2.3927557468414307
calibration,15,21,63,2131,2.587864637374878
calibration,15,21,64,4582,1.1131476163864136
calibration,15,21,65,3185,2.633229970932007
calibration,15,21,66,3604,2.6757137775421143
calibration,15,21,67,2688,2.8974814414978027
calibration,15,21,68,1024,3.079026937484741
calibration,15,21,69,3447,3.000183343887329
calibration,15,21,70,1624,2.803205728530884
calibration,15,21,71,683,2.3930296897888184
calibration,15,21,72,3712,3.115424394607544
calibration,15,21,73,4597,2.2002105712890625
calibration,15,21,74,2003,2.84958553314209
calibration,15,21,75,38,3.0739123821258545
calibration,15,21,76,2557,2.5749828815460205
calibration,15,21,77,648,3.068256378173828
calibration,15,21,78,2091,2.487828254699707
calibration,15,21,79,2261,3.2176499366760254
calibration,15,21,80,2086,2.9750823974609375
calibration,15,21,81,4297,2.9786863327026367
calibration,15,21,82,3993,2.4960436820983887
calibration,15,21,83,559,2.763899326324463
calibration,15,21,84,3219,3.245123863220215
calibration,15,21,85,3324,3.117236852645874
calibration,15,21,86,4366,3.035709857940674
calibration,15,21,87,323,3.108332872390747
calibration,15,21,88,3151,2.758465528488159
calibration,15,21,89,2912,2.639289140701294
calibration,15,21,90,2892,3.1705098152160645
calibration,15,21,91,1031,3.3625082969665527
calibration,15,21,92,2905,2.127824544906616
calibration,15,21,93,1747,3.0844385623931885
calibration,15,21,94,1426,2.960800886154175
calibration,15,21,95,1288,2.69279408454895
calibration,15,24,0,720,3.250896692276001
calibration,15,24,1,3796,3.3186540603637695
calibration,15,24,2,2979,2.8542051315307617
calibration,15,24,3,3195,2.8597216606140137
calibration,15,24,4,3348,2.96817946434021
calibration,15,24,5,636,2.7835633754730225
calibration,15,24,6,655,2.913937568664551
calibration,15,24,7,4470,2.988572597503662
calibration,15,24,8,3767,2.6037518978118896
calibration,15,24,9,1123,2.8266401290893555
calibration,15,24,10,1907,2.9539737701416016
calibration,15,24,11,4325,3.0333268642425537
calibration,15,24,12,3374,3.1161954402923584
calibration,15,24,13,552,2.5539591312408447
calibration,15,24,14,1983,2.900693416595459
calibration,15,24,15,279,2.8258185386657715
calibration,15,24,16,3116,3.0595076084136963
calibration,15,24,17,3247,3.3138175010681152
calibration,15,24,18,4798,3.076012134552002
calibration,15,24,19,2782,2.612278938293457
calibration,15,24,20,2029,3.0120980739593506
calibration,15,24,21,3681,2.8852901458740234
calibration,15,24,22,252,2.3707516193389893
calibration,15,24,23,2694,2.7315590381622314
calibration,15,24,24,1696,3.220301866531372
calibration,15,24,25,1,3.2376019954681396
calibration,15,24,26,1432,2.7939274311065674
calibration,15,24,27,3131,3.1158783435821533
calibration,15,24,28,4718,3.223414182662964
calibration,15,24,29,2055,2.7496135234832764
calibration,15,24,30,4817,3.062199831008911
calibration,15,24,31,2110,2.800781726837158
calibration,15,24,32,4972,2.6571340560913086
calibration,15,24,33,3779,2.2902956008911133
calibration,15,24,34,4553,1.7048941850662231
calibration,15,24,35,4505,2.7122020721435547
calibration,15,24,36,779,2.979809045791626
calibration,15,24,37,375,3.0617785453796387
calibration,15,24,38,3175,2.9890940189361572
calibration,15,24,39,1099,2.7690670490264893
calibration,15,24,40,3387,3.5066142082214355
calibration,15,24,41,3081,2.1109395027160645
calibration,15,24,42,461,2.6698200702667236
calibration,15,24,43,429,3.080538749694824
calibration,15,24,44,2649,3.055065155029297
calibration,15,24,45,1815,2.8040754795074463
calibration,15,24,46,4318,2.935137987136841
calibration,15,24,47,226,3.050128221511841
calibration,15,24,48,4210,2.8350536823272705
calibration,15,24,49,892,2.6838316917419434
calibration,15,24,50,2021,2.956498622894287
calibration,15,24,51,2579,2.4762582778930664
calibration,15,24,52,2843,2.895616292953491
calibration,15,24,53,2661,2.2364747524261475
calibration,15,24,54,426,3.262303113937378
calibration,15,24,55,768,3.3645315170288086
calibration,15,24,56,2163,2.9707231521606445
calibration,15,24,57,2378,2.875211238861084
calibration,15,24,58,1777,3.2434961795806885
calibration,15,24,59,2019,2.752682685852051
calibration,15,24,60,611,2.8118302822113037
calibration,15,24,61,1632,3.108449935913086
calibration,15,24,62,1668,2.3887996673583984
calibration,15,24,63,2131,2.524007797241211
calibration,15,24,64,4582,1.101209282875061
calibration,15,24,65,3185,2.57385516166687
calibration,15,24,66,3604,2.7016501426696777
calibration,15,24,67,2688,2.7277748584747314
calibration,15,24,68,1024,2.973825693130493
calibration,15,24,69,3447,3.0440237522125244
calibration,15,24,70,1624,2.69097900390625
calibration,15,24,71,683,2.302354574203491
calibration,15,24,72,3712,2.998249053955078
calibration,15,24,73,4597,2.2056891918182373
calibration,15,24,74,2003,2.751335859298706
calibration,15,24,75,38,2.906677722930908
calibration,15,24,76,2557,2.563450813293457
calibration,15,24,77,648,3.1088173389434814
calibration,15,24,78,2091,2.384150266647339
calibration,15,24,79,2261,3.1671769618988037
calibration,15,24,80,2086,3.0666441917419434
calibration,15,24,81,4297,2.9878299236297607
calibration,15,24,82,3993,2.4147093296051025
calibration,15,24,83,559,2.6714773178100586
calibration,15,24,84,3219,3.247436285018921
calibration,15,24,85,3324,2.998926877975464
calibration,15,24,86,4366,3.053859233856201
calibration,15,24,87,323,3.0658137798309326
calibration,15,24,88,3151,2.7630412578582764
calibration,15,24,89,2912,2.59090256690979
calibration,15,24,90,2892,3.1470978260040283
calibration,15,24,91,1031,3.3273136615753174
calibration,15,24,92,2905,2.0347671508789062
calibration,15,24,93,1747,2.9896538257598877
calibration,15,24,94,1426,3.017399787902832
calibration,15,24,95,1288,2.6720130443573
calibration,15,26,0,720,3.3205559253692627
calibration,15,26,1,3796,3.4474284648895264
calibration,15,26,2,2979,2.8377692699432373
calibration,15,26,3,3195,3.0750324726104736
calibration,15,26,4,3348,3.0520453453063965
calibration,15,26,5,636,2.9763176441192627
calibration,15,26,6,655,3.132506847381592
calibration,15,26,7,4470,3.265474557876587
calibration,15,26,8,3767,2.7193005084991455
calibration,15,26,9,1123,3.045492649078369
calibration,15,26,10,1907,3.067469358444214
calibration,15,26,11,4325,3.15552020072937
calibration,15,26,12,3374,3.2844719886779785
calibration,15,26,13,552,2.7173869609832764
calibration,15,26,14,1983,3.011610746383667
calibration,15,26,15,279,2.903437852859497
calibration,15,26,16,3116,3.2493813037872314
calibration,15,26,17,3247,3.5449397563934326
calibration,15,26,18,4798,3.2685647010803223
calibration,15,26,19,2782,2.665982246398926
calibration,15,26,20,2029,3.1345436573028564
calibration,15,26,21,3681,3.0543439388275146
calibration,15,26,22,252,2.486010789871216
calibration,15,26,23,2694,2.978163957595825
calibration,15,26,24,1696,3.472676992416382
calibration,15,26,25,1,3.4721009731292725
calibration,15,26,26,1432,3.028001308441162
calibration,15,26,27,3131,3.220669746398926
calibration,15,26,28,4718,3.4351727962493896
calibration,15,26,29,2055,2.9285480976104736
calibration,15,26,30,4817,3.1198794841766357
calibration,15,26,31,2110,3.0502185821533203
calibration,15,26,32,4972,2.8459243774414062
calibration,15,26,33,3779,2.419187545776367
calibration,15,26,34,4553,1.8834375143051147
calibration,15,26,35,4505,2.7399051189422607
calibration,15,26,36,779,3.0773468017578125
calibration,15,26,37,375,3.204298973083496
calibration,15,26,38,3175,3.1151018142700195
calibration,15,26,39,1099,2.8238818645477295
calibration,15,26,40,3387,3.651494026184082
calibration,15,26,41,3081,2.297546148300171
calibration,15,26,42,461,2.7604787349700928
calibration,15,26,43,429,3.24690318107605
calibration,15,26,44,2649,3.0819356441497803
calibration,15,26,45,1815,2.937680959701538
calibration,15,26,46,4318,3.022273063659668
calibration,15,26,47,226,3.256479024887085
calibration,15,26,48,4210,2.9284820556640625
calibration,15,26,49,892,2.791811227798462
calibration,15,26,50,2021,3.1291966438293457
calibration,15,26,51,2579,2.5377461910247803
calibration,15,26,52,2843,2.970892906188965
calibration,15,26,53,2661,2.3298540115356445
calibration,15,26,54,426,3.287815809249878
calibration,15,26,55,768,3.475163459777832
calibration,15,26,56,2163,3.130310297012329
calibration,15,26,57,2378,3.0455758571624756
calibration,15,26,58,1777,3.3377840518951416
calibration,15,26,59,2019,2.9015393257141113
calibration,15,26,60,611,3.132967233657837
calibration,15,26,61,1632,3.2870726585388184
calibration,15,26,62,1668,2.5686872005462646
calibration,15,26,63,2131,2.587097406387329
calibration,15,26,64,4582,1.1640150547027588
calibration,15,26,65,3185,2.6253206729888916
calibration,15,26,66,3604,2.786416530609131
calibration,15,26,67,2688,2.832418918609619
calibration,15,26,68,1024,3.100203275680542
calibration,15,26,69,3447,3.068528413772583
calibration,15,26,70,1624,2.791642904281616
calibration,15,26,71,683,2.43440842628479
calibration,15,26,72,3712,3.13492751121521
calibration,15,26,73,4597,2.3719675540924072
calibration,15,26,74,2003,2.928969383239746
calibration,15,26,75,38,3.1300718784332275
calibration,15,26,76,2557,2.7236669063568115
calibration,15,26,77,648,3.269974708557129
calibration,15,26,78,2091,2.5939998626708984
calibration,15,26,79,2261,3.187943458557129
calibration,15,26,80,2086,3.1456246376037598
calibration,15,26,81,4297,3.050854444503784
calibration,15,26,82,3993,2.5799033641815186
calibration,15,26,83,559,2.880829334259033
calibration,15,26,84,3219,3.3823599815368652
calibration,15,26,85,3324,3.235668897628784
calibration,15,26,86,4366,3.081021547317505
calibration,15,26,87,323,3.214862823486328
calibration,15,26,88,3151,2.9617972373962402
calibration,15,26,89,2912,2.686953067779541
calibration,15,26,90,2892,3.431708574295044
calibration,15,26,91,1031,3.469586133956909
calibration,15,26,92,2905,2.1510233879089355
calibration,15,26,93,1747,3.192786931991577
calibration,15,26,94,1426,3.1247761249542236
calibration,15,26,95,1288,2.8202364444732666
calibration,17,19,0,720,3.325345516204834
calibration,17,19,1,3796,3.2221925258636475
calibration,17,19,2,2979,2.817042589187622
calibration,17,19,3,3195,2.900869369506836
calibration,17,19,4,3348,2.868140935897827
calibration,17,19,5,636,2.843212366104126
calibration,17,19,6,655,2.899421215057373
calibration,17,19,7,4470,3.008725881576538
calibration,17,19,8,3767,2.692686080932617
calibration,17,19,9,1123,2.8670740127563477
calibration,17,19,10,1907,2.980698823928833
calibration,17,19,11,4325,3.0653648376464844
calibration,17,19,12,3374,3.155696153640747
calibration,17,19,13,552,2.5904717445373535
calibration,17,19,14,1983,2.933831214904785
calibration,17,19,15,279,2.868011474609375
calibration,17,19,16,3116,3.1910107135772705
calibration,17,19,17,3247,3.387343645095825
calibration,17,19,18,4798,3.1804637908935547
calibration,17,19,19,2782,2.6353936195373535
calibration,17,19,20,2029,3.072942018508911
calibration,17,19,21,3681,2.9302408695220947
calibration,17,19,22,252,2.4249866008758545
calibration,17,19,23,2694,2.775318145751953
calibration,17,19,24,1696,3.327573776245117
calibration,17,19,25,1,3.3086419105529785
calibration,17,19,26,1432,2.9076766967773438
calibration,17,19,27,3131,3.225964307785034
calibration,17,19,28,4718,3.2006771564483643
calibration,17,19,29,2055,2.7686736583709717
calibration,17,19,30,4817,3.0835397243499756
calibration,17,19,31,2110,2.890626907348633
calibration,17,19,32,4972,2.7458865642547607
calibration,17,19,33,3779,2.4610772132873535
calibration,17,19,34,4553,1.786210536956787
calibration,17,19,35,4505,2.6782283782958984
calibration,17,19,36,779,3.007214069366455
calibration,17,19,37,375,3.0258889198303223
calibration,17,19,38,3175,2.991715669631958
calibration,17,19,39,1099,2.7747886180877686
calibration,17,19,40,3387,3.5050699710845947
calibration,17,19,41,3081,2.1585824489593506
calibration,17,19,42,461,2.636007308959961
calibration,17,19,43,429,3.0963542461395264
calibration,17,19,44,2649,3.0201501846313477
calibration,17,19,45,1815,2.7890360355377197
calibration,17,19,46,4318,2.9165804386138916
calibration,17,19,47,226,3.2310473918914795
calibration,17,19,48,4210,2.782989978790283
calibration,17,19,49,892,2.7569007873535156
calibration,17,19,50,2021,2.9327375888824463
calibration,17,19,51,2579,2.51362943649292
calibration,17,19,52,2843,2.9507782459259033
calibration,17,19,53,2661,2.3616127967834473
calibration,17,19,54,426,3.2471790313720703
calibration,17,19,55,768,3.42402982711792
calibration,17,19,56,2163,2.8691911697387695
calibration,17,19,57,2378,2.8109500408172607
calibration,17,19,58,1777,3.3033969402313232
calibration,17,19,59,2019,2.792351484298706
calibration,17,19,60,611,2.8642070293426514
calibration,17,19,61,1632,3.018265724182129
calibration,17,19,62,1668,2.436497688293457
calibration,17,19,63,2131,2.5323169231414795
calibration,17,19,64,4582,1.3192716836929321
calibration,17,19,65,3185,2.6314313411712646
calibration,17,19,66,3604,2.719670534133911
calibration,17,19,67,2688,2.851381778717041
calibration,17,19,68,1024,2.88460373878479
calibration,17,19,69,3447,3.154024600982666
calibration,17,19,70,1624,2.7970709800720215
calibration,17,19,71,683,2.309354782104492
calibration,17,19,72,3712,3.144498348236084
calibration,17,19,73,4597,2.3395235538482666
calibration,17,19,74,2003,2.858597993850708
calibration,17,19,75,38,2.967381477355957
calibration,17,19,76,2557,2.7147305011749268
calibration,17,19,77,648,3.216283082962036
calibration,17,19,78,2091,2.4833974838256836
calibration,17,19,79,2261,3.2782740592956543
calibration,17,19,80,2086,3.13364577293396
calibration,17,19,81,4297,3.0198304653167725
calibration,17,19,82,3993,2.527790069580078
calibration,17,19,83,559,2.6578664779663086
calibration,17,19,84,3219,3.2374966144561768
calibration,17,19,85,3324,2.9714176654815674
calibration,17,19,86,4366,3.0328805446624756
calibration,17,19,87,323,3.0915043354034424
calibration,17,19,88,3151,2.859138011932373
calibration,17,19,89,2912,2.5138771533966064
calibration,17,19,90,2892,3.200221538543701
calibration,17,19,91,1031,3.4020814895629883
calibration,17,19,92,2905,2.2113616466522217
calibration,17,19,93,1747,3.058830738067627
calibration,17,19,94,1426,2.975214958190918
calibration,17,19,95,1288,2.8125205039978027
calibration,17,21,0,720,3.3422091007232666
calibration,17,21,1,3796,3.2811520099639893
calibration,17,21,2,2979,2.960510492324829
calibration,17,21,3,3195,2.900564432144165
calibration,17,21,4,3348,2.968425989151001
calibration,17,21,5,636,2.8748669624328613
calibration,17,21,6,655,2.8981852531433105
calibration,17,21,7,4470,3.0477912425994873
calibration,17,21,8,3767,2.667301654815674
calibration,17,21,9,1123,2.901460886001587
calibration,17,21,10,1907,3.0094029903411865
calibration,17,21,11,4325,3.1117801666259766
calibration,17,21,12,3374,3.2204248905181885
calibration,17,21,13,552,2.58615779876709
calibration,17,21,14,1983,3.0239529609680176
calibration,17,21,15,279,2.9210712909698486
calibration,17,21,16,3116,3.0991427898406982
calibration,17,21,17,3247,3.439601421356201
calibration,17,21,18,4798,3.2171058654785156
calibration,17,21,19,2782,2.686877965927124
calibration,17,21,20,2029,3.0946648120880127
calibration,17,21,21,3681,2.9413938522338867
calibration,17,21,22,252,2.5481414794921875
calibration,17,21,23,2694,2.765001058578491
calibration,17,21,24,1696,3.387484550476074
calibration,17,21,25,1,3.329049587249756
calibration,17,21,26,1432,2.8804194927215576
calibration,17,21,27,3131,3.219102621078491
calibration,17,21,28,4718,3.2822670936584473
calibration,17,21,29,2055,2.7732396125793457
calibration,17,21,30,4817,3.1141350269317627
calibration,17,21,31,2110,2.9198827743530273
calibration,17,21,32,4972,2.7427568435668945
calibration,17,21,33,3779,2.3942201137542725
calibration,17,21,34,4553,1.7687143087387085
calibration,17,21,35,4505,2.7354609966278076
calibration,17,21,36,779,2.948700189590454
calibration,17,21,37,375,3.2128169536590576
calibration,17,21,38,3175,3.087886333465576
calibration,17,21,39,1099,2.7979414463043213
calibration,17,21,40,3387,3.511948585510254
calibration,17,21,41,3081,2.239400625228882
calibration,17,21,42,461,2.635711669921875
calibration,17,21,43,429,3.140488862991333
calibration,17,21,44,2649,3.142296314239502
calibration,17,21,45,1815,2.80763840675354
calibration,17,21,46,4318,2.924053192138672
calibration,17,21,47,226,3.1506505012512207
calibration,17,21,48,4210,2.906780242919922
calibration,17,21,49,892,2.750267267227173
calibration,17,21,50,2021,2.9585702419281006
calibration,17,21,51,2579,2.6317026615142822
calibration,17,21,52,2843,2.9848830699920654
calibration,17,21,53,2661,2.34153413772583
calibration,17,21,54,426,3.2824673652648926
calibration,17,21,55,768,3.4768950939178467
calibration,17,21,56,2163,3.0329935550689697
calibration,17,21,57,2378,3.055650472640991
calibration,17,21,58,1777,3.2991576194763184
calibration,17,21,59,2019,2.8618311882019043
calibration,17,21,60,611,2.9031338691711426
calibration,17,21,61,1632,3.143409490585327
calibration,17,21,62,1668,2.471557855606079
calibration,17,21,63,2131,2.6274571418762207
calibration,17,21,64,4582,1.1806381940841675
calibration,17,21,65,3185,2.6513404846191406
calibration,17,21,66,3604,2.7393946647644043
calibration,17,21,67,2688,2.970043420791626
calibration,17,21,68,1024,3.105194568634033
calibration,17,21,69,3447,3.091181516647339
calibration,17,21,70,1624,2.821598768234253
calibration,17,21,71,683,2.4787449836730957
calibration,17,21,72,3712,3.1884398460388184
calibration,17,21,73,4597,2.242018461227417
calibration,17,21,74,2003,2.934582233428955
calibration,17,21,75,38,3.1442015171051025
calibration,17,21,76,2557,2.640126943588257
calibration,17,21,77,648,3.1410417556762695
calibration,17,21,78,2091,2.523228168487549
calibration,17,21,79,2261,3.290123701095581
calibration,17,21,80,2086,3.0813941955566406
calibration,17,21,81,4297,2.9789881706237793
calibration,17,21,82,3993,2.5638747215270996
calibration,17,21,83,559,2.7881715297698975
calibration,17,21,84,3219,3.3071329593658447
calibration,17,21,85,3324,3.1806797981262207
calibration,17,21,86,4366,3.1139843463897705
calibration,17,21,87,323,3.166513442993164
calibration,17,21,88,3151,2.845975399017334
calibration,17,21,89,2912,2.6301517486572266
calibration,17,21,90,2892,3.221602439880371
calibration,17,21,91,1031,3.4210472106933594
calibration,17,21,92,2905,2.1728172302246094
calibration,17,21,93,1747,3.1039183139801025
calibration,17,21,94,1426,2.987034559249878
calibration,17,21,95,1288,2.764340877532959
calibration,17,24,0,720,3.3022665977478027
calibration,17,24,1,3796,3.281818389892578
calibration,17,24,2,2979,2.875725507736206
calibration,17,24,3,3195,2.8866281509399414
calibration,17,24,4,3348,2.9953880310058594
calibration,17,24,5,636,2.8115956783294678
calibration,17,24,6,655,2.9711780548095703
calibration,17,24,7,4470,3.0202841758728027
calibration,17,24,8,3767,2.635699510574341
calibration,17,24,9,1123,2.8620660305023193
calibration,17,24,10,1907,2.9945802688598633
calibration,17,24,11,4325,3.081986665725708
calibration,17,24,12,3374,3.153688907623291
calibration,17,24,13,552,2.6127207279205322
calibration,17,24,14,1983,2.911587715148926
calibration,17,24,15,279,2.853865385055542
calibration,17,24,16,3116,3.0641486644744873
calibration,17,24,17,3247,3.314552068710327
calibration,17,24,18,4798,3.125065803527832
calibration,17,24,19,2782,2.719454765319824
calibration,17,24,20,2029,3.02992844581604
calibration,17,24,21,3681,2.9388926029205322
calibration,17,24,22,252,2.438251495361328
calibration,17,24,23,2694,2.7351479530334473
calibration,17,24,24,1696,3.2940285205841064
calibration,17,24,25,1,3.293705463409424
calibration,17,24,26,1432,2.8191134929656982
calibration,17,24,27,3131,3.1396923065185547
calibration,17,24,28,4718,3.246279239654541
calibration,17,24,29,2055,2.766786575317383
calibration,17,24,30,4817,3.07212495803833
calibration,17,24,31,2110,2.891705274581909
calibration,17,24,32,4972,2.726104259490967
calibration,17,24,33,3779,2.3661699295043945
calibration,17,24,34,4553,1.7474007606506348
calibration,17,24,35,4505,2.74060320854187
calibration,17,24,36,779,2.9453206062316895
calibration,17,24,37,375,3.092952013015747
calibration,17,24,38,3175,3.049121618270874
calibration,17,24,39,1099,2.8286590576171875
calibration,17,24,40,3387,3.539219617843628
calibration,17,24,41,3081,2.1590070724487305
calibration,17,24,42,461,2.692622184753418
calibration,17,24,43,429,3.1236608028411865
calibration,17,24,44,2649,3.11423921585083
calibration,17,24,45,1815,2.836841106414795
calibration,17,24,46,4318,3.0183305740356445
calibration,17,24,47,226,3.1269450187683105
calibration,17,24,48,4210,2.829273223876953
calibration,17,24,49,892,2.728043556213379
calibration,17,24,50,2021,2.950191020965576
calibration,17,24,51,2579,2.581632375717163
calibration,17,24,52,2843,2.9281787872314453
calibration,17,24,53,2661,2.2878990173339844
calibration,17,24,54,426,3.3152670860290527
calibration,17,24,55,768,3.423631191253662
calibration,17,24,56,2163,3.0003161430358887
calibration,17,24,57,2378,2.9670722484588623
calibration,17,24,58,1777,3.2939064502716064
calibration,17,24,59,2019,2.8084092140197754
calibration,17,24,60,611,2.803891181945801
calibration,17,24,61,1632,3.10803484916687
calibration,17,24,62,1668,2.437891960144043
calibration,17,24,63,2131,2.5385241508483887
calibration,17,24,64,4582,1.1538197994232178
calibration,17,24,65,3185,2.6298789978027344
calibration,17,24,66,3604,2.715996026992798
calibration,17,24,67,2688,2.84070086479187
calibration,17,24,68,1024,2.9407191276550293
calibration,17,24,69,3447,3.055042266845703
calibration,17,24,70,1624,2.7045445442199707
calibration,17,24,71,683,2.3712427616119385
calibration,17,24,72,3712,3.022425651550293
calibration,17,24,73,4597,2.2438061237335205
calibration,17,24,74,2003,2.815743923187256
calibration,17,24,75,38,2.943587303161621
calibration,17,24,76,2557,2.6175079345703125
calibration,17,24,77,648,3.182288408279419
calibration,17,24,78,2091,2.436523675918579
calibration,17,24,79,2261,3.2368507385253906
calibration,17,24,80,2086,3.124089241027832
calibration,17,24,81,4297,3.006568193435669
calibration,17,24,82,3993,2.475184679031372
calibration,17,24,83,559,2.680396556854248
calibration,17,24,84,3219,3.275834560394287
calibration,17,24,85,3324,3.009702682495117
calibration,17,24,86,4366,3.082801342010498
calibration,17,24,87,323,3.1031389236450195
calibration,17,24,88,3151,2.84498929977417
calibration,17,24,89,2912,2.5695083141326904
calibration,17,24,90,2892,3.1366641521453857
calibration,17,24,91,1031,3.412663221359253
calibration,17,24,92,2905,2.104268789291382
calibration,17,24,93,1747,3.0638344287872314
calibration,17,24,94,1426,3.0338048934936523
calibration,17,24,95,1288,2.722496747970581
calibration,17,26,0,720,3.3155534267425537
calibration,17,26,1,3796,3.3369927406311035
calibration,17,26,2,2979,2.876727342605591
calibration,17,26,3,3195,3.005502939224243
calibration,17,26,4,3348,3.0213193893432617
calibration,17,26,5,636,2.9146463871002197
calibration,17,26,6,655,3.0444765090942383
calibration,17,26,7,4470,3.1067447662353516
calibration,17,26,8,3767,2.719517469406128
calibration,17,26,9,1123,3.0260117053985596
calibration,17,26,10,1907,3.0654211044311523
calibration,17,26,11,4325,3.137118101119995
calibration,17,26,12,3374,3.294593572616577
calibration,17,26,13,552,2.714122772216797
calibration,17,26,14,1983,2.9761505126953125
calibration,17,26,15,279,2.9207346439361572
calibration,17,26,16,3116,3.194218873977661
calibration,17,26,17,3247,3.4803857803344727
calibration,17,26,18,4798,3.2741870880126953
calibration,17,26,19,2782,2.727658271789551
calibration,17,26,20,2029,3.1467175483703613
calibration,17,26,21,3681,3.017237424850464
calibration,17,26,22,252,2.498883008956909
calibration,17,26,23,2694,2.9348840713500977
calibration,17,26,24,1696,3.4504599571228027
calibration,17,26,25,1,3.385423421859741
calibration,17,26,26,1432,2.9976489543914795
calibration,17,26,27,3131,3.2027461528778076
calibration,17,26,28,4718,3.3635075092315674
calibration,17,26,29,2055,2.914102554321289
calibration,17,26,30,4817,3.136887788772583
calibration,17,26,31,2110,2.9718618392944336
calibration,17,26,32,4972,2.8292272090911865
calibration,17,26,33,3779,2.4292354583740234
calibration,17,26,34,4553,1.8626649379730225
calibration,17,26,35,4505,2.7550463676452637
calibration,17,26,36,779,3.008577585220337
calibration,17,26,37,375,3.189842700958252
calibration,17,26,38,3175,3.1242494583129883
calibration,17,26,39,1099,2.8339104652404785
calibration,17,26,40,3387,3.602809190750122
calibration,17,26,41,3081,2.2827792167663574
calibration,17,26,42,461,2.7392172813415527
calibration,17,26,43,429,3.211449146270752
calibration,17,26,44,2649,3.0813069343566895
calibration,17,26,45,1815,2.950829267501831
calibration,17,26,46,4318,3.0383992195129395
calibration,17,26,47,226,3.2561516761779785
calibration,17,26,48,4210,2.8899431228637695
calibration,17,26,49,892,2.779249429702759
calibration,17,26,50,2021,3.125869035720825
calibration,17,26,51,2579,2.548814058303833
calibration,17,26,52,2843,2.9697840213775635
calibration,17,26,53,2661,2.3296592235565186
calibration,17,26,54,426,3.285395622253418
calibration,17,26,55,768,3.464027166366577
calibration,17,26,56,2163,3.056022882461548
calibration,17,26,57,2378,3.0354156494140625
calibration,17,26,58,1777,3.3389370441436768
calibration,17,26,59,2019,2.968444585800171
calibration,17,26,60,611,2.9952027797698975
calibration,17,26,61,1632,3.221822500228882
calibration,17,26,62,1668,2.5915188789367676
calibration,17,26,63,2131,2.5801589488983154
calibration,17,26,64,4582,1.2305757999420166
calibration,17,26,65,3185,2.654433012008667
calibration,17,26,66,3604,2.804380178451538
calibration,17,26,67,2688,2.8920540809631348
calibration,17,26,68,1024,3.008155107498169
calibration,17,26,69,3447,3.095837354660034
calibration,17,26,70,1624,2.749724864959717
calibration,17,26,71,683,2.4510514736175537
calibration,17,26,72,3712,3.1465535163879395
calibration,17,26,73,4597,2.375232219696045
calibration,17,26,74,2003,2.9091055393218994
calibration,17,26,75,38,3.106868028640747
calibration,17,26,76,2557,2.7144761085510254
calibration,17,26,77,648,3.2287468910217285
calibration,17,26,78,2091,2.561426877975464
calibration,17,26,79,2261,3.2082669734954834
calibration,17,26,80,2086,3.1425070762634277
calibration,17,26,81,4297,3.0438902378082275
calibration,17,26,82,3993,2.6455819606781006
calibration,17,26,83,559,2.824522018432617
calibration,17,26,84,3219,3.360522985458374
calibration,17,26,85,3324,3.2234268188476562
calibration,17,26,86,4366,3.0680034160614014
calibration,17,26,87,323,3.158679485321045
calibration,17,26,88,3151,2.904935121536255
calibration,17,26,89,2912,2.6408262252807617
calibration,17,26,90,2892,3.328775644302368
calibration,17,26,91,1031,3.4582695960998535
calibration,17,26,92,2905,2.1883585453033447
calibration,17,26,93,1747,3.1393277645111084
calibration,17,26,94,1426,3.045701742172241
calibration,17,26,95,1288,2.823011875152588
calibration,19,21,0,720,3.509782314300537
calibration,19,21,1,3796,3.3836989402770996
calibration,19,21,2,2979,3.0883607864379883
calibration,19,21,3,3195,3.101376533508301
calibration,19,21,4,3348,3.1017961502075195
calibration,19,21,5,636,3.0086255073547363
calibration,19,21,6,655,3.0393574237823486
calibration,19,21,7,4470,3.1408653259277344
calibration,19,21,8,3767,2.85471773147583
calibration,19,21,9,1123,3.058640480041504
calibration,19,21,10,1907,3.1309468746185303
calibration,19,21,11,4325,3.2082314491271973
calibration,19,21,12,3374,3.456899881362915
calibration,19,21,13,552,2.7047946453094482
calibration,19,21,14,1983,3.2729387283325195
calibration,19,21,15,279,3.12434983253479
calibration,19,21,16,3116,3.236233949661255
calibration,19,21,17,3247,3.5907185077667236
calibration,19,21,18,4798,3.338085412979126
calibration,19,21,19,2782,2.8050143718719482
calibration,19,21,20,2029,3.281482219696045
calibration,19,21,21,3681,3.057985544204712
calibration,19,21,22,252,2.7066750526428223
calibration,19,21,23,2694,3.030902147293091
calibration,19,21,24,1696,3.590519666671753
calibration,19,21,25,1,3.463801622390747
calibration,19,21,26,1432,2.995145320892334
calibration,19,21,27,3131,3.3768229484558105
calibration,19,21,28,4718,3.4385290145874023
calibration,19,21,29,2055,3.0497183799743652
calibration,19,21,30,4817,3.3138749599456787
calibration,19,21,31,2110,3.0383968353271484
calibration,19,21,32,4972,3.0089609622955322
calibration,19,21,33,3779,2.5370001792907715
calibration,19,21,34,4553,2.0441856384277344
calibration,19,21,35,4505,2.928481101989746
calibration,19,21,36,779,3.244922161102295
calibration,19,21,37,375,3.3825440406799316
calibration,19,21,38,3175,3.183486223220825
calibration,19,21,39,1099,2.955960512161255
calibration,19,21,40,3387,3.717738151550293
calibration,19,21,41,3081,2.3177788257598877
calibration,19,21,42,461,2.8775734901428223
calibration,19,21,43,429,3.2924211025238037
calibration,19,21,44,2649,3.390974998474121
calibration,19,21,45,1815,2.94699764251709
calibration,19,21,46,4318,3.1003243923187256
calibration,19,21,47,226,3.26241397857666
calibration,19,21,48,4210,3.175323009490967
calibration,19,21,49,892,2.9605679512023926
calibration,19,21,50,2021,3.131631851196289
calibration,19,21,51,2579,2.7623555660247803
calibration,19,21,52,2843,3.1570959091186523
calibration,19,21,53,2661,2.5352766513824463
calibration,19,21,54,426,3.4530303478240967
calibration,19,21,55,768,3.6188926696777344
calibration,19,21,56,2163,3.1731765270233154
calibration,19,21,57,2378,3.2129454612731934
calibration,19,21,58,1777,3.4088237285614014
calibration,19,21,59,2019,3.073173761367798
calibration,19,21,60,611,3.0583648681640625
calibration,19,21,61,1632,3.3229384422302246
calibration,19,21,62,1668,2.7142493724823
calibration,19,21,63,2131,3.0192484855651855
calibration,19,21,64,4582,1.3720991611480713
calibration,19,21,65,3185,2.9403982162475586
calibration,19,21,66,3604,2.901427745819092
calibration,19,21,67,2688,3.134711980819702
calibration,19,21,68,1024,3.2907485961914062
calibration,19,21,69,3447,3.3444881439208984
calibration,19,21,70,1624,3.0929129123687744
calibration,19,21,71,683,2.6519131660461426
calibration,19,21,72,3712,3.355447769165039
calibration,19,21,73,4597,2.4379830360412598
calibration,19,21,74,2003,3.1341450214385986
calibration,19,21,75,38,3.35398530960083
calibration,19,21,76,2557,2.835566759109497
calibration,19,21,77,648,3.3611438274383545
calibration,19,21,78,2091,2.7344658374786377
calibration,19,21,79,2261,3.489126682281494
calibration,19,21,80,2086,3.2417991161346436
calibration,19,21,81,4297,3.1932730674743652
calibration,19,21,82,3993,2.7631373405456543
calibration,19,21,83,559,2.9765677452087402
calibration,19,21,84,3219,3.450749158859253
calibration,19,21,85,3324,3.321791887283325
calibration,19,21,86,4366,3.233412742614746
calibration,19,21,87,323,3.433522939682007
calibration,19,21,88,3151,3.0132203102111816
calibration,19,21,89,2912,2.8973333835601807
calibration,19,21,90,2892,3.443500518798828
calibration,19,21,91,1031,3.597442150115967
calibration,19,21,92,2905,2.547443151473999
calibration,19,21,93,1747,3.3144748210906982
calibration,19,21,94,1426,3.1412181854248047
calibration,19,21,95,1288,2.9493114948272705
calibration,19,24,0,720,3.409139633178711
calibration,19,24,1,3796,3.3489675521850586
calibration,19,24,2,2979,2.9733309745788574
calibration,19,24,3,3195,3.007288932800293
calibration,19,24,4,3348,3.078080177307129
calibration,19,24,5,636,2.916949510574341
calibration,19,24,6,655,3.0016934871673584
calibration,19,24,7,4470,3.1071274280548096
calibration,19,24,8,3767,2.765443801879883
calibration,19,24,9,1123,2.964169502258301
calibration,19,24,10,1907,3.1022040843963623
calibration,19,24,11,4325,3.1553761959075928
calibration,19,24,12,3374,3.2868714332580566
calibration,19,24,13,552,2.6707751750946045
calibration,19,24,14,1983,3.0523483753204346
calibration,19,24,15,279,2.9898359775543213
calibration,19,24,16,3116,3.1421051025390625
calibration,19,24,17,3247,3.443875789642334
calibration,19,24,18,4798,3.1979663372039795
calibration,19,24,19,2782,2.8073630332946777
calibration,19,24,20,2029,3.1059865951538086
calibration,19,24,21,3681,3.052865505218506
calibration,19,24,22,252,2.5505237579345703
calibration,19,24,23,2694,2.950751781463623
calibration,19,24,24,1696,3.4449479579925537
calibration,19,24,25,1,3.3915302753448486
calibration,19,24,26,1432,2.9718775749206543
calibration,19,24,27,3131,3.2293479442596436
calibration,19,24,28,4718,3.400499105453491
calibration,19,24,29,2055,2.8711400032043457
calibration,19,24,30,4817,3.179738998413086
calibration,19,24,31,2110,2.8965842723846436
calibration,19,24,32,4972,2.8530168533325195
calibration,19,24,33,3779,2.446824550628662
calibration,19,24,34,4553,1.8861876726150513
calibration,19,24,35,4505,2.931795358657837
calibration,19,24,36,779,3.0594966411590576
calibration,19,24,37,375,3.2170069217681885
calibration,19,24,38,3175,3.1056478023529053
calibration,19,24,39,1099,2.9708383083343506
calibration,19,24,40,3387,3.656752109527588
calibration,19,24,41,3081,2.230095148086548
calibration,19,24,42,461,2.8035428524017334
calibration,19,24,43,429,3.1992344856262207
calibration,19,24,44,2649,3.219759464263916
calibration,19,24,45,1815,2.9064483642578125
calibration,19,24,46,4318,3.1162314414978027
calibration,19,24,47,226,3.2079288959503174
calibration,19,24,48,4210,2.9318575859069824
calibration,19,24,49,892,2.8311779499053955
calibration,19,24,50,2021,3.068681001663208
calibration,19,24,51,2579,2.658041477203369
calibration,19,24,52,2843,3.0732171535491943
calibration,19,24,53,2661,2.3893027305603027
calibration,19,24,54,426,3.394832134246826
calibration,19,24,55,768,3.5310637950897217
calibration,19,24,56,2163,3.050105094909668
calibration,19,24,57,2378,3.0207700729370117
calibration,19,24,58,1777,3.359675407409668
calibration,19,24,59,2019,2.9403131008148193
calibration,19,24,60,611,2.9459009170532227
calibration,19,24,61,1632,3.18833327293396
calibration,19,24,62,1668,2.628051996231079
calibration,19,24,63,2131,2.734424352645874
calibration,19,24,64,4582,1.2220698595046997
calibration,19,24,65,3185,2.7663075923919678
calibration,19,24,66,3604,2.8176169395446777
calibration,19,24,67,2688,2.9345579147338867
calibration,19,24,68,1024,3.1641452312469482
calibration,19,24,69,3447,3.1906957626342773
calibration,19,24,70,1624,2.8984978199005127
calibration,19,24,71,683,2.4312548637390137
calibration,19,24,72,3712,3.1680586338043213
calibration,19,24,73,4597,2.3547720909118652
calibration,19,24,74,2003,2.9113550186157227
calibration,19,24,75,38,3.0882530212402344
calibration,19,24,76,2557,2.7205324172973633
calibration,19,24,77,648,3.2593164443969727
calibration,19,24,78,2091,2.524155616760254
calibration,19,24,79,2261,3.3324737548828125
calibration,19,24,80,2086,3.2127132415771484
calibration,19,24,81,4297,3.1573994159698486
calibration,19,24,82,3993,2.5701169967651367
calibration,19,24,83,559,2.7612881660461426
calibration,19,24,84,3219,3.340407609939575
calibration,19,24,85,3324,3.131856918334961
calibration,19,24,86,4366,3.1632866859436035
calibration,19,24,87,323,3.2138173580169678
calibration,19,24,88,3151,2.9892845153808594
calibration,19,24,89,2912,2.6926541328430176
calibration,19,24,90,2892,3.2895150184631348
calibration,19,24,91,1031,3.5493075847625732
calibration,19,24,92,2905,2.2500646114349365
calibration,19,24,93,1747,3.1705620288848877
calibration,19,24,94,1426,3.145279884338379
calibration,19,24,95,1288,2.83056378364563
calibration,19,26,0,720,3.3504512310028076
calibration,19,26,1,3796,3.475766897201538
calibration,19,26,2,2979,2.9457669258117676
calibration,19,26,3,3195,3.11444354057312
calibration,19,26,4,3348,3.060962438583374
calibration,19,26,5,636,3.0232670307159424
calibration,19,26,6,655,3.158494472503662
calibration,19,26,7,4470,3.212921619415283
calibration,19,26,8,3767,2.787658452987671
calibration,19,26,9,1123,3.1060163974761963
calibration,19,26,10,1907,3.1687352657318115
calibration,19,26,11,4325,3.1852478981018066
calibration,19,26,12,3374,3.374478578567505
calibration,19,26,13,552,2.7409093379974365
calibration,19,26,14,1983,3.1529815196990967
calibration,19,26,15,279,3.005430221557617
calibration,19,26,16,3116,3.2406516075134277
calibration,19,26,17,3247,3.5070695877075195
calibration,19,26,18,4798,3.267200231552124
calibration,19,26,19,2782,2.743695020675659
calibration,19,26,20,2029,3.2078535556793213
calibration,19,26,21,3681,3.0786032676696777
calibration,19,26,22,252,2.50744366645813
calibration,19,26,23,2694,3.031791925430298
calibration,19,26,24,1696,3.5530128479003906
calibration,19,26,25,1,3.4787211418151855
calibration,19,26,26,1432,3.104767322540283
calibration,19,26,27,3131,3.29343318939209
calibration,19,26,28,4718,3.482625722885132
calibration,19,26,29,2055,2.9737346172332764
calibration,19,26,30,4817,3.189588785171509
calibration,19,26,31,2110,3.024149179458618
calibration,19,26,32,4972,2.955047130584717
calibration,19,26,33,3779,2.518414258956909
calibration,19,26,34,4553,2.0244572162628174
calibration,19,26,35,4505,2.904402017593384
calibration,19,26,36,779,3.0984134674072266
calibration,19,26,37,375,3.2187516689300537
calibration,19,26,38,3175,3.167279005050659
calibration,19,26,39,1099,2.8834409713745117
calibration,19,26,40,3387,3.6513454914093018
calibration,19,26,41,3081,2.304499864578247
calibration,19,26,42,461,2.8266825675964355
calibration,19,26,43,429,3.305673122406006
calibration,19,26,44,2649,3.1724436283111572
calibration,19,26,45,1815,3.0143845081329346
calibration,19,26,46,4318,3.0919628143310547
calibration,19,26,47,226,3.3030142784118652
calibration,19,26,48,4210,2.945239782333374
calibration,19,26,49,892,2.888925075531006
calibration,19,26,50,2021,3.2103445529937744
calibration,19,26,51,2579,2.664700746536255
calibration,19,26,52,2843,3.054938316345215
calibration,19,26,53,2661,2.447373390197754
calibration,19,26,54,426,3.3373396396636963
calibration,19,26,55,768,3.5219621658325195
calibration,19,26,56,2163,3.1055710315704346
calibration,19,26,57,2378,3.061642646789551
calibration,19,26,58,1777,3.4036343097686768
calibration,19,26,59,2019,3.0279734134674072
calibration,19,26,60,611,3.091322660446167
calibration,19,26,61,1632,3.274388313293457
calibration,19,26,62,1668,2.6823530197143555
calibration,19,26,63,2131,2.7425012588500977
calibration,19,26,64,4582,1.290656566619873
calibration,19,26,65,3185,2.7989633083343506
calibration,19,26,66,3604,2.8801350593566895
calibration,19,26,67,2688,3.0443031787872314
calibration,19,26,68,1024,3.1565868854522705
calibration,19,26,69,3447,3.185309886932373
calibration,19,26,70,1624,2.910853147506714
calibration,19,26,71,683,2.4981038570404053
calibration,19,26,72,3712,3.136317014694214
calibration,19,26,73,4597,2.4896457195281982
calibration,19,26,74,2003,3.023118734359741
calibration,19,26,75,38,3.135420322418213
calibration,19,26,76,2557,2.7754154205322266
calibration,19,26,77,648,3.376338243484497
calibration,19,26,78,2091,2.669727325439453
calibration,19,26,79,2261,3.2996180057525635
calibration,19,26,80,2086,3.2843620777130127
calibration,19,26,81,4297,3.173741102218628
calibration,19,26,82,3993,2.6972553730010986
calibration,19,26,83,559,2.8966832160949707
calibration,19,26,84,3219,3.3603787422180176
calibration,19,26,85,3324,3.1991055011749268
calibration,19,26,86,4366,3.153343677520752
calibration,19,26,87,323,3.273287296295166
calibration,19,26,88,3151,2.9928596019744873
calibration,19,26,89,2912,2.7736661434173584
calibration,19,26,90,2892,3.458169937133789
calibration,19,26,91,1031,3.5674047470092773
calibration,19,26,92,2905,2.4047861099243164
calibration,19,26,93,1747,3.2375783920288086
calibration,19,26,94,1426,3.1586484909057617
calibration,19,26,95,1288,2.86421275138855
calibration,21,24,0,720,3.775845766067505
calibration,21,24,1,3796,3.654001474380493
calibration,21,24,2,2979,3.5150444507598877
calibration,21,24,3,3195,3.3068459033966064
calibration,21,24,4,3348,3.4288330078125
calibration,21,24,5,636,3.1882011890411377
calibration,21,24,6,655,3.401414394378662
calibration,21,24,7,4470,3.414691686630249
calibration,21,24,8,3767,3.0009875297546387
calibration,21,24,9,1123,3.2556164264678955
calibration,21,24,10,1907,3.3979666233062744
calibration,21,24,11,4325,3.4633541107177734
calibration,21,24,12,3374,3.5641653537750244
calibration,21,24,13,552,2.9417765140533447
calibration,21,24,14,1983,3.3938231468200684
calibration,21,24,15,279,3.2766337394714355
calibration,21,24,16,3116,3.4200022220611572
calibration,21,24,17,3247,3.763319253921509
calibration,21,24,18,4798,3.566740036010742
calibration,21,24,19,2782,3.1150598526000977
calibration,21,24,20,2029,3.4525139331817627
calibration,21,24,21,3681,3.255098819732666
calibration,21,24,22,252,2.9269232749938965
calibration,21,24,23,2694,3.189954996109009
calibration,21,24,24,1696,3.7252309322357178
calibration,21,24,25,1,3.7437267303466797
calibration,21,24,26,1432,3.109297513961792
calibration,21,24,27,3131,3.543349027633667
calibration,21,24,28,4718,3.6477415561676025
calibration,21,24,29,2055,3.0723984241485596
calibration,21,24,30,4817,3.499037504196167
calibration,21,24,31,2110,3.1608452796936035
calibration,21,24,32,4972,3.1581387519836426
calibration,21,24,33,3779,2.7945566177368164
calibration,21,24,34,4553,2.1449599266052246
calibration,21,24,35,4505,3.2974729537963867
calibration,21,24,36,779,3.4468345642089844
calibration,21,24,37,375,3.5604591369628906
calibration,21,24,38,3175,3.4474499225616455
calibration,21,24,39,1099,3.1793582439422607
calibration,21,24,40,3387,3.891948938369751
calibration,21,24,41,3081,2.466519594192505
calibration,21,24,42,461,3.0444955825805664
calibration,21,24,43,429,3.5053112506866455
calibration,21,24,44,2649,3.5845558643341064
calibration,21,24,45,1815,3.1412618160247803
calibration,21,24,46,4318,3.3556838035583496
calibration,21,24,47,226,3.3736953735351562
calibration,21,24,48,4210,3.42168927192688
calibration,21,24,49,892,3.0892515182495117
calibration,21,24,50,2021,3.39414381980896
calibration,21,24,51,2579,3.0332088470458984
calibration,21,24,52,2843,3.2335140705108643
calibration,21,24,53,2661,2.567366361618042
calibration,21,24,54,426,3.6448962688446045
calibration,21,24,55,768,3.776151180267334
calibration,21,24,56,2163,3.478949785232544
calibration,21,24,57,2378,3.5136399269104004
calibration,21,24,58,1777,3.672426462173462
calibration,21,24,59,2019,3.2227249145507812
calibration,21,24,60,611,3.1917295455932617
calibration,21,24,61,1632,3.598876476287842
calibration,21,24,62,1668,2.8626902103424072
calibration,21,24,63,2131,3.2018496990203857
calibration,21,24,64,4582,1.2508392333984375
calibration,21,24,65,3185,3.110025405883789
calibration,21,24,66,3604,3.0861732959747314
calibration,21,24,67,2688,3.328338146209717
calibration,21,24,68,1024,3.584447145462036
calibration,21,24,69,3447,3.551095485687256
calibration,21,24,70,1624,3.058417320251465
calibration,21,24,71,683,2.8280091285705566
calibration,21,24,72,3712,3.490489959716797
calibration,21,24,73,4597,2.4914588928222656
calibration,21,24,74,2003,3.286017417907715
calibration,21,24,75,38,3.5049071311950684
calibration,21,24,76,2557,2.913196563720703
calibration,21,24,77,648,3.5174829959869385
calibration,21,24,78,2091,2.7689106464385986
calibration,21,24,79,2261,3.5858476161956787
calibration,21,24,80,2086,3.4201431274414062
calibration,21,24,81,4297,3.43452787399292
calibration,21,24,82,3993,2.8791089057922363
calibration,21,24,83,559,3.2175848484039307
calibration,21,24,84,3219,3.6828062534332275
calibration,21,24,85,3324,3.6314938068389893
calibration,21,24,86,4366,3.5946223735809326
calibration,21,24,87,323,3.5344812870025635
calibration,21,24,88,3151,3.2085342407226562
calibration,21,24,89,2912,3.1168935298919678
calibration,21,24,90,2892,3.6031413078308105
calibration,21,24,91,1031,3.8851845264434814
calibration,21,24,92,2905,2.607754707336426
calibration,21,24,93,1747,3.439713478088379
calibration,21,24,94,1426,3.385033130645752
calibration,21,24,95,1288,3.1837942600250244
calibration,21,26,0,720,3.7289881706237793
calibration,21,26,1,3796,3.7271974086761475
calibration,21,26,2,2979,3.2604012489318848
calibration,21,26,3,3195,3.3955745697021484
calibration,21,26,4,3348,3.471566915512085
calibration,21,26,5,636,3.324141502380371
calibration,21,26,6,655,3.458129405975342
calibration,21,26,7,4470,3.6756136417388916
calibration,21,26,8,3767,3.1016383171081543
calibration,21,26,9,1123,3.431199073791504
calibration,21,26,10,1907,3.4589462280273438
calibration,21,26,11,4325,3.5189313888549805
calibration,21,26,12,3374,3.658799409866333
calibration,21,26,13,552,2.994306802749634
calibration,21,26,14,1983,3.4290616512298584
calibration,21,26,15,279,3.2634212970733643
calibration,21,26,16,3116,3.6020569801330566
calibration,21,26,17,3247,3.980316400527954
calibration,21,26,18,4798,3.6852428913116455
calibration,21,26,19,2782,3.1139931678771973
calibration,21,26,20,2029,3.5425503253936768
calibration,21,26,21,3681,3.3871514797210693
calibration,21,26,22,252,2.949521541595459
calibration,21,26,23,2694,3.3921680450439453
calibration,21,26,24,1696,4.042112827301025
calibration,21,26,25,1,3.9842989444732666
calibration,21,26,26,1432,3.3341329097747803
calibration,21,26,27,3131,3.5706427097320557
calibration,21,26,28,4718,3.913353443145752
calibration,21,26,29,2055,3.243178129196167
calibration,21,26,30,4817,3.557563543319702
calibration,21,26,31,2110,3.315439462661743
calibration,21,26,32,4972,3.28389835357666
calibration,21,26,33,3779,2.733065366744995
calibration,21,26,34,4553,2.264488935470581
calibration,21,26,35,4505,3.3443284034729004
calibration,21,26,36,779,3.4299533367156982
calibration,21,26,37,375,3.7137491703033447
calibration,21,26,38,3175,3.535672664642334
calibration,21,26,39,1099,3.2111849784851074
calibration,21,26,40,3387,4.060240745544434
calibration,21,26,41,3081,2.6334941387176514
calibration,21,26,42,461,3.178387403488159
calibration,21,26,43,429,3.693493604660034
calibration,21,26,44,2649,3.6140329837799072
calibration,21,26,45,1815,3.257436752319336
calibration,21,26,46,4318,3.4576690196990967
calibration,21,26,47,226,3.62320613861084
calibration,21,26,48,4210,3.477604389190674
calibration,21,26,49,892,3.1147360801696777
calibration,21,26,50,2021,3.6246283054351807
calibration,21,26,51,2579,2.87734055519104
calibration,21,26,52,2843,3.2776987552642822
calibration,21,26,53,2661,2.6042680740356445
calibration,21,26,54,426,3.6944422721862793
calibration,21,26,55,768,3.93479585647583
calibration,21,26,56,2163,3.6068427562713623
calibration,21,26,57,2378,3.5604777336120605
calibration,21,26,58,1777,3.7154500484466553
calibration,21,26,59,2019,3.4452602863311768
calibration,21,26,60,611,3.5364246368408203
calibration,21,26,61,1632,3.774101972579956
calibration,21,26,62,1668,3.0208475589752197
calibration,21,26,63,2131,3.2149133682250977
calibration,21,26,64,4582,1.2953094244003296
calibration,21,26,65,3185,3.129870891571045
calibration,21,26,66,3604,3.1553473472595215
calibration,21,26,67,2688,3.282280921936035
calibration,21,26,68,1024,3.7539596557617188
calibration,21,26,69,3447,3.404163122177124
calibration,21,26,70,1624,3.064436197280884
calibration,21,26,71,683,2.9604947566986084
calibration,21,26,72,3712,3.5717356204986572
calibration,21,26,73,4597,2.681013584136963
calibration,21,26,74,2003,3.365269899368286
calibration,21,26,75,38,3.55509352684021
calibration,21,26,76,2557,3.018033981323242
calibration,21,26,77,648,3.602848529815674
calibration,21,26,78,2091,2.960972785949707
calibration,21,26,79,2261,3.6232757568359375
calibration,21,26,80,2086,3.548772096633911
calibration,21,26,81,4297,3.4536027908325195
calibration,21,26,82,3993,3.0003933906555176
calibration,21,26,83,559,3.323861837387085
calibration,21,26,84,3219,3.8065025806427
calibration,21,26,85,3324,3.7118117809295654
calibration,21,26,86,4366,3.5076687335968018
calibration,21,26,87,323,3.706467390060425
calibration,21,26,88,3151,3.3009872436523438
calibration,21,26,89,2912,3.1435422897338867
calibration,21,26,90,2892,3.887061834335327
calibration,21,26,91,1031,3.925727605819702
calibration,21,26,92,2905,2.5624825954437256
calibration,21,26,93,1747,3.517578125
calibration,21,26,94,1426,3.5094025135040283
calibration,21,26,95,1288,3.1913928985595703
calibration,24,26,0,720,4.017502784729004
calibration,24,26,1,3796,3.9009413719177246
calibration,24,26,2,2979,3.50754714012146
calibration,24,26,3,3195,3.5306079387664795
calibration,24,26,4,3348,3.4765889644622803
calibration,24,26,5,636,3.465712785720825
calibration,24,26,6,655,3.706498146057129
calibration,24,26,7,4470,3.8343937397003174
calibration,24,26,8,3767,3.3567850589752197
calibration,24,26,9,1123,3.66953444480896
calibration,24,26,10,1907,3.6017324924468994
calibration,24,26,11,4325,3.6285202503204346
calibration,24,26,12,3374,3.7879133224487305
calibration,24,26,13,552,3.2339320182800293
calibration,24,26,14,1983,3.4414870738983154
calibration,24,26,15,279,3.3724801540374756
calibration,24,26,16,3116,3.80934739112854
calibration,24,26,17,3247,4.133922100067139
calibration,24,26,18,4798,3.6948957443237305
calibration,24,26,19,2782,3.37833571434021
calibration,24,26,20,2029,3.6514248847961426
calibration,24,26,21,3681,3.473714828491211
calibration,24,26,22,252,3.2824578285217285
calibration,24,26,23,2694,3.560297966003418
calibration,24,26,24,1696,4.086785316467285
calibration,24,26,25,1,4.16295862197876
calibration,24,26,26,1432,3.443683385848999
calibration,24,26,27,3131,3.6777312755584717
calibration,24,26,28,4718,4.073324680328369
calibration,24,26,29,2055,3.4138078689575195
calibration,24,26,30,4817,3.67403507232666
calibration,24,26,31,2110,3.3990700244903564
calibration,24,26,32,4972,3.2010319232940674
calibration,24,26,33,3779,2.772820234298706
calibration,24,26,34,4553,2.4278998374938965
calibration,24,26,35,4505,3.389092206954956
calibration,24,26,36,779,3.5591325759887695
calibration,24,26,37,375,3.9902279376983643
calibration,24,26,38,3175,3.6753790378570557
calibration,24,26,39,1099,3.492736339569092
calibration,24,26,40,3387,4.202557563781738
calibration,24,26,41,3081,2.6244688034057617
calibration,24,26,42,461,3.334780216217041
calibration,24,26,43,429,3.7982888221740723
calibration,24,26,44,2649,3.8333685398101807
calibration,24,26,45,1815,3.49784517288208
calibration,24,26,46,4318,3.5836493968963623
calibration,24,26,47,226,3.8189260959625244
calibration,24,26,48,4210,3.536243438720703
calibration,24,26,49,892,3.2439422607421875
calibration,24,26,50,2021,3.645836591720581
calibration,24,26,51,2579,2.982330322265625
calibration,24,26,52,2843,3.442978858947754
calibration,24,26,53,2661,2.7722601890563965
calibration,24,26,54,426,3.958056688308716
calibration,24,26,55,768,4.166212558746338
calibration,24,26,56,2163,3.6599249839782715
calibration,24,26,57,2378,3.7189295291900635
calibration,24,26,58,1777,3.7861216068267822
calibration,24,26,59,2019,3.478384256362915
calibration,24,26,60,611,3.6317477226257324
calibration,24,26,61,1632,3.7387800216674805
calibration,24,26,62,1668,3.122798442840576
calibration,24,26,63,2131,3.1977572441101074
calibration,24,26,64,4582,1.4350366592407227
calibration,24,26,65,3185,3.1073222160339355
calibration,24,26,66,3604,3.3431198596954346
calibration,24,26,67,2688,3.2462122440338135
calibration,24,26,68,1024,3.886843204498291
calibration,24,26,69,3447,3.583914041519165
calibration,24,26,70,1624,3.0096662044525146
calibration,24,26,71,683,2.986128568649292
calibration,24,26,72,3712,3.7068257331848145
calibration,24,26,73,4597,2.8808670043945312
calibration,24,26,74,2003,3.4917287826538086
calibration,24,26,75,38,3.60638165473938
calibration,24,26,76,2557,3.3070571422576904
calibration,24,26,77,648,3.7270092964172363
calibration,24,26,78,2091,3.156599998474121
calibration,24,26,79,2261,3.7591373920440674
calibration,24,26,80,2086,3.8326773643493652
calibration,24,26,81,4297,3.673096179962158
calibration,24,26,82,3993,3.2143869400024414
calibration,24,26,83,559,3.4972336292266846
calibration,24,26,84,3219,4.040345668792725
calibration,24,26,85,3324,3.932770013809204
calibration,24,26,86,4366,3.5206146240234375
calibration,24,26,87,323,3.8476035594940186
calibration,24,26,88,3151,3.4730916023254395
calibration,24,26,89,2912,3.2614123821258545
calibration,24,26,90,2892,3.7885732650756836
calibration,24,26,91,1031,4.044485092163086
calibration,24,26,92,2905,2.620546340942383
calibration,24,26,93,1747,3.725625991821289
calibration,24,26,94,1426,3.739729642868042
calibration,24,26,95,1288,3.344310998916626
validation,,,0,121,2.456289768218994
validation,,,1,414,2.0774402618408203
validation,,,2,134,2.4490303993225098
validation,,,3,21,2.244316339492798
validation,,,4,498,2.1161410808563232
validation,,,5,323,2.901395082473755
validation,,,6,63,1.9883044958114624
validation,,,7,108,2.1351213455200195
validation,,,8,237,2.308367967605591
validation,,,9,412,2.4520061016082764
validation,,,10,42,2.293055534362793
validation,,,11,305,2.5607481002807617
validation,,,12,496,2.633495807647705
validation,,,13,208,2.407156467437744
validation,,,14,329,2.2697982788085938
validation,,,15,104,2.392261266708374
validation,,,16,383,2.517512083053589
validation,,,17,396,2.369814872741699
validation,,,18,375,2.8635761737823486
validation,,,19,222,2.218942165374756
validation,,,20,224,2.8955671787261963
validation,,,21,159,2.6725494861602783
validation,,,22,523,2.630305290222168
validation,,,23,229,2.8533871173858643
validation,,,24,440,2.8453962802886963
validation,,,25,378,2.4212489128112793
validation,,,26,35,2.9469454288482666
validation,,,27,157,2.5895543098449707
validation,,,28,484,2.4478225708007812
validation,,,29,315,2.779171943664551
validation,,,30,361,2.670868396759033
validation,,,31,499,2.887868881225586
validation,,,32,418,2.5231199264526367
validation,,,33,336,2.6890857219696045
validation,,,34,386,2.613065719604492
validation,,,35,430,2.534196138381958
validation,,,36,359,2.2073307037353516
validation,,,37,172,2.7126851081848145
validation,,,38,495,2.8324339389801025
validation,,,39,287,2.61661696434021
validation,,,40,31,2.2651519775390625
validation,,,41,343,2.570305824279785
validation,,,42,508,2.7336831092834473
validation,,,43,15,2.3747966289520264
validation,,,44,228,2.6368463039398193
validation,,,45,2,2.2246878147125244
validation,,,46,241,2.3292906284332275
validation,,,47,318,2.689760208129883
validation,,,48,255,2.375852108001709
validation,,,49,184,2.5153255462646484
validation,,,50,46,2.5434203147888184
validation,,,51,51,2.747288227081299
validation,,,52,407,2.455111503601074
validation,,,53,268,1.9517645835876465
validation,,,54,479,2.657087564468384
validation,,,55,385,2.435727834701538
validation,,,56,213,1.9766788482666016
validation,,,57,20,2.4722542762756348
validation,,,58,175,3.0007758140563965
validation,,,59,326,2.6327311992645264
validation,,,60,141,2.56532883644104
validation,,,61,517,3.042924404144287
validation,,,62,59,2.740830659866333
validation,,,63,240,2.375645637512207
validation,1,,0,121,4.516393184661865
validation,1,,1,414,5.521965026855469
validation,1,,2,134,4.146241188049316
validation,1,,3,21,5.492298126220703
validation,1,,4,498,5.063505172729492
validation,1,,5,323,7.320125102996826
validation,1,,6,63,5.233370304107666
validation,1,,7,108,4.1735615730285645
validation,1,,8,237,8.39871883392334
validation,1,,9,412,5.689342975616455
validation,1,,10,42,4.309863090515137
validation,1,,11,305,4.6977386474609375
validation,1,,12,496,4.753954887390137
validation,1,,13,208,5.265509128570557
validation,1,,14,329,3.5409605503082275
validation,1,,15,104,9.797636985778809
validation,1,,16,383,9.317205429077148
validation,1,,17,396,5.408731460571289
validation,1,,18,375,6.20930814743042
validation,1,,19,222,10.402827262878418
validation,1,,20,224,4.820971965789795
validation,1,,21,159,6.615752220153809
validation,1,,22,523,4.8212971687316895
validation,1,,23,229,8.522734642028809
validation,1,,24,440,4.785182952880859
validation,1,,25,378,4.773056507110596
validation,1,,26,35,5.000368595123291
validation,1,,27,157,4.190457344055176
validation,1,,28,484,3.826457977294922
validation,1,,29,315,8.025961875915527
validation,1,,30,361,4.855473518371582
validation,1,,31,499,6.7229790687561035
validation,1,,32,418,6.290219783782959
validation,1,,33,336,10.494696617126465
validation,1,,34,386,5.287979602813721
validation,1,,35,430,4.011436462402344
validation,1,,36,359,3.623464822769165
validation,1,,37,172,5.882556438446045
validation,1,,38,495,4.336727619171143
validation,1,,39,287,6.271554470062256
validation,1,,40,31,5.618894577026367
validation,1,,41,343,4.387679100036621
validation,1,,42,508,6.619462966918945
validation,1,,43,15,4.992475509643555
validation,1,,44,228,4.160789489746094
validation,1,,45,2,4.969444274902344
validation,1,,46,241,5.070466995239258
validation,1,,47,318,6.414419651031494
validation,1,,48,255,4.204028129577637
validation,1,,49,184,4.177402019500732
validation,1,,50,46,5.4870429039001465
validation,1,,51,51,9.450362205505371
validation,1,,52,407,5.0625810623168945
validation,1,,53,268,3.3870272636413574
validation,1,,54,479,5.000957489013672
validation,1,,55,385,6.2089080810546875
validation,1,,56,213,3.3857691287994385
validation,1,,57,20,6.4698052406311035
validation,1,,58,175,7.479100227355957
validation,1,,59,326,4.22813606262207
validation,1,,60,141,4.209588050842285
validation,1,,61,517,8.438773155212402
validation,1,,62,59,4.243597984313965
validation,1,,63,240,4.1725006103515625
validation,3,,0,121,2.5874760150909424
validation,3,,1,414,2.309811592102051
validation,3,,2,134,2.6169705390930176
validation,3,,3,21,2.4288058280944824
validation,3,,4,498,2.2318758964538574
validation,3,,5,323,3.0784225463867188
validation,3,,6,63,2.1262001991271973
validation,3,,7,108,2.31520414352417
validation,3,,8,237,2.5637593269348145
validation,3,,9,412,2.6201608180999756
validation,3,,10,42,2.4626333713531494
validation,3,,11,305,2.721261978149414
validation,3,,12,496,2.7885804176330566
validation,3,,13,208,2.555178642272949
validation,3,,14,329,2.371260404586792
validation,3,,15,104,2.5417327880859375
validation,3,,16,383,2.692532539367676
validation,3,,17,396,2.523820400238037
validation,3,,18,375,2.935662269592285
validation,3,,19,222,2.3806889057159424
validation,3,,20,224,2.983567953109741
validation,3,,21,159,2.9041783809661865
validation,3,,22,523,2.7992284297943115
validation,3,,23,229,3.017077922821045
validation,3,,24,440,2.947093963623047
validation,3,,25,378,2.6551661491394043
validation,3,,26,35,3.069969415664673
validation,3,,27,157,2.7626900672912598
validation,3,,28,484,2.5107622146606445
validation,3,,29,315,2.918278694152832
validation,3,,30,361,2.8429789543151855
validation,3,,31,499,2.9851768016815186
validation,3,,32,418,2.6668412685394287
validation,3,,33,336,2.843830108642578
validation,3,,34,386,2.767928123474121
validation,3,,35,430,2.6396682262420654
validation,3,,36,359,2.3646597862243652
validation,3,,37,172,2.878483295440674
validation,3,,38,495,2.959487199783325
validation,3,,39,287,2.7798495292663574
validation,3,,40,31,2.4100992679595947
validation,3,,41,343,2.7255680561065674
validation,3,,42,508,2.826671600341797
validation,3,,43,15,2.4691073894500732
validation,3,,44,228,2.802578926086426
validation,3,,45,2,2.3619186878204346
validation,3,,46,241,2.7518529891967773
validation,3,,47,318,2.8199574947357178
validation,3,,48,255,2.485464334487915
validation,3,,49,184,2.587311029434204
validation,3,,50,46,2.702721357345581
validation,3,,51,51,2.8650317192077637
validation,3,,52,407,2.5991883277893066
validation,3,,53,268,2.069404363632202
validation,3,,54,479,2.8113839626312256
validation,3,,55,385,2.6107864379882812
validation,3,,56,213,2.1674933433532715
validation,3,,57,20,2.634107828140259
validation,3,,58,175,3.15175199508667
validation,3,,59,326,2.740273952484131
validation,3,,60,141,2.7258496284484863
validation,3,,61,517,3.3209593296051025
validation,3,,62,59,2.8870761394500732
validation,3,,63,240,2.5702857971191406
validation,6,,0,121,2.5505757331848145
validation,6,,1,414,2.2217977046966553
validation,6,,2,134,2.509368419647217
validation,6,,3,21,2.339554786682129
validation,6,,4,498,2.365752696990967
validation,6,,5,323,2.993075132369995
validation,6,,6,63,2.1325268745422363
validation,6,,7,108,2.253070116043091
validation,6,,8,237,2.4178874492645264
validation,6,,9,412,2.550001859664917
validation,6,,10,42,2.3931806087493896
validation,6,,11,305,2.6511244773864746
validation,6,,12,496,2.7213594913482666
validation,6,,13,208,2.5471537113189697
validation,6,,14,329,2.2964890003204346
validation,6,,15,104,2.5079898834228516
validation,6,,16,383,2.620310068130493
validation,6,,17,396,2.5363094806671143
validation,6,,18,375,2.9561195373535156
validation,6,,19,222,2.3310317993164062
validation,6,,20,224,2.9757468700408936
validation,6,,21,159,2.8559117317199707
validation,6,,22,523,2.6957526206970215
validation,6,,23,229,2.9804859161376953
validation,6,,24,440,2.95426869392395
validation,6,,25,378,2.5775485038757324
validation,6,,26,35,3.0517091751098633
validation,6,,27,157,2.6744301319122314
validation,6,,28,484,2.542966365814209
validation,6,,29,315,2.888485908508301
validation,6,,30,361,2.826251745223999
validation,6,,31,499,3.0222549438476562
validation,6,,32,418,2.6559979915618896
validation,6,,33,336,2.784071207046509
validation,6,,34,386,2.712151288986206
validation,6,,35,430,2.607363224029541
validation,6,,36,359,2.2296924591064453
validation,6,,37,172,2.8449959754943848
validation,6,,38,495,2.9501092433929443
validation,6,,39,287,2.6861743927001953
validation,6,,40,31,2.399101972579956
validation,6,,41,343,2.676016330718994
validation,6,,42,508,2.7614307403564453
validation,6,,43,15,2.448896884918213
validation,6,,44,228,2.7294809818267822
validation,6,,45,2,2.3057668209075928
validation,6,,46,241,2.5164217948913574
validation,6,,47,318,2.788445472717285
validation,6,,48,255,2.4723756313323975
validation,6,,49,184,2.615189552307129
validation,6,,50,46,2.6583564281463623
validation,6,,51,51,2.8216047286987305
validation,6,,52,407,2.598170280456543
validation,6,,53,268,2.0065865516662598
validation,6,,54,479,2.7614128589630127
validation,6,,55,385,2.534698247909546
validation,6,,56,213,2.0424275398254395
validation,6,,57,20,2.555321455001831
validation,6,,58,175,3.09320330619812
validation,6,,59,326,2.7054033279418945
validation,6,,60,141,2.6957855224609375
validation,6,,61,517,3.1478614807128906
validation,6,,62,59,2.879312038421631
validation,6,,63,240,2.481844186782837
validation,8,,0,121,2.554309129714966
validation,8,,1,414,2.2405905723571777
validation,8,,2,134,2.569032907485962
validation,8,,3,21,2.375546932220459
validation,8,,4,498,2.2828752994537354
validation,8,,5,323,3.0321033000946045
validation,8,,6,63,2.1037368774414062
validation,8,,7,108,2.3241870403289795
validation,8,,8,237,2.486987829208374
validation,8,,9,412,2.56392502784729
validation,8,,10,42,2.3820815086364746
validation,8,,11,305,2.675703763961792
validation,8,,12,496,2.7397990226745605
validation,8,,13,208,2.5170745849609375
validation,8,,14,329,2.3860220909118652
validation,8,,15,104,2.4707911014556885
validation,8,,16,383,2.6255571842193604
validation,8,,17,396,2.5467991828918457
validation,8,,18,375,2.9712204933166504
validation,8,,19,222,2.3459739685058594
validation,8,,20,224,3.0296130180358887
validation,8,,21,159,2.9206290245056152
validation,8,,22,523,2.7533226013183594
validation,8,,23,229,2.963698625564575
validation,8,,24,440,3.000615358352661
validation,8,,25,378,2.575042486190796
validation,8,,26,35,3.1155624389648438
validation,8,,27,157,2.7057044506073
validation,8,,28,484,2.6395390033721924
validation,8,,29,315,2.900559902191162
validation,8,,30,361,2.8757858276367188
validation,8,,31,499,2.997636079788208
validation,8,,32,418,2.6796927452087402
validation,8,,33,336,2.8896901607513428
validation,8,,34,386,2.758267402648926
validation,8,,35,430,2.699730157852173
validation,8,,36,359,2.3344736099243164
validation,8,,37,172,2.9058501720428467
validation,8,,38,495,3.003729820251465
validation,8,,39,287,2.679647207260132
validation,8,,40,31,2.360809326171875
validation,8,,41,343,2.7178049087524414
validation,8,,42,508,2.7775983810424805
validation,8,,43,15,2.472475528717041
validation,8,,44,228,2.7099876403808594
validation,8,,45,2,2.377577781677246
validation,8,,46,241,2.4903249740600586
validation,8,,47,318,2.8336968421936035
validation,8,,48,255,2.525019407272339
validation,8,,49,184,2.6236977577209473
validation,8,,50,46,2.724189281463623
validation,8,,51,51,2.9067001342773438
validation,8,,52,407,2.5590806007385254
validation,8,,53,268,2.0504984855651855
validation,8,,54,479,2.8520684242248535
validation,8,,55,385,2.530818462371826
validation,8,,56,213,2.0892765522003174
validation,8,,57,20,2.632368803024292
validation,8,,58,175,3.187432050704956
validation,8,,59,326,2.746830940246582
validation,8,,60,141,2.7347264289855957
validation,8,,61,517,3.2291505336761475
validation,8,,62,59,2.937990665435791
validation,8,,63,240,2.552311897277832
validation,10,,0,121,2.568744421005249
validation,10,,1,414,2.1603922843933105
validation,10,,2,134,2.4764935970306396
validation,10,,3,21,2.340705633163452
validation,10,,4,498,2.2276861667633057
validation,10,,5,323,3.007326602935791
validation,10,,6,63,2.0871284008026123
validation,10,,7,108,2.211127996444702
validation,10,,8,237,2.3912265300750732
validation,10,,9,412,2.4932031631469727
validation,10,,10,42,2.374175548553467
validation,10,,11,305,2.6196389198303223
validation,10,,12,496,2.7252004146575928
validation,10,,13,208,2.479936122894287
validation,10,,14,329,2.3354060649871826
validation,10,,15,104,2.4477553367614746
validation,10,,16,383,2.544010877609253
validation,10,,17,396,2.462744951248169
validation,10,,18,375,2.903162956237793
validation,10,,19,222,2.2934823036193848
validation,10,,20,224,2.944288730621338
validation,10,,21,159,2.7615907192230225
validation,10,,22,523,2.698106527328491
validation,10,,23,229,2.976607322692871
validation,10,,24,440,2.909569263458252
validation,10,,25,378,2.536320924758911
validation,10,,26,35,3.0500359535217285
validation,10,,27,157,2.6419053077697754
validation,10,,28,484,2.545793294906616
validation,10,,29,315,2.860053539276123
validation,10,,30,361,2.732553720474243
validation,10,,31,499,2.9594953060150146
validation,10,,32,418,2.6091537475585938
validation,10,,33,336,2.771389961242676
validation,10,,34,386,2.6980011463165283
validation,10,,35,430,2.5772790908813477
validation,10,,36,359,2.286309003829956
validation,10,,37,172,2.828608512878418
validation,10,,38,495,2.922361373901367
validation,10,,39,287,2.6645450592041016
validation,10,,40,31,2.331447124481201
validation,10,,41,343,2.6226096153259277
validation,10,,42,508,2.7985281944274902
validation,10,,43,15,2.4325602054595947
validation,10,,44,228,2.6898553371429443
validation,10,,45,2,2.268850803375244
validation,10,,46,241,2.4582736492156982
validation,10,,47,318,2.7953600883483887
validation,10,,48,255,2.4726433753967285
validation,10,,49,184,2.583904266357422
validation,10,,50,46,2.658992290496826
validation,10,,51,51,2.78536319732666
validation,10,,52,407,2.4838225841522217
validation,10,,53,268,2.017760753631592
validation,10,,54,479,2.792569160461426
validation,10,,55,385,2.5027248859405518
validation,10,,56,213,2.0719492435455322
validation,10,,57,20,2.488272190093994
validation,10,,58,175,3.056020498275757
validation,10,,59,326,2.677926778793335
validation,10,,60,141,2.624300718307495
validation,10,,61,517,3.130995035171509
validation,10,,62,59,2.7978453636169434
validation,10,,63,240,2.458890199661255
validation,12,,0,121,2.5173683166503906
validation,12,,1,414,2.1882381439208984
validation,12,,2,134,2.488227128982544
validation,12,,3,21,2.287665843963623
validation,12,,4,498,2.1755833625793457
validation,12,,5,323,3.0019547939300537
validation,12,,6,63,2.0440616607666016
validation,12,,7,108,2.207890748977661
validation,12,,8,237,2.3836724758148193
validation,12,,9,412,2.497523069381714
validation,12,,10,42,2.309387683868408
validation,12,,11,305,2.605933904647827
validation,12,,12,496,2.687864065170288
validation,12,,13,208,2.4630610942840576
validation,12,,14,329,2.303231954574585
validation,12,,15,104,2.4438836574554443
validation,12,,16,383,2.590977668762207
validation,12,,17,396,2.49088454246521
validation,12,,18,375,2.916729211807251
validation,12,,19,222,2.289095878601074
validation,12,,20,224,2.943303346633911
validation,12,,21,159,2.7444956302642822
validation,12,,22,523,2.6651175022125244
validation,12,,23,229,2.9248640537261963
validation,12,,24,440,2.9295785427093506
validation,12,,25,378,2.5114946365356445
validation,12,,26,35,3.0455892086029053
validation,12,,27,157,2.6597373485565186
validation,12,,28,484,2.5324394702911377
validation,12,,29,315,2.791811227798462
validation,12,,30,361,2.740516185760498
validation,12,,31,499,2.942542314529419
validation,12,,32,418,2.618489980697632
validation,12,,33,336,2.7389025688171387
validation,12,,34,386,2.6500766277313232
validation,12,,35,430,2.5993762016296387
validation,12,,36,359,2.2555058002471924
validation,12,,37,172,2.806960344314575
validation,12,,38,495,2.901697874069214
validation,12,,39,287,2.6854333877563477
validation,12,,40,31,2.306212902069092
validation,12,,41,343,2.6373238563537598
validation,12,,42,508,2.7362565994262695
validation,12,,43,15,2.4305522441864014
validation,12,,44,228,2.6900458335876465
validation,12,,45,2,2.302988052368164
validation,12,,46,241,2.437046766281128
validation,12,,47,318,2.758779525756836
validation,12,,48,255,2.440737247467041
validation,12,,49,184,2.5900380611419678
validation,12,,50,46,2.6306073665618896
validation,12,,51,51,2.8035433292388916
validation,12,,52,407,2.4589128494262695
validation,12,,53,268,2.069032907485962
validation,12,,54,479,2.7308051586151123
validation,12,,55,385,2.4642231464385986
validation,12,,56,213,2.0228116512298584
validation,12,,57,20,2.524289846420288
validation,12,,58,175,3.067595958709717
validation,12,,59,326,2.6794867515563965
validation,12,,60,141,2.644059658050537
validation,12,,61,517,3.127652645111084
validation,12,,62,59,2.8100662231445312
validation,12,,63,240,2.4205219745635986
validation,15,,0,121,2.574735641479492
validation,15,,1,414,2.1687612533569336
validation,15,,2,134,2.498370885848999
validation,15,,3,21,2.319868803024292
validation,15,,4,498,2.224609136581421
validation,15,,5,323,3.0208871364593506
validation,15,,6,63,2.0674962997436523
validation,15,,7,108,2.2507925033569336
validation,15,,8,237,2.382336378097534
validation,15,,9,412,2.4998011589050293
validation,15,,10,42,2.3381762504577637
validation,15,,11,305,2.569071054458618
validation,15,,12,496,2.722980260848999
validation,15,,13,208,2.4749503135681152
validation,15,,14,329,2.318608045578003
validation,15,,15,104,2.4440481662750244
validation,15,,16,383,2.562401533126831
validation,15,,17,396,2.4616317749023438
validation,15,,18,375,2.925196409225464
validation,15,,19,222,2.269014596939087
validation,15,,20,224,2.9491777420043945
validation,15,,21,159,2.7391717433929443
validation,15,,22,523,2.756547689437866
validation,15,,23,229,2.9597647190093994
validation,15,,24,440,2.9094510078430176
validation,15,,25,378,2.4796602725982666
validation,15,,26,35,3.046025276184082
validation,15,,27,157,2.656778573989868
validation,15,,28,484,2.5332729816436768
validation,15,,29,315,2.824643850326538
validation,15,,30,361,2.7492542266845703
validation,15,,31,499,3.003296375274658
validation,15,,32,418,2.5934808254241943
validation,15,,33,336,2.7264955043792725
validation,15,,34,386,2.658883810043335
validation,15,,35,430,2.6289734840393066
validation,15,,36,359,2.2607603073120117
validation,15,,37,172,2.837467908859253
validation,15,,38,495,2.9312803745269775
validation,15,,39,287,2.6953978538513184
validation,15,,40,31,2.338785409927368
validation,15,,41,343,2.6314542293548584
validation,15,,42,508,2.791696548461914
validation,15,,43,15,2.414607524871826
validation,15,,44,228,2.730847120285034
validation,15,,45,2,2.311936140060425
validation,15,,46,241,2.4488959312438965
validation,15,,47,318,2.7356960773468018
validation,15,,48,255,2.4691274166107178
validation,15,,49,184,2.5839662551879883
validation,15,,50,46,2.6082053184509277
validation,15,,51,51,2.7883896827697754
validation,15,,52,407,2.482722282409668
validation,15,,53,268,2.0021493434906006
validation,15,,54,479,2.7718241214752197
validation,15,,55,385,2.499021053314209
validation,15,,56,213,2.0431973934173584
validation,15,,57,20,2.518080949783325
validation,15,,58,175,3.055981397628784
validation,15,,59,326,2.7057619094848633
validation,15,,60,141,2.662402629852295
validation,15,,61,517,3.166749954223633
validation,15,,62,59,2.8240532875061035
validation,15,,63,240,2.425314426422119
validation,17,,0,121,2.6070711612701416
validation,17,,1,414,2.2307400703430176
validation,17,,2,134,2.57584810256958
validation,17,,3,21,2.315026044845581
validation,17,,4,498,2.269432544708252
validation,17,,5,323,3.03297758102417
validation,17,,6,63,2.089209794998169
validation,17,,7,108,2.2622227668762207
validation,17,,8,237,2.465877056121826
validation,17,,9,412,2.5511834621429443
validation,17,,10,42,2.3779263496398926
validation,17,,11,305,2.660571336746216
validation,17,,12,496,2.7378549575805664
validation,17,,13,208,2.4823906421661377
validation,17,,14,329,2.335582971572876
validation,17,,15,104,2.5050594806671143
validation,17,,16,383,2.592952251434326
validation,17,,17,396,2.518551826477051
validation,17,,18,375,2.9583191871643066
validation,17,,19,222,2.326634645462036
validation,17,,20,224,2.9903576374053955
validation,17,,21,159,2.8390567302703857
validation,17,,22,523,2.733124256134033
validation,17,,23,229,2.9622466564178467
validation,17,,24,440,2.8998618125915527
validation,17,,25,378,2.553680419921875
validation,17,,26,35,3.071136713027954
validation,17,,27,157,2.6407885551452637
validation,17,,28,484,2.579883098602295
validation,17,,29,315,2.883122682571411
validation,17,,30,361,2.7873456478118896
validation,17,,31,499,2.9904415607452393
validation,17,,32,418,2.6573002338409424
validation,17,,33,336,2.733058452606201
validation,17,,34,386,2.65535044670105
validation,17,,35,430,2.640958547592163
validation,17,,36,359,2.2927825450897217
validation,17,,37,172,2.8499064445495605
validation,17,,38,495,2.9708220958709717
validation,17,,39,287,2.7441444396972656
validation,17,,40,31,2.4021449089050293
validation,17,,41,343,2.663327217102051
validation,17,,42,508,2.8640661239624023
validation,17,,43,15,2.460578203201294
validation,17,,44,228,2.7838802337646484
validation,17,,45,2,2.339209794998169
validation,17,,46,241,2.469071626663208
validation,17,,47,318,2.813554286956787
validation,17,,48,255,2.468886137008667
validation,17,,49,184,2.6194405555725098
validation,17,,50,46,2.643064498901367
validation,17,,51,51,2.8344874382019043
validation,17,,52,407,2.5631227493286133
validation,17,,53,268,2.0478293895721436
validation,17,,54,479,2.785353660583496
validation,17,,55,385,2.525639533996582
validation,17,,56,213,2.1074061393737793
validation,17,,57,20,2.5416905879974365
validation,17,,58,175,3.089163303375244
validation,17,,59,326,2.7457449436187744
validation,17,,60,141,2.657777786254883
validation,17,,61,517,3.1696553230285645
validation,17,,62,59,2.8303585052490234
validation,17,,63,240,2.468731164932251
validation,19,,0,121,2.618346929550171
validation,19,,1,414,2.267404794692993
validation,19,,2,134,2.573105812072754
validation,19,,3,21,2.3468196392059326
validation,19,,4,498,2.3353850841522217
validation,19,,5,323,3.1299712657928467
validation,19,,6,63,2.150186538696289
validation,19,,7,108,2.3672738075256348
validation,19,,8,237,2.501614809036255
validation,19,,9,412,2.5737414360046387
validation,19,,10,42,2.4626407623291016
validation,19,,11,305,2.7104740142822266
validation,19,,12,496,2.8206028938293457
validation,19,,13,208,2.538886785507202
validation,19,,14,329,2.3881115913391113
validation,19,,15,104,2.50386643409729
validation,19,,16,383,2.6398825645446777
validation,19,,17,396,2.5554468631744385
validation,19,,18,375,3.0593390464782715
validation,19,,19,222,2.385006904602051
validation,19,,20,224,2.983757257461548
validation,19,,21,159,2.839184522628784
validation,19,,22,523,2.7859086990356445
validation,19,,23,229,3.046029806137085
validation,19,,24,440,3.0182292461395264
validation,19,,25,378,2.576056480407715
validation,19,,26,35,3.130448818206787
validation,19,,27,157,2.8185322284698486
validation,19,,28,484,2.5970141887664795
validation,19,,29,315,2.9461164474487305
validation,19,,30,361,2.825347661972046
validation,19,,31,499,3.038107395172119
validation,19,,32,418,2.709437370300293
validation,19,,33,336,2.7715864181518555
validation,19,,34,386,2.739534378051758
validation,19,,35,430,2.680957794189453
validation,19,,36,359,2.3348653316497803
validation,19,,37,172,2.893604278564453
validation,19,,38,495,3.031947374343872
validation,19,,39,287,2.779573440551758
validation,19,,40,31,2.458601236343384
validation,19,,41,343,2.732379913330078
validation,19,,42,508,2.8436965942382812
validation,19,,43,15,2.4982123374938965
validation,19,,44,228,2.786794424057007
validation,19,,45,2,2.3991048336029053
validation,19,,46,241,2.5965774059295654
validation,19,,47,318,2.830453634262085
validation,19,,48,255,2.5296614170074463
validation,19,,49,184,2.6602585315704346
validation,19,,50,46,2.7382407188415527
validation,19,,51,51,2.8878815174102783
validation,19,,52,407,2.667647123336792
validation,19,,53,268,2.131563663482666
validation,19,,54,479,2.8547568321228027
validation,19,,55,385,2.6449644565582275
validation,19,,56,213,2.1355888843536377
validation,19,,57,20,2.564685344696045
validation,19,,58,175,3.172461748123169
validation,19,,59,326,2.775757074356079
validation,19,,60,141,2.69876766204834
validation,19,,61,517,3.220876455307007
validation,19,,62,59,2.939910888671875
validation,19,,63,240,2.535038709640503
validation,21,,0,121,2.679914712905884
validation,21,,1,414,2.3478281497955322
validation,21,,2,134,2.628314256668091
validation,21,,3,21,2.472318649291992
validation,21,,4,498,2.438741683959961
validation,21,,5,323,3.1166305541992188
validation,21,,6,63,2.2015697956085205
validation,21,,7,108,2.422224998474121
validation,21,,8,237,2.5279624462127686
validation,21,,9,412,2.6512622833251953
validation,21,,10,42,2.4811928272247314
validation,21,,11,305,2.709169864654541
validation,21,,12,496,2.820157766342163
validation,21,,13,208,2.6524345874786377
validation,21,,14,329,2.4379305839538574
validation,21,,15,104,2.591444730758667
validation,21,,16,383,2.748643159866333
validation,21,,17,396,2.567080020904541
validation,21,,18,375,3.010988235473633
validation,21,,19,222,2.4371421337127686
validation,21,,20,224,3.016059160232544
validation,21,,21,159,2.9081039428710938
validation,21,,22,523,2.814832925796509
validation,21,,23,229,3.0371251106262207
validation,21,,24,440,3.0077569484710693
validation,21,,25,378,2.6206018924713135
validation,21,,26,35,3.1166179180145264
validation,21,,27,157,2.800771713256836
validation,21,,28,484,2.6228129863739014
validation,21,,29,315,3.070067882537842
validation,21,,30,361,2.846492290496826
validation,21,,31,499,3.1677427291870117
validation,21,,32,418,2.723482847213745
validation,21,,33,336,2.852943181991577
validation,21,,34,386,2.8477370738983154
validation,21,,35,430,2.712745189666748
validation,21,,36,359,2.3600215911865234
validation,21,,37,172,2.9145569801330566
validation,21,,38,495,3.0306217670440674
validation,21,,39,287,2.7308294773101807
validation,21,,40,31,2.490971326828003
validation,21,,41,343,2.819331645965576
validation,21,,42,508,2.931717872619629
validation,21,,43,15,2.5381453037261963
validation,21,,44,228,2.8481311798095703
validation,21,,45,2,2.4278814792633057
validation,21,,46,241,2.7925965785980225
validation,21,,47,318,2.9815871715545654
validation,21,,48,255,2.6407840251922607
validation,21,,49,184,2.689241886138916
validation,21,,50,46,2.756246328353882
validation,21,,51,51,2.862151622772217
validation,21,,52,407,2.661045789718628
validation,21,,53,268,2.0808334350585938
validation,21,,54,479,2.925802230834961
validation,21,,55,385,2.662632703781128
validation,21,,56,213,2.0925092697143555
validation,21,,57,20,2.6858718395233154
validation,21,,58,175,3.1708085536956787
validation,21,,59,326,2.8298697471618652
validation,21,,60,141,2.737548589706421
validation,21,,61,517,3.279719114303589
validation,21,,62,59,3.0028982162475586
validation,21,,63,240,2.5933001041412354
validation,24,,0,121,2.7138705253601074
validation,24,,1,414,2.339895725250244
validation,24,,2,134,2.6378414630889893
validation,24,,3,21,2.4148571491241455
validation,24,,4,498,2.32492733001709
validation,24,,5,323,3.1406121253967285
validation,24,,6,63,2.139455795288086
validation,24,,7,108,2.3930113315582275
validation,24,,8,237,2.512979507446289
validation,24,,9,412,2.693404197692871
validation,24,,10,42,2.4636895656585693
validation,24,,11,305,2.796055793762207
validation,24,,12,496,2.921642303466797
validation,24,,13,208,2.7274019718170166
validation,24,,14,329,2.383835792541504
validation,24,,15,104,2.5996811389923096
validation,24,,16,383,2.7676353454589844
validation,24,,17,396,2.5785868167877197
validation,24,,18,375,3.0433850288391113
validation,24,,19,222,2.4145894050598145
validation,24,,20,224,3.0858023166656494
validation,24,,21,159,2.956787347793579
validation,24,,22,523,2.8479878902435303
validation,24,,23,229,3.0925722122192383
validation,24,,24,440,3.0721137523651123
validation,24,,25,378,2.623953104019165
validation,24,,26,35,3.074014663696289
validation,24,,27,157,2.9247491359710693
validation,24,,28,484,2.5705180168151855
validation,24,,29,315,2.9481232166290283
validation,24,,30,361,2.8451433181762695
validation,24,,31,499,3.1588950157165527
validation,24,,32,418,2.8017807006835938
validation,24,,33,336,2.902339458465576
validation,24,,34,386,2.8131861686706543
validation,24,,35,430,2.7288522720336914
validation,24,,36,359,2.38240647315979
validation,24,,37,172,3.047891139984131
validation,24,,38,495,3.0574824810028076
validation,24,,39,287,2.7883734703063965
validation,24,,40,31,2.4272520542144775
validation,24,,41,343,2.84527325630188
validation,24,,42,508,2.9126932621002197
validation,24,,43,15,2.578847646713257
validation,24,,44,228,2.885499954223633
validation,24,,45,2,2.432969808578491
validation,24,,46,241,2.721764087677002
validation,24,,47,318,2.893326759338379
validation,24,,48,255,2.6008710861206055
validation,24,,49,184,2.6845803260803223
validation,24,,50,46,2.7209525108337402
validation,24,,51,51,2.916317939758301
validation,24,,52,407,2.755042314529419
validation,24,,53,268,2.0630345344543457
validation,24,,54,479,2.9005870819091797
validation,24,,55,385,2.6578826904296875
validation,24,,56,213,2.1335642337799072
validation,24,,57,20,2.6962718963623047
validation,24,,58,175,3.1498770713806152
validation,24,,59,326,2.8272013664245605
validation,24,,60,141,2.7961137294769287
validation,24,,61,517,3.2866251468658447
validation,24,,62,59,2.906395435333252
validation,24,,63,240,2.5588111877441406
validation,26,,0,121,2.8329203128814697
validation,26,,1,414,2.5088109970092773
validation,26,,2,134,2.7727437019348145
validation,26,,3,21,2.6318492889404297
validation,26,,4,498,2.5904510021209717
validation,26,,5,323,3.3796443939208984
validation,26,,6,63,2.3746635913848877
validation,26,,7,108,2.4610581398010254
validation,26,,8,237,2.7198660373687744
validation,26,,9,412,2.9306318759918213
validation,26,,10,42,2.6098201274871826
validation,26,,11,305,3.0063648223876953
validation,26,,12,496,3.1655943393707275
validation,26,,13,208,2.71877384185791
validation,26,,14,329,2.672044277191162
validation,26,,15,104,2.81807279586792
validation,26,,16,383,2.8235411643981934
validation,26,,17,396,2.8491370677948
validation,26,,18,375,3.1923866271972656
validation,26,,19,222,2.5721051692962646
validation,26,,20,224,3.25482177734375
validation,26,,21,159,3.1386470794677734
validation,26,,22,523,3.0834872722625732
validation,26,,23,229,3.2924256324768066
validation,26,,24,440,3.1401591300964355
validation,26,,25,378,2.7996675968170166
validation,26,,26,35,3.250304698944092
validation,26,,27,157,3.0921361446380615
validation,26,,28,484,2.685361623764038
validation,26,,29,315,3.330626964569092
validation,26,,30,361,3.0258712768554688
validation,26,,31,499,3.313349962234497
validation,26,,32,418,2.9086384773254395
validation,26,,33,336,3.0163042545318604
validation,26,,34,386,3.017432928085327
validation,26,,35,430,2.8736915588378906
validation,26,,36,359,2.5397872924804688
validation,26,,37,172,3.123034954071045
validation,26,,38,495,3.222743272781372
validation,26,,39,287,2.9378280639648438
validation,26,,40,31,2.6601643562316895
validation,26,,41,343,2.9272334575653076
validation,26,,42,508,3.1223928928375244
validation,26,,43,15,2.7363295555114746
validation,26,,44,228,3.055699348449707
validation,26,,45,2,2.678536891937256
validation,26,,46,241,2.804987907409668
validation,26,,47,318,3.192232608795166
validation,26,,48,255,2.742854356765747
validation,26,,49,184,2.894000291824341
validation,26,,50,46,2.8847222328186035
validation,26,,51,51,2.9935665130615234
validation,26,,52,407,2.7870283126831055
validation,26,,53,268,2.2482967376708984
validation,26,,54,479,3.0967283248901367
validation,26,,55,385,2.843097448348999
validation,26,,56,213,2.324572801589966
validation,26,,57,20,2.819972276687622
validation,26,,58,175,3.3316810131073
validation,26,,59,326,3.0459346771240234
validation,26,,60,141,2.944737672805786
validation,26,,61,517,3.423318386077881
validation,26,,62,59,3.17225980758667
validation,26,,63,240,2.6177737712860107
validation,1,3,0,121,5.29588508605957
validation,1,3,1,414,5.826444149017334
validation,1,3,2,134,4.351393222808838
validation,1,3,3,21,5.545159339904785
validation,1,3,4,498,4.658705711364746
validation,1,3,5,323,6.336816787719727
validation,1,3,6,63,4.646712779998779
validation,1,3,7,108,4.846316337585449
validation,1,3,8,237,5.497345447540283
validation,1,3,9,412,6.317872047424316
validation,1,3,10,42,4.73887825012207
validation,1,3,11,305,5.434724807739258
validation,1,3,12,496,5.282041072845459
validation,1,3,13,208,5.578534126281738
validation,1,3,14,329,4.284293174743652
validation,1,3,15,104,6.501100063323975
validation,1,3,16,383,4.71417236328125
validation,1,3,17,396,5.910806179046631
validation,1,3,18,375,6.34990119934082
validation,1,3,19,222,9.527074813842773
validation,1,3,20,224,5.713414192199707
validation,1,3,21,159,5.563334941864014
validation,1,3,22,523,5.397204875946045
validation,1,3,23,229,5.509801864624023
validation,1,3,24,440,5.165208339691162
validation,1,3,25,378,5.165153503417969
validation,1,3,26,35,5.821157455444336
validation,1,3,27,157,5.054998397827148
validation,1,3,28,484,4.212613582611084
validation,1,3,29,315,5.687950134277344
validation,1,3,30,361,4.7885026931762695
validation,1,3,31,499,6.36300802230835
validation,1,3,32,418,6.177072048187256
validation,1,3,33,336,6.028936862945557
validation,1,3,34,386,5.970448017120361
validation,1,3,35,430,4.670688629150391
validation,1,3,36,359,4.130860805511475
validation,1,3,37,172,5.875563621520996
validation,1,3,38,495,4.902674198150635
validation,1,3,39,287,5.931141376495361
validation,1,3,40,31,5.664784908294678
validation,1,3,41,343,4.961902618408203
validation,1,3,42,508,5.840412139892578
validation,1,3,43,15,4.831727504730225
validation,1,3,44,228,4.959068775177002
validation,1,3,45,2,4.893196105957031
validation,1,3,46,241,5.623403549194336
validation,1,3,47,318,6.265141010284424
validation,1,3,48,255,4.795120716094971
validation,1,3,49,184,4.874825954437256
validation,1,3,50,46,5.39498233795166
validation,1,3,51,51,5.859597206115723
validation,1,3,52,407,5.728381633758545
validation,1,3,53,268,3.83892822265625
validation,1,3,54,479,4.99016809463501
validation,1,3,55,385,6.3392415046691895
validation,1,3,56,213,4.093869209289551
validation,1,3,57,20,6.2093329429626465
validation,1,3,58,175,5.796663284301758
validation,1,3,59,326,4.516977310180664
validation,1,3,60,141,4.897744655609131
validation,1,3,61,517,5.677371978759766
validation,1,3,62,59,5.061270236968994
validation,1,3,63,240,4.679975986480713
validation,1,6,0,121,4.820662975311279
validation,1,6,1,414,6.468334197998047
validation,1,6,2,134,4.37188196182251
validation,1,6,3,21,5.801415920257568
validation,1,6,4,498,4.851140975952148
validation,1,6,5,323,7.677920818328857
validation,1,6,6,63,5.004476547241211
validation,1,6,7,108,4.342374324798584
validation,1,6,8,237,11.152950286865234
validation,1,6,9,412,5.910282611846924
validation,1,6,10,42,4.4451985359191895
validation,1,6,11,305,4.974302768707275
validation,1,6,12,496,5.4719719886779785
validation,1,6,13,208,5.498578071594238
validation,1,6,14,329,4.294965744018555
validation,1,6,15,104,9.839139938354492
validation,1,6,16,383,9.79226016998291
validation,1,6,17,396,5.657313346862793
validation,1,6,18,375,6.556369304656982
validation,1,6,19,222,10.673192024230957
validation,1,6,20,224,4.97505521774292
validation,1,6,21,159,6.954277038574219
validation,1,6,22,523,4.994016647338867
validation,1,6,23,229,8.723952293395996
validation,1,6,24,440,5.108088970184326
validation,1,6,25,378,5.294067859649658
validation,1,6,26,35,5.342185974121094
validation,1,6,27,157,4.68975305557251
validation,1,6,28,484,4.11826229095459
validation,1,6,29,315,8.129362106323242
validation,1,6,30,361,5.388125896453857
validation,1,6,31,499,6.40537691116333
validation,1,6,32,418,6.300950527191162
validation,1,6,33,336,9.451286315917969
validation,1,6,34,386,5.478187084197998
validation,1,6,35,430,4.290865898132324
validation,1,6,36,359,4.00184440612793
validation,1,6,37,172,6.4632568359375
validation,1,6,38,495,4.723234176635742
validation,1,6,39,287,6.661121845245361
validation,1,6,40,31,5.469846248626709
validation,1,6,41,343,4.765514850616455
validation,1,6,42,508,8.926131248474121
validation,1,6,43,15,4.7363786697387695
validation,1,6,44,228,4.715066432952881
validation,1,6,45,2,5.6808295249938965
validation,1,6,46,241,5.28023624420166
validation,1,6,47,318,6.317935943603516
validation,1,6,48,255,4.557423114776611
validation,1,6,49,184,4.620434284210205
validation,1,6,50,46,5.505055904388428
validation,1,6,51,51,10.112491607666016
validation,1,6,52,407,5.328423976898193
validation,1,6,53,268,3.8027381896972656
validation,1,6,54,479,5.341627597808838
validation,1,6,55,385,6.8550825119018555
validation,1,6,56,213,3.8626697063446045
validation,1,6,57,20,6.402479648590088
validation,1,6,58,175,7.643970012664795
validation,1,6,59,326,4.410575866699219
validation,1,6,60,141,4.504528522491455
validation,1,6,61,517,6.975095748901367
validation,1,6,62,59,4.945088863372803
validation,1,6,63,240,4.616394996643066
validation,1,8,0,121,4.666582107543945
validation,1,8,1,414,5.751497268676758
validation,1,8,2,134,4.324599742889404
validation,1,8,3,21,5.695805072784424
validation,1,8,4,498,4.95659065246582
validation,1,8,5,323,7.214339733123779
validation,1,8,6,63,5.275129795074463
validation,1,8,7,108,4.387882709503174
validation,1,8,8,237,8.742691993713379
validation,1,8,9,412,5.733615875244141
validation,1,8,10,42,4.659391403198242
validation,1,8,11,305,4.966995716094971
validation,1,8,12,496,4.922266960144043
validation,1,8,13,208,5.189303398132324
validation,1,8,14,329,3.8091068267822266
validation,1,8,15,104,9.646031379699707
validation,1,8,16,383,9.946677207946777
validation,1,8,17,396,5.535406589508057
validation,1,8,18,375,6.495456218719482
validation,1,8,19,222,10.345552444458008
validation,1,8,20,224,5.076777935028076
validation,1,8,21,159,7.022594451904297
validation,1,8,22,523,5.102481842041016
validation,1,8,23,229,9.681389808654785
validation,1,8,24,440,5.108985900878906
validation,1,8,25,378,5.129004001617432
validation,1,8,26,35,5.063626766204834
validation,1,8,27,157,4.5997185707092285
validation,1,8,28,484,3.923799991607666
validation,1,8,29,315,8.324731826782227
validation,1,8,30,361,5.210163593292236
validation,1,8,31,499,6.982414245605469
validation,1,8,32,418,6.334835529327393
validation,1,8,33,336,10.261139869689941
validation,1,8,34,386,5.571540355682373
validation,1,8,35,430,4.273303508758545
validation,1,8,36,359,3.9639532566070557
validation,1,8,37,172,6.076002597808838
validation,1,8,38,495,4.839023590087891
validation,1,8,39,287,7.31344747543335
validation,1,8,40,31,5.464440822601318
validation,1,8,41,343,4.548072338104248
validation,1,8,42,508,6.799121379852295
validation,1,8,43,15,4.831851482391357
validation,1,8,44,228,4.694260120391846
validation,1,8,45,2,5.527050495147705
validation,1,8,46,241,5.137809753417969
validation,1,8,47,318,6.6537981033325195
validation,1,8,48,255,4.550017833709717
validation,1,8,49,184,4.464449882507324
validation,1,8,50,46,5.682405948638916
validation,1,8,51,51,9.891719818115234
validation,1,8,52,407,5.4566168785095215
validation,1,8,53,268,3.6444990634918213
validation,1,8,54,479,5.101696014404297
validation,1,8,55,385,7.17643404006958
validation,1,8,56,213,3.647517681121826
validation,1,8,57,20,7.368837356567383
validation,1,8,58,175,7.3535332679748535
validation,1,8,59,326,4.37559700012207
validation,1,8,60,141,4.433197021484375
validation,1,8,61,517,8.816696166992188
validation,1,8,62,59,4.696687698364258
validation,1,8,63,240,4.483907699584961
validation,1,10,0,121,4.560771465301514
validation,1,10,1,414,5.570187568664551
validation,1,10,2,134,4.002511501312256
validation,1,10,3,21,5.711373805999756
validation,1,10,4,498,5.211149215698242
validation,1,10,5,323,7.274072170257568
validation,1,10,6,63,5.3975114822387695
validation,1,10,7,108,4.434966564178467
validation,1,10,8,237,8.561471939086914
validation,1,10,9,412,5.730548858642578
validation,1,10,10,42,4.564789295196533
validation,1,10,11,305,4.803494453430176
validation,1,10,12,496,4.6838698387146
validation,1,10,13,208,5.2715654373168945
validation,1,10,14,329,3.580972909927368
validation,1,10,15,104,9.892019271850586
validation,1,10,16,383,9.547830581665039
validation,1,10,17,396,5.512883186340332
validation,1,10,18,375,6.4288105964660645
validation,1,10,19,222,10.466479301452637
validation,1,10,20,224,4.900786876678467
validation,1,10,21,159,6.868654251098633
validation,1,10,22,523,4.705053806304932
validation,1,10,23,229,9.405479431152344
validation,1,10,24,440,4.905606269836426
validation,1,10,25,378,4.793452262878418
validation,1,10,26,35,5.100830554962158
validation,1,10,27,157,4.296300888061523
validation,1,10,28,484,3.846014976501465
validation,1,10,29,315,7.9343180656433105
validation,1,10,30,361,5.036136150360107
validation,1,10,31,499,6.579276084899902
validation,1,10,32,418,6.767442226409912
validation,1,10,33,336,10.575145721435547
validation,1,10,34,386,5.507085800170898
validation,1,10,35,430,4.1969218254089355
validation,1,10,36,359,3.6249382495880127
validation,1,10,37,172,6.139008045196533
validation,1,10,38,495,4.3453264236450195
validation,1,10,39,287,6.327020168304443
validation,1,10,40,31,5.540245532989502
validation,1,10,41,343,4.627251148223877
validation,1,10,42,508,6.972432613372803
validation,1,10,43,15,5.010242938995361
validation,1,10,44,228,4.266989707946777
validation,1,10,45,2,4.8147358894348145
validation,1,10,46,241,5.3943939208984375
validation,1,10,47,318,6.786375522613525
validation,1,10,48,255,4.2594780921936035
validation,1,10,49,184,4.2568511962890625
validation,1,10,50,46,5.584090232849121
validation,1,10,51,51,9.578241348266602
validation,1,10,52,407,5.198143482208252
validation,1,10,53,268,3.4097280502319336
validation,1,10,54,479,4.880373954772949
validation,1,10,55,385,6.012489318847656
validation,1,10,56,213,3.8278212547302246
validation,1,10,57,20,6.076688766479492
validation,1,10,58,175,7.399914264678955
validation,1,10,59,326,4.138010501861572
validation,1,10,60,141,4.354178428649902
validation,1,10,61,517,8.8185453414917
validation,1,10,62,59,4.438327789306641
validation,1,10,63,240,4.26606559753418
validation,1,12,0,121,4.798364162445068
validation,1,12,1,414,5.882331848144531
validation,1,12,2,134,4.24609375
validation,1,12,3,21,5.936732292175293
validation,1,12,4,498,5.078502655029297
validation,1,12,5,323,7.705328464508057
validation,1,12,6,63,5.120611190795898
validation,1,12,7,108,4.35095739364624
validation,1,12,8,237,8.13510513305664
validation,1,12,9,412,6.023666858673096
validation,1,12,10,42,4.633673191070557
validation,1,12,11,305,4.776454925537109
validation,1,12,12,496,5.041376113891602
validation,1,12,13,208,5.71701192855835
validation,1,12,14,329,3.8740601539611816
validation,1,12,15,104,10.02650260925293
validation,1,12,16,383,9.576117515563965
validation,1,12,17,396,5.70194673538208
validation,1,12,18,375,6.453704833984375
validation,1,12,19,222,10.423483848571777
validation,1,12,20,224,5.013866901397705
validation,1,12,21,159,7.0309271812438965
validation,1,12,22,523,5.112404823303223
validation,1,12,23,229,9.028175354003906
validation,1,12,24,440,5.149858474731445
validation,1,12,25,378,4.956557273864746
validation,1,12,26,35,5.039512634277344
validation,1,12,27,157,4.256789207458496
validation,1,12,28,484,4.000443935394287
validation,1,12,29,315,8.189532279968262
validation,1,12,30,361,5.0451483726501465
validation,1,12,31,499,6.8225884437561035
validation,1,12,32,418,6.666295051574707
validation,1,12,33,336,10.51447868347168
validation,1,12,34,386,5.3627729415893555
validation,1,12,35,430,4.306544303894043
validation,1,12,36,359,3.8541152477264404
validation,1,12,37,172,6.545995712280273
validation,1,12,38,495,4.763256072998047
validation,1,12,39,287,6.5210394859313965
validation,1,12,40,31,5.729735851287842
validation,1,12,41,343,4.934488296508789
validation,1,12,42,508,7.666693210601807
validation,1,12,43,15,5.125945091247559
validation,1,12,44,228,4.616606712341309
validation,1,12,45,2,5.114624500274658
validation,1,12,46,241,5.2983479499816895
validation,1,12,47,318,6.9647040367126465
validation,1,12,48,255,4.435578346252441
validation,1,12,49,184,4.522469520568848
validation,1,12,50,46,5.921415328979492
validation,1,12,51,51,9.76208209991455
validation,1,12,52,407,5.196468830108643
validation,1,12,53,268,3.7830286026000977
validation,1,12,54,479,5.143856525421143
validation,1,12,55,385,6.703525066375732
validation,1,12,56,213,3.9560413360595703
validation,1,12,57,20,7.335817813873291
validation,1,12,58,175,7.284298896789551
validation,1,12,59,326,4.370203018188477
validation,1,12,60,141,4.394927978515625
validation,1,12,61,517,9.609222412109375
validation,1,12,62,59,4.629907608032227
validation,1,12,63,240,4.586783409118652
validation,1,15,0,121,4.60581111907959
validation,1,15,1,414,5.640234470367432
validation,1,15,2,134,4.138901233673096
validation,1,15,3,21,5.7811079025268555
validation,1,15,4,498,5.123733043670654
validation,1,15,5,323,7.52616548538208
validation,1,15,6,63,5.358892440795898
validation,1,15,7,108,4.366175651550293
validation,1,15,8,237,8.999200820922852
validation,1,15,9,412,5.979283332824707
validation,1,15,10,42,4.465793609619141
validation,1,15,11,305,4.706309795379639
validation,1,15,12,496,4.73798942565918
validation,1,15,13,208,5.400768756866455
validation,1,15,14,329,3.622906446456909
validation,1,15,15,104,9.821440696716309
validation,1,15,16,383,9.448684692382812
validation,1,15,17,396,5.491245269775391
validation,1,15,18,375,6.413062572479248
validation,1,15,19,222,10.65133285522461
validation,1,15,20,224,4.916993141174316
validation,1,15,21,159,6.637632369995117
validation,1,15,22,523,4.8053059577941895
validation,1,15,23,229,8.054165840148926
validation,1,15,24,440,4.794440269470215
validation,1,15,25,378,4.843087673187256
validation,1,15,26,35,5.164244174957275
validation,1,15,27,157,4.174502372741699
validation,1,15,28,484,3.8584513664245605
validation,1,15,29,315,8.266600608825684
validation,1,15,30,361,4.895190715789795
validation,1,15,31,499,6.833016395568848
validation,1,15,32,418,6.615083694458008
validation,1,15,33,336,10.825929641723633
validation,1,15,34,386,5.3043437004089355
validation,1,15,35,430,4.190783977508545
validation,1,15,36,359,3.814680576324463
validation,1,15,37,172,6.071256637573242
validation,1,15,38,495,4.4239044189453125
validation,1,15,39,287,6.447225570678711
validation,1,15,40,31,5.666065216064453
validation,1,15,41,343,4.489373207092285
validation,1,15,42,508,7.295253753662109
validation,1,15,43,15,4.9764404296875
validation,1,15,44,228,4.318066596984863
validation,1,15,45,2,4.834186553955078
validation,1,15,46,241,5.101101875305176
validation,1,15,47,318,6.403653621673584
validation,1,15,48,255,4.3682403564453125
validation,1,15,49,184,4.2371978759765625
validation,1,15,50,46,5.485538959503174
validation,1,15,51,51,9.699675559997559
validation,1,15,52,407,5.086763381958008
validation,1,15,53,268,3.533357858657837
validation,1,15,54,479,4.999051094055176
validation,1,15,55,385,6.215925216674805
validation,1,15,56,213,3.586453437805176
validation,1,15,57,20,6.773423194885254
validation,1,15,58,175,7.579944133758545
validation,1,15,59,326,4.213370323181152
validation,1,15,60,141,4.439664363861084
validation,1,15,61,517,8.457681655883789
validation,1,15,62,59,4.476762294769287
validation,1,15,63,240,4.3174028396606445
validation,1,17,0,121,4.631350517272949
validation,1,17,1,414,6.006575107574463
validation,1,17,2,134,4.164411544799805
validation,1,17,3,21,5.884316921234131
validation,1,17,4,498,5.1539788246154785
validation,1,17,5,323,7.778351783752441
validation,1,17,6,63,5.339263439178467
validation,1,17,7,108,4.410137176513672
validation,1,17,8,237,8.392838478088379
validation,1,17,9,412,6.209319591522217
validation,1,17,10,42,4.517324924468994
validation,1,17,11,305,4.7452778816223145
validation,1,17,12,496,4.729313373565674
validation,1,17,13,208,5.591080188751221
validation,1,17,14,329,3.5968358516693115
validation,1,17,15,104,10.340374946594238
validation,1,17,16,383,9.891815185546875
validation,1,17,17,396,5.510954856872559
validation,1,17,18,375,6.719429016113281
validation,1,17,19,222,10.657527923583984
validation,1,17,20,224,4.9437432289123535
validation,1,17,21,159,6.949300765991211
validation,1,17,22,523,4.892575740814209
validation,1,17,23,229,9.072164535522461
validation,1,17,24,440,4.943827152252197
validation,1,17,25,378,4.904327869415283
validation,1,17,26,35,5.010746002197266
validation,1,17,27,157,4.324641227722168
validation,1,17,28,484,3.8680684566497803
validation,1,17,29,315,8.462212562561035
validation,1,17,30,361,4.959352970123291
validation,1,17,31,499,6.976259708404541
validation,1,17,32,418,6.383302688598633
validation,1,17,33,336,10.87882137298584
validation,1,17,34,386,5.527798652648926
validation,1,17,35,430,4.120566368103027
validation,1,17,36,359,3.7518465518951416
validation,1,17,37,172,5.985032558441162
validation,1,17,38,495,4.4493727684021
validation,1,17,39,287,6.626265525817871
validation,1,17,40,31,6.159084320068359
validation,1,17,41,343,4.54298210144043
validation,1,17,42,508,7.1241044998168945
validation,1,17,43,15,5.457756519317627
validation,1,17,44,228,4.3180108070373535
validation,1,17,45,2,5.123560905456543
validation,1,17,46,241,5.308200836181641
validation,1,17,47,318,6.782114505767822
validation,1,17,48,255,4.398123741149902
validation,1,17,49,184,4.1848883628845215
validation,1,17,50,46,5.589254379272461
validation,1,17,51,51,9.929065704345703
validation,1,17,52,407,5.304269790649414
validation,1,17,53,268,3.5810532569885254
validation,1,17,54,479,5.009793281555176
validation,1,17,55,385,6.854156970977783
validation,1,17,56,213,3.5387566089630127
validation,1,17,57,20,7.048018932342529
validation,1,17,58,175,7.544516086578369
validation,1,17,59,326,4.171915054321289
validation,1,17,60,141,4.297333717346191
validation,1,17,61,517,8.684337615966797
validation,1,17,62,59,4.470181941986084
validation,1,17,63,240,4.279064655303955
validation,1,19,0,121,4.837703704833984
validation,1,19,1,414,5.847420692443848
validation,1,19,2,134,4.491823673248291
validation,1,19,3,21,5.854802131652832
validation,1,19,4,498,5.583299160003662
validation,1,19,5,323,7.73280668258667
validation,1,19,6,63,5.934051513671875
validation,1,19,7,108,4.676852226257324
validation,1,19,8,237,8.96760368347168
validation,1,19,9,412,6.261668682098389
validation,1,19,10,42,4.766910076141357
validation,1,19,11,305,4.911369800567627
validation,1,19,12,496,5.148660182952881
validation,1,19,13,208,5.697948932647705
validation,1,19,14,329,3.883841037750244
validation,1,19,15,104,10.243597030639648
validation,1,19,16,383,9.671363830566406
validation,1,19,17,396,5.791467666625977
validation,1,19,18,375,6.769284725189209
validation,1,19,19,222,10.837479591369629
validation,1,19,20,224,5.087743282318115
validation,1,19,21,159,6.882689952850342
validation,1,19,22,523,5.217522144317627
validation,1,19,23,229,8.99142837524414
validation,1,19,24,440,5.25717306137085
validation,1,19,25,378,5.268161296844482
validation,1,19,26,35,5.3041462898254395
validation,1,19,27,157,4.551361083984375
validation,1,19,28,484,4.159017086029053
validation,1,19,29,315,8.372154235839844
validation,1,19,30,361,5.406905651092529
validation,1,19,31,499,7.2070465087890625
validation,1,19,32,418,6.798068523406982
validation,1,19,33,336,11.251431465148926
validation,1,19,34,386,5.56580924987793
validation,1,19,35,430,4.383797645568848
validation,1,19,36,359,4.051704406738281
validation,1,19,37,172,6.228979110717773
validation,1,19,38,495,4.722567558288574
validation,1,19,39,287,6.9505486488342285
validation,1,19,40,31,6.119985103607178
validation,1,19,41,343,4.96253776550293
validation,1,19,42,508,7.54862117767334
validation,1,19,43,15,5.629818916320801
validation,1,19,44,228,4.534021854400635
validation,1,19,45,2,5.543413162231445
validation,1,19,46,241,5.490252494812012
validation,1,19,47,318,6.808615207672119
validation,1,19,48,255,4.600795269012451
validation,1,19,49,184,4.553989887237549
validation,1,19,50,46,6.013949394226074
validation,1,19,51,51,9.993660926818848
validation,1,19,52,407,5.362092971801758
validation,1,19,53,268,4.193251609802246
validation,1,19,54,479,5.404894828796387
validation,1,19,55,385,6.425047874450684
validation,1,19,56,213,3.800143241882324
validation,1,19,57,20,6.95871639251709
validation,1,19,58,175,8.111285209655762
validation,1,19,59,326,4.544579982757568
validation,1,19,60,141,4.655484199523926
validation,1,19,61,517,8.641511917114258
validation,1,19,62,59,4.628294467926025
validation,1,19,63,240,4.500441551208496
validation,1,21,0,121,4.915064811706543
validation,1,21,1,414,6.025874137878418
validation,1,21,2,134,4.50318717956543
validation,1,21,3,21,5.79392147064209
validation,1,21,4,498,5.918703556060791
validation,1,21,5,323,8.35937786102295
validation,1,21,6,63,6.041685581207275
validation,1,21,7,108,4.628591060638428
validation,1,21,8,237,9.312809944152832
validation,1,21,9,412,6.143465042114258
validation,1,21,10,42,4.725451946258545
validation,1,21,11,305,5.046788215637207
validation,1,21,12,496,5.141575813293457
validation,1,21,13,208,5.8448357582092285
validation,1,21,14,329,3.7458252906799316
validation,1,21,15,104,9.717944145202637
validation,1,21,16,383,9.700715065002441
validation,1,21,17,396,5.7523956298828125
validation,1,21,18,375,6.769333362579346
validation,1,21,19,222,10.54278564453125
validation,1,21,20,224,5.137502193450928
validation,1,21,21,159,7.158374309539795
validation,1,21,22,523,5.272105693817139
validation,1,21,23,229,9.624967575073242
validation,1,21,24,440,5.288093090057373
validation,1,21,25,378,5.297961235046387
validation,1,21,26,35,5.4319610595703125
validation,1,21,27,157,4.6183695793151855
validation,1,21,28,484,4.098280429840088
validation,1,21,29,315,8.77303409576416
validation,1,21,30,361,5.387533664703369
validation,1,21,31,499,7.706463813781738
validation,1,21,32,418,7.050727844238281
validation,1,21,33,336,11.049718856811523
validation,1,21,34,386,5.69214391708374
validation,1,21,35,430,4.307790279388428
validation,1,21,36,359,3.9258954524993896
validation,1,21,37,172,6.406267166137695
validation,1,21,38,495,4.651278972625732
validation,1,21,39,287,6.87593936920166
validation,1,21,40,31,6.2185893058776855
validation,1,21,41,343,4.72075891494751
validation,1,21,42,508,7.65842866897583
validation,1,21,43,15,5.513777732849121
validation,1,21,44,228,4.49591588973999
validation,1,21,45,2,5.5544891357421875
validation,1,21,46,241,5.733410835266113
validation,1,21,47,318,7.114007472991943
validation,1,21,48,255,4.701594829559326
validation,1,21,49,184,4.684183120727539
validation,1,21,50,46,6.08160400390625
validation,1,21,51,51,9.629961013793945
validation,1,21,52,407,5.343465805053711
validation,1,21,53,268,3.8177919387817383
validation,1,21,54,479,5.334669589996338
validation,1,21,55,385,6.502631664276123
validation,1,21,56,213,3.697934627532959
validation,1,21,57,20,6.922807216644287
validation,1,21,58,175,8.586604118347168
validation,1,21,59,326,4.871433734893799
validation,1,21,60,141,4.707118511199951
validation,1,21,61,517,11.407112121582031
validation,1,21,62,59,4.622430324554443
validation,1,21,63,240,4.454583168029785
validation,1,24,0,121,4.873776435852051
validation,1,24,1,414,5.985464096069336
validation,1,24,2,134,4.5197014808654785
validation,1,24,3,21,5.837214946746826
validation,1,24,4,498,5.701377868652344
validation,1,24,5,323,7.751784801483154
validation,1,24,6,63,5.586057662963867
validation,1,24,7,108,4.5307464599609375
validation,1,24,8,237,9.300925254821777
validation,1,24,9,412,6.116365909576416
validation,1,24,10,42,4.654423713684082
validation,1,24,11,305,5.028339385986328
validation,1,24,12,496,4.9729838371276855
validation,1,24,13,208,5.598013401031494
validation,1,24,14,329,3.776820659637451
validation,1,24,15,104,9.95400333404541
validation,1,24,16,383,9.390525817871094
validation,1,24,17,396,5.917599201202393
validation,1,24,18,375,6.65847635269165
validation,1,24,19,222,10.331436157226562
validation,1,24,20,224,5.160639762878418
validation,1,24,21,159,7.004212379455566
validation,1,24,22,523,5.152444839477539
validation,1,24,23,229,8.982507705688477
validation,1,24,24,440,5.155616283416748
validation,1,24,25,378,5.11223840713501
validation,1,24,26,35,5.335997581481934
validation,1,24,27,157,4.514089584350586
validation,1,24,28,484,4.021589756011963
validation,1,24,29,315,8.592178344726562
validation,1,24,30,361,5.228443145751953
validation,1,24,31,499,7.392995834350586
validation,1,24,32,418,6.702132225036621
validation,1,24,33,336,10.877097129821777
validation,1,24,34,386,5.623064994812012
validation,1,24,35,430,4.392329216003418
validation,1,24,36,359,3.9400298595428467
validation,1,24,37,172,6.407339572906494
validation,1,24,38,495,4.6462297439575195
validation,1,24,39,287,6.919065952301025
validation,1,24,40,31,5.940609931945801
validation,1,24,41,343,4.6880998611450195
validation,1,24,42,508,7.027725696563721
validation,1,24,43,15,5.511074542999268
validation,1,24,44,228,4.5385236740112305
validation,1,24,45,2,5.375769138336182
validation,1,24,46,241,5.44083309173584
validation,1,24,47,318,7.049623012542725
validation,1,24,48,255,4.697745323181152
validation,1,24,49,184,4.4352707862854
validation,1,24,50,46,5.972226619720459
validation,1,24,51,51,9.656408309936523
validation,1,24,52,407,5.459771633148193
validation,1,24,53,268,4.240232467651367
validation,1,24,54,479,5.282838344573975
validation,1,24,55,385,6.531506061553955
validation,1,24,56,213,3.734157085418701
validation,1,24,57,20,6.954478740692139
validation,1,24,58,175,8.153729438781738
validation,1,24,59,326,4.6543169021606445
validation,1,24,60,141,4.633383750915527
validation,1,24,61,517,9.31582260131836
validation,1,24,62,59,4.640326023101807
validation,1,24,63,240,4.461054801940918
validation,1,26,0,121,4.775683403015137
validation,1,26,1,414,5.714823246002197
validation,1,26,2,134,4.484926700592041
validation,1,26,3,21,5.69719123840332
validation,1,26,4,498,5.338388442993164
validation,1,26,5,323,7.619415760040283
validation,1,26,6,63,5.38319206237793
validation,1,26,7,108,4.408919811248779
validation,1,26,8,237,8.635645866394043
validation,1,26,9,412,5.884910583496094
validation,1,26,10,42,4.551052570343018
validation,1,26,11,305,4.896475791931152
validation,1,26,12,496,5.0123138427734375
validation,1,26,13,208,5.5052876472473145
validation,1,26,14,329,3.8275463581085205
validation,1,26,15,104,10.27295207977295
validation,1,26,16,383,10.192855834960938
validation,1,26,17,396,5.54874849319458
validation,1,26,18,375,6.394067764282227
validation,1,26,19,222,10.992959022521973
validation,1,26,20,224,4.999827861785889
validation,1,26,21,159,6.864593029022217
validation,1,26,22,523,5.07432746887207
validation,1,26,23,229,8.850241661071777
validation,1,26,24,440,5.073413372039795
validation,1,26,25,378,4.9312238693237305
validation,1,26,26,35,5.183366775512695
validation,1,26,27,157,4.473037242889404
validation,1,26,28,484,4.176684856414795
validation,1,26,29,315,8.252975463867188
validation,1,26,30,361,5.121766567230225
validation,1,26,31,499,6.988577842712402
validation,1,26,32,418,6.485035419464111
validation,1,26,33,336,11.176362037658691
validation,1,26,34,386,5.414767742156982
validation,1,26,35,430,4.31487512588501
validation,1,26,36,359,3.950784683227539
validation,1,26,37,172,6.105353832244873
validation,1,26,38,495,4.653192043304443
validation,1,26,39,287,6.472139358520508
validation,1,26,40,31,5.747109413146973
validation,1,26,41,343,4.677202224731445
validation,1,26,42,508,6.809566974639893
validation,1,26,43,15,5.3323869705200195
validation,1,26,44,228,4.4878458976745605
validation,1,26,45,2,5.166400909423828
validation,1,26,46,241,5.291229724884033
validation,1,26,47,318,6.756218433380127
validation,1,26,48,255,4.4982781410217285
validation,1,26,49,184,4.493790149688721
validation,1,26,50,46,5.722886085510254
validation,1,26,51,51,10.103915214538574
validation,1,26,52,407,5.179094314575195
validation,1,26,53,268,3.7063076496124268
validation,1,26,54,479,5.212746620178223
validation,1,26,55,385,6.173024654388428
validation,1,26,56,213,3.7893917560577393
validation,1,26,57,20,6.454105377197266
validation,1,26,58,175,7.6274871826171875
validation,1,26,59,326,4.494575023651123
validation,1,26,60,141,4.551252365112305
validation,1,26,61,517,9.12827205657959
validation,1,26,62,59,4.5480852127075195
validation,1,26,63,240,4.436332702636719
validation,3,6,0,121,2.8045105934143066
validation,3,6,1,414,2.6175897121429443
validation,3,6,2,134,2.7465319633483887
validation,3,6,3,21,2.7444515228271484
validation,3,6,4,498,2.5345211029052734
validation,3,6,5,323,3.3427274227142334
validation,3,6,6,63,2.3650729656219482
validation,3,6,7,108,2.5278830528259277
validation,3,6,8,237,2.794348955154419
validation,3,6,9,412,2.7959628105163574
validation,3,6,10,42,2.605778455734253
validation,3,6,11,305,2.912947654724121
validation,3,6,12,496,3.1014785766601562
validation,3,6,13,208,2.8055713176727295
validation,3,6,14,329,2.5407540798187256
validation,3,6,15,104,2.832146644592285
validation,3,6,16,383,2.8800556659698486
validation,3,6,17,396,2.741950035095215
validation,3,6,18,375,3.1231281757354736
validation,3,6,19,222,2.6157617568969727
validation,3,6,20,224,3.2018954753875732
validation,3,6,21,159,3.134425401687622
validation,3,6,22,523,2.9207472801208496
validation,3,6,23,229,3.2329866886138916
validation,3,6,24,440,3.2348270416259766
validation,3,6,25,378,2.941192865371704
validation,3,6,26,35,3.4784884452819824
validation,3,6,27,157,2.9345459938049316
validation,3,6,28,484,2.710482358932495
validation,3,6,29,315,3.1636083126068115
validation,3,6,30,361,3.0397117137908936
validation,3,6,31,499,3.218451976776123
validation,3,6,32,418,2.826082944869995
validation,3,6,33,336,3.0324926376342773
validation,3,6,34,386,2.9585607051849365
validation,3,6,35,430,2.9176387786865234
validation,3,6,36,359,2.480283737182617
validation,3,6,37,172,3.1848995685577393
validation,3,6,38,495,3.1485321521759033
validation,3,6,39,287,3.0079195499420166
validation,3,6,40,31,2.5769009590148926
validation,3,6,41,343,2.866868734359741
validation,3,6,42,508,2.9168155193328857
validation,3,6,43,15,2.7199959754943848
validation,3,6,44,228,2.993513345718384
validation,3,6,45,2,2.4945008754730225
validation,3,6,46,241,2.9765310287475586
validation,3,6,47,318,3.025813341140747
validation,3,6,48,255,2.6950125694274902
validation,3,6,49,184,2.801024913787842
validation,3,6,50,46,2.878831624984741
validation,3,6,51,51,3.109496593475342
validation,3,6,52,407,2.762153387069702
validation,3,6,53,268,2.1358158588409424
validation,3,6,54,479,2.9869706630706787
validation,3,6,55,385,2.7394866943359375
validation,3,6,56,213,2.3282084465026855
validation,3,6,57,20,2.7590527534484863
validation,3,6,58,175,3.3817341327667236
validation,3,6,59,326,3.0018279552459717
validation,3,6,60,141,2.8800418376922607
validation,3,6,61,517,3.557960271835327
validation,3,6,62,59,3.0387356281280518
validation,3,6,63,240,2.758270740509033
validation,3,8,0,121,2.8457984924316406
validation,3,8,1,414,2.5948071479797363
validation,3,8,2,134,2.837345838546753
validation,3,8,3,21,2.702723503112793
validation,3,8,4,498,2.5177481174468994
validation,3,8,5,323,3.5363152027130127
validation,3,8,6,63,2.384799003601074
validation,3,8,7,108,2.634488105773926
validation,3,8,8,237,2.954117774963379
validation,3,8,9,412,2.9181621074676514
validation,3,8,10,42,2.619882583618164
validation,3,8,11,305,3.104635715484619
validation,3,8,12,496,3.0793886184692383
validation,3,8,13,208,2.807288646697998
validation,3,8,14,329,2.6488311290740967
validation,3,8,15,104,2.8369874954223633
validation,3,8,16,383,2.9871273040771484
validation,3,8,17,396,2.8374271392822266
validation,3,8,18,375,3.20316481590271
validation,3,8,19,222,2.619605541229248
validation,3,8,20,224,3.4030158519744873
validation,3,8,21,159,3.2489733695983887
validation,3,8,22,523,3.155942678451538
validation,3,8,23,229,3.262538194656372
validation,3,8,24,440,3.1361145973205566
validation,3,8,25,378,3.0028693675994873
validation,3,8,26,35,3.5683584213256836
validation,3,8,27,157,3.0971622467041016
validation,3,8,28,484,2.7922797203063965
validation,3,8,29,315,3.324657440185547
validation,3,8,30,361,3.2178962230682373
validation,3,8,31,499,3.4571547508239746
validation,3,8,32,418,2.918419599533081
validation,3,8,33,336,3.2389869689941406
validation,3,8,34,386,3.193387985229492
validation,3,8,35,430,2.951388120651245
validation,3,8,36,359,2.512221336364746
validation,3,8,37,172,3.275146484375
validation,3,8,38,495,3.2832987308502197
validation,3,8,39,287,2.9918859004974365
validation,3,8,40,31,2.6142501831054688
validation,3,8,41,343,3.0411570072174072
validation,3,8,42,508,3.0016157627105713
validation,3,8,43,15,2.694509744644165
validation,3,8,44,228,3.0605525970458984
validation,3,8,45,2,2.5890562534332275
validation,3,8,46,241,2.962855339050293
validation,3,8,47,318,3.0446572303771973
validation,3,8,48,255,2.875455379486084
validation,3,8,49,184,2.8525373935699463
validation,3,8,50,46,2.9934535026550293
validation,3,8,51,51,3.1224377155303955
validation,3,8,52,407,2.7910497188568115
validation,3,8,53,268,2.1550893783569336
validation,3,8,54,479,3.119764804840088
validation,3,8,55,385,2.844651460647583
validation,3,8,56,213,2.316476583480835
validation,3,8,57,20,2.831217050552368
validation,3,8,58,175,3.5178847312927246
validation,3,8,59,326,2.9251794815063477
validation,3,8,60,141,3.0241446495056152
validation,3,8,61,517,3.5985562801361084
validation,3,8,62,59,3.1778719425201416
validation,3,8,63,240,2.8766770362854004
validation,3,10,0,121,2.75964617729187
validation,3,10,1,414,2.401352643966675
validation,3,10,2,134,2.675339698791504
validation,3,10,3,21,2.527672529220581
validation,3,10,4,498,2.4039576053619385
validation,3,10,5,323,3.2256624698638916
validation,3,10,6,63,2.245030164718628
validation,3,10,7,108,2.4397687911987305
validation,3,10,8,237,2.64520001411438
validation,3,10,9,412,2.7014424800872803
validation,3,10,10,42,2.493350028991699
validation,3,10,11,305,2.80487322807312
validation,3,10,12,496,2.897700309753418
validation,3,10,13,208,2.6813387870788574
validation,3,10,14,329,2.4339404106140137
validation,3,10,15,104,2.652700901031494
validation,3,10,16,383,2.730855703353882
validation,3,10,17,396,2.6021618843078613
validation,3,10,18,375,3.004725217819214
validation,3,10,19,222,2.4055075645446777
validation,3,10,20,224,3.1417129039764404
validation,3,10,21,159,2.8788399696350098
validation,3,10,22,523,2.923862934112549
validation,3,10,23,229,3.1967267990112305
validation,3,10,24,440,3.0303330421447754
validation,3,10,25,378,2.770624876022339
validation,3,10,26,35,3.204998254776001
validation,3,10,27,157,2.8158206939697266
validation,3,10,28,484,2.6518771648406982
validation,3,10,29,315,3.022814989089966
validation,3,10,30,361,2.9472360610961914
validation,3,10,31,499,3.1321043968200684
validation,3,10,32,418,2.755258798599243
validation,3,10,33,336,2.966420888900757
validation,3,10,34,386,2.886348247528076
validation,3,10,35,430,2.7255489826202393
validation,3,10,36,359,2.3592922687530518
validation,3,10,37,172,3.0595853328704834
validation,3,10,38,495,3.073786735534668
validation,3,10,39,287,2.851484537124634
validation,3,10,40,31,2.4885811805725098
validation,3,10,41,343,2.818265199661255
validation,3,10,42,508,2.9226202964782715
validation,3,10,43,15,2.553572177886963
validation,3,10,44,228,2.862654447555542
validation,3,10,45,2,2.46343994140625
validation,3,10,46,241,2.8609654903411865
validation,3,10,47,318,2.979762077331543
validation,3,10,48,255,2.588552713394165
validation,3,10,49,184,2.6979880332946777
validation,3,10,50,46,2.822382688522339
validation,3,10,51,51,2.9083168506622314
validation,3,10,52,407,2.669121265411377
validation,3,10,53,268,2.1619880199432373
validation,3,10,54,479,2.9543557167053223
validation,3,10,55,385,2.6436588764190674
validation,3,10,56,213,2.1971805095672607
validation,3,10,57,20,2.7162532806396484
validation,3,10,58,175,3.226827621459961
validation,3,10,59,326,2.775331735610962
validation,3,10,60,141,2.816779375076294
validation,3,10,61,517,3.3777029514312744
validation,3,10,62,59,3.016659736633301
validation,3,10,63,240,2.687840700149536
validation,3,12,0,121,2.6809849739074707
validation,3,12,1,414,2.4302401542663574
validation,3,12,2,134,2.698791265487671
validation,3,12,3,21,2.4668571949005127
validation,3,12,4,498,2.3711931705474854
validation,3,12,5,323,3.227689504623413
validation,3,12,6,63,2.2193825244903564
validation,3,12,7,108,2.413198709487915
validation,3,12,8,237,2.68540358543396
validation,3,12,9,412,2.742807626724243
validation,3,12,10,42,2.463151454925537
validation,3,12,11,305,2.7712273597717285
validation,3,12,12,496,2.8825981616973877
validation,3,12,13,208,2.6215028762817383
validation,3,12,14,329,2.429630994796753
validation,3,12,15,104,2.6212618350982666
validation,3,12,16,383,2.7653560638427734
validation,3,12,17,396,2.6573147773742676
validation,3,12,18,375,3.0324249267578125
validation,3,12,19,222,2.4532735347747803
validation,3,12,20,224,3.161865711212158
validation,3,12,21,159,2.9096837043762207
validation,3,12,22,523,2.8420028686523438
validation,3,12,23,229,3.1496284008026123
validation,3,12,24,440,3.048499584197998
validation,3,12,25,378,2.726947546005249
validation,3,12,26,35,3.2473506927490234
validation,3,12,27,157,2.771899938583374
validation,3,12,28,484,2.614323616027832
validation,3,12,29,315,2.9397897720336914
validation,3,12,30,361,2.939157485961914
validation,3,12,31,499,3.128162384033203
validation,3,12,32,418,2.7870030403137207
validation,3,12,33,336,2.8990724086761475
validation,3,12,34,386,2.8462491035461426
validation,3,12,35,430,2.766731023788452
validation,3,12,36,359,2.3661656379699707
validation,3,12,37,172,2.9922938346862793
validation,3,12,38,495,3.117218017578125
validation,3,12,39,287,2.8349950313568115
validation,3,12,40,31,2.5024566650390625
validation,3,12,41,343,2.8100881576538086
validation,3,12,42,508,2.8882696628570557
validation,3,12,43,15,2.5582358837127686
validation,3,12,44,228,2.9062020778656006
validation,3,12,45,2,2.442577838897705
validation,3,12,46,241,2.891752004623413
validation,3,12,47,318,2.940009593963623
validation,3,12,48,255,2.583054780960083
validation,3,12,49,184,2.698117256164551
validation,3,12,50,46,2.8089780807495117
validation,3,12,51,51,2.9337234497070312
validation,3,12,52,407,2.660653591156006
validation,3,12,53,268,2.176024913787842
validation,3,12,54,479,2.8959009647369385
validation,3,12,55,385,2.6831023693084717
validation,3,12,56,213,2.1851212978363037
validation,3,12,57,20,2.70214581489563
validation,3,12,58,175,3.2769205570220947
validation,3,12,59,326,2.80229115486145
validation,3,12,60,141,2.8224434852600098
validation,3,12,61,517,3.411329746246338
validation,3,12,62,59,3.059298515319824
validation,3,12,63,240,2.703430652618408
validation,3,15,0,121,2.706700563430786
validation,3,15,1,414,2.4108293056488037
validation,3,15,2,134,2.6554057598114014
validation,3,15,3,21,2.508113384246826
validation,3,15,4,498,2.3669345378875732
validation,3,15,5,323,3.200315237045288
validation,3,15,6,63,2.233396053314209
validation,3,15,7,108,2.4502995014190674
validation,3,15,8,237,2.60789155960083
validation,3,15,9,412,2.699633836746216
validation,3,15,10,42,2.468637466430664
validation,3,15,11,305,2.778576612472534
validation,3,15,12,496,2.9071929454803467
validation,3,15,13,208,2.664135456085205
validation,3,15,14,329,2.419719696044922
validation,3,15,15,104,2.610987901687622
validation,3,15,16,383,2.737333297729492
validation,3,15,17,396,2.6171202659606934
validation,3,15,18,375,3.0381219387054443
validation,3,15,19,222,2.4260880947113037
validation,3,15,20,224,3.0613021850585938
validation,3,15,21,159,2.895151138305664
validation,3,15,22,523,2.9320030212402344
validation,3,15,23,229,3.114070415496826
validation,3,15,24,440,2.9881372451782227
validation,3,15,25,378,2.740307092666626
validation,3,15,26,35,3.2382185459136963
validation,3,15,27,157,2.8133537769317627
validation,3,15,28,484,2.5941715240478516
validation,3,15,29,315,2.938915729522705
validation,3,15,30,361,2.9196250438690186
validation,3,15,31,499,3.1245007514953613
validation,3,15,32,418,2.731572151184082
validation,3,15,33,336,2.8767359256744385
validation,3,15,34,386,2.8393259048461914
validation,3,15,35,430,2.705141544342041
validation,3,15,36,359,2.372774124145508
validation,3,15,37,172,3.022700786590576
validation,3,15,38,495,3.0955843925476074
validation,3,15,39,287,2.8537673950195312
validation,3,15,40,31,2.4752354621887207
validation,3,15,41,343,2.795311689376831
validation,3,15,42,508,2.86921763420105
validation,3,15,43,15,2.546236276626587
validation,3,15,44,228,2.920220375061035
validation,3,15,45,2,2.448547601699829
validation,3,15,46,241,2.8690221309661865
validation,3,15,47,318,2.9420931339263916
validation,3,15,48,255,2.5788886547088623
validation,3,15,49,184,2.716191053390503
validation,3,15,50,46,2.7884256839752197
validation,3,15,51,51,2.9444844722747803
validation,3,15,52,407,2.629786968231201
validation,3,15,53,268,2.1276540756225586
validation,3,15,54,479,2.9291653633117676
validation,3,15,55,385,2.6436142921447754
validation,3,15,56,213,2.210392713546753
validation,3,15,57,20,2.6964755058288574
validation,3,15,58,175,3.2159111499786377
validation,3,15,59,326,2.8217594623565674
validation,3,15,60,141,2.805553436279297
validation,3,15,61,517,3.4150614738464355
validation,3,15,62,59,3.0547678470611572
validation,3,15,63,240,2.634270191192627
validation,3,17,0,121,2.7201952934265137
validation,3,17,1,414,2.443293809890747
validation,3,17,2,134,2.7371904850006104
validation,3,17,3,21,2.5268964767456055
validation,3,17,4,498,2.412583827972412
validation,3,17,5,323,3.240588903427124
validation,3,17,6,63,2.232487201690674
validation,3,17,7,108,2.453793525695801
validation,3,17,8,237,2.6979498863220215
validation,3,17,9,412,2.7566497325897217
validation,3,17,10,42,2.531620740890503
validation,3,17,11,305,2.826157569885254
validation,3,17,12,496,2.936225652694702
validation,3,17,13,208,2.6783032417297363
validation,3,17,14,329,2.433518171310425
validation,3,17,15,104,2.66678524017334
validation,3,17,16,383,2.7855589389801025
validation,3,17,17,396,2.6888158321380615
validation,3,17,18,375,3.0783917903900146
validation,3,17,19,222,2.504730224609375
validation,3,17,20,224,3.093306064605713
validation,3,17,21,159,2.989506721496582
validation,3,17,22,523,2.931978940963745
validation,3,17,23,229,3.157788038253784
validation,3,17,24,440,3.0040080547332764
validation,3,17,25,378,2.787100315093994
validation,3,17,26,35,3.220248222351074
validation,3,17,27,157,2.8036251068115234
validation,3,17,28,484,2.650312900543213
validation,3,17,29,315,3.0427322387695312
validation,3,17,30,361,2.933910608291626
validation,3,17,31,499,3.134126901626587
validation,3,17,32,418,2.830857753753662
validation,3,17,33,336,2.920708656311035
validation,3,17,34,386,2.828234910964966
validation,3,17,35,430,2.771136999130249
validation,3,17,36,359,2.4185009002685547
validation,3,17,37,172,3.0031485557556152
validation,3,17,38,495,3.118361473083496
validation,3,17,39,287,2.9298529624938965
validation,3,17,40,31,2.5230164527893066
validation,3,17,41,343,2.8191702365875244
validation,3,17,42,508,2.9583277702331543
validation,3,17,43,15,2.6082000732421875
validation,3,17,44,228,2.9850499629974365
validation,3,17,45,2,2.4837653636932373
validation,3,17,46,241,2.9060449600219727
validation,3,17,47,318,2.976416826248169
validation,3,17,48,255,2.6121716499328613
validation,3,17,49,184,2.7552249431610107
validation,3,17,50,46,2.861818790435791
validation,3,17,51,51,2.9814813137054443
validation,3,17,52,407,2.730923652648926
validation,3,17,53,268,2.1896984577178955
validation,3,17,54,479,2.973846435546875
validation,3,17,55,385,2.70827579498291
validation,3,17,56,213,2.2757437229156494
validation,3,17,57,20,2.7398760318756104
validation,3,17,58,175,3.2741541862487793
validation,3,17,59,326,2.84780216217041
validation,3,17,60,141,2.8197436332702637
validation,3,17,61,517,3.4632551670074463
validation,3,17,62,59,3.026219129562378
validation,3,17,63,240,2.671096086502075
validation,3,19,0,121,2.799306869506836
validation,3,19,1,414,2.540485382080078
validation,3,19,2,134,2.784910202026367
validation,3,19,3,21,2.5687098503112793
validation,3,19,4,498,2.4772377014160156
validation,3,19,5,323,3.3167166709899902
validation,3,19,6,63,2.3105669021606445
validation,3,19,7,108,2.5783591270446777
validation,3,19,8,237,2.7902071475982666
validation,3,19,9,412,2.8011438846588135
validation,3,19,10,42,2.6298320293426514
validation,3,19,11,305,2.9257800579071045
validation,3,19,12,496,3.013127088546753
validation,3,19,13,208,2.7270445823669434
validation,3,19,14,329,2.5524380207061768
validation,3,19,15,104,2.709437370300293
validation,3,19,16,383,2.8551039695739746
validation,3,19,17,396,2.7553842067718506
validation,3,19,18,375,3.146415948867798
validation,3,19,19,222,2.6007986068725586
validation,3,19,20,224,3.1311192512512207
validation,3,19,21,159,3.0599589347839355
validation,3,19,22,523,2.9854183197021484
validation,3,19,23,229,3.232501268386841
validation,3,19,24,440,3.1389689445495605
validation,3,19,25,378,2.8787150382995605
validation,3,19,26,35,3.2952263355255127
validation,3,19,27,157,2.961221694946289
validation,3,19,28,484,2.6835014820098877
validation,3,19,29,315,3.12558650970459
validation,3,19,30,361,3.0563466548919678
validation,3,19,31,499,3.1733884811401367
validation,3,19,32,418,2.8698372840881348
validation,3,19,33,336,2.937340259552002
validation,3,19,34,386,2.9244587421417236
validation,3,19,35,430,2.8324625492095947
validation,3,19,36,359,2.5643210411071777
validation,3,19,37,172,3.1032965183258057
validation,3,19,38,495,3.231635570526123
validation,3,19,39,287,2.9770748615264893
validation,3,19,40,31,2.5997493267059326
validation,3,19,41,343,2.903465986251831
validation,3,19,42,508,2.9624438285827637
validation,3,19,43,15,2.6221582889556885
validation,3,19,44,228,2.96144962310791
validation,3,19,45,2,2.5915613174438477
validation,3,19,46,241,2.9879117012023926
validation,3,19,47,318,3.032759189605713
validation,3,19,48,255,2.6718108654022217
validation,3,19,49,184,2.796274185180664
validation,3,19,50,46,2.9063775539398193
validation,3,19,51,51,3.0616166591644287
validation,3,19,52,407,2.8322043418884277
validation,3,19,53,268,2.311033010482788
validation,3,19,54,479,3.0138416290283203
validation,3,19,55,385,2.8795974254608154
validation,3,19,56,213,2.3666553497314453
validation,3,19,57,20,2.780489444732666
validation,3,19,58,175,3.3472304344177246
validation,3,19,59,326,2.8900535106658936
validation,3,19,60,141,2.9006495475769043
validation,3,19,61,517,3.5519020557403564
validation,3,19,62,59,3.0883889198303223
validation,3,19,63,240,2.784104585647583
validation,3,21,0,121,2.7621474266052246
validation,3,21,1,414,2.5746147632598877
validation,3,21,2,134,2.786329746246338
validation,3,21,3,21,2.6740407943725586
validation,3,21,4,498,2.548097610473633
validation,3,21,5,323,3.273916006088257
validation,3,21,6,63,2.352781295776367
validation,3,21,7,108,2.5765202045440674
validation,3,21,8,237,2.7664523124694824
validation,3,21,9,412,2.806831121444702
validation,3,21,10,42,2.6587014198303223
validation,3,21,11,305,2.916628122329712
validation,3,21,12,496,3.0011372566223145
validation,3,21,13,208,2.7865817546844482
validation,3,21,14,329,2.6221728324890137
validation,3,21,15,104,2.778809070587158
validation,3,21,16,383,2.89369797706604
validation,3,21,17,396,2.738070249557495
validation,3,21,18,375,3.0982320308685303
validation,3,21,19,222,2.618506908416748
validation,3,21,20,224,3.127070426940918
validation,3,21,21,159,3.24420428276062
validation,3,21,22,523,3.0179436206817627
validation,3,21,23,229,3.223275899887085
validation,3,21,24,440,3.1516356468200684
validation,3,21,25,378,2.8693535327911377
validation,3,21,26,35,3.296788454055786
validation,3,21,27,157,2.9708311557769775
validation,3,21,28,484,2.6816887855529785
validation,3,21,29,315,3.339233636856079
validation,3,21,30,361,3.0304653644561768
validation,3,21,31,499,3.254316568374634
validation,3,21,32,418,2.8530406951904297
validation,3,21,33,336,2.998445749282837
validation,3,21,34,386,3.019151449203491
validation,3,21,35,430,2.783963203430176
validation,3,21,36,359,2.5598881244659424
validation,3,21,37,172,3.0830273628234863
validation,3,21,38,495,3.14308762550354
validation,3,21,39,287,2.925294876098633
validation,3,21,40,31,2.6875290870666504
validation,3,21,41,343,2.980907917022705
validation,3,21,42,508,3.0317702293395996
validation,3,21,43,15,2.6307129859924316
validation,3,21,44,228,3.0360023975372314
validation,3,21,45,2,2.5746521949768066
validation,3,21,46,241,3.103750228881836
validation,3,21,47,318,3.068164348602295
validation,3,21,48,255,2.7236599922180176
validation,3,21,49,184,2.7780542373657227
validation,3,21,50,46,2.923229694366455
validation,3,21,51,51,3.05275297164917
validation,3,21,52,407,2.8174524307250977
validation,3,21,53,268,2.2423813343048096
validation,3,21,54,479,3.0457656383514404
validation,3,21,55,385,2.9567196369171143
validation,3,21,56,213,2.3030874729156494
validation,3,21,57,20,2.8690991401672363
validation,3,21,58,175,3.3111085891723633
validation,3,21,59,326,2.945154905319214
validation,3,21,60,141,2.90116024017334
validation,3,21,61,517,3.640847682952881
validation,3,21,62,59,3.101868152618408
validation,3,21,63,240,2.8095686435699463
validation,3,24,0,121,2.825892448425293
validation,3,24,1,414,2.5471372604370117
validation,3,24,2,134,2.7652175426483154
validation,3,24,3,21,2.600184202194214
validation,3,24,4,498,2.440217971801758
validation,3,24,5,323,3.2749974727630615
validation,3,24,6,63,2.275383710861206
validation,3,24,7,108,2.561251640319824
validation,3,24,8,237,2.7720279693603516
validation,3,24,9,412,2.8950228691101074
validation,3,24,10,42,2.6044347286224365
validation,3,24,11,305,3.0200397968292236
validation,3,24,12,496,3.0456702709198
validation,3,24,13,208,2.8548600673675537
validation,3,24,14,329,2.514509439468384
validation,3,24,15,104,2.686091423034668
validation,3,24,16,383,2.922612190246582
validation,3,24,17,396,2.7394914627075195
validation,3,24,18,375,3.101916551589966
validation,3,24,19,222,2.5647976398468018
validation,3,24,20,224,3.1819262504577637
validation,3,24,21,159,3.1486897468566895
validation,3,24,22,523,3.022994041442871
validation,3,24,23,229,3.2803571224212646
validation,3,24,24,440,3.166848659515381
validation,3,24,25,378,2.862020969390869
validation,3,24,26,35,3.2529797554016113
validation,3,24,27,157,3.001908302307129
validation,3,24,28,484,2.648314952850342
validation,3,24,29,315,3.059387445449829
validation,3,24,30,361,3.0176186561584473
validation,3,24,31,499,3.228527545928955
validation,3,24,32,418,2.897794008255005
validation,3,24,33,336,3.0669803619384766
validation,3,24,34,386,2.9381511211395264
validation,3,24,35,430,2.8501672744750977
validation,3,24,36,359,2.5164084434509277
validation,3,24,37,172,3.186859369277954
validation,3,24,38,495,3.165681838989258
validation,3,24,39,287,2.9345004558563232
validation,3,24,40,31,2.5564393997192383
validation,3,24,41,343,3.0030555725097656
validation,3,24,42,508,2.993501901626587
validation,3,24,43,15,2.6716578006744385
validation,3,24,44,228,3.0297679901123047
validation,3,24,45,2,2.5843284130096436
validation,3,24,46,241,3.084637403488159
validation,3,24,47,318,2.9914019107818604
validation,3,24,48,255,2.7343835830688477
validation,3,24,49,184,2.767810344696045
validation,3,24,50,46,2.8815176486968994
validation,3,24,51,51,3.0360288619995117
validation,3,24,52,407,2.8305702209472656
validation,3,24,53,268,2.1674625873565674
validation,3,24,54,479,3.0380237102508545
validation,3,24,55,385,2.7894444465637207
validation,3,24,56,213,2.3181354999542236
validation,3,24,57,20,2.8898544311523438
validation,3,24,58,175,3.287468194961548
validation,3,24,59,326,2.9374706745147705
validation,3,24,60,141,2.922194242477417
validation,3,24,61,517,3.574260711669922
validation,3,24,62,59,3.0298852920532227
validation,3,24,63,240,2.777766704559326
validation,3,26,0,121,2.876209259033203
validation,3,26,1,414,2.631577491760254
validation,3,26,2,134,2.8843421936035156
validation,3,26,3,21,2.755314588546753
validation,3,26,4,498,2.7125518321990967
validation,3,26,5,323,3.4259533882141113
validation,3,26,6,63,2.4753193855285645
validation,3,26,7,108,2.5862255096435547
validation,3,26,8,237,2.904025077819824
validation,3,26,9,412,2.9978065490722656
validation,3,26,10,42,2.7112369537353516
validation,3,26,11,305,3.184109687805176
validation,3,26,12,496,3.2136788368225098
validation,3,26,13,208,2.813615560531616
validation,3,26,14,329,2.7138314247131348
validation,3,26,15,104,2.922020435333252
validation,3,26,16,383,2.9901669025421143
validation,3,26,17,396,2.963860034942627
validation,3,26,18,375,3.2549612522125244
validation,3,26,19,222,2.7405593395233154
validation,3,26,20,224,3.303696632385254
validation,3,26,21,159,3.3775038719177246
validation,3,26,22,523,3.225058078765869
validation,3,26,23,229,3.3531501293182373
validation,3,26,24,440,3.209787607192993
validation,3,26,25,378,2.9660377502441406
validation,3,26,26,35,3.3731324672698975
validation,3,26,27,157,3.1855714321136475
validation,3,26,28,484,2.7734789848327637
validation,3,26,29,315,3.3560988903045654
validation,3,26,30,361,3.169759511947632
validation,3,26,31,499,3.359025716781616
validation,3,26,32,418,3.012097120285034
validation,3,26,33,336,3.111159086227417
validation,3,26,34,386,3.0828452110290527
validation,3,26,35,430,2.9174885749816895
validation,3,26,36,359,2.6575019359588623
validation,3,26,37,172,3.237887144088745
validation,3,26,38,495,3.301581382751465
validation,3,26,39,287,3.0926663875579834
validation,3,26,40,31,2.7293293476104736
validation,3,26,41,343,3.0492236614227295
validation,3,26,42,508,3.1797754764556885
validation,3,26,43,15,2.802243709564209
validation,3,26,44,228,3.1763107776641846
validation,3,26,45,2,2.7743494510650635
validation,3,26,46,241,3.1152422428131104
validation,3,26,47,318,3.227185010910034
validation,3,26,48,255,2.831995964050293
validation,3,26,49,184,2.9671738147735596
validation,3,26,50,46,3.0428531169891357
validation,3,26,51,51,3.1048996448516846
validation,3,26,52,407,2.881347894668579
validation,3,26,53,268,2.3702337741851807
validation,3,26,54,479,3.189809560775757
validation,3,26,55,385,2.9984967708587646
validation,3,26,56,213,2.4925105571746826
validation,3,26,57,20,2.9242987632751465
validation,3,26,58,175,3.429368257522583
validation,3,26,59,326,3.118912696838379
validation,3,26,60,141,3.0610806941986084
validation,3,26,61,517,3.6138834953308105
validation,3,26,62,59,3.2261135578155518
validation,3,26,63,240,2.806101083755493
validation,6,8,0,121,2.793443202972412
validation,6,8,1,414,2.5855798721313477
validation,6,8,2,134,2.8199403285980225
validation,6,8,3,21,2.7167513370513916
validation,6,8,4,498,2.7675580978393555
validation,6,8,5,323,3.320976972579956
validation,6,8,6,63,2.381972551345825
validation,6,8,7,108,2.65574312210083
validation,6,8,8,237,2.8014562129974365
validation,6,8,9,412,2.8297173976898193
validation,6,8,10,42,2.5468945503234863
validation,6,8,11,305,2.8528428077697754
validation,6,8,12,496,3.1953628063201904
validation,6,8,13,208,2.8283400535583496
validation,6,8,14,329,2.6613218784332275
validation,6,8,15,104,2.7337486743927
validation,6,8,16,383,2.8753650188446045
validation,6,8,17,396,2.864314556121826
validation,6,8,18,375,3.260077476501465
validation,6,8,19,222,2.576759099960327
validation,6,8,20,224,3.396742343902588
validation,6,8,21,159,3.211303472518921
validation,6,8,22,523,3.114720106124878
validation,6,8,23,229,3.3414652347564697
validation,6,8,24,440,3.1455578804016113
validation,6,8,25,378,2.8760530948638916
validation,6,8,26,35,3.469571113586426
validation,6,8,27,157,2.994703531265259
validation,6,8,28,484,2.8237075805664062
validation,6,8,29,315,3.2014987468719482
validation,6,8,30,361,3.008687973022461
validation,6,8,31,499,3.324336290359497
validation,6,8,32,418,2.9807510375976562
validation,6,8,33,336,3.1243953704833984
validation,6,8,34,386,3.078906536102295
validation,6,8,35,430,2.933891773223877
validation,6,8,36,359,2.5544323921203613
validation,6,8,37,172,3.119594097137451
validation,6,8,38,495,3.301650285720825
validation,6,8,39,287,3.011259078979492
validation,6,8,40,31,2.4823296070098877
validation,6,8,41,343,2.956906318664551
validation,6,8,42,508,2.959005355834961
validation,6,8,43,15,2.66205096244812
validation,6,8,44,228,2.9871022701263428
validation,6,8,45,2,2.608705759048462
validation,6,8,46,241,2.770184278488159
validation,6,8,47,318,3.1698384284973145
validation,6,8,48,255,2.7985939979553223
validation,6,8,49,184,2.8128395080566406
validation,6,8,50,46,2.9304840564727783
validation,6,8,51,51,3.108619213104248
validation,6,8,52,407,2.797222375869751
validation,6,8,53,268,2.1405396461486816
validation,6,8,54,479,3.2786848545074463
validation,6,8,55,385,2.7976677417755127
validation,6,8,56,213,2.2666738033294678
validation,6,8,57,20,2.7914609909057617
validation,6,8,58,175,3.548879861831665
validation,6,8,59,326,2.91934871673584
validation,6,8,60,141,2.990241527557373
validation,6,8,61,517,3.7250757217407227
validation,6,8,62,59,3.3724589347839355
validation,6,8,63,240,2.8615379333496094
validation,6,10,0,121,2.7075114250183105
validation,6,10,1,414,2.3386082649230957
validation,6,10,2,134,2.5860888957977295
validation,6,10,3,21,2.450503349304199
validation,6,10,4,498,2.517213821411133
validation,6,10,5,323,3.1354312896728516
validation,6,10,6,63,2.251641035079956
validation,6,10,7,108,2.3500611782073975
validation,6,10,8,237,2.5318121910095215
validation,6,10,9,412,2.6194794178009033
validation,6,10,10,42,2.498945474624634
validation,6,10,11,305,2.7435238361358643
validation,6,10,12,496,2.835310220718384
validation,6,10,13,208,2.624289035797119
validation,6,10,14,329,2.4146854877471924
validation,6,10,15,104,2.555375099182129
validation,6,10,16,383,2.660524606704712
validation,6,10,17,396,2.6655702590942383
validation,6,10,18,375,3.0147335529327393
validation,6,10,19,222,2.426851749420166
validation,6,10,20,224,3.077502965927124
validation,6,10,21,159,2.92840838432312
validation,6,10,22,523,2.867781639099121
validation,6,10,23,229,3.0985240936279297
validation,6,10,24,440,3.054013967514038
validation,6,10,25,378,2.6571147441864014
validation,6,10,26,35,3.1908419132232666
validation,6,10,27,157,2.746502637863159
validation,6,10,28,484,2.6615219116210938
validation,6,10,29,315,2.9762256145477295
validation,6,10,30,361,2.8328487873077393
validation,6,10,31,499,3.099790334701538
validation,6,10,32,418,2.7674038410186768
validation,6,10,33,336,2.8874833583831787
validation,6,10,34,386,2.807452917098999
validation,6,10,35,430,2.7150864601135254
validation,6,10,36,359,2.338557004928589
validation,6,10,37,172,2.995925188064575
validation,6,10,38,495,3.044379949569702
validation,6,10,39,287,2.79338002204895
validation,6,10,40,31,2.4465341567993164
validation,6,10,41,343,2.78950572013855
validation,6,10,42,508,2.8516030311584473
validation,6,10,43,15,2.5396924018859863
validation,6,10,44,228,2.8461058139801025
validation,6,10,45,2,2.4282519817352295
validation,6,10,46,241,2.621281623840332
validation,6,10,47,318,2.8963165283203125
validation,6,10,48,255,2.571218252182007
validation,6,10,49,184,2.7057716846466064
validation,6,10,50,46,2.7665388584136963
validation,6,10,51,51,2.8984673023223877
validation,6,10,52,407,2.635737419128418
validation,6,10,53,268,2.0613622665405273
validation,6,10,54,479,2.892197847366333
validation,6,10,55,385,2.6411633491516113
validation,6,10,56,213,2.1553192138671875
validation,6,10,57,20,2.627869129180908
validation,6,10,58,175,3.1807796955108643
validation,6,10,59,326,2.7470664978027344
validation,6,10,60,141,2.781982898712158
validation,6,10,61,517,3.2682840824127197
validation,6,10,62,59,2.9764344692230225
validation,6,10,63,240,2.6236093044281006
validation,6,12,0,121,2.6612846851348877
validation,6,12,1,414,2.3410277366638184
validation,6,12,2,134,2.642812967300415
validation,6,12,3,21,2.42989444732666
validation,6,12,4,498,2.435610294342041
validation,6,12,5,323,3.1089601516723633
validation,6,12,6,63,2.202636241912842
validation,6,12,7,108,2.3912241458892822
validation,6,12,8,237,2.560263156890869
validation,6,12,9,412,2.6541194915771484
validation,6,12,10,42,2.42582368850708
validation,6,12,11,305,2.7472078800201416
validation,6,12,12,496,2.845463991165161
validation,6,12,13,208,2.595322847366333
validation,6,12,14,329,2.3833327293395996
validation,6,12,15,104,2.548236608505249
validation,6,12,16,383,2.7052037715911865
validation,6,12,17,396,2.6661713123321533
validation,6,12,18,375,3.0311145782470703
validation,6,12,19,222,2.4148709774017334
validation,6,12,20,224,3.0416152477264404
validation,6,12,21,159,2.9423751831054688
validation,6,12,22,523,2.768623113632202
validation,6,12,23,229,3.090336322784424
validation,6,12,24,440,3.116879940032959
validation,6,12,25,378,2.686702251434326
validation,6,12,26,35,3.1729142665863037
validation,6,12,27,157,2.759213447570801
validation,6,12,28,484,2.6155219078063965
validation,6,12,29,315,2.946784257888794
validation,6,12,30,361,2.8680808544158936
validation,6,12,31,499,3.1180100440979004
validation,6,12,32,418,2.805976629257202
validation,6,12,33,336,2.8654167652130127
validation,6,12,34,386,2.777416944503784
validation,6,12,35,430,2.764423370361328
validation,6,12,36,359,2.3085227012634277
validation,6,12,37,172,2.9617390632629395
validation,6,12,38,495,3.016000270843506
validation,6,12,39,287,2.778900384902954
validation,6,12,40,31,2.4102914333343506
validation,6,12,41,343,2.776683807373047
validation,6,12,42,508,2.8166208267211914
validation,6,12,43,15,2.5337204933166504
validation,6,12,44,228,2.866945743560791
validation,6,12,45,2,2.4376907348632812
validation,6,12,46,241,2.6583821773529053
validation,6,12,47,318,2.8768489360809326
validation,6,12,48,255,2.5736851692199707
validation,6,12,49,184,2.7307496070861816
validation,6,12,50,46,2.7706687450408936
validation,6,12,51,51,2.9164018630981445
validation,6,12,52,407,2.645237445831299
validation,6,12,53,268,2.165243625640869
validation,6,12,54,479,2.874422311782837
validation,6,12,55,385,2.586195945739746
validation,6,12,56,213,2.136981964111328
validation,6,12,57,20,2.659780502319336
validation,6,12,58,175,3.206667423248291
validation,6,12,59,326,2.7507424354553223
validation,6,12,60,141,2.7594804763793945
validation,6,12,61,517,3.331810235977173
validation,6,12,62,59,3.012456178665161
validation,6,12,63,240,2.605358839035034
validation,6,15,0,121,2.6639392375946045
validation,6,15,1,414,2.3348324298858643
validation,6,15,2,134,2.58638858795166
validation,6,15,3,21,2.4092066287994385
validation,6,15,4,498,2.4846279621124268
validation,6,15,5,323,3.0921859741210938
validation,6,15,6,63,2.2347476482391357
validation,6,15,7,108,2.356241464614868
validation,6,15,8,237,2.505873441696167
validation,6,15,9,412,2.6386642456054688
validation,6,15,10,42,2.4304239749908447
validation,6,15,11,305,2.702758550643921
validation,6,15,12,496,2.8578028678894043
validation,6,15,13,208,2.624624013900757
validation,6,15,14,329,2.3674893379211426
validation,6,15,15,104,2.5941712856292725
validation,6,15,16,383,2.6790401935577393
validation,6,15,17,396,2.6453988552093506
validation,6,15,18,375,3.0444769859313965
validation,6,15,19,222,2.3976917266845703
validation,6,15,20,224,3.037545680999756
validation,6,15,21,159,2.918980598449707
validation,6,15,22,523,2.8414838314056396
validation,6,15,23,229,3.0753228664398193
validation,6,15,24,440,3.022937059402466
validation,6,15,25,378,2.6383864879608154
validation,6,15,26,35,3.1779286861419678
validation,6,15,27,157,2.7782204151153564
validation,6,15,28,484,2.6255998611450195
validation,6,15,29,315,2.936739921569824
validation,6,15,30,361,2.881986379623413
validation,6,15,31,499,3.12357759475708
validation,6,15,32,418,2.779217481613159
validation,6,15,33,336,2.8215794563293457
validation,6,15,34,386,2.7683756351470947
validation,6,15,35,430,2.7304718494415283
validation,6,15,36,359,2.3070812225341797
validation,6,15,37,172,2.9896647930145264
validation,6,15,38,495,3.0254392623901367
validation,6,15,39,287,2.7808969020843506
validation,6,15,40,31,2.390089511871338
validation,6,15,41,343,2.7700281143188477
validation,6,15,42,508,2.8102519512176514
validation,6,15,43,15,2.5150320529937744
validation,6,15,44,228,2.837723970413208
validation,6,15,45,2,2.4063894748687744
validation,6,15,46,241,2.621354103088379
validation,6,15,47,318,2.8770782947540283
validation,6,15,48,255,2.571676015853882
validation,6,15,49,184,2.712467670440674
validation,6,15,50,46,2.721867799758911
validation,6,15,51,51,2.8593854904174805
validation,6,15,52,407,2.6646416187286377
validation,6,15,53,268,2.0603835582733154
validation,6,15,54,479,2.8782384395599365
validation,6,15,55,385,2.590604066848755
validation,6,15,56,213,2.1196255683898926
validation,6,15,57,20,2.6185238361358643
validation,6,15,58,175,3.1653683185577393
validation,6,15,59,326,2.760361909866333
validation,6,15,60,141,2.7608678340911865
validation,6,15,61,517,3.249450445175171
validation,6,15,62,59,2.97855806350708
validation,6,15,63,240,2.55584454536438
validation,6,17,0,121,2.714958429336548
validation,6,17,1,414,2.347611904144287
validation,6,17,2,134,2.661372184753418
validation,6,17,3,21,2.4033594131469727
validation,6,17,4,498,2.533017158508301
validation,6,17,5,323,3.1498634815216064
validation,6,17,6,63,2.2308108806610107
validation,6,17,7,108,2.41086483001709
validation,6,17,8,237,2.5803496837615967
validation,6,17,9,412,2.666431188583374
validation,6,17,10,42,2.4890878200531006
validation,6,17,11,305,2.760444402694702
validation,6,17,12,496,2.8505351543426514
validation,6,17,13,208,2.607296943664551
validation,6,17,14,329,2.379723310470581
validation,6,17,15,104,2.642122268676758
validation,6,17,16,383,2.690408229827881
validation,6,17,17,396,2.6611061096191406
validation,6,17,18,375,3.0671932697296143
validation,6,17,19,222,2.4499080181121826
validation,6,17,20,224,3.1116952896118164
validation,6,17,21,159,3.0038187503814697
validation,6,17,22,523,2.833143949508667
validation,6,17,23,229,3.1209325790405273
validation,6,17,24,440,3.0104119777679443
validation,6,17,25,378,2.689425468444824
validation,6,17,26,35,3.206305980682373
validation,6,17,27,157,2.740467071533203
validation,6,17,28,484,2.658837080001831
validation,6,17,29,315,3.0290894508361816
validation,6,17,30,361,2.926927328109741
validation,6,17,31,499,3.133864641189575
validation,6,17,32,418,2.814023971557617
validation,6,17,33,336,2.829911708831787
validation,6,17,34,386,2.73429012298584
validation,6,17,35,430,2.733276128768921
validation,6,17,36,359,2.320322036743164
validation,6,17,37,172,2.9521965980529785
validation,6,17,38,495,3.087364673614502
validation,6,17,39,287,2.8359179496765137
validation,6,17,40,31,2.487234592437744
validation,6,17,41,343,2.782090425491333
validation,6,17,42,508,2.8974220752716064
validation,6,17,43,15,2.5354936122894287
validation,6,17,44,228,2.895671844482422
validation,6,17,45,2,2.4396722316741943
validation,6,17,46,241,2.676696300506592
validation,6,17,47,318,2.913015365600586
validation,6,17,48,255,2.5852389335632324
validation,6,17,49,184,2.7211415767669678
validation,6,17,50,46,2.755234718322754
validation,6,17,51,51,2.902294635772705
validation,6,17,52,407,2.7141764163970947
validation,6,17,53,268,2.1088714599609375
validation,6,17,54,479,2.869150161743164
validation,6,17,55,385,2.6570000648498535
validation,6,17,56,213,2.165595054626465
validation,6,17,57,20,2.6453664302825928
validation,6,17,58,175,3.1920130252838135
validation,6,17,59,326,2.7867238521575928
validation,6,17,60,141,2.763319492340088
validation,6,17,61,517,3.296001672744751
validation,6,17,62,59,2.99345064163208
validation,6,17,63,240,2.5768015384674072
validation,6,19,0,121,2.78236985206604
validation,6,19,1,414,2.4487414360046387
validation,6,19,2,134,2.690601110458374
validation,6,19,3,21,2.4642255306243896
validation,6,19,4,498,2.621495246887207
validation,6,19,5,323,3.2145912647247314
validation,6,19,6,63,2.3281302452087402
validation,6,19,7,108,2.491766929626465
validation,6,19,8,237,2.640638589859009
validation,6,19,9,412,2.71573805809021
validation,6,19,10,42,2.570077419281006
validation,6,19,11,305,2.8019461631774902
validation,6,19,12,496,2.9313676357269287
validation,6,19,13,208,2.6985301971435547
validation,6,19,14,329,2.4495034217834473
validation,6,19,15,104,2.6946892738342285
validation,6,19,16,383,2.792670249938965
validation,6,19,17,396,2.7474052906036377
validation,6,19,18,375,3.1750011444091797
validation,6,19,19,222,2.5275516510009766
validation,6,19,20,224,3.1047067642211914
validation,6,19,21,159,3.0537238121032715
validation,6,19,22,523,2.8584208488464355
validation,6,19,23,229,3.2153429985046387
validation,6,19,24,440,3.1501972675323486
validation,6,19,25,378,2.7828752994537354
validation,6,19,26,35,3.2551774978637695
validation,6,19,27,157,2.8914730548858643
validation,6,19,28,484,2.6779325008392334
validation,6,19,29,315,3.0891988277435303
validation,6,19,30,361,3.068936586380005
validation,6,19,31,499,3.2034103870391846
validation,6,19,32,418,2.9187564849853516
validation,6,19,33,336,2.8827898502349854
validation,6,19,34,386,2.8297128677368164
validation,6,19,35,430,2.778740644454956
validation,6,19,36,359,2.399787664413452
validation,6,19,37,172,3.0055387020111084
validation,6,19,38,495,3.1718389987945557
validation,6,19,39,287,2.9086110591888428
validation,6,19,40,31,2.5861165523529053
validation,6,19,41,343,2.886340856552124
validation,6,19,42,508,2.907853364944458
validation,6,19,43,15,2.5835070610046387
validation,6,19,44,228,2.909137010574341
validation,6,19,45,2,2.5141968727111816
validation,6,19,46,241,2.7742578983306885
validation,6,19,47,318,2.942862033843994
validation,6,19,48,255,2.654425859451294
validation,6,19,49,184,2.7985734939575195
validation,6,19,50,46,2.8555030822753906
validation,6,19,51,51,2.983553886413574
validation,6,19,52,407,2.828786611557007
validation,6,19,53,268,2.2288763523101807
validation,6,19,54,479,2.945272445678711
validation,6,19,55,385,2.724454164505005
validation,6,19,56,213,2.2484323978424072
validation,6,19,57,20,2.687140703201294
validation,6,19,58,175,3.273397445678711
validation,6,19,59,326,2.866431474685669
validation,6,19,60,141,2.8889694213867188
validation,6,19,61,517,3.352816581726074
validation,6,19,62,59,3.0985562801361084
validation,6,19,63,240,2.656141996383667
validation,6,21,0,121,2.7755072116851807
validation,6,21,1,414,2.4804561138153076
validation,6,21,2,134,2.7010772228240967
validation,6,21,3,21,2.5505642890930176
validation,6,21,4,498,2.6826975345611572
validation,6,21,5,323,3.23616099357605
validation,6,21,6,63,2.354969024658203
validation,6,21,7,108,2.5682642459869385
validation,6,21,8,237,2.6766810417175293
validation,6,21,9,412,2.804616689682007
validation,6,21,10,42,2.577221393585205
validation,6,21,11,305,2.802412271499634
validation,6,21,12,496,2.94972562789917
validation,6,21,13,208,2.796314001083374
validation,6,21,14,329,2.484546422958374
validation,6,21,15,104,2.726860761642456
validation,6,21,16,383,2.8450076580047607
validation,6,21,17,396,2.7462775707244873
validation,6,21,18,375,3.1196422576904297
validation,6,21,19,222,2.5862112045288086
validation,6,21,20,224,3.156977653503418
validation,6,21,21,159,3.097243070602417
validation,6,21,22,523,2.9088125228881836
validation,6,21,23,229,3.2041590213775635
validation,6,21,24,440,3.1618423461914062
validation,6,21,25,378,2.789360523223877
validation,6,21,26,35,3.230375051498413
validation,6,21,27,157,2.871598243713379
validation,6,21,28,484,2.731553792953491
validation,6,21,29,315,3.199765205383301
validation,6,21,30,361,3.058840751647949
validation,6,21,31,499,3.2871294021606445
validation,6,21,32,418,2.852552890777588
validation,6,21,33,336,2.9393811225891113
validation,6,21,34,386,2.9621224403381348
validation,6,21,35,430,2.787216901779175
validation,6,21,36,359,2.399198532104492
validation,6,21,37,172,3.0803871154785156
validation,6,21,38,495,3.166059732437134
validation,6,21,39,287,2.8274831771850586
validation,6,21,40,31,2.635897636413574
validation,6,21,41,343,2.8984951972961426
validation,6,21,42,508,2.977017402648926
validation,6,21,43,15,2.627742290496826
validation,6,21,44,228,2.961066484451294
validation,6,21,45,2,2.516892910003662
validation,6,21,46,241,2.9256656169891357
validation,6,21,47,318,3.098395824432373
validation,6,21,48,255,2.7354776859283447
validation,6,21,49,184,2.800591230392456
validation,6,21,50,46,2.89497971534729
validation,6,21,51,51,2.938936233520508
validation,6,21,52,407,2.8362743854522705
validation,6,21,53,268,2.1193575859069824
validation,6,21,54,479,3.058176040649414
validation,6,21,55,385,2.7580084800720215
validation,6,21,56,213,2.1812825202941895
validation,6,21,57,20,2.7951149940490723
validation,6,21,58,175,3.2819254398345947
validation,6,21,59,326,2.94461989402771
validation,6,21,60,141,2.867033004760742
validation,6,21,61,517,3.412829875946045
validation,6,21,62,59,3.105628728866577
validation,6,21,63,240,2.71447491645813
validation,6,24,0,121,2.83386492729187
validation,6,24,1,414,2.465567111968994
validation,6,24,2,134,2.6966707706451416
validation,6,24,3,21,2.4929723739624023
validation,6,24,4,498,2.6292457580566406
validation,6,24,5,323,3.246182680130005
validation,6,24,6,63,2.293569803237915
validation,6,24,7,108,2.546732187271118
validation,6,24,8,237,2.6246440410614014
validation,6,24,9,412,2.822079658508301
validation,6,24,10,42,2.5597007274627686
validation,6,24,11,305,2.8780643939971924
validation,6,24,12,496,2.9900901317596436
validation,6,24,13,208,2.8382210731506348
validation,6,24,14,329,2.437129259109497
validation,6,24,15,104,2.698495864868164
validation,6,24,16,383,2.8972244262695312
validation,6,24,17,396,2.7455484867095947
validation,6,24,18,375,3.1279382705688477
validation,6,24,19,222,2.5207526683807373
validation,6,24,20,224,3.1758077144622803
validation,6,24,21,159,3.0848982334136963
validation,6,24,22,523,2.9544975757598877
validation,6,24,23,229,3.2228474617004395
validation,6,24,24,440,3.1886403560638428
validation,6,24,25,378,2.796523332595825
validation,6,24,26,35,3.214952230453491
validation,6,24,27,157,2.9416847229003906
validation,6,24,28,484,2.6839990615844727
validation,6,24,29,315,3.08172607421875
validation,6,24,30,361,3.0305733680725098
validation,6,24,31,499,3.26806640625
validation,6,24,32,418,2.9224188327789307
validation,6,24,33,336,2.986776828765869
validation,6,24,34,386,2.9250218868255615
validation,6,24,35,430,2.8470640182495117
validation,6,24,36,359,2.4124248027801514
validation,6,24,37,172,3.1531338691711426
validation,6,24,38,495,3.17707896232605
validation,6,24,39,287,2.8805391788482666
validation,6,24,40,31,2.5672385692596436
validation,6,24,41,343,2.928095579147339
validation,6,24,42,508,2.947887420654297
validation,6,24,43,15,2.6395328044891357
validation,6,24,44,228,2.996832847595215
validation,6,24,45,2,2.5428824424743652
validation,6,24,46,241,2.9190475940704346
validation,6,24,47,318,3.0423829555511475
validation,6,24,48,255,2.712705135345459
validation,6,24,49,184,2.811697244644165
validation,6,24,50,46,2.8319756984710693
validation,6,24,51,51,3.0008864402770996
validation,6,24,52,407,2.8789753913879395
validation,6,24,53,268,2.115399122238159
validation,6,24,54,479,3.018527030944824
validation,6,24,55,385,2.784069061279297
validation,6,24,56,213,2.2005646228790283
validation,6,24,57,20,2.776716947555542
validation,6,24,58,175,3.2580418586730957
validation,6,24,59,326,2.915208101272583
validation,6,24,60,141,2.9054625034332275
validation,6,24,61,517,3.4141509532928467
validation,6,24,62,59,3.059821844100952
validation,6,24,63,240,2.6736860275268555
validation,6,26,0,121,2.9149038791656494
validation,6,26,1,414,2.629488229751587
validation,6,26,2,134,2.8166897296905518
validation,6,26,3,21,2.6916165351867676
validation,6,26,4,498,2.9169435501098633
validation,6,26,5,323,3.447969913482666
validation,6,26,6,63,2.5022120475769043
validation,6,26,7,108,2.5930166244506836
validation,6,26,8,237,2.779052257537842
validation,6,26,9,412,3.0011470317840576
validation,6,26,10,42,2.694037675857544
validation,6,26,11,305,3.0335586071014404
validation,6,26,12,496,3.233095169067383
validation,6,26,13,208,2.8772454261779785
validation,6,26,14,329,2.645376443862915
validation,6,26,15,104,2.9088704586029053
validation,6,26,16,383,2.919891834259033
validation,6,26,17,396,2.983865737915039
validation,6,26,18,375,3.28255295753479
validation,6,26,19,222,2.6587603092193604
validation,6,26,20,224,3.301678419113159
validation,6,26,21,159,3.2803173065185547
validation,6,26,22,523,3.1539385318756104
validation,6,26,23,229,3.3332386016845703
validation,6,26,24,440,3.2754597663879395
validation,6,26,25,378,2.9504544734954834
validation,6,26,26,35,3.3425662517547607
validation,6,26,27,157,3.097262144088745
validation,6,26,28,484,2.7917776107788086
validation,6,26,29,315,3.334247589111328
validation,6,26,30,361,3.1774821281433105
validation,6,26,31,499,3.4469776153564453
validation,6,26,32,418,3.018312931060791
validation,6,26,33,336,3.0890347957611084
validation,6,26,34,386,3.100559949874878
validation,6,26,35,430,2.937453031539917
validation,6,26,36,359,2.5492043495178223
validation,6,26,37,172,3.273757219314575
validation,6,26,38,495,3.3249826431274414
validation,6,26,39,287,3.0138535499572754
validation,6,26,40,31,2.7613980770111084
validation,6,26,41,343,2.9968295097351074
validation,6,26,42,508,3.1178436279296875
validation,6,26,43,15,2.7991104125976562
validation,6,26,44,228,3.1566083431243896
validation,6,26,45,2,2.7388110160827637
validation,6,26,46,241,2.96783447265625
validation,6,26,47,318,3.26080060005188
validation,6,26,48,255,2.8309597969055176
validation,6,26,49,184,2.999081611633301
validation,6,26,50,46,3.0254344940185547
validation,6,26,51,51,3.0566678047180176
validation,6,26,52,407,2.902747392654419
validation,6,26,53,268,2.304234266281128
validation,6,26,54,479,3.203294277191162
validation,6,26,55,385,2.9554474353790283
validation,6,26,56,213,2.3512465953826904
validation,6,26,57,20,2.87878155708313
validation,6,26,58,175,3.4039313793182373
validation,6,26,59,326,3.1387455463409424
validation,6,26,60,141,3.0430409908294678
validation,6,26,61,517,3.5164945125579834
validation,6,26,62,59,3.298844337463379
validation,6,26,63,240,2.7170422077178955
validation,8,10,0,121,2.709322929382324
validation,8,10,1,414,2.364125967025757
validation,8,10,2,134,2.642937421798706
validation,8,10,3,21,2.5020222663879395
validation,8,10,4,498,2.399294137954712
validation,8,10,5,323,3.1169238090515137
validation,8,10,6,63,2.258258581161499
validation,8,10,7,108,2.404872417449951
validation,8,10,8,237,2.6157584190368652
validation,8,10,9,412,2.6370387077331543
validation,8,10,10,42,2.4686155319213867
validation,8,10,11,305,2.7940266132354736
validation,8,10,12,496,2.889927864074707
validation,8,10,13,208,2.584118127822876
validation,8,10,14,329,2.4983208179473877
validation,8,10,15,104,2.581045150756836
validation,8,10,16,383,2.675739288330078
validation,8,10,17,396,2.666062593460083
validation,8,10,18,375,3.121950387954712
validation,8,10,19,222,2.4379382133483887
validation,8,10,20,224,3.0875353813171387
validation,8,10,21,159,2.9958202838897705
validation,8,10,22,523,2.8978140354156494
validation,8,10,23,229,3.094778299331665
validation,8,10,24,440,3.071287155151367
validation,8,10,25,378,2.724595069885254
validation,8,10,26,35,3.2576394081115723
validation,8,10,27,157,2.7906432151794434
validation,8,10,28,484,2.715820789337158
validation,8,10,29,315,3.0431067943573
validation,8,10,30,361,2.9429497718811035
validation,8,10,31,499,3.0536751747131348
validation,8,10,32,418,2.7475833892822266
validation,8,10,33,336,2.99650239944458
validation,8,10,34,386,2.8832340240478516
validation,8,10,35,430,2.702144145965576
validation,8,10,36,359,2.4152023792266846
validation,8,10,37,172,3.083808183670044
validation,8,10,38,495,3.093672037124634
validation,8,10,39,287,2.82908296585083
validation,8,10,40,31,2.445924758911133
validation,8,10,41,343,2.8112778663635254
validation,8,10,42,508,2.855879068374634
validation,8,10,43,15,2.530277967453003
validation,8,10,44,228,2.860705852508545
validation,8,10,45,2,2.4624478816986084
validation,8,10,46,241,2.6539523601531982
validation,8,10,47,318,2.9474575519561768
validation,8,10,48,255,2.711810827255249
validation,8,10,49,184,2.750631809234619
validation,8,10,50,46,2.811018943786621
validation,8,10,51,51,3.005354881286621
validation,8,10,52,407,2.6772828102111816
validation,8,10,53,268,2.1121864318847656
validation,8,10,54,479,3.020296573638916
validation,8,10,55,385,2.643434762954712
validation,8,10,56,213,2.1574759483337402
validation,8,10,57,20,2.740292549133301
validation,8,10,58,175,3.3076584339141846
validation,8,10,59,326,2.8240716457366943
validation,8,10,60,141,2.825723648071289
validation,8,10,61,517,3.350722074508667
validation,8,10,62,59,3.0146102905273438
validation,8,10,63,240,2.6425187587738037
validation,8,12,0,121,2.7633800506591797
validation,8,12,1,414,2.445833683013916
validation,8,12,2,134,2.754272222518921
validation,8,12,3,21,2.5194268226623535
validation,8,12,4,498,2.346855640411377
validation,8,12,5,323,3.262692451477051
validation,8,12,6,63,2.2684848308563232
validation,8,12,7,108,2.5651028156280518
validation,8,12,8,237,2.683138608932495
validation,8,12,9,412,2.7778847217559814
validation,8,12,10,42,2.4291486740112305
validation,8,12,11,305,2.7535274028778076
validation,8,12,12,496,2.9412119388580322
validation,8,12,13,208,2.6648366451263428
validation,8,12,14,329,2.494340658187866
validation,8,12,15,104,2.5948731899261475
validation,8,12,16,383,2.7305562496185303
validation,8,12,17,396,2.7711117267608643
validation,8,12,18,375,3.181588888168335
validation,8,12,19,222,2.4588282108306885
validation,8,12,20,224,3.1898105144500732
validation,8,12,21,159,3.1184215545654297
validation,8,12,22,523,2.905754804611206
validation,8,12,23,229,3.209291934967041
validation,8,12,24,440,3.178276300430298
validation,8,12,25,378,2.6659538745880127
validation,8,12,26,35,3.367460250854492
validation,8,12,27,157,2.8069887161254883
validation,8,12,28,484,2.7860219478607178
validation,8,12,29,315,3.0364131927490234
validation,8,12,30,361,3.0247690677642822
validation,8,12,31,499,3.158876657485962
validation,8,12,32,418,2.886686086654663
validation,8,12,33,336,3.005079746246338
validation,8,12,34,386,2.9226512908935547
validation,8,12,35,430,2.81801438331604
validation,8,12,36,359,2.4493322372436523
validation,8,12,37,172,3.087952136993408
validation,8,12,38,495,3.143644094467163
validation,8,12,39,287,2.8281259536743164
validation,8,12,40,31,2.4758529663085938
validation,8,12,41,343,2.811807155609131
validation,8,12,42,508,2.9243998527526855
validation,8,12,43,15,2.5398175716400146
validation,8,12,44,228,2.875666379928589
validation,8,12,45,2,2.530564785003662
validation,8,12,46,241,2.6354880332946777
validation,8,12,47,318,2.964764356613159
validation,8,12,48,255,2.6939311027526855
validation,8,12,49,184,2.763549566268921
validation,8,12,50,46,2.833641290664673
validation,8,12,51,51,3.0621440410614014
validation,8,12,52,407,2.7135374546051025
validation,8,12,53,268,2.2057600021362305
validation,8,12,54,479,3.0134902000427246
validation,8,12,55,385,2.6810243129730225
validation,8,12,56,213,2.177816152572632
validation,8,12,57,20,2.7458560466766357
validation,8,12,58,175,3.3996596336364746
validation,8,12,59,326,2.8993632793426514
validation,8,12,60,141,2.8667116165161133
validation,8,12,61,517,3.398231029510498
validation,8,12,62,59,3.096832513809204
validation,8,12,63,240,2.686915159225464
validation,8,15,0,121,2.693763494491577
validation,8,15,1,414,2.333162784576416
validation,8,15,2,134,2.6288301944732666
validation,8,15,3,21,2.480600595474243
validation,8,15,4,498,2.433917284011841
validation,8,15,5,323,3.1505441665649414
validation,8,15,6,63,2.22174072265625
validation,8,15,7,108,2.423448324203491
validation,8,15,8,237,2.5543861389160156
validation,8,15,9,412,2.6572065353393555
validation,8,15,10,42,2.431410789489746
validation,8,15,11,305,2.7068989276885986
validation,8,15,12,496,2.87184476852417
validation,8,15,13,208,2.6080782413482666
validation,8,15,14,329,2.469773530960083
validation,8,15,15,104,2.5525262355804443
validation,8,15,16,383,2.6700963973999023
validation,8,15,17,396,2.6336255073547363
validation,8,15,18,375,3.10172963142395
validation,8,15,19,222,2.3749752044677734
validation,8,15,20,224,3.0914132595062256
validation,8,15,21,159,2.9907798767089844
validation,8,15,22,523,2.9272756576538086
validation,8,15,23,229,3.0896942615509033
validation,8,15,24,440,3.091405153274536
validation,8,15,25,378,2.6566238403320312
validation,8,15,26,35,3.2412161827087402
validation,8,15,27,157,2.7827486991882324
validation,8,15,28,484,2.7342991828918457
validation,8,15,29,315,2.9691169261932373
validation,8,15,30,361,2.9288742542266846
validation,8,15,31,499,3.1333565711975098
validation,8,15,32,418,2.790717124938965
validation,8,15,33,336,2.925729990005493
validation,8,15,34,386,2.852055549621582
validation,8,15,35,430,2.753136157989502
validation,8,15,36,359,2.4139063358306885
validation,8,15,37,172,3.010026454925537
validation,8,15,38,495,3.100245952606201
validation,8,15,39,287,2.763984203338623
validation,8,15,40,31,2.4494831562042236
validation,8,15,41,343,2.7837328910827637
validation,8,15,42,508,2.8567166328430176
validation,8,15,43,15,2.56506609916687
validation,8,15,44,228,2.8299012184143066
validation,8,15,45,2,2.454744338989258
validation,8,15,46,241,2.6230554580688477
validation,8,15,47,318,2.8964715003967285
validation,8,15,48,255,2.6385271549224854
validation,8,15,49,184,2.7265379428863525
validation,8,15,50,46,2.8075649738311768
validation,8,15,51,51,2.9925243854522705
validation,8,15,52,407,2.6333978176116943
validation,8,15,53,268,2.0841591358184814
validation,8,15,54,479,2.9758708477020264
validation,8,15,55,385,2.5912866592407227
validation,8,15,56,213,2.1625380516052246
validation,8,15,57,20,2.7083420753479004
validation,8,15,58,175,3.2687578201293945
validation,8,15,59,326,2.8148486614227295
validation,8,15,60,141,2.8320605754852295
validation,8,15,61,517,3.3636271953582764
validation,8,15,62,59,2.999077796936035
validation,8,15,63,240,2.635542392730713
validation,8,17,0,121,2.688265323638916
validation,8,17,1,414,2.380225419998169
validation,8,17,2,134,2.6782193183898926
validation,8,17,3,21,2.449897527694702
validation,8,17,4,498,2.4229660034179688
validation,8,17,5,323,3.1366844177246094
validation,8,17,6,63,2.191187858581543
validation,8,17,7,108,2.440443515777588
validation,8,17,8,237,2.6054539680480957
validation,8,17,9,412,2.6733815670013428
validation,8,17,10,42,2.5020430088043213
validation,8,17,11,305,2.793858289718628
validation,8,17,12,496,2.855883836746216
validation,8,17,13,208,2.604471206665039
validation,8,17,14,329,2.4592056274414062
validation,8,17,15,104,2.602727174758911
validation,8,17,16,383,2.6873602867126465
validation,8,17,17,396,2.6945061683654785
validation,8,17,18,375,3.1025142669677734
validation,8,17,19,222,2.4225659370422363
validation,8,17,20,224,3.1280314922332764
validation,8,17,21,159,3.0366556644439697
validation,8,17,22,523,2.876762628555298
validation,8,17,23,229,3.0827250480651855
validation,8,17,24,440,3.0810153484344482
validation,8,17,25,378,2.7135391235351562
validation,8,17,26,35,3.2393486499786377
validation,8,17,27,157,2.8011138439178467
validation,8,17,28,484,2.7465829849243164
validation,8,17,29,315,3.0238053798675537
validation,8,17,30,361,2.9812498092651367
validation,8,17,31,499,3.1090314388275146
validation,8,17,32,418,2.8394570350646973
validation,8,17,33,336,2.942772150039673
validation,8,17,34,386,2.817793607711792
validation,8,17,35,430,2.795893669128418
validation,8,17,36,359,2.415454864501953
validation,8,17,37,172,3.030428886413574
validation,8,17,38,495,3.141732931137085
validation,8,17,39,287,2.8102829456329346
validation,8,17,40,31,2.4836277961730957
validation,8,17,41,343,2.804119110107422
validation,8,17,42,508,2.9389283657073975
validation,8,17,43,15,2.557706594467163
validation,8,17,44,228,2.8604202270507812
validation,8,17,45,2,2.498927116394043
validation,8,17,46,241,2.615010976791382
validation,8,17,47,318,2.956117630004883
validation,8,17,48,255,2.6394143104553223
validation,8,17,49,184,2.7412095069885254
validation,8,17,50,46,2.830327033996582
validation,8,17,51,51,2.996023178100586
validation,8,17,52,407,2.7047059535980225
validation,8,17,53,268,2.151607036590576
validation,8,17,54,479,2.9302546977996826
validation,8,17,55,385,2.651806592941284
validation,8,17,56,213,2.1943840980529785
validation,8,17,57,20,2.7065446376800537
validation,8,17,58,175,3.2720847129821777
validation,8,17,59,326,2.8170692920684814
validation,8,17,60,141,2.832365036010742
validation,8,17,61,517,3.360344648361206
validation,8,17,62,59,3.0286591053009033
validation,8,17,63,240,2.64109468460083
validation,8,19,0,121,2.7805190086364746
validation,8,19,1,414,2.4505980014801025
validation,8,19,2,134,2.690786600112915
validation,8,19,3,21,2.4907875061035156
validation,8,19,4,498,2.5193052291870117
validation,8,19,5,323,3.283921241760254
validation,8,19,6,63,2.3203248977661133
validation,8,19,7,108,2.5307042598724365
validation,8,19,8,237,2.659040927886963
validation,8,19,9,412,2.7348225116729736
validation,8,19,10,42,2.5732474327087402
validation,8,19,11,305,2.846890687942505
validation,8,19,12,496,2.9739573001861572
validation,8,19,13,208,2.668381929397583
validation,8,19,14,329,2.541226863861084
validation,8,19,15,104,2.647690773010254
validation,8,19,16,383,2.7688591480255127
validation,8,19,17,396,2.7531967163085938
validation,8,19,18,375,3.2021827697753906
validation,8,19,19,222,2.5431928634643555
validation,8,19,20,224,3.1600077152252197
validation,8,19,21,159,3.07279109954834
validation,8,19,22,523,2.945201873779297
validation,8,19,23,229,3.19899320602417
validation,8,19,24,440,3.1952409744262695
validation,8,19,25,378,2.740506649017334
validation,8,19,26,35,3.341723680496216
validation,8,19,27,157,2.9708282947540283
validation,8,19,28,484,2.772353410720825
validation,8,19,29,315,3.0892221927642822
validation,8,19,30,361,3.0397133827209473
validation,8,19,31,499,3.173887252807617
validation,8,19,32,418,2.8791327476501465
validation,8,19,33,336,3.0205650329589844
validation,8,19,34,386,2.897662401199341
validation,8,19,35,430,2.83939266204834
validation,8,19,36,359,2.4530906677246094
validation,8,19,37,172,3.1093382835388184
validation,8,19,38,495,3.245283842086792
validation,8,19,39,287,2.8702313899993896
validation,8,19,40,31,2.5436625480651855
validation,8,19,41,343,2.9331130981445312
validation,8,19,42,508,2.9280123710632324
validation,8,19,43,15,2.585204839706421
validation,8,19,44,228,2.8850324153900146
validation,8,19,45,2,2.5357213020324707
validation,8,19,46,241,2.7517833709716797
validation,8,19,47,318,2.9858336448669434
validation,8,19,48,255,2.6997032165527344
validation,8,19,49,184,2.8040802478790283
validation,8,19,50,46,2.9174575805664062
validation,8,19,51,51,3.042567253112793
validation,8,19,52,407,2.816347360610962
validation,8,19,53,268,2.220824956893921
validation,8,19,54,479,3.0315723419189453
validation,8,19,55,385,2.7080559730529785
validation,8,19,56,213,2.273756504058838
validation,8,19,57,20,2.746072769165039
validation,8,19,58,175,3.3951303958892822
validation,8,19,59,326,2.888223171234131
validation,8,19,60,141,2.886897087097168
validation,8,19,61,517,3.4184019565582275
validation,8,19,62,59,3.125601053237915
validation,8,19,63,240,2.700355052947998
validation,8,21,0,121,2.8006043434143066
validation,8,21,1,414,2.5622305870056152
validation,8,21,2,134,2.751094341278076
validation,8,21,3,21,2.5848939418792725
validation,8,21,4,498,2.5798068046569824
validation,8,21,5,323,3.273031711578369
validation,8,21,6,63,2.348123073577881
validation,8,21,7,108,2.5827102661132812
validation,8,21,8,237,2.7069995403289795
validation,8,21,9,412,2.7539329528808594
validation,8,21,10,42,2.578444719314575
validation,8,21,11,305,2.870795726776123
validation,8,21,12,496,2.978368043899536
validation,8,21,13,208,2.766413927078247
validation,8,21,14,329,2.5732789039611816
validation,8,21,15,104,2.7003376483917236
validation,8,21,16,383,2.8602161407470703
validation,8,21,17,396,2.7810769081115723
validation,8,21,18,375,3.121344566345215
validation,8,21,19,222,2.542351007461548
validation,8,21,20,224,3.1443941593170166
validation,8,21,21,159,3.155971050262451
validation,8,21,22,523,2.9819765090942383
validation,8,21,23,229,3.1489343643188477
validation,8,21,24,440,3.2205581665039062
validation,8,21,25,378,2.8300371170043945
validation,8,21,26,35,3.303877353668213
validation,8,21,27,157,2.926823616027832
validation,8,21,28,484,2.8281397819519043
validation,8,21,29,315,3.215027093887329
validation,8,21,30,361,3.0327961444854736
validation,8,21,31,499,3.2566733360290527
validation,8,21,32,418,2.8885459899902344
validation,8,21,33,336,3.03472638130188
validation,8,21,34,386,2.998199701309204
validation,8,21,35,430,2.8593900203704834
validation,8,21,36,359,2.505737066268921
validation,8,21,37,172,3.1124894618988037
validation,8,21,38,495,3.2094626426696777
validation,8,21,39,287,2.839919090270996
validation,8,21,40,31,2.569277763366699
validation,8,21,41,343,2.95011305809021
validation,8,21,42,508,2.9733357429504395
validation,8,21,43,15,2.6323959827423096
validation,8,21,44,228,2.929797887802124
validation,8,21,45,2,2.588839530944824
validation,8,21,46,241,2.9653749465942383
validation,8,21,47,318,3.1298508644104004
validation,8,21,48,255,2.770876407623291
validation,8,21,49,184,2.8288912773132324
validation,8,21,50,46,2.9379913806915283
validation,8,21,51,51,3.0763864517211914
validation,8,21,52,407,2.7854108810424805
validation,8,21,53,268,2.150935173034668
validation,8,21,54,479,3.105656385421753
validation,8,21,55,385,2.7632663249969482
validation,8,21,56,213,2.2364308834075928
validation,8,21,57,20,2.8837058544158936
validation,8,21,58,175,3.358217716217041
validation,8,21,59,326,2.940925121307373
validation,8,21,60,141,2.9093093872070312
validation,8,21,61,517,3.468808650970459
validation,8,21,62,59,3.1999473571777344
validation,8,21,63,240,2.768092155456543
validation,8,24,0,121,2.841937780380249
validation,8,24,1,414,2.474325656890869
validation,8,24,2,134,2.776862144470215
validation,8,24,3,21,2.5498433113098145
validation,8,24,4,498,2.5141735076904297
validation,8,24,5,323,3.292419672012329
validation,8,24,6,63,2.255134105682373
validation,8,24,7,108,2.563594341278076
validation,8,24,8,237,2.721496343612671
validation,8,24,9,412,2.877547264099121
validation,8,24,10,42,2.56009578704834
validation,8,24,11,305,2.930180072784424
validation,8,24,12,496,3.035285711288452
validation,8,24,13,208,2.815786600112915
validation,8,24,14,329,2.4873576164245605
validation,8,24,15,104,2.6578142642974854
validation,8,24,16,383,2.8798305988311768
validation,8,24,17,396,2.759591817855835
validation,8,24,18,375,3.1534359455108643
validation,8,24,19,222,2.5305867195129395
validation,8,24,20,224,3.2374048233032227
validation,8,24,21,159,3.188690185546875
validation,8,24,22,523,3.001563310623169
validation,8,24,23,229,3.2173988819122314
validation,8,24,24,440,3.2792837619781494
validation,8,24,25,378,2.789747714996338
validation,8,24,26,35,3.261941432952881
validation,8,24,27,157,3.068962335586548
validation,8,24,28,484,2.7759296894073486
validation,8,24,29,315,3.0817623138427734
validation,8,24,30,361,3.0570309162139893
validation,8,24,31,499,3.25920033454895
validation,8,24,32,418,2.9702467918395996
validation,8,24,33,336,3.113389253616333
validation,8,24,34,386,2.961641788482666
validation,8,24,35,430,2.93249773979187
validation,8,24,36,359,2.5185418128967285
validation,8,24,37,172,3.252603769302368
validation,8,24,38,495,3.232984781265259
validation,8,24,39,287,2.8674631118774414
validation,8,24,40,31,2.5243730545043945
validation,8,24,41,343,2.98708438873291
validation,8,24,42,508,2.975987195968628
validation,8,24,43,15,2.7255876064300537
validation,8,24,44,228,2.980503559112549
validation,8,24,45,2,2.5741207599639893
validation,8,24,46,241,2.8659634590148926
validation,8,24,47,318,3.0454330444335938
validation,8,24,48,255,2.756847858428955
validation,8,24,49,184,2.8261053562164307
validation,8,24,50,46,2.916809558868408
validation,8,24,51,51,3.0859429836273193
validation,8,24,52,407,2.859588623046875
validation,8,24,53,268,2.159296751022339
validation,8,24,54,479,3.127457857131958
validation,8,24,55,385,2.7790253162384033
validation,8,24,56,213,2.282517433166504
validation,8,24,57,20,2.869572401046753
validation,8,24,58,175,3.3239669799804688
validation,8,24,59,326,2.9544856548309326
validation,8,24,60,141,2.9816596508026123
validation,8,24,61,517,3.4767398834228516
validation,8,24,62,59,3.1213176250457764
validation,8,24,63,240,2.742605686187744
validation,8,26,0,121,2.926157236099243
validation,8,26,1,414,2.7241568565368652
validation,8,26,2,134,2.9144270420074463
validation,8,26,3,21,2.7601478099823
validation,8,26,4,498,2.8044111728668213
validation,8,26,5,323,3.520202398300171
validation,8,26,6,63,2.496962785720825
validation,8,26,7,108,2.647163152694702
validation,8,26,8,237,2.86380934715271
validation,8,26,9,412,2.9889628887176514
validation,8,26,10,42,2.6980624198913574
validation,8,26,11,305,3.077274799346924
validation,8,26,12,496,3.20947265625
validation,8,26,13,208,2.8308029174804688
validation,8,26,14,329,2.717127561569214
validation,8,26,15,104,2.8478024005889893
validation,8,26,16,383,2.931276798248291
validation,8,26,17,396,3.0045111179351807
validation,8,26,18,375,3.3096213340759277
validation,8,26,19,222,2.671038866043091
validation,8,26,20,224,3.3505327701568604
validation,8,26,21,159,3.3013672828674316
validation,8,26,22,523,3.2352888584136963
validation,8,26,23,229,3.371572494506836
validation,8,26,24,440,3.3321468830108643
validation,8,26,25,378,2.9429843425750732
validation,8,26,26,35,3.423729658126831
validation,8,26,27,157,3.1779861450195312
validation,8,26,28,484,2.836972713470459
validation,8,26,29,315,3.431779146194458
validation,8,26,30,361,3.202829360961914
validation,8,26,31,499,3.401632070541382
validation,8,26,32,418,3.0312483310699463
validation,8,26,33,336,3.197826385498047
validation,8,26,34,386,3.110046863555908
validation,8,26,35,430,3.002178192138672
validation,8,26,36,359,2.6343398094177246
validation,8,26,37,172,3.302834987640381
validation,8,26,38,495,3.3681931495666504
validation,8,26,39,287,3.0013182163238525
validation,8,26,40,31,2.7154252529144287
validation,8,26,41,343,3.0662882328033447
validation,8,26,42,508,3.1987526416778564
validation,8,26,43,15,2.8460328578948975
validation,8,26,44,228,3.129516363143921
validation,8,26,45,2,2.7959377765655518
validation,8,26,46,241,2.968345880508423
validation,8,26,47,318,3.2819390296936035
validation,8,26,48,255,2.899749517440796
validation,8,26,49,184,3.028623104095459
validation,8,26,50,46,3.0797600746154785
validation,8,26,51,51,3.133626699447632
validation,8,26,52,407,2.8947572708129883
validation,8,26,53,268,2.3176145553588867
validation,8,26,54,479,3.243640184402466
validation,8,26,55,385,2.8919620513916016
validation,8,26,56,213,2.4305129051208496
validation,8,26,57,20,2.977320671081543
validation,8,26,58,175,3.495640754699707
validation,8,26,59,326,3.164536237716675
validation,8,26,60,141,3.1237640380859375
validation,8,26,61,517,3.572693109512329
validation,8,26,62,59,3.3579087257385254
validation,8,26,63,240,2.774240016937256
validation,10,12,0,121,2.660029411315918
validation,10,12,1,414,2.2570269107818604
validation,10,12,2,134,2.5892508029937744
validation,10,12,3,21,2.386470317840576
validation,10,12,4,498,2.352221727371216
validation,10,12,5,323,3.0869503021240234
validation,10,12,6,63,2.155470371246338
validation,10,12,7,108,2.362262725830078
validation,10,12,8,237,2.501662015914917
validation,10,12,9,412,2.564728260040283
validation,10,12,10,42,2.4277725219726562
validation,10,12,11,305,2.6874148845672607
validation,10,12,12,496,2.7925002574920654
validation,10,12,13,208,2.561307430267334
validation,10,12,14,329,2.4433274269104004
validation,10,12,15,104,2.4932663440704346
validation,10,12,16,383,2.692664623260498
validation,10,12,17,396,2.5725607872009277
validation,10,12,18,375,2.9904708862304688
validation,10,12,19,222,2.3787682056427
validation,10,12,20,224,3.067021608352661
validation,10,12,21,159,2.8414852619171143
validation,10,12,22,523,2.74079966545105
validation,10,12,23,229,3.06919264793396
validation,10,12,24,440,3.041886329650879
validation,10,12,25,378,2.6154134273529053
validation,10,12,26,35,3.177281141281128
validation,10,12,27,157,2.7046868801116943
validation,10,12,28,484,2.6328506469726562
validation,10,12,29,315,2.9292330741882324
validation,10,12,30,361,2.85923171043396
validation,10,12,31,499,3.0726187229156494
validation,10,12,32,418,2.7453126907348633
validation,10,12,33,336,2.864245891571045
validation,10,12,34,386,2.789484977722168
validation,10,12,35,430,2.706641435623169
validation,10,12,36,359,2.3507962226867676
validation,10,12,37,172,2.959219217300415
validation,10,12,38,495,2.992260217666626
validation,10,12,39,287,2.772346258163452
validation,10,12,40,31,2.4044015407562256
validation,10,12,41,343,2.741736888885498
validation,10,12,42,508,2.8670296669006348
validation,10,12,43,15,2.4874565601348877
validation,10,12,44,228,2.7859373092651367
validation,10,12,45,2,2.3636724948883057
validation,10,12,46,241,2.579348564147949
validation,10,12,47,318,2.864773750305176
validation,10,12,48,255,2.5291316509246826
validation,10,12,49,184,2.7093138694763184
validation,10,12,50,46,2.747246503829956
validation,10,12,51,51,2.9134182929992676
validation,10,12,52,407,2.571317672729492
validation,10,12,53,268,2.0990207195281982
validation,10,12,54,479,2.9189653396606445
validation,10,12,55,385,2.5679125785827637
validation,10,12,56,213,2.1458957195281982
validation,10,12,57,20,2.585784673690796
validation,10,12,58,175,3.146238088607788
validation,10,12,59,326,2.803112506866455
validation,10,12,60,141,2.723391056060791
validation,10,12,61,517,3.2794430255889893
validation,10,12,62,59,2.9126534461975098
validation,10,12,63,240,2.535041093826294
validation,10,15,0,121,2.698073625564575
validation,10,15,1,414,2.257934808731079
validation,10,15,2,134,2.5644989013671875
validation,10,15,3,21,2.4507055282592773
validation,10,15,4,498,2.3869948387145996
validation,10,15,5,323,3.1499576568603516
validation,10,15,6,63,2.1918818950653076
validation,10,15,7,108,2.3506171703338623
validation,10,15,8,237,2.495274305343628
validation,10,15,9,412,2.5877699851989746
validation,10,15,10,42,2.4189395904541016
validation,10,15,11,305,2.6681928634643555
validation,10,15,12,496,2.850405693054199
validation,10,15,13,208,2.618619441986084
validation,10,15,14,329,2.397305727005005
validation,10,15,15,104,2.540637493133545
validation,10,15,16,383,2.6375131607055664
validation,10,15,17,396,2.57332444190979
validation,10,15,18,375,2.998896598815918
validation,10,15,19,222,2.3611278533935547
validation,10,15,20,224,3.031707763671875
validation,10,15,21,159,2.859379529953003
validation,10,15,22,523,2.864999294281006
validation,10,15,23,229,3.0689799785614014
validation,10,15,24,440,3.0600719451904297
validation,10,15,25,378,2.6112101078033447
validation,10,15,26,35,3.1753625869750977
validation,10,15,27,157,2.7636890411376953
validation,10,15,28,484,2.6499290466308594
validation,10,15,29,315,2.9530417919158936
validation,10,15,30,361,2.844571113586426
validation,10,15,31,499,3.1142759323120117
validation,10,15,32,418,2.6881155967712402
validation,10,15,33,336,2.8121395111083984
validation,10,15,34,386,2.788560152053833
validation,10,15,35,430,2.6987712383270264
validation,10,15,36,359,2.3740639686584473
validation,10,15,37,172,2.980372190475464
validation,10,15,38,495,3.010417938232422
validation,10,15,39,287,2.7509679794311523
validation,10,15,40,31,2.41444993019104
validation,10,15,41,343,2.7272939682006836
validation,10,15,42,508,2.8882200717926025
validation,10,15,43,15,2.5388343334198
validation,10,15,44,228,2.8241477012634277
validation,10,15,45,2,2.400885820388794
validation,10,15,46,241,2.573218584060669
validation,10,15,47,318,2.8715131282806396
validation,10,15,48,255,2.5857415199279785
validation,10,15,49,184,2.6895534992218018
validation,10,15,50,46,2.7577195167541504
validation,10,15,51,51,2.835056781768799
validation,10,15,52,407,2.526740789413452
validation,10,15,53,268,2.0606679916381836
validation,10,15,54,479,2.8997445106506348
validation,10,15,55,385,2.5859858989715576
validation,10,15,56,213,2.151125431060791
validation,10,15,57,20,2.6084811687469482
validation,10,15,58,175,3.134223699569702
validation,10,15,59,326,2.7790865898132324
validation,10,15,60,141,2.7491981983184814
validation,10,15,61,517,3.3020596504211426
validation,10,15,62,59,2.9271631240844727
validation,10,15,63,240,2.523289918899536
validation,10,17,0,121,2.7310497760772705
validation,10,17,1,414,2.317004680633545
validation,10,17,2,134,2.62341046333313
validation,10,17,3,21,2.420466423034668
validation,10,17,4,498,2.388427734375
validation,10,17,5,323,3.1127676963806152
validation,10,17,6,63,2.1946609020233154
validation,10,17,7,108,2.3657100200653076
validation,10,17,8,237,2.5392520427703857
validation,10,17,9,412,2.628063917160034
validation,10,17,10,42,2.465153217315674
validation,10,17,11,305,2.7173008918762207
validation,10,17,12,496,2.839380979537964
validation,10,17,13,208,2.5775928497314453
validation,10,17,14,329,2.406468629837036
validation,10,17,15,104,2.5826494693756104
validation,10,17,16,383,2.6465823650360107
validation,10,17,17,396,2.62131404876709
validation,10,17,18,375,3.023898124694824
validation,10,17,19,222,2.405104875564575
validation,10,17,20,224,3.0873475074768066
validation,10,17,21,159,2.9264585971832275
validation,10,17,22,523,2.806121826171875
validation,10,17,23,229,3.1000325679779053
validation,10,17,24,440,2.9934000968933105
validation,10,17,25,378,2.676191806793213
validation,10,17,26,35,3.1920132637023926
validation,10,17,27,157,2.7241811752319336
validation,10,17,28,484,2.680779218673706
validation,10,17,29,315,2.995327949523926
validation,10,17,30,361,2.85602068901062
validation,10,17,31,499,3.093449831008911
validation,10,17,32,418,2.790755271911621
validation,10,17,33,336,2.8551995754241943
validation,10,17,34,386,2.738659143447876
validation,10,17,35,430,2.7115275859832764
validation,10,17,36,359,2.3603267669677734
validation,10,17,37,172,2.939631700515747
validation,10,17,38,495,3.0648906230926514
validation,10,17,39,287,2.826097249984741
validation,10,17,40,31,2.4596731662750244
validation,10,17,41,343,2.7382726669311523
validation,10,17,42,508,2.940701484680176
validation,10,17,43,15,2.52262282371521
validation,10,17,44,228,2.843608856201172
validation,10,17,45,2,2.4099628925323486
validation,10,17,46,241,2.618032693862915
validation,10,17,47,318,2.9266345500946045
validation,10,17,48,255,2.5746188163757324
validation,10,17,49,184,2.707524061203003
validation,10,17,50,46,2.781053066253662
validation,10,17,51,51,2.8732657432556152
validation,10,17,52,407,2.6161653995513916
validation,10,17,53,268,2.1187903881073
validation,10,17,54,479,2.908076524734497
validation,10,17,55,385,2.6181089878082275
validation,10,17,56,213,2.1968586444854736
validation,10,17,57,20,2.611905097961426
validation,10,17,58,175,3.1609790325164795
validation,10,17,59,326,2.796349287033081
validation,10,17,60,141,2.71858811378479
validation,10,17,61,517,3.270319938659668
validation,10,17,62,59,2.9090518951416016
validation,10,17,63,240,2.559974431991577
validation,10,19,0,121,2.759258985519409
validation,10,19,1,414,2.390493392944336
validation,10,19,2,134,2.6248958110809326
validation,10,19,3,21,2.425905466079712
validation,10,19,4,498,2.438054084777832
validation,10,19,5,323,3.1899056434631348
validation,10,19,6,63,2.24401593208313
validation,10,19,7,108,2.426725387573242
validation,10,19,8,237,2.579111099243164
validation,10,19,9,412,2.6428732872009277
validation,10,19,10,42,2.543522357940674
validation,10,19,11,305,2.783583164215088
validation,10,19,12,496,2.926565647125244
validation,10,19,13,208,2.6219396591186523
validation,10,19,14,329,2.447868824005127
validation,10,19,15,104,2.603292942047119
validation,10,19,16,383,2.693000555038452
validation,10,19,17,396,2.6739556789398193
validation,10,19,18,375,3.0928800106048584
validation,10,19,19,222,2.471257448196411
validation,10,19,20,224,3.066075563430786
validation,10,19,21,159,2.9289255142211914
validation,10,19,22,523,2.871997117996216
validation,10,19,23,229,3.1845459938049316
validation,10,19,24,440,3.0887258052825928
validation,10,19,25,378,2.698261260986328
validation,10,19,26,35,3.2541873455047607
validation,10,19,27,157,2.8458187580108643
validation,10,19,28,484,2.70737624168396
validation,10,19,29,315,3.0399999618530273
validation,10,19,30,361,2.9019672870635986
validation,10,19,31,499,3.1202433109283447
validation,10,19,32,418,2.8230204582214355
validation,10,19,33,336,2.875981569290161
validation,10,19,34,386,2.827726125717163
validation,10,19,35,430,2.750070095062256
validation,10,19,36,359,2.431264638900757
validation,10,19,37,172,3.004758596420288
validation,10,19,38,495,3.140892505645752
validation,10,19,39,287,2.867860794067383
validation,10,19,40,31,2.5141162872314453
validation,10,19,41,343,2.8113601207733154
validation,10,19,42,508,2.91867733001709
validation,10,19,43,15,2.5618155002593994
validation,10,19,44,228,2.8182990550994873
validation,10,19,45,2,2.477468729019165
validation,10,19,46,241,2.7368435859680176
validation,10,19,47,318,2.915030002593994
validation,10,19,48,255,2.6062095165252686
validation,10,19,49,184,2.736640453338623
validation,10,19,50,46,2.832357883453369
validation,10,19,51,51,2.9525864124298096
validation,10,19,52,407,2.7064788341522217
validation,10,19,53,268,2.1971826553344727
validation,10,19,54,479,2.985481023788452
validation,10,19,55,385,2.718395471572876
validation,10,19,56,213,2.255614995956421
validation,10,19,57,20,2.6421046257019043
validation,10,19,58,175,3.2483201026916504
validation,10,19,59,326,2.8376288414001465
validation,10,19,60,141,2.7710254192352295
validation,10,19,61,517,3.3469202518463135
validation,10,19,62,59,3.0044260025024414
validation,10,19,63,240,2.6041276454925537
validation,10,21,0,121,2.799048662185669
validation,10,21,1,414,2.435349464416504
validation,10,21,2,134,2.6983864307403564
validation,10,21,3,21,2.5700531005859375
validation,10,21,4,498,2.508960008621216
validation,10,21,5,323,3.252969264984131
validation,10,21,6,63,2.3329930305480957
validation,10,21,7,108,2.4827051162719727
validation,10,21,8,237,2.622638463973999
validation,10,21,9,412,2.707104444503784
validation,10,21,10,42,2.5672574043273926
validation,10,21,11,305,2.8304977416992188
validation,10,21,12,496,2.955881118774414
validation,10,21,13,208,2.7349934577941895
validation,10,21,14,329,2.52293062210083
validation,10,21,15,104,2.675353527069092
validation,10,21,16,383,2.7797064781188965
validation,10,21,17,396,2.6978342533111572
validation,10,21,18,375,3.051973342895508
validation,10,21,19,222,2.515913963317871
validation,10,21,20,224,3.0888991355895996
validation,10,21,21,159,3.0242462158203125
validation,10,21,22,523,2.8841488361358643
validation,10,21,23,229,3.1684324741363525
validation,10,21,24,440,3.1034328937530518
validation,10,21,25,378,2.7631146907806396
validation,10,21,26,35,3.2316431999206543
validation,10,21,27,157,2.869534969329834
validation,10,21,28,484,2.7351481914520264
validation,10,21,29,315,3.144989490509033
validation,10,21,30,361,2.9225306510925293
validation,10,21,31,499,3.243802785873413
validation,10,21,32,418,2.832273244857788
validation,10,21,33,336,2.939861297607422
validation,10,21,34,386,2.941714286804199
validation,10,21,35,430,2.7679555416107178
validation,10,21,36,359,2.4440994262695312
validation,10,21,37,172,3.0387094020843506
validation,10,21,38,495,3.1282520294189453
validation,10,21,39,287,2.817256450653076
validation,10,21,40,31,2.549313545227051
validation,10,21,41,343,2.8809351921081543
validation,10,21,42,508,3.002591371536255
validation,10,21,43,15,2.6060149669647217
validation,10,21,44,228,2.927508592605591
validation,10,21,45,2,2.513143539428711
validation,10,21,46,241,2.944334030151367
validation,10,21,47,318,3.0896472930908203
validation,10,21,48,255,2.7374725341796875
validation,10,21,49,184,2.7618677616119385
validation,10,21,50,46,2.8778300285339355
validation,10,21,51,51,2.9543797969818115
validation,10,21,52,407,2.707460641860962
validation,10,21,53,268,2.1550118923187256
validation,10,21,54,479,3.075948476791382
validation,10,21,55,385,2.7311127185821533
validation,10,21,56,213,2.2235195636749268
validation,10,21,57,20,2.7599940299987793
validation,10,21,58,175,3.2426106929779053
validation,10,21,59,326,2.89652943611145
validation,10,21,60,141,2.810006856918335
validation,10,21,61,517,3.37263822555542
validation,10,21,62,59,3.07531476020813
validation,10,21,63,240,2.7021708488464355
validation,10,24,0,121,2.821890115737915
validation,10,24,1,414,2.4234161376953125
validation,10,24,2,134,2.6653339862823486
validation,10,24,3,21,2.5291941165924072
validation,10,24,4,498,2.4557647705078125
validation,10,24,5,323,3.235013246536255
validation,10,24,6,63,2.2732326984405518
validation,10,24,7,108,2.469332695007324
validation,10,24,8,237,2.625678300857544
validation,10,24,9,412,2.734957695007324
validation,10,24,10,42,2.529780626296997
validation,10,24,11,305,2.868072271347046
validation,10,24,12,496,3.032888650894165
validation,10,24,13,208,2.789907217025757
validation,10,24,14,329,2.439357280731201
validation,10,24,15,104,2.642825126647949
validation,10,24,16,383,2.796383857727051
validation,10,24,17,396,2.679389238357544
validation,10,24,18,375,3.093928098678589
validation,10,24,19,222,2.483421564102173
validation,10,24,20,224,3.145237922668457
validation,10,24,21,159,3.019467830657959
validation,10,24,22,523,2.9212324619293213
validation,10,24,23,229,3.210026979446411
validation,10,24,24,440,3.157846212387085
validation,10,24,25,378,2.7311129570007324
validation,10,24,26,35,3.18674898147583
validation,10,24,27,157,2.9677064418792725
validation,10,24,28,484,2.6725666522979736
validation,10,24,29,315,3.0624334812164307
validation,10,24,30,361,2.9082610607147217
validation,10,24,31,499,3.226177453994751
validation,10,24,32,418,2.8688747882843018
validation,10,24,33,336,2.992949962615967
validation,10,24,34,386,2.8818671703338623
validation,10,24,35,430,2.784390449523926
validation,10,24,36,359,2.4543535709381104
validation,10,24,37,172,3.1659533977508545
validation,10,24,38,495,3.13757061958313
validation,10,24,39,287,2.8385660648345947
validation,10,24,40,31,2.5064449310302734
validation,10,24,41,343,2.877633571624756
validation,10,24,42,508,2.9746456146240234
validation,10,24,43,15,2.631989002227783
validation,10,24,44,228,2.9548745155334473
validation,10,24,45,2,2.4722042083740234
validation,10,24,46,241,2.870195150375366
validation,10,24,47,318,2.998802661895752
validation,10,24,48,255,2.6967391967773438
validation,10,24,49,184,2.7753424644470215
validation,10,24,50,46,2.854464292526245
validation,10,24,51,51,2.9739458560943604
validation,10,24,52,407,2.7825069427490234
validation,10,24,53,268,2.129870891571045
validation,10,24,54,479,3.025120258331299
validation,10,24,55,385,2.743525266647339
validation,10,24,56,213,2.2334935665130615
validation,10,24,57,20,2.7350220680236816
validation,10,24,58,175,3.2285079956054688
validation,10,24,59,326,2.8907411098480225
validation,10,24,60,141,2.8549766540527344
validation,10,24,61,517,3.40132737159729
validation,10,24,62,59,2.995734453201294
validation,10,24,63,240,2.643477201461792
validation,10,26,0,121,2.9841079711914062
validation,10,26,1,414,2.591104030609131
validation,10,26,2,134,2.815873861312866
validation,10,26,3,21,2.752394437789917
validation,10,26,4,498,2.7290730476379395
validation,10,26,5,323,3.4986038208007812
validation,10,26,6,63,2.5068039894104004
validation,10,26,7,108,2.538820505142212
validation,10,26,8,237,2.8069756031036377
validation,10,26,9,412,2.9383509159088135
validation,10,26,10,42,2.690891742706299
validation,10,26,11,305,3.06402325630188
validation,10,26,12,496,3.235433340072632
validation,10,26,13,208,2.8218135833740234
validation,10,26,14,329,2.730713367462158
validation,10,26,15,104,2.9082531929016113
validation,10,26,16,383,2.8625447750091553
validation,10,26,17,396,2.953904867172241
validation,10,26,18,375,3.2344729900360107
validation,10,26,19,222,2.664553165435791
validation,10,26,20,224,3.297088623046875
validation,10,26,21,159,3.204932928085327
validation,10,26,22,523,3.1706175804138184
validation,10,26,23,229,3.3684005737304688
validation,10,26,24,440,3.245882034301758
validation,10,26,25,378,2.9265079498291016
validation,10,26,26,35,3.3434407711029053
validation,10,26,27,157,3.1102187633514404
validation,10,26,28,484,2.7776427268981934
validation,10,26,29,315,3.369497537612915
validation,10,26,30,361,3.100691556930542
validation,10,26,31,499,3.422647476196289
validation,10,26,32,418,3.0001344680786133
validation,10,26,33,336,3.099362850189209
validation,10,26,34,386,3.0918402671813965
validation,10,26,35,430,2.9120664596557617
validation,10,26,36,359,2.6432712078094482
validation,10,26,37,172,3.2339038848876953
validation,10,26,38,495,3.3352901935577393
validation,10,26,39,287,3.0051159858703613
validation,10,26,40,31,2.708876371383667
validation,10,26,41,343,2.9548211097717285
validation,10,26,42,508,3.1539833545684814
validation,10,26,43,15,2.79830002784729
validation,10,26,44,228,3.1354005336761475
validation,10,26,45,2,2.7332358360290527
validation,10,26,46,241,2.9712822437286377
validation,10,26,47,318,3.278191089630127
validation,10,26,48,255,2.834050178527832
validation,10,26,49,184,2.990065813064575
validation,10,26,50,46,3.027423620223999
validation,10,26,51,51,3.0329246520996094
validation,10,26,52,407,2.8245294094085693
validation,10,26,53,268,2.328911304473877
validation,10,26,54,479,3.2376060485839844
validation,10,26,55,385,2.930427074432373
validation,10,26,56,213,2.4132652282714844
validation,10,26,57,20,2.8482284545898438
validation,10,26,58,175,3.3741936683654785
validation,10,26,59,326,3.0754666328430176
validation,10,26,60,141,3.0264787673950195
validation,10,26,61,517,3.4917712211608887
validation,10,26,62,59,3.2469189167022705
validation,10,26,63,240,2.7308170795440674
validation,12,15,0,121,2.6296610832214355
validation,12,15,1,414,2.257923126220703
validation,12,15,2,134,2.5915329456329346
validation,12,15,3,21,2.3827805519104004
validation,12,15,4,498,2.3025312423706055
validation,12,15,5,323,3.0849740505218506
validation,12,15,6,63,2.133436441421509
validation,12,15,7,108,2.3372409343719482
validation,12,15,8,237,2.4855246543884277
validation,12,15,9,412,2.594548225402832
validation,12,15,10,42,2.3543241024017334
validation,12,15,11,305,2.6560556888580322
validation,12,15,12,496,2.8514244556427
validation,12,15,13,208,2.558889389038086
validation,12,15,14,329,2.3751533031463623
validation,12,15,15,104,2.5330312252044678
validation,12,15,16,383,2.685594320297241
validation,12,15,17,396,2.5742783546447754
validation,12,15,18,375,3.0528676509857178
validation,12,15,19,222,2.3331339359283447
validation,12,15,20,224,3.037128448486328
validation,12,15,21,159,2.8544657230377197
validation,12,15,22,523,2.792534351348877
validation,12,15,23,229,3.0389742851257324
validation,12,15,24,440,3.0456066131591797
validation,12,15,25,378,2.6111035346984863
validation,12,15,26,35,3.154938220977783
validation,12,15,27,157,2.7501769065856934
validation,12,15,28,484,2.636835813522339
validation,12,15,29,315,2.9049413204193115
validation,12,15,30,361,2.8285653591156006
validation,12,15,31,499,3.0917773246765137
validation,12,15,32,418,2.729785919189453
validation,12,15,33,336,2.80828595161438
validation,12,15,34,386,2.7597084045410156
validation,12,15,35,430,2.715189218521118
validation,12,15,36,359,2.3203837871551514
validation,12,15,37,172,2.9300620555877686
validation,12,15,38,495,3.0450727939605713
validation,12,15,39,287,2.776620388031006
validation,12,15,40,31,2.418347120285034
validation,12,15,41,343,2.734111785888672
validation,12,15,42,508,2.826094388961792
validation,12,15,43,15,2.486997365951538
validation,12,15,44,228,2.797231912612915
validation,12,15,45,2,2.3934743404388428
validation,12,15,46,241,2.5839343070983887
validation,12,15,47,318,2.8297877311706543
validation,12,15,48,255,2.5512709617614746
validation,12,15,49,184,2.6907858848571777
validation,12,15,50,46,2.695171594619751
validation,12,15,51,51,2.840205192565918
validation,12,15,52,407,2.555030107498169
validation,12,15,53,268,2.115816116333008
validation,12,15,54,479,2.870640993118286
validation,12,15,55,385,2.560969114303589
validation,12,15,56,213,2.1252334117889404
validation,12,15,57,20,2.5954220294952393
validation,12,15,58,175,3.1514341831207275
validation,12,15,59,326,2.7843425273895264
validation,12,15,60,141,2.7357048988342285
validation,12,15,61,517,3.272367238998413
validation,12,15,62,59,2.8989315032958984
validation,12,15,63,240,2.515411376953125
validation,12,17,0,121,2.687062978744507
validation,12,17,1,414,2.338804006576538
validation,12,17,2,134,2.6534006595611572
validation,12,17,3,21,2.359553575515747
validation,12,17,4,498,2.3695991039276123
validation,12,17,5,323,3.1309993267059326
validation,12,17,6,63,2.1419765949249268
validation,12,17,7,108,2.361647367477417
validation,12,17,8,237,2.5763721466064453
validation,12,17,9,412,2.6172797679901123
validation,12,17,10,42,2.4244420528411865
validation,12,17,11,305,2.735691547393799
validation,12,17,12,496,2.803664207458496
validation,12,17,13,208,2.5479073524475098
validation,12,17,14,329,2.3787572383880615
validation,12,17,15,104,2.5635769367218018
validation,12,17,16,383,2.676091194152832
validation,12,17,17,396,2.628354072570801
validation,12,17,18,375,3.03147554397583
validation,12,17,19,222,2.389307737350464
validation,12,17,20,224,3.062401056289673
validation,12,17,21,159,2.937533378601074
validation,12,17,22,523,2.791364908218384
validation,12,17,23,229,3.0516653060913086
validation,12,17,24,440,3.0179977416992188
validation,12,17,25,378,2.656937599182129
validation,12,17,26,35,3.156221389770508
validation,12,17,27,157,2.7441110610961914
validation,12,17,28,484,2.6496376991271973
validation,12,17,29,315,2.959369421005249
validation,12,17,30,361,2.8498783111572266
validation,12,17,31,499,3.0852952003479004
validation,12,17,32,418,2.777710199356079
validation,12,17,33,336,2.796750545501709
validation,12,17,34,386,2.7235183715820312
validation,12,17,35,430,2.694547176361084
validation,12,17,36,359,2.346548080444336
validation,12,17,37,172,2.931319236755371
validation,12,17,38,495,3.045943021774292
validation,12,17,39,287,2.805131673812866
validation,12,17,40,31,2.48343563079834
validation,12,17,41,343,2.711036205291748
validation,12,17,42,508,2.8918356895446777
validation,12,17,43,15,2.5180459022521973
validation,12,17,44,228,2.860227346420288
validation,12,17,45,2,2.4297266006469727
validation,12,17,46,241,2.588714122772217
validation,12,17,47,318,2.905813217163086
validation,12,17,48,255,2.560410737991333
validation,12,17,49,184,2.7035486698150635
validation,12,17,50,46,2.7300636768341064
validation,12,17,51,51,2.8890719413757324
validation,12,17,52,407,2.601515293121338
validation,12,17,53,268,2.1644725799560547
validation,12,17,54,479,2.8769023418426514
validation,12,17,55,385,2.5918803215026855
validation,12,17,56,213,2.158764600753784
validation,12,17,57,20,2.648092031478882
validation,12,17,58,175,3.1634414196014404
validation,12,17,59,326,2.794538736343384
validation,12,17,60,141,2.7272071838378906
validation,12,17,61,517,3.2822577953338623
validation,12,17,62,59,2.925025463104248
validation,12,17,63,240,2.5387091636657715
validation,12,19,0,121,2.731766700744629
validation,12,19,1,414,2.386530876159668
validation,12,19,2,134,2.652132034301758
validation,12,19,3,21,2.4264538288116455
validation,12,19,4,498,2.441225051879883
validation,12,19,5,323,3.2114639282226562
validation,12,19,6,63,2.201270818710327
validation,12,19,7,108,2.4430079460144043
validation,12,19,8,237,2.5891456604003906
validation,12,19,9,412,2.660706043243408
validation,12,19,10,42,2.5023033618927
validation,12,19,11,305,2.789860725402832
validation,12,19,12,496,2.878331184387207
validation,12,19,13,208,2.636781692504883
validation,12,19,14,329,2.4740991592407227
validation,12,19,15,104,2.576810598373413
validation,12,19,16,383,2.7479164600372314
validation,12,19,17,396,2.684840679168701
validation,12,19,18,375,3.134047746658325
validation,12,19,19,222,2.4915547370910645
validation,12,19,20,224,3.073908567428589
validation,12,19,21,159,2.9351437091827393
validation,12,19,22,523,2.8328640460968018
validation,12,19,23,229,3.1517395973205566
validation,12,19,24,440,3.1162753105163574
validation,12,19,25,378,2.7022645473480225
validation,12,19,26,35,3.24739933013916
validation,12,19,27,157,2.879211902618408
validation,12,19,28,484,2.6876721382141113
validation,12,19,29,315,3.014816999435425
validation,12,19,30,361,2.944207191467285
validation,12,19,31,499,3.1308062076568604
validation,12,19,32,418,2.8359177112579346
validation,12,19,33,336,2.863738536834717
validation,12,19,34,386,2.7785651683807373
validation,12,19,35,430,2.7798869609832764
validation,12,19,36,359,2.390061378479004
validation,12,19,37,172,3.005661964416504
validation,12,19,38,495,3.1561360359191895
validation,12,19,39,287,2.8614251613616943
validation,12,19,40,31,2.533092498779297
validation,12,19,41,343,2.8082334995269775
validation,12,19,42,508,2.895646810531616
validation,12,19,43,15,2.5685689449310303
validation,12,19,44,228,2.864389181137085
validation,12,19,45,2,2.51288104057312
validation,12,19,46,241,2.72390079498291
validation,12,19,47,318,2.926368474960327
validation,12,19,48,255,2.636225938796997
validation,12,19,49,184,2.7656004428863525
validation,12,19,50,46,2.814361810684204
validation,12,19,51,51,2.9818859100341797
validation,12,19,52,407,2.753443479537964
validation,12,19,53,268,2.3067550659179688
validation,12,19,54,479,2.956204652786255
validation,12,19,55,385,2.67814040184021
validation,12,19,56,213,2.233179807662964
validation,12,19,57,20,2.653089761734009
validation,12,19,58,175,3.2748684883117676
validation,12,19,59,326,2.8385250568389893
validation,12,19,60,141,2.7914950847625732
validation,12,19,61,517,3.3284552097320557
validation,12,19,62,59,3.019591808319092
validation,12,19,63,240,2.592684507369995
validation,12,21,0,121,2.7476437091827393
validation,12,21,1,414,2.459519386291504
validation,12,21,2,134,2.6769325733184814
validation,12,21,3,21,2.5064313411712646
validation,12,21,4,498,2.4856231212615967
validation,12,21,5,323,3.2405872344970703
validation,12,21,6,63,2.288513422012329
validation,12,21,7,108,2.5124387741088867
validation,12,21,8,237,2.60792875289917
validation,12,21,9,412,2.708526611328125
validation,12,21,10,42,2.5117275714874268
validation,12,21,11,305,2.7632179260253906
validation,12,21,12,496,2.88962984085083
validation,12,21,13,208,2.7422385215759277
validation,12,21,14,329,2.482795238494873
validation,12,21,15,104,2.6537914276123047
validation,12,21,16,383,2.8159995079040527
validation,12,21,17,396,2.7071573734283447
validation,12,21,18,375,3.0576655864715576
validation,12,21,19,222,2.511831283569336
validation,12,21,20,224,3.0894758701324463
validation,12,21,21,159,3.023198127746582
validation,12,21,22,523,2.8831496238708496
validation,12,21,23,229,3.1219112873077393
validation,12,21,24,440,3.1505866050720215
validation,12,21,25,378,2.69490385055542
validation,12,21,26,35,3.228661298751831
validation,12,21,27,157,2.885288953781128
validation,12,21,28,484,2.7199645042419434
validation,12,21,29,315,3.0752370357513428
validation,12,21,30,361,2.9249637126922607
validation,12,21,31,499,3.232778310775757
validation,12,21,32,418,2.8449528217315674
validation,12,21,33,336,2.9331939220428467
validation,12,21,34,386,2.9135422706604004
validation,12,21,35,430,2.7731118202209473
validation,12,21,36,359,2.4168784618377686
validation,12,21,37,172,3.0385403633117676
validation,12,21,38,495,3.1292057037353516
validation,12,21,39,287,2.8039495944976807
validation,12,21,40,31,2.5342562198638916
validation,12,21,41,343,2.877110004425049
validation,12,21,42,508,2.944387912750244
validation,12,21,43,15,2.59462571144104
validation,12,21,44,228,2.9222474098205566
validation,12,21,45,2,2.5352282524108887
validation,12,21,46,241,2.881725311279297
validation,12,21,47,318,3.05138897895813
validation,12,21,48,255,2.749516725540161
validation,12,21,49,184,2.7996139526367188
validation,12,21,50,46,2.88455867767334
validation,12,21,51,51,2.9345250129699707
validation,12,21,52,407,2.6657159328460693
validation,12,21,53,268,2.1948466300964355
validation,12,21,54,479,3.004397392272949
validation,12,21,55,385,2.699152708053589
validation,12,21,56,213,2.1485373973846436
validation,12,21,57,20,2.7812976837158203
validation,12,21,58,175,3.2413322925567627
validation,12,21,59,326,2.8797459602355957
validation,12,21,60,141,2.8298137187957764
validation,12,21,61,517,3.394566535949707
validation,12,21,62,59,3.102886199951172
validation,12,21,63,240,2.6509575843811035
validation,12,24,0,121,2.758481740951538
validation,12,24,1,414,2.4565510749816895
validation,12,24,2,134,2.6711788177490234
validation,12,24,3,21,2.4672884941101074
validation,12,24,4,498,2.407846689224243
validation,12,24,5,323,3.2620584964752197
validation,12,24,6,63,2.219972848892212
validation,12,24,7,108,2.5003485679626465
validation,12,24,8,237,2.5825746059417725
validation,12,24,9,412,2.742448329925537
validation,12,24,10,42,2.4968223571777344
validation,12,24,11,305,2.8466265201568604
validation,12,24,12,496,2.9871203899383545
validation,12,24,13,208,2.777348518371582
validation,12,24,14,329,2.4436123371124268
validation,12,24,15,104,2.6534945964813232
validation,12,24,16,383,2.8406167030334473
validation,12,24,17,396,2.714298963546753
validation,12,24,18,375,3.101078510284424
validation,12,24,19,222,2.507554531097412
validation,12,24,20,224,3.1707983016967773
validation,12,24,21,159,3.002608060836792
validation,12,24,22,523,2.908832311630249
validation,12,24,23,229,3.1825947761535645
validation,12,24,24,440,3.182734727859497
validation,12,24,25,378,2.7470004558563232
validation,12,24,26,35,3.1984827518463135
validation,12,24,27,157,3.0012259483337402
validation,12,24,28,484,2.6593682765960693
validation,12,24,29,315,3.0010993480682373
validation,12,24,30,361,2.9116263389587402
validation,12,24,31,499,3.224137783050537
validation,12,24,32,418,2.906527042388916
validation,12,24,33,336,2.9663162231445312
validation,12,24,34,386,2.8605856895446777
validation,12,24,35,430,2.8677756786346436
validation,12,24,36,359,2.433140754699707
validation,12,24,37,172,3.1500189304351807
validation,12,24,38,495,3.151897430419922
validation,12,24,39,287,2.877723217010498
validation,12,24,40,31,2.4861841201782227
validation,12,24,41,343,2.9024465084075928
validation,12,24,42,508,2.9286186695098877
validation,12,24,43,15,2.6584410667419434
validation,12,24,44,228,2.9495339393615723
validation,12,24,45,2,2.548168659210205
validation,12,24,46,241,2.8520312309265137
validation,12,24,47,318,2.9859492778778076
validation,12,24,48,255,2.6859982013702393
validation,12,24,49,184,2.8138909339904785
validation,12,24,50,46,2.8302574157714844
validation,12,24,51,51,2.9839892387390137
validation,12,24,52,407,2.7832834720611572
validation,12,24,53,268,2.1915197372436523
validation,12,24,54,479,2.9659969806671143
validation,12,24,55,385,2.694908618927002
validation,12,24,56,213,2.191797971725464
validation,12,24,57,20,2.774001121520996
validation,12,24,58,175,3.2272629737854004
validation,12,24,59,326,2.8932344913482666
validation,12,24,60,141,2.8891472816467285
validation,12,24,61,517,3.3947031497955322
validation,12,24,62,59,3.0445449352264404
validation,12,24,63,240,2.6047143936157227
validation,12,26,0,121,2.889918327331543
validation,12,26,1,414,2.5898985862731934
validation,12,26,2,134,2.843017578125
validation,12,26,3,21,2.683126449584961
validation,12,26,4,498,2.640775442123413
validation,12,26,5,323,3.4553627967834473
validation,12,26,6,63,2.445755958557129
validation,12,26,7,108,2.5500197410583496
validation,12,26,8,237,2.7837917804718018
validation,12,26,9,412,2.9647462368011475
validation,12,26,10,42,2.7060532569885254
validation,12,26,11,305,3.064857244491577
validation,12,26,12,496,3.1336448192596436
validation,12,26,13,208,2.7936620712280273
validation,12,26,14,329,2.689206123352051
validation,12,26,15,104,2.898824453353882
validation,12,26,16,383,2.882202625274658
validation,12,26,17,396,2.9763729572296143
validation,12,26,18,375,3.2424542903900146
validation,12,26,19,222,2.631316900253296
validation,12,26,20,224,3.2891790866851807
validation,12,26,21,159,3.2073378562927246
validation,12,26,22,523,3.1005046367645264
validation,12,26,23,229,3.3514506816864014
validation,12,26,24,440,3.2494759559631348
validation,12,26,25,378,2.9082977771759033
validation,12,26,26,35,3.341794490814209
validation,12,26,27,157,3.149732828140259
validation,12,26,28,484,2.767507791519165
validation,12,26,29,315,3.2845919132232666
validation,12,26,30,361,3.11423397064209
validation,12,26,31,499,3.365841865539551
validation,12,26,32,418,3.0000176429748535
validation,12,26,33,336,3.0760793685913086
validation,12,26,34,386,3.058444023132324
validation,12,26,35,430,2.944324493408203
validation,12,26,36,359,2.609175205230713
validation,12,26,37,172,3.2266063690185547
validation,12,26,38,495,3.2694945335388184
validation,12,26,39,287,3.001124143600464
validation,12,26,40,31,2.7251760959625244
validation,12,26,41,343,2.9930050373077393
validation,12,26,42,508,3.123154878616333
validation,12,26,43,15,2.8118066787719727
validation,12,26,44,228,3.1116931438446045
validation,12,26,45,2,2.751145124435425
validation,12,26,46,241,2.931584119796753
validation,12,26,47,318,3.2506656646728516
validation,12,26,48,255,2.8260891437530518
validation,12,26,49,184,2.9826488494873047
validation,12,26,50,46,3.003810167312622
validation,12,26,51,51,3.0455825328826904
validation,12,26,52,407,2.7909464836120605
validation,12,26,53,268,2.373345136642456
validation,12,26,54,479,3.1605498790740967
validation,12,26,55,385,2.8807878494262695
validation,12,26,56,213,2.373220443725586
validation,12,26,57,20,2.8746607303619385
validation,12,26,58,175,3.3799984455108643
validation,12,26,59,326,3.078003168106079
validation,12,26,60,141,3.0245606899261475
validation,12,26,61,517,3.453791618347168
validation,12,26,62,59,3.231609344482422
validation,12,26,63,240,2.663283348083496
validation,15,17,0,121,2.6997430324554443
validation,15,17,1,414,2.3250725269317627
validation,15,17,2,134,2.625352144241333
validation,15,17,3,21,2.402324676513672
validation,15,17,4,498,2.3874082565307617
validation,15,17,5,323,3.152512311935425
validation,15,17,6,63,2.162616729736328
validation,15,17,7,108,2.4187211990356445
validation,15,17,8,237,2.512040376663208
validation,15,17,9,412,2.619938611984253
validation,15,17,10,42,2.436457395553589
validation,15,17,11,305,2.7007696628570557
validation,15,17,12,496,2.8295681476593018
validation,15,17,13,208,2.559908151626587
validation,15,17,14,329,2.400423526763916
validation,15,17,15,104,2.568650722503662
validation,15,17,16,383,2.644477605819702
validation,15,17,17,396,2.626530408859253
validation,15,17,18,375,3.049403429031372
validation,15,17,19,222,2.398745059967041
validation,15,17,20,224,3.048952341079712
validation,15,17,21,159,2.906324863433838
validation,15,17,22,523,2.8496415615081787
validation,15,17,23,229,3.061275005340576
validation,15,17,24,440,3.008108615875244
validation,15,17,25,378,2.6337575912475586
validation,15,17,26,35,3.1593410968780518
validation,15,17,27,157,2.7241878509521484
validation,15,17,28,484,2.6681718826293945
validation,15,17,29,315,2.9645848274230957
validation,15,17,30,361,2.8658111095428467
validation,15,17,31,499,3.125406503677368
validation,15,17,32,418,2.7647712230682373
validation,15,17,33,336,2.8000426292419434
validation,15,17,34,386,2.716276168823242
validation,15,17,35,430,2.7087831497192383
validation,15,17,36,359,2.3655941486358643
validation,15,17,37,172,2.980940341949463
validation,15,17,38,495,3.082498073577881
validation,15,17,39,287,2.7862329483032227
validation,15,17,40,31,2.496420383453369
validation,15,17,41,343,2.738267660140991
validation,15,17,42,508,2.937631130218506
validation,15,17,43,15,2.502852201461792
validation,15,17,44,228,2.8742263317108154
validation,15,17,45,2,2.4356448650360107
validation,15,17,46,241,2.5842723846435547
validation,15,17,47,318,2.926954746246338
validation,15,17,48,255,2.5808262825012207
validation,15,17,49,184,2.6771912574768066
validation,15,17,50,46,2.71328067779541
validation,15,17,51,51,2.916360378265381
validation,15,17,52,407,2.6198017597198486
validation,15,17,53,268,2.0897738933563232
validation,15,17,54,479,2.875899076461792
validation,15,17,55,385,2.5892374515533447
validation,15,17,56,213,2.1916427612304688
validation,15,17,57,20,2.627105951309204
validation,15,17,58,175,3.1507961750030518
validation,15,17,59,326,2.830894708633423
validation,15,17,60,141,2.7293100357055664
validation,15,17,61,517,3.2901227474212646
validation,15,17,62,59,2.9374938011169434
validation,15,17,63,240,2.5295019149780273
validation,15,19,0,121,2.776639699935913
validation,15,19,1,414,2.388455867767334
validation,15,19,2,134,2.6837656497955322
validation,15,19,3,21,2.428035259246826
validation,15,19,4,498,2.4443469047546387
validation,15,19,5,323,3.2960574626922607
validation,15,19,6,63,2.2392425537109375
validation,15,19,7,108,2.500047206878662
validation,15,19,8,237,2.59320330619812
validation,15,19,9,412,2.6490724086761475
validation,15,19,10,42,2.5329880714416504
validation,15,19,11,305,2.756603956222534
validation,15,19,12,496,2.9112613201141357
validation,15,19,13,208,2.6202733516693115
validation,15,19,14,329,2.440093755722046
validation,15,19,15,104,2.6032533645629883
validation,15,19,16,383,2.708111047744751
validation,15,19,17,396,2.668828248977661
validation,15,19,18,375,3.143824338912964
validation,15,19,19,222,2.4384279251098633
validation,15,19,20,224,3.0760016441345215
validation,15,19,21,159,2.89479923248291
validation,15,19,22,523,2.9138753414154053
validation,15,19,23,229,3.174663782119751
validation,15,19,24,440,3.123516321182251
validation,15,19,25,378,2.6812853813171387
validation,15,19,26,35,3.244622230529785
validation,15,19,27,157,2.867112398147583
validation,15,19,28,484,2.722987651824951
validation,15,19,29,315,3.03663969039917
validation,15,19,30,361,2.9032504558563232
validation,15,19,31,499,3.1543476581573486
validation,15,19,32,418,2.795750379562378
validation,15,19,33,336,2.8379485607147217
validation,15,19,34,386,2.808023452758789
validation,15,19,35,430,2.78525447845459
validation,15,19,36,359,2.404841423034668
validation,15,19,37,172,3.030120849609375
validation,15,19,38,495,3.158790349960327
validation,15,19,39,287,2.8942394256591797
validation,15,19,40,31,2.564878463745117
validation,15,19,41,343,2.8317432403564453
validation,15,19,42,508,2.9585072994232178
validation,15,19,43,15,2.5677173137664795
validation,15,19,44,228,2.8925766944885254
validation,15,19,45,2,2.497584342956543
validation,15,19,46,241,2.750204086303711
validation,15,19,47,318,2.9143645763397217
validation,15,19,48,255,2.638329029083252
validation,15,19,49,184,2.7620956897735596
validation,15,19,50,46,2.811154365539551
validation,15,19,51,51,2.9844322204589844
validation,15,19,52,407,2.7447917461395264
validation,15,19,53,268,2.2146072387695312
validation,15,19,54,479,2.9735662937164307
validation,15,19,55,385,2.696514368057251
validation,15,19,56,213,2.230377435684204
validation,15,19,57,20,2.665562391281128
validation,15,19,58,175,3.2548718452453613
validation,15,19,59,326,2.898402690887451
validation,15,19,60,141,2.8145625591278076
validation,15,19,61,517,3.3860044479370117
validation,15,19,62,59,3.0521481037139893
validation,15,19,63,240,2.6133460998535156
validation,15,21,0,121,2.825712203979492
validation,15,21,1,414,2.4529783725738525
validation,15,21,2,134,2.6895737648010254
validation,15,21,3,21,2.5474934577941895
validation,15,21,4,498,2.4832427501678467
validation,15,21,5,323,3.2364466190338135
validation,15,21,6,63,2.308959484100342
validation,15,21,7,108,2.553812026977539
validation,15,21,8,237,2.61852765083313
validation,15,21,9,412,2.710982084274292
validation,15,21,10,42,2.5429649353027344
validation,15,21,11,305,2.731431722640991
validation,15,21,12,496,2.9541513919830322
validation,15,21,13,208,2.7456588745117188
validation,15,21,14,329,2.5054192543029785
validation,15,21,15,104,2.6566169261932373
validation,15,21,16,383,2.788438081741333
validation,15,21,17,396,2.6795451641082764
validation,15,21,18,375,3.0787737369537354
validation,15,21,19,222,2.498400926589966
validation,15,21,20,224,3.099116563796997
validation,15,21,21,159,2.9984610080718994
validation,15,21,22,523,2.939246654510498
validation,15,21,23,229,3.171757221221924
validation,15,21,24,440,3.111219644546509
validation,15,21,25,378,2.7074151039123535
validation,15,21,26,35,3.226736545562744
validation,15,21,27,157,2.8894104957580566
validation,15,21,28,484,2.7339260578155518
validation,15,21,29,315,3.1030657291412354
validation,15,21,30,361,2.958582639694214
validation,15,21,31,499,3.266653537750244
validation,15,21,32,418,2.7856602668762207
validation,15,21,33,336,2.8923444747924805
validation,15,21,34,386,2.8969457149505615
validation,15,21,35,430,2.8136379718780518
validation,15,21,36,359,2.4189765453338623
validation,15,21,37,172,3.036713123321533
validation,15,21,38,495,3.136162042617798
validation,15,21,39,287,2.8464746475219727
validation,15,21,40,31,2.5738086700439453
validation,15,21,41,343,2.900782346725464
validation,15,21,42,508,3.025120258331299
validation,15,21,43,15,2.594348669052124
validation,15,21,44,228,2.985740900039673
validation,15,21,45,2,2.5416955947875977
validation,15,21,46,241,2.948019504547119
validation,15,21,47,318,3.087636947631836
validation,15,21,48,255,2.747945547103882
validation,15,21,49,184,2.771954298019409
validation,15,21,50,46,2.8216373920440674
validation,15,21,51,51,2.9391937255859375
validation,15,21,52,407,2.7039730548858643
validation,15,21,53,268,2.1620535850524902
validation,15,21,54,479,3.0404093265533447
validation,15,21,55,385,2.7198479175567627
validation,15,21,56,213,2.166616439819336
validation,15,21,57,20,2.7768068313598633
validation,15,21,58,175,3.2612786293029785
validation,15,21,59,326,2.9284725189208984
validation,15,21,60,141,2.835681915283203
validation,15,21,61,517,3.3904812335968018
validation,15,21,62,59,3.1114227771759033
validation,15,21,63,240,2.681396722793579
validation,15,24,0,121,2.8224730491638184
validation,15,24,1,414,2.4057822227478027
validation,15,24,2,134,2.650351047515869
validation,15,24,3,21,2.4626057147979736
validation,15,24,4,498,2.4445438385009766
validation,15,24,5,323,3.245851993560791
validation,15,24,6,63,2.1946933269500732
validation,15,24,7,108,2.453721046447754
validation,15,24,8,237,2.6138081550598145
validation,15,24,9,412,2.71002197265625
validation,15,24,10,42,2.508901834487915
validation,15,24,11,305,2.8048925399780273
validation,15,24,12,496,3.0161349773406982
validation,15,24,13,208,2.7735042572021484
validation,15,24,14,329,2.4392566680908203
validation,15,24,15,104,2.64133882522583
validation,15,24,16,383,2.8110413551330566
validation,15,24,17,396,2.6562705039978027
validation,15,24,18,375,3.0768115520477295
validation,15,24,19,222,2.4654719829559326
validation,15,24,20,224,3.1257824897766113
validation,15,24,21,159,2.970468044281006
validation,15,24,22,523,2.9151034355163574
validation,15,24,23,229,3.175305128097534
validation,15,24,24,440,3.098134756088257
validation,15,24,25,378,2.6912126541137695
validation,15,24,26,35,3.178805112838745
validation,15,24,27,157,2.9644107818603516
validation,15,24,28,484,2.645198106765747
validation,15,24,29,315,2.985743284225464
validation,15,24,30,361,2.9271328449249268
validation,15,24,31,499,3.24884033203125
validation,15,24,32,418,2.826491594314575
validation,15,24,33,336,2.9356532096862793
validation,15,24,34,386,2.8503026962280273
validation,15,24,35,430,2.8156189918518066
validation,15,24,36,359,2.414750099182129
validation,15,24,37,172,3.1259267330169678
validation,15,24,38,495,3.14095139503479
validation,15,24,39,287,2.847754716873169
validation,15,24,40,31,2.485224723815918
validation,15,24,41,343,2.894627332687378
validation,15,24,42,508,2.957581043243408
validation,15,24,43,15,2.615816354751587
validation,15,24,44,228,2.972815990447998
validation,15,24,45,2,2.5088741779327393
validation,15,24,46,241,2.8073933124542236
validation,15,24,47,318,2.9395864009857178
validation,15,24,48,255,2.6930248737335205
validation,15,24,49,184,2.752487897872925
validation,15,24,50,46,2.784731388092041
validation,15,24,51,51,2.9517428874969482
validation,15,24,52,407,2.7700600624084473
validation,15,24,53,268,2.096230983734131
validation,15,24,54,479,3.017143964767456
validation,15,24,55,385,2.7256064414978027
validation,15,24,56,213,2.1987407207489014
validation,15,24,57,20,2.7596895694732666
validation,15,24,58,175,3.200418710708618
validation,15,24,59,326,2.8845624923706055
validation,15,24,60,141,2.8612544536590576
validation,15,24,61,517,3.3493294715881348
validation,15,24,62,59,2.9665493965148926
validation,15,24,63,240,2.6067981719970703
validation,15,26,0,121,2.9358620643615723
validation,15,26,1,414,2.579057455062866
validation,15,26,2,134,2.8038976192474365
validation,15,26,3,21,2.6705212593078613
validation,15,26,4,498,2.725919485092163
validation,15,26,5,323,3.4796314239501953
validation,15,26,6,63,2.423421621322632
validation,15,26,7,108,2.544848680496216
validation,15,26,8,237,2.786458730697632
validation,15,26,9,412,2.947814464569092
validation,15,26,10,42,2.5974607467651367
validation,15,26,11,305,2.9824256896972656
validation,15,26,12,496,3.191772222518921
validation,15,26,13,208,2.7699828147888184
validation,15,26,14,329,2.671909809112549
validation,15,26,15,104,2.8643038272857666
validation,15,26,16,383,2.8465383052825928
validation,15,26,17,396,2.8807454109191895
validation,15,26,18,375,3.219292402267456
validation,15,26,19,222,2.595233678817749
validation,15,26,20,224,3.282579183578491
validation,15,26,21,159,3.1320202350616455
validation,15,26,22,523,3.1613664627075195
validation,15,26,23,229,3.367727518081665
validation,15,26,24,440,3.1937668323516846
validation,15,26,25,378,2.860085964202881
validation,15,26,26,35,3.32705020904541
validation,15,26,27,157,3.073075294494629
validation,15,26,28,484,2.7600488662719727
validation,15,26,29,315,3.3108487129211426
validation,15,26,30,361,3.083665132522583
validation,15,26,31,499,3.410191297531128
validation,15,26,32,418,2.960911989212036
validation,15,26,33,336,3.0591039657592773
validation,15,26,34,386,3.0022425651550293
validation,15,26,35,430,2.9498980045318604
validation,15,26,36,359,2.578840732574463
validation,15,26,37,172,3.203036308288574
validation,15,26,38,495,3.2553839683532715
validation,15,26,39,287,3.00351619720459
validation,15,26,40,31,2.6608083248138428
validation,15,26,41,343,2.9627525806427
validation,15,26,42,508,3.126527786254883
validation,15,26,43,15,2.7590584754943848
validation,15,26,44,228,3.12829852104187
validation,15,26,45,2,2.748340368270874
validation,15,26,46,241,2.8821332454681396
validation,15,26,47,318,3.2203826904296875
validation,15,26,48,255,2.822725296020508
validation,15,26,49,184,2.9644312858581543
validation,15,26,50,46,2.9535741806030273
validation,15,26,51,51,3.0396554470062256
validation,15,26,52,407,2.7762014865875244
validation,15,26,53,268,2.3197128772735596
validation,15,26,54,479,3.168757677078247
validation,15,26,55,385,2.904024124145508
validation,15,26,56,213,2.3786492347717285
validation,15,26,57,20,2.882730484008789
validation,15,26,58,175,3.368786573410034
validation,15,26,59,326,3.078535795211792
validation,15,26,60,141,2.9973440170288086
validation,15,26,61,517,3.4747314453125
validation,15,26,62,59,3.213632583618164
validation,15,26,63,240,2.679609537124634
validation,17,19,0,121,2.8853695392608643
validation,17,19,1,414,2.4860382080078125
validation,17,19,2,134,2.8343498706817627
validation,17,19,3,21,2.4580836296081543
validation,17,19,4,498,2.5620155334472656
validation,17,19,5,323,3.374946117401123
validation,17,19,6,63,2.309173822402954
validation,17,19,7,108,2.6499950885772705
validation,17,19,8,237,2.745558977127075
validation,17,19,9,412,2.746640205383301
validation,17,19,10,42,2.6297357082366943
validation,17,19,11,305,2.887510061264038
validation,17,19,12,496,3.0292046070098877
validation,17,19,13,208,2.6673641204833984
validation,17,19,14,329,2.523484706878662
validation,17,19,15,104,2.718611001968384
validation,17,19,16,383,2.8006458282470703
validation,17,19,17,396,2.7769668102264404
validation,17,19,18,375,3.2355685234069824
validation,17,19,19,222,2.52596116065979
validation,17,19,20,224,3.143808126449585
validation,17,19,21,159,3.127476215362549
validation,17,19,22,523,2.9583253860473633
validation,17,19,23,229,3.215249538421631
validation,17,19,24,440,3.216475248336792
validation,17,19,25,378,2.8198041915893555
validation,17,19,26,35,3.329249143600464
validation,17,19,27,157,2.9760119915008545
validation,17,19,28,484,2.814303159713745
validation,17,19,29,315,3.1434144973754883
validation,17,19,30,361,3.0021896362304688
validation,17,19,31,499,3.221134901046753
validation,17,19,32,418,2.911660671234131
validation,17,19,33,336,2.8801167011260986
validation,17,19,34,386,2.8221347332000732
validation,17,19,35,430,2.8658602237701416
validation,17,19,36,359,2.4996259212493896
validation,17,19,37,172,3.095069408416748
validation,17,19,38,495,3.2602152824401855
validation,17,19,39,287,2.98612117767334
validation,17,19,40,31,2.7108101844787598
validation,17,19,41,343,2.9165635108947754
validation,17,19,42,508,3.0671193599700928
validation,17,19,43,15,2.6995441913604736
validation,17,19,44,228,3.013171672821045
validation,17,19,45,2,2.5873067378997803
validation,17,19,46,241,2.84363055229187
validation,17,19,47,318,3.012899160385132
validation,17,19,48,255,2.715878963470459
validation,17,19,49,184,2.8584539890289307
validation,17,19,50,46,2.9166500568389893
validation,17,19,51,51,3.06587553024292
validation,17,19,52,407,2.8582043647766113
validation,17,19,53,268,2.3138267993927
validation,17,19,54,479,3.0572171211242676
validation,17,19,55,385,2.791727304458618
validation,17,19,56,213,2.4474310874938965
validation,17,19,57,20,2.7674448490142822
validation,17,19,58,175,3.3729536533355713
validation,17,19,59,326,2.959136724472046
validation,17,19,60,141,2.871898889541626
validation,17,19,61,517,3.4322643280029297
validation,17,19,62,59,3.1650495529174805
validation,17,19,63,240,2.715386152267456
validation,17,21,0,121,2.848220109939575
validation,17,21,1,414,2.554800271987915
validation,17,21,2,134,2.7873222827911377
validation,17,21,3,21,2.5479166507720947
validation,17,21,4,498,2.5998544692993164
validation,17,21,5,323,3.278611660003662
validation,17,21,6,63,2.3556339740753174
validation,17,21,7,108,2.5789883136749268
validation,17,21,8,237,2.718494176864624
validation,17,21,9,412,2.782391309738159
validation,17,21,10,42,2.5688090324401855
validation,17,21,11,305,2.833653688430786
validation,17,21,12,496,2.9852797985076904
validation,17,21,13,208,2.7921416759490967
validation,17,21,14,329,2.5316317081451416
validation,17,21,15,104,2.7321672439575195
validation,17,21,16,383,2.8309450149536133
validation,17,21,17,396,2.745730400085449
validation,17,21,18,375,3.1111226081848145
validation,17,21,19,222,2.5618743896484375
validation,17,21,20,224,3.146038293838501
validation,17,21,21,159,3.0861172676086426
validation,17,21,22,523,2.9333667755126953
validation,17,21,23,229,3.2214035987854004
validation,17,21,24,440,3.116652488708496
validation,17,21,25,378,2.7783737182617188
validation,17,21,26,35,3.2707903385162354
validation,17,21,27,157,2.898306131362915
validation,17,21,28,484,2.802736520767212
validation,17,21,29,315,3.1734941005706787
validation,17,21,30,361,2.9525439739227295
validation,17,21,31,499,3.279942274093628
validation,17,21,32,418,2.901747465133667
validation,17,21,33,336,2.9384288787841797
validation,17,21,34,386,2.902592182159424
validation,17,21,35,430,2.8416171073913574
validation,17,21,36,359,2.4625051021575928
validation,17,21,37,172,3.0452489852905273
validation,17,21,38,495,3.180006742477417
validation,17,21,39,287,2.909170627593994
validation,17,21,40,31,2.6116113662719727
validation,17,21,41,343,2.952202320098877
validation,17,21,42,508,3.0889790058135986
validation,17,21,43,15,2.66626238822937
validation,17,21,44,228,3.0452308654785156
validation,17,21,45,2,2.5777463912963867
validation,17,21,46,241,2.9595656394958496
validation,17,21,47,318,3.1159775257110596
validation,17,21,48,255,2.7185497283935547
validation,17,21,49,184,2.8238890171051025
validation,17,21,50,46,2.8965601921081543
validation,17,21,51,51,3.009819746017456
validation,17,21,52,407,2.8281807899475098
validation,17,21,53,268,2.227079391479492
validation,17,21,54,479,3.071641445159912
validation,17,21,55,385,2.820734739303589
validation,17,21,56,213,2.2644705772399902
validation,17,21,57,20,2.8016245365142822
validation,17,21,58,175,3.29607892036438
validation,17,21,59,326,2.980111837387085
validation,17,21,60,141,2.8525962829589844
validation,17,21,61,517,3.454651117324829
validation,17,21,62,59,3.1477012634277344
validation,17,21,63,240,2.7512083053588867
validation,17,24,0,121,2.850916862487793
validation,17,24,1,414,2.4462873935699463
validation,17,24,2,134,2.7680795192718506
validation,17,24,3,21,2.474137783050537
validation,17,24,4,498,2.4953231811523438
validation,17,24,5,323,3.2416021823883057
validation,17,24,6,63,2.247593402862549
validation,17,24,7,108,2.485408067703247
validation,17,24,8,237,2.6450557708740234
validation,17,24,9,412,2.796064615249634
validation,17,24,10,42,2.544511079788208
validation,17,24,11,305,2.880500555038452
validation,17,24,12,496,3.0096054077148438
validation,17,24,13,208,2.799943447113037
validation,17,24,14,329,2.4593286514282227
validation,17,24,15,104,2.7003166675567627
validation,17,24,16,383,2.854917287826538
validation,17,24,17,396,2.6982760429382324
validation,17,24,18,375,3.1163532733917236
validation,17,24,19,222,2.534553289413452
validation,17,24,20,224,3.169306993484497
validation,17,24,21,159,3.0591249465942383
validation,17,24,22,523,2.9276890754699707
validation,17,24,23,229,3.18180251121521
validation,17,24,24,440,3.1541502475738525
validation,17,24,25,378,2.754737615585327
validation,17,24,26,35,3.194520950317383
validation,17,24,27,157,2.9692509174346924
validation,17,24,28,484,2.698058605194092
validation,17,24,29,315,3.07043194770813
validation,17,24,30,361,2.9754693508148193
validation,17,24,31,499,3.231008529663086
validation,17,24,32,418,2.897606611251831
validation,17,24,33,336,2.942408323287964
validation,17,24,34,386,2.8505969047546387
validation,17,24,35,430,2.843308448791504
validation,17,24,36,359,2.4463744163513184
validation,17,24,37,172,3.155090808868408
validation,17,24,38,495,3.165928363800049
validation,17,24,39,287,2.8921427726745605
validation,17,24,40,31,2.572967052459717
validation,17,24,41,343,2.94781231880188
validation,17,24,42,508,2.9980742931365967
validation,17,24,43,15,2.6602847576141357
validation,17,24,44,228,3.00510835647583
validation,17,24,45,2,2.5391926765441895
validation,17,24,46,241,2.8815371990203857
validation,17,24,47,318,3.008662462234497
validation,17,24,48,255,2.719294786453247
validation,17,24,49,184,2.8144588470458984
validation,17,24,50,46,2.80359148979187
validation,17,24,51,51,2.9886250495910645
validation,17,24,52,407,2.8402624130249023
validation,17,24,53,268,2.1794509887695312
validation,17,24,54,479,3.0011980533599854
validation,17,24,55,385,2.7768466472625732
validation,17,24,56,213,2.262108087539673
validation,17,24,57,20,2.7515783309936523
validation,17,24,58,175,3.2412819862365723
validation,17,24,59,326,2.9303579330444336
validation,17,24,60,141,2.870255708694458
validation,17,24,61,517,3.3879051208496094
validation,17,24,62,59,3.0034046173095703
validation,17,24,63,240,2.627601385116577
validation,17,26,0,121,2.946601390838623
validation,17,26,1,414,2.5860514640808105
validation,17,26,2,134,2.839247941970825
validation,17,26,3,21,2.6192092895507812
validation,17,26,4,498,2.6573164463043213
validation,17,26,5,323,3.3924190998077393
validation,17,26,6,63,2.4731760025024414
validation,17,26,7,108,2.541654348373413
validation,17,26,8,237,2.7923672199249268
validation,17,26,9,412,2.9326558113098145
validation,17,26,10,42,2.660898447036743
validation,17,26,11,305,3.018169403076172
validation,17,26,12,496,3.0821244716644287
validation,17,26,13,208,2.7817840576171875
validation,17,26,14,329,2.6597750186920166
validation,17,26,15,104,2.8425140380859375
validation,17,26,16,383,2.8383352756500244
validation,17,26,17,396,2.909771203994751
validation,17,26,18,375,3.222414493560791
validation,17,26,19,222,2.629225969314575
validation,17,26,20,224,3.2379233837127686
validation,17,26,21,159,3.1552207469940186
validation,17,26,22,523,3.0228140354156494
validation,17,26,23,229,3.2661361694335938
validation,17,26,24,440,3.18727445602417
validation,17,26,25,378,2.8477699756622314
validation,17,26,26,35,3.345918655395508
validation,17,26,27,157,3.0377373695373535
validation,17,26,28,484,2.7927424907684326
validation,17,26,29,315,3.239213466644287
validation,17,26,30,361,3.113287925720215
validation,17,26,31,499,3.3468353748321533
validation,17,26,32,418,3.014967679977417
validation,17,26,33,336,3.0494110584259033
validation,17,26,34,386,2.9784133434295654
validation,17,26,35,430,2.9216716289520264
validation,17,26,36,359,2.6046195030212402
validation,17,26,37,172,3.1779210567474365
validation,17,26,38,495,3.2559640407562256
validation,17,26,39,287,3.005876064300537
validation,17,26,40,31,2.671670436859131
validation,17,26,41,343,2.9874846935272217
validation,17,26,42,508,3.175258159637451
validation,17,26,43,15,2.7820918560028076
validation,17,26,44,228,3.092398166656494
validation,17,26,45,2,2.729909658432007
validation,17,26,46,241,2.883392095565796
validation,17,26,47,318,3.1930956840515137
validation,17,26,48,255,2.754206895828247
validation,17,26,49,184,2.992143154144287
validation,17,26,50,46,2.913614511489868
validation,17,26,51,51,3.0457828044891357
validation,17,26,52,407,2.8282439708709717
validation,17,26,53,268,2.3799655437469482
validation,17,26,54,479,3.1230149269104004
validation,17,26,55,385,2.869372606277466
validation,17,26,56,213,2.454827308654785
validation,17,26,57,20,2.823195457458496
validation,17,26,58,175,3.372135877609253
validation,17,26,59,326,3.026566743850708
validation,17,26,60,141,2.937871217727661
validation,17,26,61,517,3.4221765995025635
validation,17,26,62,59,3.201585054397583
validation,17,26,63,240,2.662552833557129
validation,19,21,0,121,3.0902421474456787
validation,19,21,1,414,2.7596890926361084
validation,19,21,2,134,2.9430112838745117
validation,19,21,3,21,2.605994939804077
validation,19,21,4,498,2.8257906436920166
validation,19,21,5,323,3.4740638732910156
validation,19,21,6,63,2.586637496948242
validation,19,21,7,108,2.833883047103882
validation,19,21,8,237,2.8879666328430176
validation,19,21,9,412,2.9521303176879883
validation,19,21,10,42,2.7516603469848633
validation,19,21,11,305,2.9383795261383057
validation,19,21,12,496,3.200970411300659
validation,19,21,13,208,2.922719955444336
validation,19,21,14,329,2.693650722503662
validation,19,21,15,104,2.882139205932617
validation,19,21,16,383,3.073657274246216
validation,19,21,17,396,2.9208664894104004
validation,19,21,18,375,3.3127191066741943
validation,19,21,19,222,2.713182210922241
validation,19,21,20,224,3.2591514587402344
validation,19,21,21,159,3.1916356086730957
validation,19,21,22,523,3.0666685104370117
validation,19,21,23,229,3.3747830390930176
validation,19,21,24,440,3.2473623752593994
validation,19,21,25,378,3.020508050918579
validation,19,21,26,35,3.3800389766693115
validation,19,21,27,157,3.1137924194335938
validation,19,21,28,484,2.9648399353027344
validation,19,21,29,315,3.424314260482788
validation,19,21,30,361,3.1344218254089355
validation,19,21,31,499,3.467405080795288
validation,19,21,32,418,3.039264678955078
validation,19,21,33,336,3.0455667972564697
validation,19,21,34,386,3.1124143600463867
validation,19,21,35,430,3.014770984649658
validation,19,21,36,359,2.6784257888793945
validation,19,21,37,172,3.263043165206909
validation,19,21,38,495,3.379495620727539
validation,19,21,39,287,3.057382345199585
validation,19,21,40,31,2.8406574726104736
validation,19,21,41,343,3.1315832138061523
validation,19,21,42,508,3.2212395668029785
validation,19,21,43,15,2.7978603839874268
validation,19,21,44,228,3.1179251670837402
validation,19,21,45,2,2.7767045497894287
validation,19,21,46,241,3.1690969467163086
validation,19,21,47,318,3.2238621711730957
validation,19,21,48,255,3.0866341590881348
validation,19,21,49,184,3.0667855739593506
validation,19,21,50,46,3.084397315979004
validation,19,21,51,51,3.176591157913208
validation,19,21,52,407,3.0473134517669678
validation,19,21,53,268,2.4650299549102783
validation,19,21,54,479,3.220200538635254
validation,19,21,55,385,3.044923782348633
validation,19,21,56,213,2.47799015045166
validation,19,21,57,20,2.9943923950195312
validation,19,21,58,175,3.4957125186920166
validation,19,21,59,326,3.0681469440460205
validation,19,21,60,141,3.033848524093628
validation,19,21,61,517,3.6893136501312256
validation,19,21,62,59,3.3439252376556396
validation,19,21,63,240,2.9609899520874023
validation,19,24,0,121,2.9522979259490967
validation,19,24,1,414,2.5325279235839844
validation,19,24,2,134,2.784074544906616
validation,19,24,3,21,2.570246934890747
validation,19,24,4,498,2.5294172763824463
validation,19,24,5,323,3.3629262447357178
validation,19,24,6,63,2.362222909927368
validation,19,24,7,108,2.7125613689422607
validation,19,24,8,237,2.7481751441955566
validation,19,24,9,412,2.9024441242218018
validation,19,24,10,42,2.6489062309265137
validation,19,24,11,305,2.9952824115753174
validation,19,24,12,496,3.171680450439453
validation,19,24,13,208,2.910029411315918
validation,19,24,14,329,2.541963815689087
validation,19,24,15,104,2.7175660133361816
validation,19,24,16,383,2.9641313552856445
validation,19,24,17,396,2.7772157192230225
validation,19,24,18,375,3.270141363143921
validation,19,24,19,222,2.641077756881714
validation,19,24,20,224,3.2149410247802734
validation,19,24,21,159,3.230924129486084
validation,19,24,22,523,3.0821192264556885
validation,19,24,23,229,3.422075033187866
validation,19,24,24,440,3.4171056747436523
validation,19,24,25,378,2.8478293418884277
validation,19,24,26,35,3.2937254905700684
validation,19,24,27,157,3.2596800327301025
validation,19,24,28,484,2.7739787101745605
validation,19,24,29,315,3.218212127685547
validation,19,24,30,361,3.0914032459259033
validation,19,24,31,499,3.3418149948120117
validation,19,24,32,418,3.028742790222168
validation,19,24,33,336,3.071777820587158
validation,19,24,34,386,2.9381980895996094
validation,19,24,35,430,2.97117280960083
validation,19,24,36,359,2.5497262477874756
validation,19,24,37,172,3.2765660285949707
validation,19,24,38,495,3.2642767429351807
validation,19,24,39,287,2.95599365234375
validation,19,24,40,31,2.6463191509246826
validation,19,24,41,343,3.0832858085632324
validation,19,24,42,508,3.088812828063965
validation,19,24,43,15,2.864424467086792
validation,19,24,44,228,3.0893754959106445
validation,19,24,45,2,2.6014106273651123
validation,19,24,46,241,3.0486881732940674
validation,19,24,47,318,3.0825741291046143
validation,19,24,48,255,2.904348850250244
validation,19,24,49,184,2.8900506496429443
validation,19,24,50,46,2.945563316345215
validation,19,24,51,51,3.1000874042510986
validation,19,24,52,407,3.0182230472564697
validation,19,24,53,268,2.327199697494507
validation,19,24,54,479,3.1391189098358154
validation,19,24,55,385,2.9488160610198975
validation,19,24,56,213,2.3261570930480957
validation,19,24,57,20,2.887566089630127
validation,19,24,58,175,3.364349126815796
validation,19,24,59,326,3.0456647872924805
validation,19,24,60,141,3.0145137310028076
validation,19,24,61,517,3.531769275665283
validation,19,24,62,59,3.153857946395874
validation,19,24,63,240,2.7551987171173096
validation,19,26,0,121,2.97979474067688
validation,19,26,1,414,2.6084017753601074
validation,19,26,2,134,2.9074995517730713
validation,19,26,3,21,2.6846847534179688
validation,19,26,4,498,2.765815019607544
validation,19,26,5,323,3.5042166709899902
validation,19,26,6,63,2.5194590091705322
validation,19,26,7,108,2.678367853164673
validation,19,26,8,237,2.8603546619415283
validation,19,26,9,412,3.0359737873077393
validation,19,26,10,42,2.7696335315704346
validation,19,26,11,305,3.0771114826202393
validation,19,26,12,496,3.250511646270752
validation,19,26,13,208,2.817425012588501
validation,19,26,14,329,2.711184024810791
validation,19,26,15,104,2.867565870285034
validation,19,26,16,383,2.9724175930023193
validation,19,26,17,396,2.949840545654297
validation,19,26,18,375,3.3525047302246094
validation,19,26,19,222,2.7162933349609375
validation,19,26,20,224,3.297011137008667
validation,19,26,21,159,3.2039663791656494
validation,19,26,22,523,3.1471292972564697
validation,19,26,23,229,3.378636360168457
validation,19,26,24,440,3.2861499786376953
validation,19,26,25,378,2.8684990406036377
validation,19,26,26,35,3.416651487350464
validation,19,26,27,157,3.238551616668701
validation,19,26,28,484,2.846043825149536
validation,19,26,29,315,3.3950419425964355
validation,19,26,30,361,3.1480228900909424
validation,19,26,31,499,3.436239242553711
validation,19,26,32,418,3.089401960372925
validation,19,26,33,336,3.043551206588745
validation,19,26,34,386,3.036240339279175
validation,19,26,35,430,2.9491987228393555
validation,19,26,36,359,2.6680428981781006
validation,19,26,37,172,3.2069852352142334
validation,19,26,38,495,3.340289831161499
validation,19,26,39,287,3.0398030281066895
validation,19,26,40,31,2.730814218521118
validation,19,26,41,343,3.0446016788482666
validation,19,26,42,508,3.2253873348236084
validation,19,26,43,15,2.8215391635894775
validation,19,26,44,228,3.131316661834717
validation,19,26,45,2,2.7845215797424316
validation,19,26,46,241,3.05711030960083
validation,19,26,47,318,3.2733867168426514
validation,19,26,48,255,2.8297054767608643
validation,19,26,49,184,2.9865665435791016
validation,19,26,50,46,3.0481009483337402
validation,19,26,51,51,3.129518747329712
validation,19,26,52,407,2.943881034851074
validation,19,26,53,268,2.4582467079162598
validation,19,26,54,479,3.230196952819824
validation,19,26,55,385,3.0041961669921875
validation,19,26,56,213,2.4570860862731934
validation,19,26,57,20,2.844057083129883
validation,19,26,58,175,3.4774386882781982
validation,19,26,59,326,3.084580183029175
validation,19,26,60,141,3.0485401153564453
validation,19,26,61,517,3.497425079345703
validation,19,26,62,59,3.354280471801758
validation,19,26,63,240,2.7597742080688477
validation,21,24,0,121,3.2115185260772705
validation,21,24,1,414,2.8122951984405518
validation,21,24,2,134,3.173161745071411
validation,21,24,3,21,2.7980449199676514
validation,21,24,4,498,2.7921905517578125
validation,21,24,5,323,3.570786714553833
validation,21,24,6,63,2.652472734451294
validation,21,24,7,108,2.937731981277466
validation,21,24,8,237,2.9750823974609375
validation,21,24,9,412,3.148353099822998
validation,21,24,10,42,2.9092183113098145
validation,21,24,11,305,3.176412343978882
validation,21,24,12,496,3.3164491653442383
validation,21,24,13,208,3.23734712600708
validation,21,24,14,329,2.829261541366577
validation,21,24,15,104,3.1270487308502197
validation,21,24,16,383,3.310832977294922
validation,21,24,17,396,3.0099873542785645
validation,21,24,18,375,3.398641586303711
validation,21,24,19,222,2.8671257495880127
validation,21,24,20,224,3.472709894180298
validation,21,24,21,159,3.49181866645813
validation,21,24,22,523,3.2951512336730957
validation,21,24,23,229,3.5302464962005615
validation,21,24,24,440,3.5855841636657715
validation,21,24,25,378,3.091525077819824
validation,21,24,26,35,3.505565643310547
validation,21,24,27,157,3.449352979660034
validation,21,24,28,484,3.0237338542938232
validation,21,24,29,315,3.5307626724243164
validation,21,24,30,361,3.201904296875
validation,21,24,31,499,3.5526134967803955
validation,21,24,32,418,3.265083074569702
validation,21,24,33,336,3.3197643756866455
validation,21,24,34,386,3.2731833457946777
validation,21,24,35,430,3.218212366104126
validation,21,24,36,359,2.788290023803711
validation,21,24,37,172,3.577697515487671
validation,21,24,38,495,3.537407875061035
validation,21,24,39,287,3.1722240447998047
validation,21,24,40,31,2.826470136642456
validation,21,24,41,343,3.4027793407440186
validation,21,24,42,508,3.3329861164093018
validation,21,24,43,15,3.1245498657226562
validation,21,24,44,228,3.355677604675293
validation,21,24,45,2,2.9721086025238037
validation,21,24,46,241,3.4589576721191406
validation,21,24,47,318,3.4698593616485596
validation,21,24,48,255,3.180675983428955
validation,21,24,49,184,3.177534580230713
validation,21,24,50,46,3.1967074871063232
validation,21,24,51,51,3.3358542919158936
validation,21,24,52,407,3.1785149574279785
validation,21,24,53,268,2.4219930171966553
validation,21,24,54,479,3.374427556991577
validation,21,24,55,385,3.1622366905212402
validation,21,24,56,213,2.5287933349609375
validation,21,24,57,20,3.1243646144866943
validation,21,24,58,175,3.663097381591797
validation,21,24,59,326,3.242168426513672
validation,21,24,60,141,3.2293448448181152
validation,21,24,61,517,3.880988836288452
validation,21,24,62,59,3.566540479660034
validation,21,24,63,240,2.9948487281799316
validation,21,26,0,121,3.2199015617370605
validation,21,26,1,414,2.9465744495391846
validation,21,26,2,134,3.2139339447021484
validation,21,26,3,21,3.0898008346557617
validation,21,26,4,498,3.0262410640716553
validation,21,26,5,323,3.858924150466919
validation,21,26,6,63,2.6494812965393066
validation,21,26,7,108,2.9076650142669678
validation,21,26,8,237,3.1628739833831787
validation,21,26,9,412,3.297840118408203
validation,21,26,10,42,2.953972101211548
validation,21,26,11,305,3.412886142730713
validation,21,26,12,496,3.5753586292266846
validation,21,26,13,208,3.2456107139587402
validation,21,26,14,329,3.0756711959838867
validation,21,26,15,104,3.1996235847473145
validation,21,26,16,383,3.259192705154419
validation,21,26,17,396,3.227216958999634
validation,21,26,18,375,3.5210065841674805
validation,21,26,19,222,2.9387474060058594
validation,21,26,20,224,3.599815607070923
validation,21,26,21,159,3.589625358581543
validation,21,26,22,523,3.540703773498535
validation,21,26,23,229,3.6766765117645264
validation,21,26,24,440,3.6250061988830566
validation,21,26,25,378,3.175797939300537
validation,21,26,26,35,3.616011619567871
validation,21,26,27,157,3.5249826908111572
validation,21,26,28,484,3.0927040576934814
validation,21,26,29,315,3.8569836616516113
validation,21,26,30,361,3.3395004272460938
validation,21,26,31,499,3.7636003494262695
validation,21,26,32,418,3.3232369422912598
validation,21,26,33,336,3.433889627456665
validation,21,26,34,386,3.453979253768921
validation,21,26,35,430,3.3283028602600098
validation,21,26,36,359,2.9299535751342773
validation,21,26,37,172,3.5033514499664307
validation,21,26,38,495,3.6869678497314453
validation,21,26,39,287,3.244152545928955
validation,21,26,40,31,3.0954408645629883
validation,21,26,41,343,3.3097829818725586
validation,21,26,42,508,3.5737500190734863
validation,21,26,43,15,3.1453378200531006
validation,21,26,44,228,3.4462389945983887
validation,21,26,45,2,3.112755537033081
validation,21,26,46,241,3.4076948165893555
validation,21,26,47,318,3.7716028690338135
validation,21,26,48,255,3.1333560943603516
validation,21,26,49,184,3.367136240005493
validation,21,26,50,46,3.3368148803710938
validation,21,26,51,51,3.309011697769165
validation,21,26,52,407,3.2109148502349854
validation,21,26,53,268,2.541682720184326
validation,21,26,54,479,3.6422929763793945
validation,21,26,55,385,3.363818407058716
validation,21,26,56,213,2.658005714416504
validation,21,26,57,20,3.2353200912475586
validation,21,26,58,175,3.7459356784820557
validation,21,26,59,326,3.5149786472320557
validation,21,26,60,141,3.372349739074707
validation,21,26,61,517,4.004519462585449
validation,21,26,62,59,3.7003371715545654
validation,21,26,63,240,3.0170106887817383
validation,24,26,0,121,3.415036916732788
validation,24,26,1,414,3.128288507461548
validation,24,26,2,134,3.480919122695923
validation,24,26,3,21,3.123225688934326
validation,24,26,4,498,3.1230037212371826
validation,24,26,5,323,3.9569578170776367
validation,24,26,6,63,2.9344069957733154
validation,24,26,7,108,3.182905673980713
validation,24,26,8,237,3.4114174842834473
validation,24,26,9,412,3.505716562271118
validation,24,26,10,42,3.18674898147583
validation,24,26,11,305,3.6171443462371826
validation,24,26,12,496,3.8233745098114014
validation,24,26,13,208,3.422987222671509
validation,24,26,14,329,3.2058639526367188
validation,24,26,15,104,3.2964072227478027
validation,24,26,16,383,3.3741447925567627
validation,24,26,17,396,3.3997304439544678
validation,24,26,18,375,3.580458402633667
validation,24,26,19,222,2.988661289215088
validation,24,26,20,224,3.846722364425659
validation,24,26,21,159,3.869497776031494
validation,24,26,22,523,3.7978403568267822
validation,24,26,23,229,3.839487314224243
validation,24,26,24,440,3.8731486797332764
validation,24,26,25,378,3.4153754711151123
validation,24,26,26,35,3.701176881790161
validation,24,26,27,157,3.850572109222412
validation,24,26,28,484,3.057356834411621
validation,24,26,29,315,3.9434654712677
validation,24,26,30,361,3.6601977348327637
validation,24,26,31,499,3.8136446475982666
validation,24,26,32,418,3.4282639026641846
validation,24,26,33,336,3.6396522521972656
validation,24,26,34,386,3.518481969833374
validation,24,26,35,430,3.412224531173706
validation,24,26,36,359,2.8929436206817627
validation,24,26,37,172,3.824488878250122
validation,24,26,38,495,3.7592434883117676
validation,24,26,39,287,3.5134129524230957
validation,24,26,40,31,3.2532222270965576
validation,24,26,41,343,3.5752172470092773
validation,24,26,42,508,3.710832357406616
validation,24,26,43,15,3.3818092346191406
validation,24,26,44,228,3.6614022254943848
validation,24,26,45,2,3.2304725646972656
validation,24,26,46,241,3.5524113178253174
validation,24,26,47,318,3.8363492488861084
validation,24,26,48,255,3.4549930095672607
validation,24,26,49,184,3.3379719257354736
validation,24,26,50,46,3.443645477294922
validation,24,26,51,51,3.4647536277770996
validation,24,26,52,407,3.415635824203491
validation,24,26,53,268,2.5647315979003906
validation,24,26,54,479,3.693265199661255
validation,24,26,55,385,3.3766822814941406
validation,24,26,56,213,2.927866220474243
validation,24,26,57,20,3.4110658168792725
validation,24,26,58,175,3.834054946899414
validation,24,26,59,326,3.6655874252319336
validation,24,26,60,141,3.592339038848877
validation,24,26,61,517,4.009403228759766
validation,24,26,62,59,3.6934831142425537
validation,24,26,63,240,3.1283998489379883
