split,seed,candidate,checkpoint,window_id,doc_id,document_token_start,labels,nll
S,17,a00,0,0,71ff58ca29d05bef3a99fb59512ec09404e49be906888dc3ea5409ce8a54beea,0,511,2.4101102352142334
S,17,a00,0,1,47ab999a2c488609314576fac2048b7f2a92afad8f7ca0326f23f648d515f167,1536,511,2.2742040157318115
S,17,a00,0,2,c6ff7382a150214656a5c5d777769384c99d3ce7764110fc98e07e5e48fddc7e,1024,511,2.5660953521728516
S,17,a00,0,3,8739f77bc09e02e5783efc804080eff63b9ae7da7008a0e4c6412b47aa6da1c2,2048,511,2.628272533416748
S,17,a00,0,4,a7f7a2250dd6f72080e21112d92bdfd639fcbe8a5a9effd80028c67d5dddd416,0,511,2.554842948913574
S,17,a00,0,5,06cd6da2c73e993c43345dad24088c06b24d496ffc56f5f460b58cfa49d0f3df,0,511,1.75104558467865
S,17,a00,0,6,3adf36bb00be5fa07541f544ce8642a56fcd3a01d456650deaabc83e91d791a1,1024,511,2.815267324447632
S,17,a00,0,7,34c9eb07c804b8ee651c4da1ac1dd801fec51c064819632bd8f4f36bd685b8a1,1024,511,3.132183313369751
S,17,a00,0,8,dcd008e03034d7dcffb4b6abd6aa6f0bfdf0a28ddd0b53dd37784e7c055f10bb,1536,511,2.528654098510742
S,17,a00,0,9,4f58c96286c7c0f0417ea817ca24cf1c2db4ad3d19fdcdcf46124511fbf05b3e,512,511,2.8638758659362793
S,17,a00,0,10,7c5e18ef30b2c1c37d722f19397ccdf563e0428cdde5ff6b99a902d67975541f,5120,511,2.716304063796997
S,17,a00,0,11,47344d32192263b566ca14f66ce20553a4c76ff30204fae6639d7c1dde9a1f11,0,511,2.093820810317993
S,17,a00,0,12,98aa6addc6d0697baff9ad72065efe34b866fb27cb0c3e094c328bb57b98cf2b,512,511,2.6085073947906494
S,17,a00,0,13,d6b58a86755a3af1a5a75d162cfd31bceb70ebe76d43dfd2b64d95def0331c1b,0,511,1.983035922050476
S,17,a00,0,14,c724dc11dc74fa10b6309922c9d014e010a88079d4ca2e3ca96ab091459b166e,0,511,2.4072680473327637
S,17,a00,0,15,aad6037cda830ea2edaf38a004ae82825aa4d21585b2c0f33197a34583613c19,3072,511,2.710698127746582
S,17,a00,0,16,b7140ecf1283718c8b44dd77fefc16ef15f5d7579ad3d6f1da94324d11081ab5,0,511,2.5901737213134766
S,17,a00,0,17,7c0883960fcd42892f41d565a6eb8675b26e6a7b184fa795ec1dea269c0d78f7,2560,511,3.110145092010498
S,17,a00,0,18,e461497c8cf9867275c7b0ab55899126e69b01926436f58a64e902baf22ad1d8,1024,511,2.9671683311462402
S,17,a00,0,19,d236bd424f8c1de8ba7570984678d98d021bd9f796117156ee8c848d8b9e20df,512,511,2.066295862197876
S,17,a00,0,20,b124bcdac530f87fa8b20ed6ba5af0bdc6e2e14fe6348e8e8d9aae3bbb14d7bf,1536,511,2.60909366607666
S,17,a00,0,21,398d9a5e65eb510a4b2165e08da91bc2e7a46f651fd4c2a7c82baca0e3f7c6f7,512,511,3.216306686401367
S,17,a00,0,22,398d4136fe8a7fe859af6d03e3be3e80b0a4a081aa81cad5dad14be6152fbb07,1024,511,2.7686922550201416
S,17,a00,0,23,27c7a212b1dd328e6abafa8ce17f190f047ff7bf7b13546651705123022fac2b,2048,511,2.7138512134552
S,17,a00,0,24,27e29aeb84cb9b2f80dc9061f35e33eb4710e31a4bda2e0ce985e2cb4c4af0d4,512,511,2.550745964050293
S,17,a00,0,25,a7ab0eebec8ed5155f1c0b6b257ae3e70464155e9540fc6cb19d9b21ce07adbe,0,511,2.2199783325195312
S,17,a00,0,26,87c73475752c7552f1b2dfb6631350662bd4d2392ea692266f7fd8d9d49255e6,5120,511,2.7044734954833984
S,17,a00,0,27,4dfcff9cdf6a84e7dc2d2f41f4beeb5bd4a850251f084dbb833319624ea2ba03,1536,511,2.9177634716033936
S,17,a00,0,28,c6a6c920ad14f9ced5cbb1a81a695ee0d1e0cec0886071763eca3b7609793f9a,512,511,3.0219717025756836
S,17,a00,0,29,602491df734b58909d0bdd64c12964094178660aa935fe328832f5ac7c783ce5,6656,511,3.0678489208221436
S,17,a00,0,30,3d3334d8bb76a4a5d2667fcaaf08e5519258c23da3c0ed35b0fb51ab7750456a,512,511,2.5823495388031006
S,17,a00,0,31,a5c6bb2784e438e57e6c21063b5631ad6159e98fd0fdde6f0f393b1a6ad1ec91,0,511,2.7480201721191406
S,17,a00,0,32,a75479aadac4ab0e14588bb3dbab971354b70cbb22f67008de6af0b25ce850de,6144,511,3.183826446533203
S,17,a00,0,33,81985a3b78086a93d7e6ae3ddda453bf5a959744e65bc05418fc1b56f5ec10ca,512,511,2.4795539379119873
S,17,a00,0,34,2362e3d4278d695e409c7b7ff1512062454f8d035bc9076dff42c632a29fb2ee,0,511,2.2497382164001465
S,17,a00,0,35,85cb58452e909342c236fc118e084fa9adcfddffc1ee3968baed9838eae6ef37,0,511,2.0690231323242188
S,17,a00,0,36,da80b33b4eb70c8d7b4c6a0fc009cedf34a39859057eb8700df906c788e6a4c8,0,511,2.4338505268096924
S,17,a00,0,37,2e3ac91c014b25eebddbb443aa8850683dfc0675b9fed2dc40ec8d5f64ec60d4,0,511,2.3385913372039795
S,17,a00,0,38,3210f7ea4f8c2a390b5fc7a519a58dd185dc01a5700b89f95e427e52d0e581c9,512,511,2.9367806911468506
S,17,a00,0,39,f5e1818470b34abce111d71989de48dff1e3e4ef0271749d38438e1b6693f635,1536,511,2.345109701156616
S,17,a00,0,40,3ce4586556ea72a70c76b9203dca8969adc500af610389007ec255f56b1e169e,1024,511,2.797081708908081
S,17,a00,0,41,7b804a7a99e4de2942ef98de42165dacd3e16b944e6a538d55df1f634a23d48e,4096,511,2.8691294193267822
S,17,a00,0,42,f6dd4f9c768666495fe711e166071758aa6c2d321def74a3ae211027ce199501,512,511,3.230074644088745
S,17,a00,0,43,31ed14bec015eaaefb165002eb17b020eeb35031b1a592aff7d981de7c6899b3,0,511,2.377998113632202
S,17,a00,0,44,b3ff1454cd3a072b015b88f94f6d6889d9c0bd745fc7a5433df7c0d43151854e,512,511,2.5953714847564697
S,17,a00,0,45,3ee074eadb149c8da6002c76352f4113d1c896c63c6c090fd621092749233d6a,8704,511,3.183049440383911
S,17,a00,0,46,5682e8596b594de16f03e38329a00d1bff4adee96204668f946a90f5292c8136,1024,511,2.836315631866455
S,17,a00,0,47,127630e33620c4206cd0e7ad6622f66b144b669ddf653964e56ce6654a7b32f0,3072,511,2.5033328533172607
S,17,a00,0,48,320f1288c0a9e6e7a3def263d7abab684526479abb06fc68e069fc1a9937c71d,1024,511,2.8003554344177246
S,17,a00,0,49,58ac024cd69aa321476709f7b1742c6523bf4fb12233b5b6f60d680c8fca8e8e,1536,511,2.7035892009735107
S,17,a00,0,50,4f84e7678dedadbb233b28e11c014c0798eadf77020a5a8fb4d017d12c99e86d,2560,511,2.1686959266662598
S,17,a00,0,51,99db37e631f9ef519733c8a72d003864c2701de3091cf19e9eba387054fdacac,512,511,3.086524724960327
S,17,a00,0,52,0627479429bdaca6ad2b61ecd03d5b65cd330b0351b5ff8f878978d7b00c4ab2,0,511,2.6186327934265137
S,17,a00,0,53,c1e3085f9b150f54416c89fdea9cdb29ceef7e5050e94af9eafe2053fffe3e64,3584,511,2.309652328491211
S,17,a00,0,54,0e6b290375d52c7b5c4cd74b4c7348611213caa15ca0e87d7f6426f9e0f86e04,2048,511,2.68628191947937
S,17,a00,0,55,16f297fd545d4a150c1908347430e076e51e3560238877a2eec2ac020b7d3bc9,3584,511,2.5766947269439697
S,17,a00,0,56,243408a375c7d0c1fda52538ba71d700e4d403fd2764c7491c7c1a9b7d7fd7a9,0,511,2.6589012145996094
S,17,a00,0,57,93133535594204a5a3625fc7b90ff6ad027dca329f0359370d232d4135e91bc1,512,511,2.426459789276123
S,17,a00,0,58,7c74fa4376b1168685d5d288b916d3317d340aad3044f88d5ca673b76d875d1c,1536,511,2.436845541000366
S,17,a00,0,59,447ea32f527637dcb6ef068962a2fabe21ec283698e144c45ed42c46e1b27772,0,511,2.732600688934326
S,17,a00,0,60,6db7dd742bd03a22121dc39ee8773c9afa1462f4efce21abbe54dc33c4285b1f,0,511,2.4240458011627197
S,17,a00,0,61,dc8a961be5dc24fc777b38869adf84cfc37bbe2f28514ceb0e344d39b7e01906,512,511,2.76084041595459
S,17,a00,0,62,3ca10415cf1f0bc4955c7ef0d186c8e93deb4aece0aaaa5fb553b43dfe5ad2aa,0,511,2.7031021118164062
S,17,a00,0,63,6e5c6769277c87aeaf9a4fd680fad1720ce04660f567befd8a9f8c68dde50f64,0,511,2.5242912769317627
S,17,a00,20,0,71ff58ca29d05bef3a99fb59512ec09404e49be906888dc3ea5409ce8a54beea,0,511,2.369137763977051
S,17,a00,20,1,47ab999a2c488609314576fac2048b7f2a92afad8f7ca0326f23f648d515f167,1536,511,2.235511541366577
S,17,a00,20,2,c6ff7382a150214656a5c5d777769384c99d3ce7764110fc98e07e5e48fddc7e,1024,511,2.507312059402466
S,17,a00,20,3,8739f77bc09e02e5783efc804080eff63b9ae7da7008a0e4c6412b47aa6da1c2,2048,511,2.5655529499053955
S,17,a00,20,4,a7f7a2250dd6f72080e21112d92bdfd639fcbe8a5a9effd80028c67d5dddd416,0,511,2.504713773727417
S,17,a00,20,5,06cd6da2c73e993c43345dad24088c06b24d496ffc56f5f460b58cfa49d0f3df,0,511,1.6919429302215576
S,17,a00,20,6,3adf36bb00be5fa07541f544ce8642a56fcd3a01d456650deaabc83e91d791a1,1024,511,2.747427225112915
S,17,a00,20,7,34c9eb07c804b8ee651c4da1ac1dd801fec51c064819632bd8f4f36bd685b8a1,1024,511,3.060746908187866
S,17,a00,20,8,dcd008e03034d7dcffb4b6abd6aa6f0bfdf0a28ddd0b53dd37784e7c055f10bb,1536,511,2.4665868282318115
S,17,a00,20,9,4f58c96286c7c0f0417ea817ca24cf1c2db4ad3d19fdcdcf46124511fbf05b3e,512,511,2.8013100624084473
S,17,a00,20,10,7c5e18ef30b2c1c37d722f19397ccdf563e0428cdde5ff6b99a902d67975541f,5120,511,2.655773639678955
S,17,a00,20,11,47344d32192263b566ca14f66ce20553a4c76ff30204fae6639d7c1dde9a1f11,0,511,2.0406107902526855
S,17,a00,20,12,98aa6addc6d0697baff9ad72065efe34b866fb27cb0c3e094c328bb57b98cf2b,512,511,2.5693676471710205
S,17,a00,20,13,d6b58a86755a3af1a5a75d162cfd31bceb70ebe76d43dfd2b64d95def0331c1b,0,511,1.904893159866333
S,17,a00,20,14,c724dc11dc74fa10b6309922c9d014e010a88079d4ca2e3ca96ab091459b166e,0,511,2.3583807945251465
S,17,a00,20,15,aad6037cda830ea2edaf38a004ae82825aa4d21585b2c0f33197a34583613c19,3072,511,2.6671838760375977
S,17,a00,20,16,b7140ecf1283718c8b44dd77fefc16ef15f5d7579ad3d6f1da94324d11081ab5,0,511,2.531074285507202
S,17,a00,20,17,7c0883960fcd42892f41d565a6eb8675b26e6a7b184fa795ec1dea269c0d78f7,2560,511,3.059189558029175
S,17,a00,20,18,e461497c8cf9867275c7b0ab55899126e69b01926436f58a64e902baf22ad1d8,1024,511,2.900052785873413
S,17,a00,20,19,d236bd424f8c1de8ba7570984678d98d021bd9f796117156ee8c848d8b9e20df,512,511,2.0061416625976562
S,17,a00,20,20,b124bcdac530f87fa8b20ed6ba5af0bdc6e2e14fe6348e8e8d9aae3bbb14d7bf,1536,511,2.535416603088379
S,17,a00,20,21,398d9a5e65eb510a4b2165e08da91bc2e7a46f651fd4c2a7c82baca0e3f7c6f7,512,511,3.163595676422119
S,17,a00,20,22,398d4136fe8a7fe859af6d03e3be3e80b0a4a081aa81cad5dad14be6152fbb07,1024,511,2.691348075866699
S,17,a00,20,23,27c7a212b1dd328e6abafa8ce17f190f047ff7bf7b13546651705123022fac2b,2048,511,2.6226165294647217
S,17,a00,20,24,27e29aeb84cb9b2f80dc9061f35e33eb4710e31a4bda2e0ce985e2cb4c4af0d4,512,511,2.4965367317199707
S,17,a00,20,25,a7ab0eebec8ed5155f1c0b6b257ae3e70464155e9540fc6cb19d9b21ce07adbe,0,511,2.159379720687866
S,17,a00,20,26,87c73475752c7552f1b2dfb6631350662bd4d2392ea692266f7fd8d9d49255e6,5120,511,2.6310465335845947
S,17,a00,20,27,4dfcff9cdf6a84e7dc2d2f41f4beeb5bd4a850251f084dbb833319624ea2ba03,1536,511,2.8682918548583984
S,17,a00,20,28,c6a6c920ad14f9ced5cbb1a81a695ee0d1e0cec0886071763eca3b7609793f9a,512,511,2.943711996078491
S,17,a00,20,29,602491df734b58909d0bdd64c12964094178660aa935fe328832f5ac7c783ce5,6656,511,3.0315964221954346
S,17,a00,20,30,3d3334d8bb76a4a5d2667fcaaf08e5519258c23da3c0ed35b0fb51ab7750456a,512,511,2.5012729167938232
S,17,a00,20,31,a5c6bb2784e438e57e6c21063b5631ad6159e98fd0fdde6f0f393b1a6ad1ec91,0,511,2.661759376525879
S,17,a00,20,32,a75479aadac4ab0e14588bb3dbab971354b70cbb22f67008de6af0b25ce850de,6144,511,3.1253628730773926
S,17,a00,20,33,81985a3b78086a93d7e6ae3ddda453bf5a959744e65bc05418fc1b56f5ec10ca,512,511,2.4177114963531494
S,17,a00,20,34,2362e3d4278d695e409c7b7ff1512062454f8d035bc9076dff42c632a29fb2ee,0,511,2.172734022140503
S,17,a00,20,35,85cb58452e909342c236fc118e084fa9adcfddffc1ee3968baed9838eae6ef37,0,511,2.0195577144622803
S,17,a00,20,36,da80b33b4eb70c8d7b4c6a0fc009cedf34a39859057eb8700df906c788e6a4c8,0,511,2.3756721019744873
S,17,a00,20,37,2e3ac91c014b25eebddbb443aa8850683dfc0675b9fed2dc40ec8d5f64ec60d4,0,511,2.259066581726074
S,17,a00,20,38,3210f7ea4f8c2a390b5fc7a519a58dd185dc01a5700b89f95e427e52d0e581c9,512,511,2.886364459991455
S,17,a00,20,39,f5e1818470b34abce111d71989de48dff1e3e4ef0271749d38438e1b6693f635,1536,511,2.2982521057128906
S,17,a00,20,40,3ce4586556ea72a70c76b9203dca8969adc500af610389007ec255f56b1e169e,1024,511,2.742677688598633
S,17,a00,20,41,7b804a7a99e4de2942ef98de42165dacd3e16b944e6a538d55df1f634a23d48e,4096,511,2.8322596549987793
S,17,a00,20,42,f6dd4f9c768666495fe711e166071758aa6c2d321def74a3ae211027ce199501,512,511,3.172755718231201
S,17,a00,20,43,31ed14bec015eaaefb165002eb17b020eeb35031b1a592aff7d981de7c6899b3,0,511,2.3181891441345215
S,17,a00,20,44,b3ff1454cd3a072b015b88f94f6d6889d9c0bd745fc7a5433df7c0d43151854e,512,511,2.5549349784851074
S,17,a00,20,45,3ee074eadb149c8da6002c76352f4113d1c896c63c6c090fd621092749233d6a,8704,511,3.137860059738159
S,17,a00,20,46,5682e8596b594de16f03e38329a00d1bff4adee96204668f946a90f5292c8136,1024,511,2.782111883163452
S,17,a00,20,47,127630e33620c4206cd0e7ad6622f66b144b669ddf653964e56ce6654a7b32f0,3072,511,2.4437007904052734
S,17,a00,20,48,320f1288c0a9e6e7a3def263d7abab684526479abb06fc68e069fc1a9937c71d,1024,511,2.72086763381958
S,17,a00,20,49,58ac024cd69aa321476709f7b1742c6523bf4fb12233b5b6f60d680c8fca8e8e,1536,511,2.6683404445648193
S,17,a00,20,50,4f84e7678dedadbb233b28e11c014c0798eadf77020a5a8fb4d017d12c99e86d,2560,511,2.1279799938201904
S,17,a00,20,51,99db37e631f9ef519733c8a72d003864c2701de3091cf19e9eba387054fdacac,512,511,3.038719654083252
S,17,a00,20,52,0627479429bdaca6ad2b61ecd03d5b65cd330b0351b5ff8f878978d7b00c4ab2,0,511,2.5500435829162598
S,17,a00,20,53,c1e3085f9b150f54416c89fdea9cdb29ceef7e5050e94af9eafe2053fffe3e64,3584,511,2.2634856700897217
S,17,a00,20,54,0e6b290375d52c7b5c4cd74b4c7348611213caa15ca0e87d7f6426f9e0f86e04,2048,511,2.5935957431793213
S,17,a00,20,55,16f297fd545d4a150c1908347430e076e51e3560238877a2eec2ac020b7d3bc9,3584,511,2.5093228816986084
S,17,a00,20,56,243408a375c7d0c1fda52538ba71d700e4d403fd2764c7491c7c1a9b7d7fd7a9,0,511,2.580564022064209
S,17,a00,20,57,93133535594204a5a3625fc7b90ff6ad027dca329f0359370d232d4135e91bc1,512,511,2.386124610900879
S,17,a00,20,58,7c74fa4376b1168685d5d288b916d3317d340aad3044f88d5ca673b76d875d1c,1536,511,2.3798093795776367
S,17,a00,20,59,447ea32f527637dcb6ef068962a2fabe21ec283698e144c45ed42c46e1b27772,0,511,2.661407232284546
S,17,a00,20,60,6db7dd742bd03a22121dc39ee8773c9afa1462f4efce21abbe54dc33c4285b1f,0,511,2.3726890087127686
S,17,a00,20,61,dc8a961be5dc24fc777b38869adf84cfc37bbe2f28514ceb0e344d39b7e01906,512,511,2.7028098106384277
S,17,a00,20,62,3ca10415cf1f0bc4955c7ef0d186c8e93deb4aece0aaaa5fb553b43dfe5ad2aa,0,511,2.6549062728881836
S,17,a00,20,63,6e5c6769277c87aeaf9a4fd680fad1720ce04660f567befd8a9f8c68dde50f64,0,511,2.4569272994995117
S,17,a00,50,0,71ff58ca29d05bef3a99fb59512ec09404e49be906888dc3ea5409ce8a54beea,0,511,2.264631509780884
S,17,a00,50,1,47ab999a2c488609314576fac2048b7f2a92afad8f7ca0326f23f648d515f167,1536,511,2.1750428676605225
S,17,a00,50,2,c6ff7382a150214656a5c5d777769384c99d3ce7764110fc98e07e5e48fddc7e,1024,511,2.4455881118774414
S,17,a00,50,3,8739f77bc09e02e5783efc804080eff63b9ae7da7008a0e4c6412b47aa6da1c2,2048,511,2.4399056434631348
S,17,a00,50,4,a7f7a2250dd6f72080e21112d92bdfd639fcbe8a5a9effd80028c67d5dddd416,0,511,2.434434175491333
S,17,a00,50,5,06cd6da2c73e993c43345dad24088c06b24d496ffc56f5f460b58cfa49d0f3df,0,511,1.5774855613708496
S,17,a00,50,6,3adf36bb00be5fa07541f544ce8642a56fcd3a01d456650deaabc83e91d791a1,1024,511,2.6072897911071777
S,17,a00,50,7,34c9eb07c804b8ee651c4da1ac1dd801fec51c064819632bd8f4f36bd685b8a1,1024,511,2.956134557723999
S,17,a00,50,8,dcd008e03034d7dcffb4b6abd6aa6f0bfdf0a28ddd0b53dd37784e7c055f10bb,1536,511,2.333336591720581
S,17,a00,50,9,4f58c96286c7c0f0417ea817ca24cf1c2db4ad3d19fdcdcf46124511fbf05b3e,512,511,2.6700351238250732
S,17,a00,50,10,7c5e18ef30b2c1c37d722f19397ccdf563e0428cdde5ff6b99a902d67975541f,5120,511,2.525294065475464
S,17,a00,50,11,47344d32192263b566ca14f66ce20553a4c76ff30204fae6639d7c1dde9a1f11,0,511,1.9518940448760986
S,17,a00,50,12,98aa6addc6d0697baff9ad72065efe34b866fb27cb0c3e094c328bb57b98cf2b,512,511,2.4801418781280518
S,17,a00,50,13,d6b58a86755a3af1a5a75d162cfd31bceb70ebe76d43dfd2b64d95def0331c1b,0,511,1.7678532600402832
S,17,a00,50,14,c724dc11dc74fa10b6309922c9d014e010a88079d4ca2e3ca96ab091459b166e,0,511,2.22463321685791
S,17,a00,50,15,aad6037cda830ea2edaf38a004ae82825aa4d21585b2c0f33197a34583613c19,3072,511,2.6013970375061035
S,17,a00,50,16,b7140ecf1283718c8b44dd77fefc16ef15f5d7579ad3d6f1da94324d11081ab5,0,511,2.4293837547302246
S,17,a00,50,17,7c0883960fcd42892f41d565a6eb8675b26e6a7b184fa795ec1dea269c0d78f7,2560,511,2.9861602783203125
S,17,a00,50,18,e461497c8cf9867275c7b0ab55899126e69b01926436f58a64e902baf22ad1d8,1024,511,2.7756617069244385
S,17,a00,50,19,d236bd424f8c1de8ba7570984678d98d021bd9f796117156ee8c848d8b9e20df,512,511,1.9202792644500732
S,17,a00,50,20,b124bcdac530f87fa8b20ed6ba5af0bdc6e2e14fe6348e8e8d9aae3bbb14d7bf,1536,511,2.4267189502716064
S,17,a00,50,21,398d9a5e65eb510a4b2165e08da91bc2e7a46f651fd4c2a7c82baca0e3f7c6f7,512,511,3.067481279373169
S,17,a00,50,22,398d4136fe8a7fe859af6d03e3be3e80b0a4a081aa81cad5dad14be6152fbb07,1024,511,2.5474345684051514
S,17,a00,50,23,27c7a212b1dd328e6abafa8ce17f190f047ff7bf7b13546651705123022fac2b,2048,511,2.53055477142334
S,17,a00,50,24,27e29aeb84cb9b2f80dc9061f35e33eb4710e31a4bda2e0ce985e2cb4c4af0d4,512,511,2.351123094558716
S,17,a00,50,25,a7ab0eebec8ed5155f1c0b6b257ae3e70464155e9540fc6cb19d9b21ce07adbe,0,511,2.054499864578247
S,17,a00,50,26,87c73475752c7552f1b2dfb6631350662bd4d2392ea692266f7fd8d9d49255e6,5120,511,2.501849889755249
S,17,a00,50,27,4dfcff9cdf6a84e7dc2d2f41f4beeb5bd4a850251f084dbb833319624ea2ba03,1536,511,2.7826075553894043
S,17,a00,50,28,c6a6c920ad14f9ced5cbb1a81a695ee0d1e0cec0886071763eca3b7609793f9a,512,511,2.83219051361084
S,17,a00,50,29,602491df734b58909d0bdd64c12964094178660aa935fe328832f5ac7c783ce5,6656,511,2.9354114532470703
S,17,a00,50,30,3d3334d8bb76a4a5d2667fcaaf08e5519258c23da3c0ed35b0fb51ab7750456a,512,511,2.3879382610321045
S,17,a00,50,31,a5c6bb2784e438e57e6c21063b5631ad6159e98fd0fdde6f0f393b1a6ad1ec91,0,511,2.544398307800293
S,17,a00,50,32,a75479aadac4ab0e14588bb3dbab971354b70cbb22f67008de6af0b25ce850de,6144,511,3.0137288570404053
S,17,a00,50,33,81985a3b78086a93d7e6ae3ddda453bf5a959744e65bc05418fc1b56f5ec10ca,512,511,2.297184467315674
S,17,a00,50,34,2362e3d4278d695e409c7b7ff1512062454f8d035bc9076dff42c632a29fb2ee,0,511,2.0960662364959717
S,17,a00,50,35,85cb58452e909342c236fc118e084fa9adcfddffc1ee3968baed9838eae6ef37,0,511,1.9244526624679565
S,17,a00,50,36,da80b33b4eb70c8d7b4c6a0fc009cedf34a39859057eb8700df906c788e6a4c8,0,511,2.2824275493621826
S,17,a00,50,37,2e3ac91c014b25eebddbb443aa8850683dfc0675b9fed2dc40ec8d5f64ec60d4,0,511,2.131160259246826
S,17,a00,50,38,3210f7ea4f8c2a390b5fc7a519a58dd185dc01a5700b89f95e427e52d0e581c9,512,511,2.7992026805877686
S,17,a00,50,39,f5e1818470b34abce111d71989de48dff1e3e4ef0271749d38438e1b6693f635,1536,511,2.206873655319214
S,17,a00,50,40,3ce4586556ea72a70c76b9203dca8969adc500af610389007ec255f56b1e169e,1024,511,2.6704649925231934
S,17,a00,50,41,7b804a7a99e4de2942ef98de42165dacd3e16b944e6a538d55df1f634a23d48e,4096,511,2.7605090141296387
S,17,a00,50,42,f6dd4f9c768666495fe711e166071758aa6c2d321def74a3ae211027ce199501,512,511,3.0889909267425537
S,17,a00,50,43,31ed14bec015eaaefb165002eb17b020eeb35031b1a592aff7d981de7c6899b3,0,511,2.2449874877929688
S,17,a00,50,44,b3ff1454cd3a072b015b88f94f6d6889d9c0bd745fc7a5433df7c0d43151854e,512,511,2.48437237739563
S,17,a00,50,45,3ee074eadb149c8da6002c76352f4113d1c896c63c6c090fd621092749233d6a,8704,511,3.06042218208313
S,17,a00,50,46,5682e8596b594de16f03e38329a00d1bff4adee96204668f946a90f5292c8136,1024,511,2.6866695880889893
S,17,a00,50,47,127630e33620c4206cd0e7ad6622f66b144b669ddf653964e56ce6654a7b32f0,3072,511,2.3377363681793213
S,17,a00,50,48,320f1288c0a9e6e7a3def263d7abab684526479abb06fc68e069fc1a9937c71d,1024,511,2.5688230991363525
S,17,a00,50,49,58ac024cd69aa321476709f7b1742c6523bf4fb12233b5b6f60d680c8fca8e8e,1536,511,2.6101250648498535
S,17,a00,50,50,4f84e7678dedadbb233b28e11c014c0798eadf77020a5a8fb4d017d12c99e86d,2560,511,2.0740714073181152
S,17,a00,50,51,99db37e631f9ef519733c8a72d003864c2701de3091cf19e9eba387054fdacac,512,511,2.9467475414276123
S,17,a00,50,52,0627479429bdaca6ad2b61ecd03d5b65cd330b0351b5ff8f878978d7b00c4ab2,0,511,2.4322681427001953
S,17,a00,50,53,c1e3085f9b150f54416c89fdea9cdb29ceef7e5050e94af9eafe2053fffe3e64,3584,511,2.134817123413086
S,17,a00,50,54,0e6b290375d52c7b5c4cd74b4c7348611213caa15ca0e87d7f6426f9e0f86e04,2048,511,2.479079246520996
S,17,a00,50,55,16f297fd545d4a150c1908347430e076e51e3560238877a2eec2ac020b7d3bc9,3584,511,2.4042491912841797
S,17,a00,50,56,243408a375c7d0c1fda52538ba71d700e4d403fd2764c7491c7c1a9b7d7fd7a9,0,511,2.444457769393921
S,17,a00,50,57,93133535594204a5a3625fc7b90ff6ad027dca329f0359370d232d4135e91bc1,512,511,2.269066572189331
S,17,a00,50,58,7c74fa4376b1168685d5d288b916d3317d340aad3044f88d5ca673b76d875d1c,1536,511,2.2688517570495605
S,17,a00,50,59,447ea32f527637dcb6ef068962a2fabe21ec283698e144c45ed42c46e1b27772,0,511,2.5322413444519043
S,17,a00,50,60,6db7dd742bd03a22121dc39ee8773c9afa1462f4efce21abbe54dc33c4285b1f,0,511,2.2723467350006104
S,17,a00,50,61,dc8a961be5dc24fc777b38869adf84cfc37bbe2f28514ceb0e344d39b7e01906,512,511,2.5854718685150146
S,17,a00,50,62,3ca10415cf1f0bc4955c7ef0d186c8e93deb4aece0aaaa5fb553b43dfe5ad2aa,0,511,2.586372137069702
S,17,a00,50,63,6e5c6769277c87aeaf9a4fd680fad1720ce04660f567befd8a9f8c68dde50f64,0,511,2.347461223602295
S,17,a00,100,0,71ff58ca29d05bef3a99fb59512ec09404e49be906888dc3ea5409ce8a54beea,0,511,2.1837010383605957
S,17,a00,100,1,47ab999a2c488609314576fac2048b7f2a92afad8f7ca0326f23f648d515f167,1536,511,2.085084915161133
S,17,a00,100,2,c6ff7382a150214656a5c5d777769384c99d3ce7764110fc98e07e5e48fddc7e,1024,511,2.3691482543945312
S,17,a00,100,3,8739f77bc09e02e5783efc804080eff63b9ae7da7008a0e4c6412b47aa6da1c2,2048,511,2.3584601879119873
S,17,a00,100,4,a7f7a2250dd6f72080e21112d92bdfd639fcbe8a5a9effd80028c67d5dddd416,0,511,2.3668911457061768
S,17,a00,100,5,06cd6da2c73e993c43345dad24088c06b24d496ffc56f5f460b58cfa49d0f3df,0,511,1.4966217279434204
S,17,a00,100,6,3adf36bb00be5fa07541f544ce8642a56fcd3a01d456650deaabc83e91d791a1,1024,511,2.4448509216308594
S,17,a00,100,7,34c9eb07c804b8ee651c4da1ac1dd801fec51c064819632bd8f4f36bd685b8a1,1024,511,2.8361432552337646
S,17,a00,100,8,dcd008e03034d7dcffb4b6abd6aa6f0bfdf0a28ddd0b53dd37784e7c055f10bb,1536,511,2.199641704559326
S,17,a00,100,9,4f58c96286c7c0f0417ea817ca24cf1c2db4ad3d19fdcdcf46124511fbf05b3e,512,511,2.5410220623016357
S,17,a00,100,10,7c5e18ef30b2c1c37d722f19397ccdf563e0428cdde5ff6b99a902d67975541f,5120,511,2.4660017490386963
S,17,a00,100,11,47344d32192263b566ca14f66ce20553a4c76ff30204fae6639d7c1dde9a1f11,0,511,1.8905198574066162
S,17,a00,100,12,98aa6addc6d0697baff9ad72065efe34b866fb27cb0c3e094c328bb57b98cf2b,512,511,2.4365181922912598
S,17,a00,100,13,d6b58a86755a3af1a5a75d162cfd31bceb70ebe76d43dfd2b64d95def0331c1b,0,511,1.654967188835144
S,17,a00,100,14,c724dc11dc74fa10b6309922c9d014e010a88079d4ca2e3ca96ab091459b166e,0,511,2.099438190460205
S,17,a00,100,15,aad6037cda830ea2edaf38a004ae82825aa4d21585b2c0f33197a34583613c19,3072,511,2.529208183288574
S,17,a00,100,16,b7140ecf1283718c8b44dd77fefc16ef15f5d7579ad3d6f1da94324d11081ab5,0,511,2.3510241508483887
S,17,a00,100,17,7c0883960fcd42892f41d565a6eb8675b26e6a7b184fa795ec1dea269c0d78f7,2560,511,2.90140700340271
S,17,a00,100,18,e461497c8cf9867275c7b0ab55899126e69b01926436f58a64e902baf22ad1d8,1024,511,2.708400011062622
S,17,a00,100,19,d236bd424f8c1de8ba7570984678d98d021bd9f796117156ee8c848d8b9e20df,512,511,1.8141844272613525
S,17,a00,100,20,b124bcdac530f87fa8b20ed6ba5af0bdc6e2e14fe6348e8e8d9aae3bbb14d7bf,1536,511,2.344968795776367
S,17,a00,100,21,398d9a5e65eb510a4b2165e08da91bc2e7a46f651fd4c2a7c82baca0e3f7c6f7,512,511,2.9568631649017334
S,17,a00,100,22,398d4136fe8a7fe859af6d03e3be3e80b0a4a081aa81cad5dad14be6152fbb07,1024,511,2.4211840629577637
S,17,a00,100,23,27c7a212b1dd328e6abafa8ce17f190f047ff7bf7b13546651705123022fac2b,2048,511,2.459774971008301
S,17,a00,100,24,27e29aeb84cb9b2f80dc9061f35e33eb4710e31a4bda2e0ce985e2cb4c4af0d4,512,511,2.2573657035827637
S,17,a00,100,25,a7ab0eebec8ed5155f1c0b6b257ae3e70464155e9540fc6cb19d9b21ce07adbe,0,511,1.9417593479156494
S,17,a00,100,26,87c73475752c7552f1b2dfb6631350662bd4d2392ea692266f7fd8d9d49255e6,5120,511,2.431363105773926
S,17,a00,100,27,4dfcff9cdf6a84e7dc2d2f41f4beeb5bd4a850251f084dbb833319624ea2ba03,1536,511,2.643054962158203
S,17,a00,100,28,c6a6c920ad14f9ced5cbb1a81a695ee0d1e0cec0886071763eca3b7609793f9a,512,511,2.7153220176696777
S,17,a00,100,29,602491df734b58909d0bdd64c12964094178660aa935fe328832f5ac7c783ce5,6656,511,2.8554511070251465
S,17,a00,100,30,3d3334d8bb76a4a5d2667fcaaf08e5519258c23da3c0ed35b0fb51ab7750456a,512,511,2.273833990097046
S,17,a00,100,31,a5c6bb2784e438e57e6c21063b5631ad6159e98fd0fdde6f0f393b1a6ad1ec91,0,511,2.4022092819213867
S,17,a00,100,32,a75479aadac4ab0e14588bb3dbab971354b70cbb22f67008de6af0b25ce850de,6144,511,2.981618642807007
S,17,a00,100,33,81985a3b78086a93d7e6ae3ddda453bf5a959744e65bc05418fc1b56f5ec10ca,512,511,2.2045726776123047
S,17,a00,100,34,2362e3d4278d695e409c7b7ff1512062454f8d035bc9076dff42c632a29fb2ee,0,511,1.9746055603027344
S,17,a00,100,35,85cb58452e909342c236fc118e084fa9adcfddffc1ee3968baed9838eae6ef37,0,511,1.8308461904525757
S,17,a00,100,36,da80b33b4eb70c8d7b4c6a0fc009cedf34a39859057eb8700df906c788e6a4c8,0,511,2.1578428745269775
S,17,a00,100,37,2e3ac91c014b25eebddbb443aa8850683dfc0675b9fed2dc40ec8d5f64ec60d4,0,511,2.0210225582122803
S,17,a00,100,38,3210f7ea4f8c2a390b5fc7a519a58dd185dc01a5700b89f95e427e52d0e581c9,512,511,2.6866352558135986
S,17,a00,100,39,f5e1818470b34abce111d71989de48dff1e3e4ef0271749d38438e1b6693f635,1536,511,2.127833604812622
S,17,a00,100,40,3ce4586556ea72a70c76b9203dca8969adc500af610389007ec255f56b1e169e,1024,511,2.537790536880493
S,17,a00,100,41,7b804a7a99e4de2942ef98de42165dacd3e16b944e6a538d55df1f634a23d48e,4096,511,2.675762176513672
S,17,a00,100,42,f6dd4f9c768666495fe711e166071758aa6c2d321def74a3ae211027ce199501,512,511,2.9942820072174072
S,17,a00,100,43,31ed14bec015eaaefb165002eb17b020eeb35031b1a592aff7d981de7c6899b3,0,511,2.1558098793029785
S,17,a00,100,44,b3ff1454cd3a072b015b88f94f6d6889d9c0bd745fc7a5433df7c0d43151854e,512,511,2.3756563663482666
S,17,a00,100,45,3ee074eadb149c8da6002c76352f4113d1c896c63c6c090fd621092749233d6a,8704,511,2.9695801734924316
S,17,a00,100,46,5682e8596b594de16f03e38329a00d1bff4adee96204668f946a90f5292c8136,1024,511,2.6579134464263916
S,17,a00,100,47,127630e33620c4206cd0e7ad6622f66b144b669ddf653964e56ce6654a7b32f0,3072,511,2.222517728805542
S,17,a00,100,48,320f1288c0a9e6e7a3def263d7abab684526479abb06fc68e069fc1a9937c71d,1024,511,2.4661545753479004
S,17,a00,100,49,58ac024cd69aa321476709f7b1742c6523bf4fb12233b5b6f60d680c8fca8e8e,1536,511,2.552584171295166
S,17,a00,100,50,4f84e7678dedadbb233b28e11c014c0798eadf77020a5a8fb4d017d12c99e86d,2560,511,1.9785857200622559
S,17,a00,100,51,99db37e631f9ef519733c8a72d003864c2701de3091cf19e9eba387054fdacac,512,511,2.8892579078674316
S,17,a00,100,52,0627479429bdaca6ad2b61ecd03d5b65cd330b0351b5ff8f878978d7b00c4ab2,0,511,2.292107343673706
S,17,a00,100,53,c1e3085f9b150f54416c89fdea9cdb29ceef7e5050e94af9eafe2053fffe3e64,3584,511,2.0445363521575928
S,17,a00,100,54,0e6b290375d52c7b5c4cd74b4c7348611213caa15ca0e87d7f6426f9e0f86e04,2048,511,2.409219741821289
S,17,a00,100,55,16f297fd545d4a150c1908347430e076e51e3560238877a2eec2ac020b7d3bc9,3584,511,2.3103721141815186
S,17,a00,100,56,243408a375c7d0c1fda52538ba71d700e4d403fd2764c7491c7c1a9b7d7fd7a9,0,511,2.316692590713501
S,17,a00,100,57,93133535594204a5a3625fc7b90ff6ad027dca329f0359370d232d4135e91bc1,512,511,2.132873296737671
S,17,a00,100,58,7c74fa4376b1168685d5d288b916d3317d340aad3044f88d5ca673b76d875d1c,1536,511,2.1736648082733154
S,17,a00,100,59,447ea32f527637dcb6ef068962a2fabe21ec283698e144c45ed42c46e1b27772,0,511,2.423210859298706
S,17,a00,100,60,6db7dd742bd03a22121dc39ee8773c9afa1462f4efce21abbe54dc33c4285b1f,0,511,2.1527791023254395
S,17,a00,100,61,dc8a961be5dc24fc777b38869adf84cfc37bbe2f28514ceb0e344d39b7e01906,512,511,2.4538683891296387
S,17,a00,100,62,3ca10415cf1f0bc4955c7ef0d186c8e93deb4aece0aaaa5fb553b43dfe5ad2aa,0,511,2.4696450233459473
S,17,a00,100,63,6e5c6769277c87aeaf9a4fd680fad1720ce04660f567befd8a9f8c68dde50f64,0,511,2.1897084712982178
S,17,a01,0,0,71ff58ca29d05bef3a99fb59512ec09404e49be906888dc3ea5409ce8a54beea,0,511,2.504286289215088
S,17,a01,0,1,47ab999a2c488609314576fac2048b7f2a92afad8f7ca0326f23f648d515f167,1536,511,2.346066951751709
S,17,a01,0,2,c6ff7382a150214656a5c5d777769384c99d3ce7764110fc98e07e5e48fddc7e,1024,511,2.8118538856506348
S,17,a01,0,3,8739f77bc09e02e5783efc804080eff63b9ae7da7008a0e4c6412b47aa6da1c2,2048,511,2.705836296081543
S,17,a01,0,4,a7f7a2250dd6f72080e21112d92bdfd639fcbe8a5a9effd80028c67d5dddd416,0,511,2.573514699935913
S,17,a01,0,5,06cd6da2c73e993c43345dad24088c06b24d496ffc56f5f460b58cfa49d0f3df,0,511,1.8424214124679565
S,17,a01,0,6,3adf36bb00be5fa07541f544ce8642a56fcd3a01d456650deaabc83e91d791a1,1024,511,2.9927308559417725
S,17,a01,0,7,34c9eb07c804b8ee651c4da1ac1dd801fec51c064819632bd8f4f36bd685b8a1,1024,511,3.3297901153564453
S,17,a01,0,8,dcd008e03034d7dcffb4b6abd6aa6f0bfdf0a28ddd0b53dd37784e7c055f10bb,1536,511,2.611675977706909
S,17,a01,0,9,4f58c96286c7c0f0417ea817ca24cf1c2db4ad3d19fdcdcf46124511fbf05b3e,512,511,2.9385986328125
S,17,a01,0,10,7c5e18ef30b2c1c37d722f19397ccdf563e0428cdde5ff6b99a902d67975541f,5120,511,2.908459186553955
S,17,a01,0,11,47344d32192263b566ca14f66ce20553a4c76ff30204fae6639d7c1dde9a1f11,0,511,2.138303279876709
S,17,a01,0,12,98aa6addc6d0697baff9ad72065efe34b866fb27cb0c3e094c328bb57b98cf2b,512,511,2.8003435134887695
S,17,a01,0,13,d6b58a86755a3af1a5a75d162cfd31bceb70ebe76d43dfd2b64d95def0331c1b,0,511,2.045605182647705
S,17,a01,0,14,c724dc11dc74fa10b6309922c9d014e010a88079d4ca2e3ca96ab091459b166e,0,511,2.4437921047210693
S,17,a01,0,15,aad6037cda830ea2edaf38a004ae82825aa4d21585b2c0f33197a34583613c19,3072,511,2.880967617034912
S,17,a01,0,16,b7140ecf1283718c8b44dd77fefc16ef15f5d7579ad3d6f1da94324d11081ab5,0,511,2.5964457988739014
S,17,a01,0,17,7c0883960fcd42892f41d565a6eb8675b26e6a7b184fa795ec1dea269c0d78f7,2560,511,3.24718976020813
S,17,a01,0,18,e461497c8cf9867275c7b0ab55899126e69b01926436f58a64e902baf22ad1d8,1024,511,2.9551429748535156
S,17,a01,0,19,d236bd424f8c1de8ba7570984678d98d021bd9f796117156ee8c848d8b9e20df,512,511,2.3188202381134033
S,17,a01,0,20,b124bcdac530f87fa8b20ed6ba5af0bdc6e2e14fe6348e8e8d9aae3bbb14d7bf,1536,511,2.708704710006714
S,17,a01,0,21,398d9a5e65eb510a4b2165e08da91bc2e7a46f651fd4c2a7c82baca0e3f7c6f7,512,511,3.3951525688171387
S,17,a01,0,22,398d4136fe8a7fe859af6d03e3be3e80b0a4a081aa81cad5dad14be6152fbb07,1024,511,2.796410083770752
S,17,a01,0,23,27c7a212b1dd328e6abafa8ce17f190f047ff7bf7b13546651705123022fac2b,2048,511,2.783212661743164
S,17,a01,0,24,27e29aeb84cb9b2f80dc9061f35e33eb4710e31a4bda2e0ce985e2cb4c4af0d4,512,511,2.7344095706939697
S,17,a01,0,25,a7ab0eebec8ed5155f1c0b6b257ae3e70464155e9540fc6cb19d9b21ce07adbe,0,511,2.3409676551818848
S,17,a01,0,26,87c73475752c7552f1b2dfb6631350662bd4d2392ea692266f7fd8d9d49255e6,5120,511,2.826406955718994
S,17,a01,0,27,4dfcff9cdf6a84e7dc2d2f41f4beeb5bd4a850251f084dbb833319624ea2ba03,1536,511,3.053370237350464
S,17,a01,0,28,c6a6c920ad14f9ced5cbb1a81a695ee0d1e0cec0886071763eca3b7609793f9a,512,511,3.065304756164551
S,17,a01,0,29,602491df734b58909d0bdd64c12964094178660aa935fe328832f5ac7c783ce5,6656,511,3.1506235599517822
S,17,a01,0,30,3d3334d8bb76a4a5d2667fcaaf08e5519258c23da3c0ed35b0fb51ab7750456a,512,511,2.707123279571533
S,17,a01,0,31,a5c6bb2784e438e57e6c21063b5631ad6159e98fd0fdde6f0f393b1a6ad1ec91,0,511,2.7905821800231934
S,17,a01,0,32,a75479aadac4ab0e14588bb3dbab971354b70cbb22f67008de6af0b25ce850de,6144,511,3.2548828125
S,17,a01,0,33,81985a3b78086a93d7e6ae3ddda453bf5a959744e65bc05418fc1b56f5ec10ca,512,511,2.5929572582244873
S,17,a01,0,34,2362e3d4278d695e409c7b7ff1512062454f8d035bc9076dff42c632a29fb2ee,0,511,2.3593831062316895
S,17,a01,0,35,85cb58452e909342c236fc118e084fa9adcfddffc1ee3968baed9838eae6ef37,0,511,2.177145004272461
S,17,a01,0,36,da80b33b4eb70c8d7b4c6a0fc009cedf34a39859057eb8700df906c788e6a4c8,0,511,2.5155906677246094
S,17,a01,0,37,2e3ac91c014b25eebddbb443aa8850683dfc0675b9fed2dc40ec8d5f64ec60d4,0,511,2.382197856903076
S,17,a01,0,38,3210f7ea4f8c2a390b5fc7a519a58dd185dc01a5700b89f95e427e52d0e581c9,512,511,3.0330092906951904
S,17,a01,0,39,f5e1818470b34abce111d71989de48dff1e3e4ef0271749d38438e1b6693f635,1536,511,2.3573415279388428
S,17,a01,0,40,3ce4586556ea72a70c76b9203dca8969adc500af610389007ec255f56b1e169e,1024,511,2.903287410736084
S,17,a01,0,41,7b804a7a99e4de2942ef98de42165dacd3e16b944e6a538d55df1f634a23d48e,4096,511,2.9604382514953613
S,17,a01,0,42,f6dd4f9c768666495fe711e166071758aa6c2d321def74a3ae211027ce199501,512,511,3.299974203109741
S,17,a01,0,43,31ed14bec015eaaefb165002eb17b020eeb35031b1a592aff7d981de7c6899b3,0,511,2.460893392562866
S,17,a01,0,44,b3ff1454cd3a072b015b88f94f6d6889d9c0bd745fc7a5433df7c0d43151854e,512,511,2.73396897315979
S,17,a01,0,45,3ee074eadb149c8da6002c76352f4113d1c896c63c6c090fd621092749233d6a,8704,511,3.3782083988189697
S,17,a01,0,46,5682e8596b594de16f03e38329a00d1bff4adee96204668f946a90f5292c8136,1024,511,3.1280577182769775
S,17,a01,0,47,127630e33620c4206cd0e7ad6622f66b144b669ddf653964e56ce6654a7b32f0,3072,511,2.5866706371307373
S,17,a01,0,48,320f1288c0a9e6e7a3def263d7abab684526479abb06fc68e069fc1a9937c71d,1024,511,2.941599130630493
S,17,a01,0,49,58ac024cd69aa321476709f7b1742c6523bf4fb12233b5b6f60d680c8fca8e8e,1536,511,2.772897720336914
S,17,a01,0,50,4f84e7678dedadbb233b28e11c014c0798eadf77020a5a8fb4d017d12c99e86d,2560,511,2.330540418624878
S,17,a01,0,51,99db37e631f9ef519733c8a72d003864c2701de3091cf19e9eba387054fdacac,512,511,3.167950391769409
S,17,a01,0,52,0627479429bdaca6ad2b61ecd03d5b65cd330b0351b5ff8f878978d7b00c4ab2,0,511,2.5851728916168213
S,17,a01,0,53,c1e3085f9b150f54416c89fdea9cdb29ceef7e5050e94af9eafe2053fffe3e64,3584,511,2.4361798763275146
S,17,a01,0,54,0e6b290375d52c7b5c4cd74b4c7348611213caa15ca0e87d7f6426f9e0f86e04,2048,511,2.7460875511169434
S,17,a01,0,55,16f297fd545d4a150c1908347430e076e51e3560238877a2eec2ac020b7d3bc9,3584,511,2.706282615661621
S,17,a01,0,56,243408a375c7d0c1fda52538ba71d700e4d403fd2764c7491c7c1a9b7d7fd7a9,0,511,2.673755407333374
S,17,a01,0,57,93133535594204a5a3625fc7b90ff6ad027dca329f0359370d232d4135e91bc1,512,511,2.565225124359131
S,17,a01,0,58,7c74fa4376b1168685d5d288b916d3317d340aad3044f88d5ca673b76d875d1c,1536,511,2.458932876586914
S,17,a01,0,59,447ea32f527637dcb6ef068962a2fabe21ec283698e144c45ed42c46e1b27772,0,511,2.77108097076416
S,17,a01,0,60,6db7dd742bd03a22121dc39ee8773c9afa1462f4efce21abbe54dc33c4285b1f,0,511,2.514112949371338
S,17,a01,0,61,dc8a961be5dc24fc777b38869adf84cfc37bbe2f28514ceb0e344d39b7e01906,512,511,2.8581464290618896
S,17,a01,0,62,3ca10415cf1f0bc4955c7ef0d186c8e93deb4aece0aaaa5fb553b43dfe5ad2aa,0,511,2.8200669288635254
S,17,a01,0,63,6e5c6769277c87aeaf9a4fd680fad1720ce04660f567befd8a9f8c68dde50f64,0,511,2.6942851543426514
S,17,a01,20,0,71ff58ca29d05bef3a99fb59512ec09404e49be906888dc3ea5409ce8a54beea,0,511,2.4549407958984375
S,17,a01,20,1,47ab999a2c488609314576fac2048b7f2a92afad8f7ca0326f23f648d515f167,1536,511,2.3090054988861084
S,17,a01,20,2,c6ff7382a150214656a5c5d777769384c99d3ce7764110fc98e07e5e48fddc7e,1024,511,2.757445812225342
S,17,a01,20,3,8739f77bc09e02e5783efc804080eff63b9ae7da7008a0e4c6412b47aa6da1c2,2048,511,2.646167039871216
S,17,a01,20,4,a7f7a2250dd6f72080e21112d92bdfd639fcbe8a5a9effd80028c67d5dddd416,0,511,2.53063702583313
S,17,a01,20,5,06cd6da2c73e993c43345dad24088c06b24d496ffc56f5f460b58cfa49d0f3df,0,511,1.7850582599639893
S,17,a01,20,6,3adf36bb00be5fa07541f544ce8642a56fcd3a01d456650deaabc83e91d791a1,1024,511,2.92193865776062
S,17,a01,20,7,34c9eb07c804b8ee651c4da1ac1dd801fec51c064819632bd8f4f36bd685b8a1,1024,511,3.2472715377807617
S,17,a01,20,8,dcd008e03034d7dcffb4b6abd6aa6f0bfdf0a28ddd0b53dd37784e7c055f10bb,1536,511,2.5301148891448975
S,17,a01,20,9,4f58c96286c7c0f0417ea817ca24cf1c2db4ad3d19fdcdcf46124511fbf05b3e,512,511,2.909940481185913
S,17,a01,20,10,7c5e18ef30b2c1c37d722f19397ccdf563e0428cdde5ff6b99a902d67975541f,5120,511,2.826005697250366
S,17,a01,20,11,47344d32192263b566ca14f66ce20553a4c76ff30204fae6639d7c1dde9a1f11,0,511,2.0919532775878906
S,17,a01,20,12,98aa6addc6d0697baff9ad72065efe34b866fb27cb0c3e094c328bb57b98cf2b,512,511,2.738757610321045
S,17,a01,20,13,d6b58a86755a3af1a5a75d162cfd31bceb70ebe76d43dfd2b64d95def0331c1b,0,511,1.9715651273727417
S,17,a01,20,14,c724dc11dc74fa10b6309922c9d014e010a88079d4ca2e3ca96ab091459b166e,0,511,2.3837966918945312
S,17,a01,20,15,aad6037cda830ea2edaf38a004ae82825aa4d21585b2c0f33197a34583613c19,3072,511,2.8333845138549805
S,17,a01,20,16,b7140ecf1283718c8b44dd77fefc16ef15f5d7579ad3d6f1da94324d11081ab5,0,511,2.5521976947784424
S,17,a01,20,17,7c0883960fcd42892f41d565a6eb8675b26e6a7b184fa795ec1dea269c0d78f7,2560,511,3.1892526149749756
S,17,a01,20,18,e461497c8cf9867275c7b0ab55899126e69b01926436f58a64e902baf22ad1d8,1024,511,2.9091525077819824
S,17,a01,20,19,d236bd424f8c1de8ba7570984678d98d021bd9f796117156ee8c848d8b9e20df,512,511,2.2715096473693848
S,17,a01,20,20,b124bcdac530f87fa8b20ed6ba5af0bdc6e2e14fe6348e8e8d9aae3bbb14d7bf,1536,511,2.643965244293213
S,17,a01,20,21,398d9a5e65eb510a4b2165e08da91bc2e7a46f651fd4c2a7c82baca0e3f7c6f7,512,511,3.3333253860473633
S,17,a01,20,22,398d4136fe8a7fe859af6d03e3be3e80b0a4a081aa81cad5dad14be6152fbb07,1024,511,2.738842248916626
S,17,a01,20,23,27c7a212b1dd328e6abafa8ce17f190f047ff7bf7b13546651705123022fac2b,2048,511,2.700012683868408
S,17,a01,20,24,27e29aeb84cb9b2f80dc9061f35e33eb4710e31a4bda2e0ce985e2cb4c4af0d4,512,511,2.6676523685455322
S,17,a01,20,25,a7ab0eebec8ed5155f1c0b6b257ae3e70464155e9540fc6cb19d9b21ce07adbe,0,511,2.2733218669891357
S,17,a01,20,26,87c73475752c7552f1b2dfb6631350662bd4d2392ea692266f7fd8d9d49255e6,5120,511,2.773857593536377
S,17,a01,20,27,4dfcff9cdf6a84e7dc2d2f41f4beeb5bd4a850251f084dbb833319624ea2ba03,1536,511,2.980936050415039
S,17,a01,20,28,c6a6c920ad14f9ced5cbb1a81a695ee0d1e0cec0886071763eca3b7609793f9a,512,511,3.006765604019165
S,17,a01,20,29,602491df734b58909d0bdd64c12964094178660aa935fe328832f5ac7c783ce5,6656,511,3.0985047817230225
S,17,a01,20,30,3d3334d8bb76a4a5d2667fcaaf08e5519258c23da3c0ed35b0fb51ab7750456a,512,511,2.6580731868743896
S,17,a01,20,31,a5c6bb2784e438e57e6c21063b5631ad6159e98fd0fdde6f0f393b1a6ad1ec91,0,511,2.7188925743103027
S,17,a01,20,32,a75479aadac4ab0e14588bb3dbab971354b70cbb22f67008de6af0b25ce850de,6144,511,3.1958096027374268
S,17,a01,20,33,81985a3b78086a93d7e6ae3ddda453bf5a959744e65bc05418fc1b56f5ec10ca,512,511,2.5087053775787354
S,17,a01,20,34,2362e3d4278d695e409c7b7ff1512062454f8d035bc9076dff42c632a29fb2ee,0,511,2.2992093563079834
S,17,a01,20,35,85cb58452e909342c236fc118e084fa9adcfddffc1ee3968baed9838eae6ef37,0,511,2.1134989261627197
S,17,a01,20,36,da80b33b4eb70c8d7b4c6a0fc009cedf34a39859057eb8700df906c788e6a4c8,0,511,2.4583888053894043
S,17,a01,20,37,2e3ac91c014b25eebddbb443aa8850683dfc0675b9fed2dc40ec8d5f64ec60d4,0,511,2.311182975769043
S,17,a01,20,38,3210f7ea4f8c2a390b5fc7a519a58dd185dc01a5700b89f95e427e52d0e581c9,512,511,2.9755895137786865
S,17,a01,20,39,f5e1818470b34abce111d71989de48dff1e3e4ef0271749d38438e1b6693f635,1536,511,2.3151888847351074
S,17,a01,20,40,3ce4586556ea72a70c76b9203dca8969adc500af610389007ec255f56b1e169e,1024,511,2.8390114307403564
S,17,a01,20,41,7b804a7a99e4de2942ef98de42165dacd3e16b944e6a538d55df1f634a23d48e,4096,511,2.911667823791504
S,17,a01,20,42,f6dd4f9c768666495fe711e166071758aa6c2d321def74a3ae211027ce199501,512,511,3.2444183826446533
S,17,a01,20,43,31ed14bec015eaaefb165002eb17b020eeb35031b1a592aff7d981de7c6899b3,0,511,2.3948569297790527
S,17,a01,20,44,b3ff1454cd3a072b015b88f94f6d6889d9c0bd745fc7a5433df7c0d43151854e,512,511,2.6842446327209473
S,17,a01,20,45,3ee074eadb149c8da6002c76352f4113d1c896c63c6c090fd621092749233d6a,8704,511,3.3252382278442383
S,17,a01,20,46,5682e8596b594de16f03e38329a00d1bff4adee96204668f946a90f5292c8136,1024,511,3.0701024532318115
S,17,a01,20,47,127630e33620c4206cd0e7ad6622f66b144b669ddf653964e56ce6654a7b32f0,3072,511,2.504829168319702
S,17,a01,20,48,320f1288c0a9e6e7a3def263d7abab684526479abb06fc68e069fc1a9937c71d,1024,511,2.888246774673462
S,17,a01,20,49,58ac024cd69aa321476709f7b1742c6523bf4fb12233b5b6f60d680c8fca8e8e,1536,511,2.7360777854919434
S,17,a01,20,50,4f84e7678dedadbb233b28e11c014c0798eadf77020a5a8fb4d017d12c99e86d,2560,511,2.2820730209350586
S,17,a01,20,51,99db37e631f9ef519733c8a72d003864c2701de3091cf19e9eba387054fdacac,512,511,3.110271692276001
S,17,a01,20,52,0627479429bdaca6ad2b61ecd03d5b65cd330b0351b5ff8f878978d7b00c4ab2,0,511,2.5397911071777344
S,17,a01,20,53,c1e3085f9b150f54416c89fdea9cdb29ceef7e5050e94af9eafe2053fffe3e64,3584,511,2.36106276512146
S,17,a01,20,54,0e6b290375d52c7b5c4cd74b4c7348611213caa15ca0e87d7f6426f9e0f86e04,2048,511,2.6795260906219482
S,17,a01,20,55,16f297fd545d4a150c1908347430e076e51e3560238877a2eec2ac020b7d3bc9,3584,511,2.65144681930542
S,17,a01,20,56,243408a375c7d0c1fda52538ba71d700e4d403fd2764c7491c7c1a9b7d7fd7a9,0,511,2.5987937450408936
S,17,a01,20,57,93133535594204a5a3625fc7b90ff6ad027dca329f0359370d232d4135e91bc1,512,511,2.518343210220337
S,17,a01,20,58,7c74fa4376b1168685d5d288b916d3317d340aad3044f88d5ca673b76d875d1c,1536,511,2.417088508605957
S,17,a01,20,59,447ea32f527637dcb6ef068962a2fabe21ec283698e144c45ed42c46e1b27772,0,511,2.715700149536133
S,17,a01,20,60,6db7dd742bd03a22121dc39ee8773c9afa1462f4efce21abbe54dc33c4285b1f,0,511,2.4625444412231445
S,17,a01,20,61,dc8a961be5dc24fc777b38869adf84cfc37bbe2f28514ceb0e344d39b7e01906,512,511,2.7789206504821777
S,17,a01,20,62,3ca10415cf1f0bc4955c7ef0d186c8e93deb4aece0aaaa5fb553b43dfe5ad2aa,0,511,2.7704570293426514
S,17,a01,20,63,6e5c6769277c87aeaf9a4fd680fad1720ce04660f567befd8a9f8c68dde50f64,0,511,2.6421661376953125
S,17,a01,50,0,71ff58ca29d05bef3a99fb59512ec09404e49be906888dc3ea5409ce8a54beea,0,511,2.3362491130828857
S,17,a01,50,1,47ab999a2c488609314576fac2048b7f2a92afad8f7ca0326f23f648d515f167,1536,511,2.2258963584899902
S,17,a01,50,2,c6ff7382a150214656a5c5d777769384c99d3ce7764110fc98e07e5e48fddc7e,1024,511,2.650557279586792
S,17,a01,50,3,8739f77bc09e02e5783efc804080eff63b9ae7da7008a0e4c6412b47aa6da1c2,2048,511,2.517972946166992
S,17,a01,50,4,a7f7a2250dd6f72080e21112d92bdfd639fcbe8a5a9effd80028c67d5dddd416,0,511,2.442591667175293
S,17,a01,50,5,06cd6da2c73e993c43345dad24088c06b24d496ffc56f5f460b58cfa49d0f3df,0,511,1.6674399375915527
S,17,a01,50,6,3adf36bb00be5fa07541f544ce8642a56fcd3a01d456650deaabc83e91d791a1,1024,511,2.754504919052124
S,17,a01,50,7,34c9eb07c804b8ee651c4da1ac1dd801fec51c064819632bd8f4f36bd685b8a1,1024,511,3.0615949630737305
S,17,a01,50,8,dcd008e03034d7dcffb4b6abd6aa6f0bfdf0a28ddd0b53dd37784e7c055f10bb,1536,511,2.3849148750305176
S,17,a01,50,9,4f58c96286c7c0f0417ea817ca24cf1c2db4ad3d19fdcdcf46124511fbf05b3e,512,511,2.758761167526245
S,17,a01,50,10,7c5e18ef30b2c1c37d722f19397ccdf563e0428cdde5ff6b99a902d67975541f,5120,511,2.6819050312042236
S,17,a01,50,11,47344d32192263b566ca14f66ce20553a4c76ff30204fae6639d7c1dde9a1f11,0,511,1.9995243549346924
S,17,a01,50,12,98aa6addc6d0697baff9ad72065efe34b866fb27cb0c3e094c328bb57b98cf2b,512,511,2.631446361541748
S,17,a01,50,13,d6b58a86755a3af1a5a75d162cfd31bceb70ebe76d43dfd2b64d95def0331c1b,0,511,1.858718752861023
S,17,a01,50,14,c724dc11dc74fa10b6309922c9d014e010a88079d4ca2e3ca96ab091459b166e,0,511,2.2573702335357666
S,17,a01,50,15,aad6037cda830ea2edaf38a004ae82825aa4d21585b2c0f33197a34583613c19,3072,511,2.724811315536499
S,17,a01,50,16,b7140ecf1283718c8b44dd77fefc16ef15f5d7579ad3d6f1da94324d11081ab5,0,511,2.4756715297698975
S,17,a01,50,17,7c0883960fcd42892f41d565a6eb8675b26e6a7b184fa795ec1dea269c0d78f7,2560,511,3.0681183338165283
S,17,a01,50,18,e461497c8cf9867275c7b0ab55899126e69b01926436f58a64e902baf22ad1d8,1024,511,2.827770709991455
S,17,a01,50,19,d236bd424f8c1de8ba7570984678d98d021bd9f796117156ee8c848d8b9e20df,512,511,2.108757495880127
S,17,a01,50,20,b124bcdac530f87fa8b20ed6ba5af0bdc6e2e14fe6348e8e8d9aae3bbb14d7bf,1536,511,2.5243489742279053
S,17,a01,50,21,398d9a5e65eb510a4b2165e08da91bc2e7a46f651fd4c2a7c82baca0e3f7c6f7,512,511,3.1937971115112305
S,17,a01,50,22,398d4136fe8a7fe859af6d03e3be3e80b0a4a081aa81cad5dad14be6152fbb07,1024,511,2.6190972328186035
S,17,a01,50,23,27c7a212b1dd328e6abafa8ce17f190f047ff7bf7b13546651705123022fac2b,2048,511,2.5503339767456055
S,17,a01,50,24,27e29aeb84cb9b2f80dc9061f35e33eb4710e31a4bda2e0ce985e2cb4c4af0d4,512,511,2.5020248889923096
S,17,a01,50,25,a7ab0eebec8ed5155f1c0b6b257ae3e70464155e9540fc6cb19d9b21ce07adbe,0,511,2.1567766666412354
S,17,a01,50,26,87c73475752c7552f1b2dfb6631350662bd4d2392ea692266f7fd8d9d49255e6,5120,511,2.6730153560638428
S,17,a01,50,27,4dfcff9cdf6a84e7dc2d2f41f4beeb5bd4a850251f084dbb833319624ea2ba03,1536,511,2.8562748432159424
S,17,a01,50,28,c6a6c920ad14f9ced5cbb1a81a695ee0d1e0cec0886071763eca3b7609793f9a,512,511,2.8775761127471924
S,17,a01,50,29,602491df734b58909d0bdd64c12964094178660aa935fe328832f5ac7c783ce5,6656,511,2.9994454383850098
S,17,a01,50,30,3d3334d8bb76a4a5d2667fcaaf08e5519258c23da3c0ed35b0fb51ab7750456a,512,511,2.5587069988250732
S,17,a01,50,31,a5c6bb2784e438e57e6c21063b5631ad6159e98fd0fdde6f0f393b1a6ad1ec91,0,511,2.6184170246124268
S,17,a01,50,32,a75479aadac4ab0e14588bb3dbab971354b70cbb22f67008de6af0b25ce850de,6144,511,3.1139659881591797
S,17,a01,50,33,81985a3b78086a93d7e6ae3ddda453bf5a959744e65bc05418fc1b56f5ec10ca,512,511,2.364633321762085
S,17,a01,50,34,2362e3d4278d695e409c7b7ff1512062454f8d035bc9076dff42c632a29fb2ee,0,511,2.2005395889282227
S,17,a01,50,35,85cb58452e909342c236fc118e084fa9adcfddffc1ee3968baed9838eae6ef37,0,511,1.9887341260910034
S,17,a01,50,36,da80b33b4eb70c8d7b4c6a0fc009cedf34a39859057eb8700df906c788e6a4c8,0,511,2.3513686656951904
S,17,a01,50,37,2e3ac91c014b25eebddbb443aa8850683dfc0675b9fed2dc40ec8d5f64ec60d4,0,511,2.196901798248291
S,17,a01,50,38,3210f7ea4f8c2a390b5fc7a519a58dd185dc01a5700b89f95e427e52d0e581c9,512,511,2.8640129566192627
S,17,a01,50,39,f5e1818470b34abce111d71989de48dff1e3e4ef0271749d38438e1b6693f635,1536,511,2.233065128326416
S,17,a01,50,40,3ce4586556ea72a70c76b9203dca8969adc500af610389007ec255f56b1e169e,1024,511,2.7143826484680176
S,17,a01,50,41,7b804a7a99e4de2942ef98de42165dacd3e16b944e6a538d55df1f634a23d48e,4096,511,2.8005335330963135
S,17,a01,50,42,f6dd4f9c768666495fe711e166071758aa6c2d321def74a3ae211027ce199501,512,511,3.138232469558716
S,17,a01,50,43,31ed14bec015eaaefb165002eb17b020eeb35031b1a592aff7d981de7c6899b3,0,511,2.2963943481445312
S,17,a01,50,44,b3ff1454cd3a072b015b88f94f6d6889d9c0bd745fc7a5433df7c0d43151854e,512,511,2.5870771408081055
S,17,a01,50,45,3ee074eadb149c8da6002c76352f4113d1c896c63c6c090fd621092749233d6a,8704,511,3.1951940059661865
S,17,a01,50,46,5682e8596b594de16f03e38329a00d1bff4adee96204668f946a90f5292c8136,1024,511,2.967259407043457
S,17,a01,50,47,127630e33620c4206cd0e7ad6622f66b144b669ddf653964e56ce6654a7b32f0,3072,511,2.3882994651794434
S,17,a01,50,48,320f1288c0a9e6e7a3def263d7abab684526479abb06fc68e069fc1a9937c71d,1024,511,2.749008893966675
S,17,a01,50,49,58ac024cd69aa321476709f7b1742c6523bf4fb12233b5b6f60d680c8fca8e8e,1536,511,2.664055347442627
S,17,a01,50,50,4f84e7678dedadbb233b28e11c014c0798eadf77020a5a8fb4d017d12c99e86d,2560,511,2.1713967323303223
S,17,a01,50,51,99db37e631f9ef519733c8a72d003864c2701de3091cf19e9eba387054fdacac,512,511,3.0407679080963135
S,17,a01,50,52,0627479429bdaca6ad2b61ecd03d5b65cd330b0351b5ff8f878978d7b00c4ab2,0,511,2.399829864501953
S,17,a01,50,53,c1e3085f9b150f54416c89fdea9cdb29ceef7e5050e94af9eafe2053fffe3e64,3584,511,2.232171058654785
S,17,a01,50,54,0e6b290375d52c7b5c4cd74b4c7348611213caa15ca0e87d7f6426f9e0f86e04,2048,511,2.538187026977539
S,17,a01,50,55,16f297fd545d4a150c1908347430e076e51e3560238877a2eec2ac020b7d3bc9,3584,511,2.5307438373565674
S,17,a01,50,56,243408a375c7d0c1fda52538ba71d700e4d403fd2764c7491c7c1a9b7d7fd7a9,0,511,2.471221923828125
S,17,a01,50,57,93133535594204a5a3625fc7b90ff6ad027dca329f0359370d232d4135e91bc1,512,511,2.3656153678894043
S,17,a01,50,58,7c74fa4376b1168685d5d288b916d3317d340aad3044f88d5ca673b76d875d1c,1536,511,2.30202054977417
S,17,a01,50,59,447ea32f527637dcb6ef068962a2fabe21ec283698e144c45ed42c46e1b27772,0,511,2.598151445388794
S,17,a01,50,60,6db7dd742bd03a22121dc39ee8773c9afa1462f4efce21abbe54dc33c4285b1f,0,511,2.3493616580963135
S,17,a01,50,61,dc8a961be5dc24fc777b38869adf84cfc37bbe2f28514ceb0e344d39b7e01906,512,511,2.6339614391326904
S,17,a01,50,62,3ca10415cf1f0bc4955c7ef0d186c8e93deb4aece0aaaa5fb553b43dfe5ad2aa,0,511,2.655393123626709
S,17,a01,50,63,6e5c6769277c87aeaf9a4fd680fad1720ce04660f567befd8a9f8c68dde50f64,0,511,2.540631055831909
S,17,a01,100,0,71ff58ca29d05bef3a99fb59512ec09404e49be906888dc3ea5409ce8a54beea,0,511,2.2489676475524902
S,17,a01,100,1,47ab999a2c488609314576fac2048b7f2a92afad8f7ca0326f23f648d515f167,1536,511,2.2046046257019043
S,17,a01,100,2,c6ff7382a150214656a5c5d777769384c99d3ce7764110fc98e07e5e48fddc7e,1024,511,2.5871074199676514
S,17,a01,100,3,8739f77bc09e02e5783efc804080eff63b9ae7da7008a0e4c6412b47aa6da1c2,2048,511,2.442979097366333
S,17,a01,100,4,a7f7a2250dd6f72080e21112d92bdfd639fcbe8a5a9effd80028c67d5dddd416,0,511,2.389770030975342
S,17,a01,100,5,06cd6da2c73e993c43345dad24088c06b24d496ffc56f5f460b58cfa49d0f3df,0,511,1.6627476215362549
S,17,a01,100,6,3adf36bb00be5fa07541f544ce8642a56fcd3a01d456650deaabc83e91d791a1,1024,511,2.6273891925811768
S,17,a01,100,7,34c9eb07c804b8ee651c4da1ac1dd801fec51c064819632bd8f4f36bd685b8a1,1024,511,2.911426544189453
S,17,a01,100,8,dcd008e03034d7dcffb4b6abd6aa6f0bfdf0a28ddd0b53dd37784e7c055f10bb,1536,511,2.2814483642578125
S,17,a01,100,9,4f58c96286c7c0f0417ea817ca24cf1c2db4ad3d19fdcdcf46124511fbf05b3e,512,511,2.654109239578247
S,17,a01,100,10,7c5e18ef30b2c1c37d722f19397ccdf563e0428cdde5ff6b99a902d67975541f,5120,511,2.600224733352661
S,17,a01,100,11,47344d32192263b566ca14f66ce20553a4c76ff30204fae6639d7c1dde9a1f11,0,511,1.9305723905563354
S,17,a01,100,12,98aa6addc6d0697baff9ad72065efe34b866fb27cb0c3e094c328bb57b98cf2b,512,511,2.5807785987854004
S,17,a01,100,13,d6b58a86755a3af1a5a75d162cfd31bceb70ebe76d43dfd2b64d95def0331c1b,0,511,1.7407892942428589
S,17,a01,100,14,c724dc11dc74fa10b6309922c9d014e010a88079d4ca2e3ca96ab091459b166e,0,511,2.1533806324005127
S,17,a01,100,15,aad6037cda830ea2edaf38a004ae82825aa4d21585b2c0f33197a34583613c19,3072,511,2.630127191543579
S,17,a01,100,16,b7140ecf1283718c8b44dd77fefc16ef15f5d7579ad3d6f1da94324d11081ab5,0,511,2.404350996017456
S,17,a01,100,17,7c0883960fcd42892f41d565a6eb8675b26e6a7b184fa795ec1dea269c0d78f7,2560,511,2.9884345531463623
S,17,a01,100,18,e461497c8cf9867275c7b0ab55899126e69b01926436f58a64e902baf22ad1d8,1024,511,2.7863075733184814
S,17,a01,100,19,d236bd424f8c1de8ba7570984678d98d021bd9f796117156ee8c848d8b9e20df,512,511,1.9406431913375854
S,17,a01,100,20,b124bcdac530f87fa8b20ed6ba5af0bdc6e2e14fe6348e8e8d9aae3bbb14d7bf,1536,511,2.447361707687378
S,17,a01,100,21,398d9a5e65eb510a4b2165e08da91bc2e7a46f651fd4c2a7c82baca0e3f7c6f7,512,511,3.0528805255889893
S,17,a01,100,22,398d4136fe8a7fe859af6d03e3be3e80b0a4a081aa81cad5dad14be6152fbb07,1024,511,2.485844373703003
S,17,a01,100,23,27c7a212b1dd328e6abafa8ce17f190f047ff7bf7b13546651705123022fac2b,2048,511,2.527395486831665
S,17,a01,100,24,27e29aeb84cb9b2f80dc9061f35e33eb4710e31a4bda2e0ce985e2cb4c4af0d4,512,511,2.3729047775268555
S,17,a01,100,25,a7ab0eebec8ed5155f1c0b6b257ae3e70464155e9540fc6cb19d9b21ce07adbe,0,511,2.050686836242676
S,17,a01,100,26,87c73475752c7552f1b2dfb6631350662bd4d2392ea692266f7fd8d9d49255e6,5120,511,2.6313729286193848
S,17,a01,100,27,4dfcff9cdf6a84e7dc2d2f41f4beeb5bd4a850251f084dbb833319624ea2ba03,1536,511,2.72835373878479
S,17,a01,100,28,c6a6c920ad14f9ced5cbb1a81a695ee0d1e0cec0886071763eca3b7609793f9a,512,511,2.789832592010498
S,17,a01,100,29,602491df734b58909d0bdd64c12964094178660aa935fe328832f5ac7c783ce5,6656,511,2.8895084857940674
S,17,a01,100,30,3d3334d8bb76a4a5d2667fcaaf08e5519258c23da3c0ed35b0fb51ab7750456a,512,511,2.450854778289795
S,17,a01,100,31,a5c6bb2784e438e57e6c21063b5631ad6159e98fd0fdde6f0f393b1a6ad1ec91,0,511,2.5193212032318115
S,17,a01,100,32,a75479aadac4ab0e14588bb3dbab971354b70cbb22f67008de6af0b25ce850de,6144,511,3.083617925643921
S,17,a01,100,33,81985a3b78086a93d7e6ae3ddda453bf5a959744e65bc05418fc1b56f5ec10ca,512,511,2.2829720973968506
S,17,a01,100,34,2362e3d4278d695e409c7b7ff1512062454f8d035bc9076dff42c632a29fb2ee,0,511,2.098177671432495
S,17,a01,100,35,85cb58452e909342c236fc118e084fa9adcfddffc1ee3968baed9838eae6ef37,0,511,1.904710292816162
S,17,a01,100,36,da80b33b4eb70c8d7b4c6a0fc009cedf34a39859057eb8700df906c788e6a4c8,0,511,2.24043607711792
S,17,a01,100,37,2e3ac91c014b25eebddbb443aa8850683dfc0675b9fed2dc40ec8d5f64ec60d4,0,511,2.0756473541259766
S,17,a01,100,38,3210f7ea4f8c2a390b5fc7a519a58dd185dc01a5700b89f95e427e52d0e581c9,512,511,2.7692465782165527
S,17,a01,100,39,f5e1818470b34abce111d71989de48dff1e3e4ef0271749d38438e1b6693f635,1536,511,2.2259280681610107
S,17,a01,100,40,3ce4586556ea72a70c76b9203dca8969adc500af610389007ec255f56b1e169e,1024,511,2.604538917541504
S,17,a01,100,41,7b804a7a99e4de2942ef98de42165dacd3e16b944e6a538d55df1f634a23d48e,4096,511,2.725822687149048
S,17,a01,100,42,f6dd4f9c768666495fe711e166071758aa6c2d321def74a3ae211027ce199501,512,511,3.0499277114868164
S,17,a01,100,43,31ed14bec015eaaefb165002eb17b020eeb35031b1a592aff7d981de7c6899b3,0,511,2.1819939613342285
S,17,a01,100,44,b3ff1454cd3a072b015b88f94f6d6889d9c0bd745fc7a5433df7c0d43151854e,512,511,2.4809722900390625
S,17,a01,100,45,3ee074eadb149c8da6002c76352f4113d1c896c63c6c090fd621092749233d6a,8704,511,3.0917415618896484
S,17,a01,100,46,5682e8596b594de16f03e38329a00d1bff4adee96204668f946a90f5292c8136,1024,511,2.912904977798462
S,17,a01,100,47,127630e33620c4206cd0e7ad6622f66b144b669ddf653964e56ce6654a7b32f0,3072,511,2.3163182735443115
S,17,a01,100,48,320f1288c0a9e6e7a3def263d7abab684526479abb06fc68e069fc1a9937c71d,1024,511,2.6307311058044434
S,17,a01,100,49,58ac024cd69aa321476709f7b1742c6523bf4fb12233b5b6f60d680c8fca8e8e,1536,511,2.5912728309631348
S,17,a01,100,50,4f84e7678dedadbb233b28e11c014c0798eadf77020a5a8fb4d017d12c99e86d,2560,511,2.0919833183288574
S,17,a01,100,51,99db37e631f9ef519733c8a72d003864c2701de3091cf19e9eba387054fdacac,512,511,2.988166332244873
S,17,a01,100,52,0627479429bdaca6ad2b61ecd03d5b65cd330b0351b5ff8f878978d7b00c4ab2,0,511,2.3064420223236084
S,17,a01,100,53,c1e3085f9b150f54416c89fdea9cdb29ceef7e5050e94af9eafe2053fffe3e64,3584,511,2.155573606491089
S,17,a01,100,54,0e6b290375d52c7b5c4cd74b4c7348611213caa15ca0e87d7f6426f9e0f86e04,2048,511,2.438946485519409
S,17,a01,100,55,16f297fd545d4a150c1908347430e076e51e3560238877a2eec2ac020b7d3bc9,3584,511,2.4389736652374268
S,17,a01,100,56,243408a375c7d0c1fda52538ba71d700e4d403fd2764c7491c7c1a9b7d7fd7a9,0,511,2.3624825477600098
S,17,a01,100,57,93133535594204a5a3625fc7b90ff6ad027dca329f0359370d232d4135e91bc1,512,511,2.2317192554473877
S,17,a01,100,58,7c74fa4376b1168685d5d288b916d3317d340aad3044f88d5ca673b76d875d1c,1536,511,2.2397007942199707
S,17,a01,100,59,447ea32f527637dcb6ef068962a2fabe21ec283698e144c45ed42c46e1b27772,0,511,2.526824474334717
S,17,a01,100,60,6db7dd742bd03a22121dc39ee8773c9afa1462f4efce21abbe54dc33c4285b1f,0,511,2.279716968536377
S,17,a01,100,61,dc8a961be5dc24fc777b38869adf84cfc37bbe2f28514ceb0e344d39b7e01906,512,511,2.5526199340820312
S,17,a01,100,62,3ca10415cf1f0bc4955c7ef0d186c8e93deb4aece0aaaa5fb553b43dfe5ad2aa,0,511,2.5292675495147705
S,17,a01,100,63,6e5c6769277c87aeaf9a4fd680fad1720ce04660f567befd8a9f8c68dde50f64,0,511,2.365722417831421
S,17,a02,0,0,71ff58ca29d05bef3a99fb59512ec09404e49be906888dc3ea5409ce8a54beea,0,511,2.4542229175567627
S,17,a02,0,1,47ab999a2c488609314576fac2048b7f2a92afad8f7ca0326f23f648d515f167,1536,511,2.381258964538574
S,17,a02,0,2,c6ff7382a150214656a5c5d777769384c99d3ce7764110fc98e07e5e48fddc7e,1024,511,2.681399345397949
S,17,a02,0,3,8739f77bc09e02e5783efc804080eff63b9ae7da7008a0e4c6412b47aa6da1c2,2048,511,2.662618398666382
S,17,a02,0,4,a7f7a2250dd6f72080e21112d92bdfd639fcbe8a5a9effd80028c67d5dddd416,0,511,2.634812355041504
S,17,a02,0,5,06cd6da2c73e993c43345dad24088c06b24d496ffc56f5f460b58cfa49d0f3df,0,511,1.793102741241455
S,17,a02,0,6,3adf36bb00be5fa07541f544ce8642a56fcd3a01d456650deaabc83e91d791a1,1024,511,2.878138303756714
S,17,a02,0,7,34c9eb07c804b8ee651c4da1ac1dd801fec51c064819632bd8f4f36bd685b8a1,1024,511,3.142827033996582
S,17,a02,0,8,dcd008e03034d7dcffb4b6abd6aa6f0bfdf0a28ddd0b53dd37784e7c055f10bb,1536,511,2.5877766609191895
S,17,a02,0,9,4f58c96286c7c0f0417ea817ca24cf1c2db4ad3d19fdcdcf46124511fbf05b3e,512,511,2.9156908988952637
S,17,a02,0,10,7c5e18ef30b2c1c37d722f19397ccdf563e0428cdde5ff6b99a902d67975541f,5120,511,2.6814234256744385
S,17,a02,0,11,47344d32192263b566ca14f66ce20553a4c76ff30204fae6639d7c1dde9a1f11,0,511,2.116814613342285
S,17,a02,0,12,98aa6addc6d0697baff9ad72065efe34b866fb27cb0c3e094c328bb57b98cf2b,512,511,2.627598762512207
S,17,a02,0,13,d6b58a86755a3af1a5a75d162cfd31bceb70ebe76d43dfd2b64d95def0331c1b,0,511,2.0495450496673584
S,17,a02,0,14,c724dc11dc74fa10b6309922c9d014e010a88079d4ca2e3ca96ab091459b166e,0,511,2.48982572555542
S,17,a02,0,15,aad6037cda830ea2edaf38a004ae82825aa4d21585b2c0f33197a34583613c19,3072,511,2.808856964111328
S,17,a02,0,16,b7140ecf1283718c8b44dd77fefc16ef15f5d7579ad3d6f1da94324d11081ab5,0,511,2.673868179321289
S,17,a02,0,17,7c0883960fcd42892f41d565a6eb8675b26e6a7b184fa795ec1dea269c0d78f7,2560,511,3.1727027893066406
S,17,a02,0,18,e461497c8cf9867275c7b0ab55899126e69b01926436f58a64e902baf22ad1d8,1024,511,2.95455265045166
S,17,a02,0,19,d236bd424f8c1de8ba7570984678d98d021bd9f796117156ee8c848d8b9e20df,512,511,2.2116122245788574
S,17,a02,0,20,b124bcdac530f87fa8b20ed6ba5af0bdc6e2e14fe6348e8e8d9aae3bbb14d7bf,1536,511,2.5973267555236816
S,17,a02,0,21,398d9a5e65eb510a4b2165e08da91bc2e7a46f651fd4c2a7c82baca0e3f7c6f7,512,511,3.264835834503174
S,17,a02,0,22,398d4136fe8a7fe859af6d03e3be3e80b0a4a081aa81cad5dad14be6152fbb07,1024,511,2.7938907146453857
S,17,a02,0,23,27c7a212b1dd328e6abafa8ce17f190f047ff7bf7b13546651705123022fac2b,2048,511,2.7021312713623047
S,17,a02,0,24,27e29aeb84cb9b2f80dc9061f35e33eb4710e31a4bda2e0ce985e2cb4c4af0d4,512,511,2.5770277976989746
S,17,a02,0,25,a7ab0eebec8ed5155f1c0b6b257ae3e70464155e9540fc6cb19d9b21ce07adbe,0,511,2.3519387245178223
S,17,a02,0,26,87c73475752c7552f1b2dfb6631350662bd4d2392ea692266f7fd8d9d49255e6,5120,511,2.8019495010375977
S,17,a02,0,27,4dfcff9cdf6a84e7dc2d2f41f4beeb5bd4a850251f084dbb833319624ea2ba03,1536,511,2.998828172683716
S,17,a02,0,28,c6a6c920ad14f9ced5cbb1a81a695ee0d1e0cec0886071763eca3b7609793f9a,512,511,3.012539863586426
S,17,a02,0,29,602491df734b58909d0bdd64c12964094178660aa935fe328832f5ac7c783ce5,6656,511,3.195039987564087
S,17,a02,0,30,3d3334d8bb76a4a5d2667fcaaf08e5519258c23da3c0ed35b0fb51ab7750456a,512,511,2.672715187072754
S,17,a02,0,31,a5c6bb2784e438e57e6c21063b5631ad6159e98fd0fdde6f0f393b1a6ad1ec91,0,511,2.785482406616211
S,17,a02,0,32,a75479aadac4ab0e14588bb3dbab971354b70cbb22f67008de6af0b25ce850de,6144,511,3.292508840560913
S,17,a02,0,33,81985a3b78086a93d7e6ae3ddda453bf5a959744e65bc05418fc1b56f5ec10ca,512,511,2.605940818786621
S,17,a02,0,34,2362e3d4278d695e409c7b7ff1512062454f8d035bc9076dff42c632a29fb2ee,0,511,2.3045237064361572
S,17,a02,0,35,85cb58452e909342c236fc118e084fa9adcfddffc1ee3968baed9838eae6ef37,0,511,2.1253879070281982
S,17,a02,0,36,da80b33b4eb70c8d7b4c6a0fc009cedf34a39859057eb8700df906c788e6a4c8,0,511,2.452021598815918
S,17,a02,0,37,2e3ac91c014b25eebddbb443aa8850683dfc0675b9fed2dc40ec8d5f64ec60d4,0,511,2.380274534225464
S,17,a02,0,38,3210f7ea4f8c2a390b5fc7a519a58dd185dc01a5700b89f95e427e52d0e581c9,512,511,2.9952516555786133
S,17,a02,0,39,f5e1818470b34abce111d71989de48dff1e3e4ef0271749d38438e1b6693f635,1536,511,2.375185012817383
S,17,a02,0,40,3ce4586556ea72a70c76b9203dca8969adc500af610389007ec255f56b1e169e,1024,511,2.813159942626953
S,17,a02,0,41,7b804a7a99e4de2942ef98de42165dacd3e16b944e6a538d55df1f634a23d48e,4096,511,2.8419525623321533
S,17,a02,0,42,f6dd4f9c768666495fe711e166071758aa6c2d321def74a3ae211027ce199501,512,511,3.2942183017730713
S,17,a02,0,43,31ed14bec015eaaefb165002eb17b020eeb35031b1a592aff7d981de7c6899b3,0,511,2.437265157699585
S,17,a02,0,44,b3ff1454cd3a072b015b88f94f6d6889d9c0bd745fc7a5433df7c0d43151854e,512,511,2.660597562789917
S,17,a02,0,45,3ee074eadb149c8da6002c76352f4113d1c896c63c6c090fd621092749233d6a,8704,511,3.228954315185547
S,17,a02,0,46,5682e8596b594de16f03e38329a00d1bff4adee96204668f946a90f5292c8136,1024,511,2.8813118934631348
S,17,a02,0,47,127630e33620c4206cd0e7ad6622f66b144b669ddf653964e56ce6654a7b32f0,3072,511,2.536301374435425
S,17,a02,0,48,320f1288c0a9e6e7a3def263d7abab684526479abb06fc68e069fc1a9937c71d,1024,511,2.8262062072753906
S,17,a02,0,49,58ac024cd69aa321476709f7b1742c6523bf4fb12233b5b6f60d680c8fca8e8e,1536,511,2.720521926879883
S,17,a02,0,50,4f84e7678dedadbb233b28e11c014c0798eadf77020a5a8fb4d017d12c99e86d,2560,511,2.2508461475372314
S,17,a02,0,51,99db37e631f9ef519733c8a72d003864c2701de3091cf19e9eba387054fdacac,512,511,3.165860414505005
S,17,a02,0,52,0627479429bdaca6ad2b61ecd03d5b65cd330b0351b5ff8f878978d7b00c4ab2,0,511,2.645979642868042
S,17,a02,0,53,c1e3085f9b150f54416c89fdea9cdb29ceef7e5050e94af9eafe2053fffe3e64,3584,511,2.3840131759643555
S,17,a02,0,54,0e6b290375d52c7b5c4cd74b4c7348611213caa15ca0e87d7f6426f9e0f86e04,2048,511,2.6807308197021484
S,17,a02,0,55,16f297fd545d4a150c1908347430e076e51e3560238877a2eec2ac020b7d3bc9,3584,511,2.6033623218536377
S,17,a02,0,56,243408a375c7d0c1fda52538ba71d700e4d403fd2764c7491c7c1a9b7d7fd7a9,0,511,2.7249696254730225
S,17,a02,0,57,93133535594204a5a3625fc7b90ff6ad027dca329f0359370d232d4135e91bc1,512,511,2.513371467590332
S,17,a02,0,58,7c74fa4376b1168685d5d288b916d3317d340aad3044f88d5ca673b76d875d1c,1536,511,2.431810140609741
S,17,a02,0,59,447ea32f527637dcb6ef068962a2fabe21ec283698e144c45ed42c46e1b27772,0,511,2.764309883117676
S,17,a02,0,60,6db7dd742bd03a22121dc39ee8773c9afa1462f4efce21abbe54dc33c4285b1f,0,511,2.539642095565796
S,17,a02,0,61,dc8a961be5dc24fc777b38869adf84cfc37bbe2f28514ceb0e344d39b7e01906,512,511,2.8052172660827637
S,17,a02,0,62,3ca10415cf1f0bc4955c7ef0d186c8e93deb4aece0aaaa5fb553b43dfe5ad2aa,0,511,2.7542800903320312
S,17,a02,0,63,6e5c6769277c87aeaf9a4fd680fad1720ce04660f567befd8a9f8c68dde50f64,0,511,2.517244577407837
S,17,a02,20,0,71ff58ca29d05bef3a99fb59512ec09404e49be906888dc3ea5409ce8a54beea,0,511,2.409458637237549
S,17,a02,20,1,47ab999a2c488609314576fac2048b7f2a92afad8f7ca0326f23f648d515f167,1536,511,2.3159821033477783
S,17,a02,20,2,c6ff7382a150214656a5c5d777769384c99d3ce7764110fc98e07e5e48fddc7e,1024,511,2.5948970317840576
S,17,a02,20,3,8739f77bc09e02e5783efc804080eff63b9ae7da7008a0e4c6412b47aa6da1c2,2048,511,2.581690549850464
S,17,a02,20,4,a7f7a2250dd6f72080e21112d92bdfd639fcbe8a5a9effd80028c67d5dddd416,0,511,2.5787551403045654
S,17,a02,20,5,06cd6da2c73e993c43345dad24088c06b24d496ffc56f5f460b58cfa49d0f3df,0,511,1.741686224937439
S,17,a02,20,6,3adf36bb00be5fa07541f544ce8642a56fcd3a01d456650deaabc83e91d791a1,1024,511,2.7889785766601562
S,17,a02,20,7,34c9eb07c804b8ee651c4da1ac1dd801fec51c064819632bd8f4f36bd685b8a1,1024,511,3.072202205657959
S,17,a02,20,8,dcd008e03034d7dcffb4b6abd6aa6f0bfdf0a28ddd0b53dd37784e7c055f10bb,1536,511,2.5219051837921143
S,17,a02,20,9,4f58c96286c7c0f0417ea817ca24cf1c2db4ad3d19fdcdcf46124511fbf05b3e,512,511,2.827174425125122
S,17,a02,20,10,7c5e18ef30b2c1c37d722f19397ccdf563e0428cdde5ff6b99a902d67975541f,5120,511,2.627875328063965
S,17,a02,20,11,47344d32192263b566ca14f66ce20553a4c76ff30204fae6639d7c1dde9a1f11,0,511,2.049769401550293
S,17,a02,20,12,98aa6addc6d0697baff9ad72065efe34b866fb27cb0c3e094c328bb57b98cf2b,512,511,2.5862274169921875
S,17,a02,20,13,d6b58a86755a3af1a5a75d162cfd31bceb70ebe76d43dfd2b64d95def0331c1b,0,511,1.991462230682373
S,17,a02,20,14,c724dc11dc74fa10b6309922c9d014e010a88079d4ca2e3ca96ab091459b166e,0,511,2.430619239807129
S,17,a02,20,15,aad6037cda830ea2edaf38a004ae82825aa4d21585b2c0f33197a34583613c19,3072,511,2.7481276988983154
S,17,a02,20,16,b7140ecf1283718c8b44dd77fefc16ef15f5d7579ad3d6f1da94324d11081ab5,0,511,2.6219589710235596
S,17,a02,20,17,7c0883960fcd42892f41d565a6eb8675b26e6a7b184fa795ec1dea269c0d78f7,2560,511,3.1120784282684326
S,17,a02,20,18,e461497c8cf9867275c7b0ab55899126e69b01926436f58a64e902baf22ad1d8,1024,511,2.9034600257873535
S,17,a02,20,19,d236bd424f8c1de8ba7570984678d98d021bd9f796117156ee8c848d8b9e20df,512,511,2.1571552753448486
S,17,a02,20,20,b124bcdac530f87fa8b20ed6ba5af0bdc6e2e14fe6348e8e8d9aae3bbb14d7bf,1536,511,2.54284405708313
S,17,a02,20,21,398d9a5e65eb510a4b2165e08da91bc2e7a46f651fd4c2a7c82baca0e3f7c6f7,512,511,3.206071376800537
S,17,a02,20,22,398d4136fe8a7fe859af6d03e3be3e80b0a4a081aa81cad5dad14be6152fbb07,1024,511,2.722404956817627
S,17,a02,20,23,27c7a212b1dd328e6abafa8ce17f190f047ff7bf7b13546651705123022fac2b,2048,511,2.6344950199127197
S,17,a02,20,24,27e29aeb84cb9b2f80dc9061f35e33eb4710e31a4bda2e0ce985e2cb4c4af0d4,512,511,2.514301061630249
S,17,a02,20,25,a7ab0eebec8ed5155f1c0b6b257ae3e70464155e9540fc6cb19d9b21ce07adbe,0,511,2.2495408058166504
S,17,a02,20,26,87c73475752c7552f1b2dfb6631350662bd4d2392ea692266f7fd8d9d49255e6,5120,511,2.7146389484405518
S,17,a02,20,27,4dfcff9cdf6a84e7dc2d2f41f4beeb5bd4a850251f084dbb833319624ea2ba03,1536,511,2.9578192234039307
S,17,a02,20,28,c6a6c920ad14f9ced5cbb1a81a695ee0d1e0cec0886071763eca3b7609793f9a,512,511,2.9518301486968994
S,17,a02,20,29,602491df734b58909d0bdd64c12964094178660aa935fe328832f5ac7c783ce5,6656,511,3.1497089862823486
S,17,a02,20,30,3d3334d8bb76a4a5d2667fcaaf08e5519258c23da3c0ed35b0fb51ab7750456a,512,511,2.5974223613739014
S,17,a02,20,31,a5c6bb2784e438e57e6c21063b5631ad6159e98fd0fdde6f0f393b1a6ad1ec91,0,511,2.7095627784729004
S,17,a02,20,32,a75479aadac4ab0e14588bb3dbab971354b70cbb22f67008de6af0b25ce850de,6144,511,3.194606065750122
S,17,a02,20,33,81985a3b78086a93d7e6ae3ddda453bf5a959744e65bc05418fc1b56f5ec10ca,512,511,2.5295822620391846
S,17,a02,20,34,2362e3d4278d695e409c7b7ff1512062454f8d035bc9076dff42c632a29fb2ee,0,511,2.2404282093048096
S,17,a02,20,35,85cb58452e909342c236fc118e084fa9adcfddffc1ee3968baed9838eae6ef37,0,511,2.0691356658935547
S,17,a02,20,36,da80b33b4eb70c8d7b4c6a0fc009cedf34a39859057eb8700df906c788e6a4c8,0,511,2.3982346057891846
S,17,a02,20,37,2e3ac91c014b25eebddbb443aa8850683dfc0675b9fed2dc40ec8d5f64ec60d4,0,511,2.324363946914673
S,17,a02,20,38,3210f7ea4f8c2a390b5fc7a519a58dd185dc01a5700b89f95e427e52d0e581c9,512,511,2.918865442276001
S,17,a02,20,39,f5e1818470b34abce111d71989de48dff1e3e4ef0271749d38438e1b6693f635,1536,511,2.3264169692993164
S,17,a02,20,40,3ce4586556ea72a70c76b9203dca8969adc500af610389007ec255f56b1e169e,1024,511,2.7668519020080566
S,17,a02,20,41,7b804a7a99e4de2942ef98de42165dacd3e16b944e6a538d55df1f634a23d48e,4096,511,2.8044958114624023
S,17,a02,20,42,f6dd4f9c768666495fe711e166071758aa6c2d321def74a3ae211027ce199501,512,511,3.2245099544525146
S,17,a02,20,43,31ed14bec015eaaefb165002eb17b020eeb35031b1a592aff7d981de7c6899b3,0,511,2.3877735137939453
S,17,a02,20,44,b3ff1454cd3a072b015b88f94f6d6889d9c0bd745fc7a5433df7c0d43151854e,512,511,2.595339298248291
S,17,a02,20,45,3ee074eadb149c8da6002c76352f4113d1c896c63c6c090fd621092749233d6a,8704,511,3.1587376594543457
S,17,a02,20,46,5682e8596b594de16f03e38329a00d1bff4adee96204668f946a90f5292c8136,1024,511,2.839254140853882
S,17,a02,20,47,127630e33620c4206cd0e7ad6622f66b144b669ddf653964e56ce6654a7b32f0,3072,511,2.4444119930267334
S,17,a02,20,48,320f1288c0a9e6e7a3def263d7abab684526479abb06fc68e069fc1a9937c71d,1024,511,2.758662700653076
S,17,a02,20,49,58ac024cd69aa321476709f7b1742c6523bf4fb12233b5b6f60d680c8fca8e8e,1536,511,2.6731724739074707
S,17,a02,20,50,4f84e7678dedadbb233b28e11c014c0798eadf77020a5a8fb4d017d12c99e86d,2560,511,2.1933276653289795
S,17,a02,20,51,99db37e631f9ef519733c8a72d003864c2701de3091cf19e9eba387054fdacac,512,511,3.1113407611846924
S,17,a02,20,52,0627479429bdaca6ad2b61ecd03d5b65cd330b0351b5ff8f878978d7b00c4ab2,0,511,2.567248582839966
S,17,a02,20,53,c1e3085f9b150f54416c89fdea9cdb29ceef7e5050e94af9eafe2053fffe3e64,3584,511,2.30488657951355
S,17,a02,20,54,0e6b290375d52c7b5c4cd74b4c7348611213caa15ca0e87d7f6426f9e0f86e04,2048,511,2.6032793521881104
S,17,a02,20,55,16f297fd545d4a150c1908347430e076e51e3560238877a2eec2ac020b7d3bc9,3584,511,2.5439236164093018
S,17,a02,20,56,243408a375c7d0c1fda52538ba71d700e4d403fd2764c7491c7c1a9b7d7fd7a9,0,511,2.6456708908081055
S,17,a02,20,57,93133535594204a5a3625fc7b90ff6ad027dca329f0359370d232d4135e91bc1,512,511,2.448530912399292
S,17,a02,20,58,7c74fa4376b1168685d5d288b916d3317d340aad3044f88d5ca673b76d875d1c,1536,511,2.3640685081481934
S,17,a02,20,59,447ea32f527637dcb6ef068962a2fabe21ec283698e144c45ed42c46e1b27772,0,511,2.6949429512023926
S,17,a02,20,60,6db7dd742bd03a22121dc39ee8773c9afa1462f4efce21abbe54dc33c4285b1f,0,511,2.465895414352417
S,17,a02,20,61,dc8a961be5dc24fc777b38869adf84cfc37bbe2f28514ceb0e344d39b7e01906,512,511,2.73317813873291
S,17,a02,20,62,3ca10415cf1f0bc4955c7ef0d186c8e93deb4aece0aaaa5fb553b43dfe5ad2aa,0,511,2.681946039199829
S,17,a02,20,63,6e5c6769277c87aeaf9a4fd680fad1720ce04660f567befd8a9f8c68dde50f64,0,511,2.46069598197937
S,17,a02,50,0,71ff58ca29d05bef3a99fb59512ec09404e49be906888dc3ea5409ce8a54beea,0,511,2.321254014968872
S,17,a02,50,1,47ab999a2c488609314576fac2048b7f2a92afad8f7ca0326f23f648d515f167,1536,511,2.235290288925171
S,17,a02,50,2,c6ff7382a150214656a5c5d777769384c99d3ce7764110fc98e07e5e48fddc7e,1024,511,2.5048513412475586
S,17,a02,50,3,8739f77bc09e02e5783efc804080eff63b9ae7da7008a0e4c6412b47aa6da1c2,2048,511,2.4695961475372314
S,17,a02,50,4,a7f7a2250dd6f72080e21112d92bdfd639fcbe8a5a9effd80028c67d5dddd416,0,511,2.4986844062805176
S,17,a02,50,5,06cd6da2c73e993c43345dad24088c06b24d496ffc56f5f460b58cfa49d0f3df,0,511,1.6473134756088257
S,17,a02,50,6,3adf36bb00be5fa07541f544ce8642a56fcd3a01d456650deaabc83e91d791a1,1024,511,2.618288040161133
S,17,a02,50,7,34c9eb07c804b8ee651c4da1ac1dd801fec51c064819632bd8f4f36bd685b8a1,1024,511,2.9795761108398438
S,17,a02,50,8,dcd008e03034d7dcffb4b6abd6aa6f0bfdf0a28ddd0b53dd37784e7c055f10bb,1536,511,2.3847875595092773
S,17,a02,50,9,4f58c96286c7c0f0417ea817ca24cf1c2db4ad3d19fdcdcf46124511fbf05b3e,512,511,2.6877896785736084
S,17,a02,50,10,7c5e18ef30b2c1c37d722f19397ccdf563e0428cdde5ff6b99a902d67975541f,5120,511,2.5279433727264404
S,17,a02,50,11,47344d32192263b566ca14f66ce20553a4c76ff30204fae6639d7c1dde9a1f11,0,511,1.9735478162765503
S,17,a02,50,12,98aa6addc6d0697baff9ad72065efe34b866fb27cb0c3e094c328bb57b98cf2b,512,511,2.5074450969696045
S,17,a02,50,13,d6b58a86755a3af1a5a75d162cfd31bceb70ebe76d43dfd2b64d95def0331c1b,0,511,1.872986912727356
S,17,a02,50,14,c724dc11dc74fa10b6309922c9d014e010a88079d4ca2e3ca96ab091459b166e,0,511,2.2759532928466797
S,17,a02,50,15,aad6037cda830ea2edaf38a004ae82825aa4d21585b2c0f33197a34583613c19,3072,511,2.6610426902770996
S,17,a02,50,16,b7140ecf1283718c8b44dd77fefc16ef15f5d7579ad3d6f1da94324d11081ab5,0,511,2.5032553672790527
S,17,a02,50,17,7c0883960fcd42892f41d565a6eb8675b26e6a7b184fa795ec1dea269c0d78f7,2560,511,3.0283126831054688
S,17,a02,50,18,e461497c8cf9867275c7b0ab55899126e69b01926436f58a64e902baf22ad1d8,1024,511,2.7968876361846924
S,17,a02,50,19,d236bd424f8c1de8ba7570984678d98d021bd9f796117156ee8c848d8b9e20df,512,511,2.0479342937469482
S,17,a02,50,20,b124bcdac530f87fa8b20ed6ba5af0bdc6e2e14fe6348e8e8d9aae3bbb14d7bf,1536,511,2.4442594051361084
S,17,a02,50,21,398d9a5e65eb510a4b2165e08da91bc2e7a46f651fd4c2a7c82baca0e3f7c6f7,512,511,3.083768606185913
S,17,a02,50,22,398d4136fe8a7fe859af6d03e3be3e80b0a4a081aa81cad5dad14be6152fbb07,1024,511,2.584542989730835
S,17,a02,50,23,27c7a212b1dd328e6abafa8ce17f190f047ff7bf7b13546651705123022fac2b,2048,511,2.506809711456299
S,17,a02,50,24,27e29aeb84cb9b2f80dc9061f35e33eb4710e31a4bda2e0ce985e2cb4c4af0d4,512,511,2.378431797027588
S,17,a02,50,25,a7ab0eebec8ed5155f1c0b6b257ae3e70464155e9540fc6cb19d9b21ce07adbe,0,511,2.1199917793273926
S,17,a02,50,26,87c73475752c7552f1b2dfb6631350662bd4d2392ea692266f7fd8d9d49255e6,5120,511,2.575073480606079
S,17,a02,50,27,4dfcff9cdf6a84e7dc2d2f41f4beeb5bd4a850251f084dbb833319624ea2ba03,1536,511,2.842395544052124
S,17,a02,50,28,c6a6c920ad14f9ced5cbb1a81a695ee0d1e0cec0886071763eca3b7609793f9a,512,511,2.809253692626953
S,17,a02,50,29,602491df734b58909d0bdd64c12964094178660aa935fe328832f5ac7c783ce5,6656,511,3.0352284908294678
S,17,a02,50,30,3d3334d8bb76a4a5d2667fcaaf08e5519258c23da3c0ed35b0fb51ab7750456a,512,511,2.472590923309326
S,17,a02,50,31,a5c6bb2784e438e57e6c21063b5631ad6159e98fd0fdde6f0f393b1a6ad1ec91,0,511,2.5495126247406006
S,17,a02,50,32,a75479aadac4ab0e14588bb3dbab971354b70cbb22f67008de6af0b25ce850de,6144,511,3.051697015762329
S,17,a02,50,33,81985a3b78086a93d7e6ae3ddda453bf5a959744e65bc05418fc1b56f5ec10ca,512,511,2.384432554244995
S,17,a02,50,34,2362e3d4278d695e409c7b7ff1512062454f8d035bc9076dff42c632a29fb2ee,0,511,2.126246213912964
S,17,a02,50,35,85cb58452e909342c236fc118e084fa9adcfddffc1ee3968baed9838eae6ef37,0,511,1.9415552616119385
S,17,a02,50,36,da80b33b4eb70c8d7b4c6a0fc009cedf34a39859057eb8700df906c788e6a4c8,0,511,2.308234453201294
S,17,a02,50,37,2e3ac91c014b25eebddbb443aa8850683dfc0675b9fed2dc40ec8d5f64ec60d4,0,511,2.213320016860962
S,17,a02,50,38,3210f7ea4f8c2a390b5fc7a519a58dd185dc01a5700b89f95e427e52d0e581c9,512,511,2.8233144283294678
S,17,a02,50,39,f5e1818470b34abce111d71989de48dff1e3e4ef0271749d38438e1b6693f635,1536,511,2.221797227859497
S,17,a02,50,40,3ce4586556ea72a70c76b9203dca8969adc500af610389007ec255f56b1e169e,1024,511,2.7017266750335693
S,17,a02,50,41,7b804a7a99e4de2942ef98de42165dacd3e16b944e6a538d55df1f634a23d48e,4096,511,2.7438430786132812
S,17,a02,50,42,f6dd4f9c768666495fe711e166071758aa6c2d321def74a3ae211027ce199501,512,511,3.074084520339966
S,17,a02,50,43,31ed14bec015eaaefb165002eb17b020eeb35031b1a592aff7d981de7c6899b3,0,511,2.305081605911255
S,17,a02,50,44,b3ff1454cd3a072b015b88f94f6d6889d9c0bd745fc7a5433df7c0d43151854e,512,511,2.4907307624816895
S,17,a02,50,45,3ee074eadb149c8da6002c76352f4113d1c896c63c6c090fd621092749233d6a,8704,511,3.064060688018799
S,17,a02,50,46,5682e8596b594de16f03e38329a00d1bff4adee96204668f946a90f5292c8136,1024,511,2.7672512531280518
S,17,a02,50,47,127630e33620c4206cd0e7ad6622f66b144b669ddf653964e56ce6654a7b32f0,3072,511,2.3555049896240234
S,17,a02,50,48,320f1288c0a9e6e7a3def263d7abab684526479abb06fc68e069fc1a9937c71d,1024,511,2.634425163269043
S,17,a02,50,49,58ac024cd69aa321476709f7b1742c6523bf4fb12233b5b6f60d680c8fca8e8e,1536,511,2.6183111667633057
S,17,a02,50,50,4f84e7678dedadbb233b28e11c014c0798eadf77020a5a8fb4d017d12c99e86d,2560,511,2.1035919189453125
S,17,a02,50,51,99db37e631f9ef519733c8a72d003864c2701de3091cf19e9eba387054fdacac,512,511,2.9819529056549072
S,17,a02,50,52,0627479429bdaca6ad2b61ecd03d5b65cd330b0351b5ff8f878978d7b00c4ab2,0,511,2.4539051055908203
S,17,a02,50,53,c1e3085f9b150f54416c89fdea9cdb29ceef7e5050e94af9eafe2053fffe3e64,3584,511,2.173273801803589
S,17,a02,50,54,0e6b290375d52c7b5c4cd74b4c7348611213caa15ca0e87d7f6426f9e0f86e04,2048,511,2.4951682090759277
S,17,a02,50,55,16f297fd545d4a150c1908347430e076e51e3560238877a2eec2ac020b7d3bc9,3584,511,2.436244487762451
S,17,a02,50,56,243408a375c7d0c1fda52538ba71d700e4d403fd2764c7491c7c1a9b7d7fd7a9,0,511,2.497875928878784
S,17,a02,50,57,93133535594204a5a3625fc7b90ff6ad027dca329f0359370d232d4135e91bc1,512,511,2.3169033527374268
S,17,a02,50,58,7c74fa4376b1168685d5d288b916d3317d340aad3044f88d5ca673b76d875d1c,1536,511,2.2607152462005615
S,17,a02,50,59,447ea32f527637dcb6ef068962a2fabe21ec283698e144c45ed42c46e1b27772,0,511,2.5684216022491455
S,17,a02,50,60,6db7dd742bd03a22121dc39ee8773c9afa1462f4efce21abbe54dc33c4285b1f,0,511,2.3398211002349854
S,17,a02,50,61,dc8a961be5dc24fc777b38869adf84cfc37bbe2f28514ceb0e344d39b7e01906,512,511,2.5915658473968506
S,17,a02,50,62,3ca10415cf1f0bc4955c7ef0d186c8e93deb4aece0aaaa5fb553b43dfe5ad2aa,0,511,2.5821828842163086
S,17,a02,50,63,6e5c6769277c87aeaf9a4fd680fad1720ce04660f567befd8a9f8c68dde50f64,0,511,2.359243631362915
S,17,a02,100,0,71ff58ca29d05bef3a99fb59512ec09404e49be906888dc3ea5409ce8a54beea,0,511,2.198089361190796
S,17,a02,100,1,47ab999a2c488609314576fac2048b7f2a92afad8f7ca0326f23f648d515f167,1536,511,2.13338303565979
S,17,a02,100,2,c6ff7382a150214656a5c5d777769384c99d3ce7764110fc98e07e5e48fddc7e,1024,511,2.409163475036621
S,17,a02,100,3,8739f77bc09e02e5783efc804080eff63b9ae7da7008a0e4c6412b47aa6da1c2,2048,511,2.3742659091949463
S,17,a02,100,4,a7f7a2250dd6f72080e21112d92bdfd639fcbe8a5a9effd80028c67d5dddd416,0,511,2.3796346187591553
S,17,a02,100,5,06cd6da2c73e993c43345dad24088c06b24d496ffc56f5f460b58cfa49d0f3df,0,511,1.560949683189392
S,17,a02,100,6,3adf36bb00be5fa07541f544ce8642a56fcd3a01d456650deaabc83e91d791a1,1024,511,2.456507444381714
S,17,a02,100,7,34c9eb07c804b8ee651c4da1ac1dd801fec51c064819632bd8f4f36bd685b8a1,1024,511,2.8549511432647705
S,17,a02,100,8,dcd008e03034d7dcffb4b6abd6aa6f0bfdf0a28ddd0b53dd37784e7c055f10bb,1536,511,2.253669023513794
S,17,a02,100,9,4f58c96286c7c0f0417ea817ca24cf1c2db4ad3d19fdcdcf46124511fbf05b3e,512,511,2.5619089603424072
S,17,a02,100,10,7c5e18ef30b2c1c37d722f19397ccdf563e0428cdde5ff6b99a902d67975541f,5120,511,2.449472665786743
S,17,a02,100,11,47344d32192263b566ca14f66ce20553a4c76ff30204fae6639d7c1dde9a1f11,0,511,1.8907948732376099
S,17,a02,100,12,98aa6addc6d0697baff9ad72065efe34b866fb27cb0c3e094c328bb57b98cf2b,512,511,2.4446983337402344
S,17,a02,100,13,d6b58a86755a3af1a5a75d162cfd31bceb70ebe76d43dfd2b64d95def0331c1b,0,511,1.7146416902542114
S,17,a02,100,14,c724dc11dc74fa10b6309922c9d014e010a88079d4ca2e3ca96ab091459b166e,0,511,2.125042200088501
S,17,a02,100,15,aad6037cda830ea2edaf38a004ae82825aa4d21585b2c0f33197a34583613c19,3072,511,2.585629940032959
S,17,a02,100,16,b7140ecf1283718c8b44dd77fefc16ef15f5d7579ad3d6f1da94324d11081ab5,0,511,2.413689374923706
S,17,a02,100,17,7c0883960fcd42892f41d565a6eb8675b26e6a7b184fa795ec1dea269c0d78f7,2560,511,2.946472644805908
S,17,a02,100,18,e461497c8cf9867275c7b0ab55899126e69b01926436f58a64e902baf22ad1d8,1024,511,2.718661308288574
S,17,a02,100,19,d236bd424f8c1de8ba7570984678d98d021bd9f796117156ee8c848d8b9e20df,512,511,1.9222426414489746
S,17,a02,100,20,b124bcdac530f87fa8b20ed6ba5af0bdc6e2e14fe6348e8e8d9aae3bbb14d7bf,1536,511,2.3593733310699463
S,17,a02,100,21,398d9a5e65eb510a4b2165e08da91bc2e7a46f651fd4c2a7c82baca0e3f7c6f7,512,511,2.986203670501709
S,17,a02,100,22,398d4136fe8a7fe859af6d03e3be3e80b0a4a081aa81cad5dad14be6152fbb07,1024,511,2.450758457183838
S,17,a02,100,23,27c7a212b1dd328e6abafa8ce17f190f047ff7bf7b13546651705123022fac2b,2048,511,2.3908982276916504
S,17,a02,100,24,27e29aeb84cb9b2f80dc9061f35e33eb4710e31a4bda2e0ce985e2cb4c4af0d4,512,511,2.2604446411132812
S,17,a02,100,25,a7ab0eebec8ed5155f1c0b6b257ae3e70464155e9540fc6cb19d9b21ce07adbe,0,511,1.9887362718582153
S,17,a02,100,26,87c73475752c7552f1b2dfb6631350662bd4d2392ea692266f7fd8d9d49255e6,5120,511,2.4625003337860107
S,17,a02,100,27,4dfcff9cdf6a84e7dc2d2f41f4beeb5bd4a850251f084dbb833319624ea2ba03,1536,511,2.6948211193084717
S,17,a02,100,28,c6a6c920ad14f9ced5cbb1a81a695ee0d1e0cec0886071763eca3b7609793f9a,512,511,2.6963486671447754
S,17,a02,100,29,602491df734b58909d0bdd64c12964094178660aa935fe328832f5ac7c783ce5,6656,511,2.926030397415161
S,17,a02,100,30,3d3334d8bb76a4a5d2667fcaaf08e5519258c23da3c0ed35b0fb51ab7750456a,512,511,2.3673653602600098
S,17,a02,100,31,a5c6bb2784e438e57e6c21063b5631ad6159e98fd0fdde6f0f393b1a6ad1ec91,0,511,2.4016027450561523
S,17,a02,100,32,a75479aadac4ab0e14588bb3dbab971354b70cbb22f67008de6af0b25ce850de,6144,511,2.9833312034606934
S,17,a02,100,33,81985a3b78086a93d7e6ae3ddda453bf5a959744e65bc05418fc1b56f5ec10ca,512,511,2.276322364807129
S,17,a02,100,34,2362e3d4278d695e409c7b7ff1512062454f8d035bc9076dff42c632a29fb2ee,0,511,2.02842116355896
S,17,a02,100,35,85cb58452e909342c236fc118e084fa9adcfddffc1ee3968baed9838eae6ef37,0,511,1.8387707471847534
S,17,a02,100,36,da80b33b4eb70c8d7b4c6a0fc009cedf34a39859057eb8700df906c788e6a4c8,0,511,2.1754701137542725
S,17,a02,100,37,2e3ac91c014b25eebddbb443aa8850683dfc0675b9fed2dc40ec8d5f64ec60d4,0,511,2.088352680206299
S,17,a02,100,38,3210f7ea4f8c2a390b5fc7a519a58dd185dc01a5700b89f95e427e52d0e581c9,512,511,2.704418182373047
S,17,a02,100,39,f5e1818470b34abce111d71989de48dff1e3e4ef0271749d38438e1b6693f635,1536,511,2.1292059421539307
S,17,a02,100,40,3ce4586556ea72a70c76b9203dca8969adc500af610389007ec255f56b1e169e,1024,511,2.5822391510009766
S,17,a02,100,41,7b804a7a99e4de2942ef98de42165dacd3e16b944e6a538d55df1f634a23d48e,4096,511,2.6692311763763428
S,17,a02,100,42,f6dd4f9c768666495fe711e166071758aa6c2d321def74a3ae211027ce199501,512,511,2.9842512607574463
S,17,a02,100,43,31ed14bec015eaaefb165002eb17b020eeb35031b1a592aff7d981de7c6899b3,0,511,2.2475340366363525
S,17,a02,100,44,b3ff1454cd3a072b015b88f94f6d6889d9c0bd745fc7a5433df7c0d43151854e,512,511,2.361328125
S,17,a02,100,45,3ee074eadb149c8da6002c76352f4113d1c896c63c6c090fd621092749233d6a,8704,511,2.969543218612671
S,17,a02,100,46,5682e8596b594de16f03e38329a00d1bff4adee96204668f946a90f5292c8136,1024,511,2.6905529499053955
S,17,a02,100,47,127630e33620c4206cd0e7ad6622f66b144b669ddf653964e56ce6654a7b32f0,3072,511,2.238332748413086
S,17,a02,100,48,320f1288c0a9e6e7a3def263d7abab684526479abb06fc68e069fc1a9937c71d,1024,511,2.508406162261963
S,17,a02,100,49,58ac024cd69aa321476709f7b1742c6523bf4fb12233b5b6f60d680c8fca8e8e,1536,511,2.5672359466552734
S,17,a02,100,50,4f84e7678dedadbb233b28e11c014c0798eadf77020a5a8fb4d017d12c99e86d,2560,511,1.9890812635421753
S,17,a02,100,51,99db37e631f9ef519733c8a72d003864c2701de3091cf19e9eba387054fdacac,512,511,2.912329912185669
S,17,a02,100,52,0627479429bdaca6ad2b61ecd03d5b65cd330b0351b5ff8f878978d7b00c4ab2,0,511,2.3281047344207764
S,17,a02,100,53,c1e3085f9b150f54416c89fdea9cdb29ceef7e5050e94af9eafe2053fffe3e64,3584,511,2.0691652297973633
S,17,a02,100,54,0e6b290375d52c7b5c4cd74b4c7348611213caa15ca0e87d7f6426f9e0f86e04,2048,511,2.4009552001953125
S,17,a02,100,55,16f297fd545d4a150c1908347430e076e51e3560238877a2eec2ac020b7d3bc9,3584,511,2.3498165607452393
S,17,a02,100,56,243408a375c7d0c1fda52538ba71d700e4d403fd2764c7491c7c1a9b7d7fd7a9,0,511,2.3313634395599365
S,17,a02,100,57,93133535594204a5a3625fc7b90ff6ad027dca329f0359370d232d4135e91bc1,512,511,2.1732594966888428
S,17,a02,100,58,7c74fa4376b1168685d5d288b916d3317d340aad3044f88d5ca673b76d875d1c,1536,511,2.146074056625366
S,17,a02,100,59,447ea32f527637dcb6ef068962a2fabe21ec283698e144c45ed42c46e1b27772,0,511,2.438383102416992
S,17,a02,100,60,6db7dd742bd03a22121dc39ee8773c9afa1462f4efce21abbe54dc33c4285b1f,0,511,2.2125682830810547
S,17,a02,100,61,dc8a961be5dc24fc777b38869adf84cfc37bbe2f28514ceb0e344d39b7e01906,512,511,2.4838883876800537
S,17,a02,100,62,3ca10415cf1f0bc4955c7ef0d186c8e93deb4aece0aaaa5fb553b43dfe5ad2aa,0,511,2.4672298431396484
S,17,a02,100,63,6e5c6769277c87aeaf9a4fd680fad1720ce04660f567befd8a9f8c68dde50f64,0,511,2.224860668182373
S,17,a03,0,0,71ff58ca29d05bef3a99fb59512ec09404e49be906888dc3ea5409ce8a54beea,0,511,2.3994600772857666
S,17,a03,0,1,47ab999a2c488609314576fac2048b7f2a92afad8f7ca0326f23f648d515f167,1536,511,2.345461130142212
S,17,a03,0,2,c6ff7382a150214656a5c5d777769384c99d3ce7764110fc98e07e5e48fddc7e,1024,511,2.5913591384887695
S,17,a03,0,3,8739f77bc09e02e5783efc804080eff63b9ae7da7008a0e4c6412b47aa6da1c2,2048,511,2.6799843311309814
S,17,a03,0,4,a7f7a2250dd6f72080e21112d92bdfd639fcbe8a5a9effd80028c67d5dddd416,0,511,2.5732908248901367
S,17,a03,0,5,06cd6da2c73e993c43345dad24088c06b24d496ffc56f5f460b58cfa49d0f3df,0,511,1.7804986238479614
S,17,a03,0,6,3adf36bb00be5fa07541f544ce8642a56fcd3a01d456650deaabc83e91d791a1,1024,511,2.864234685897827
S,17,a03,0,7,34c9eb07c804b8ee651c4da1ac1dd801fec51c064819632bd8f4f36bd685b8a1,1024,511,3.234595537185669
S,17,a03,0,8,dcd008e03034d7dcffb4b6abd6aa6f0bfdf0a28ddd0b53dd37784e7c055f10bb,1536,511,2.5510385036468506
S,17,a03,0,9,4f58c96286c7c0f0417ea817ca24cf1c2db4ad3d19fdcdcf46124511fbf05b3e,512,511,2.896815538406372
S,17,a03,0,10,7c5e18ef30b2c1c37d722f19397ccdf563e0428cdde5ff6b99a902d67975541f,5120,511,2.7607808113098145
S,17,a03,0,11,47344d32192263b566ca14f66ce20553a4c76ff30204fae6639d7c1dde9a1f11,0,511,2.1037533283233643
S,17,a03,0,12,98aa6addc6d0697baff9ad72065efe34b866fb27cb0c3e094c328bb57b98cf2b,512,511,2.6369738578796387
S,17,a03,0,13,d6b58a86755a3af1a5a75d162cfd31bceb70ebe76d43dfd2b64d95def0331c1b,0,511,2.0670113563537598
S,17,a03,0,14,c724dc11dc74fa10b6309922c9d014e010a88079d4ca2e3ca96ab091459b166e,0,511,2.4225871562957764
S,17,a03,0,15,aad6037cda830ea2edaf38a004ae82825aa4d21585b2c0f33197a34583613c19,3072,511,2.7511730194091797
S,17,a03,0,16,b7140ecf1283718c8b44dd77fefc16ef15f5d7579ad3d6f1da94324d11081ab5,0,511,2.5998079776763916
S,17,a03,0,17,7c0883960fcd42892f41d565a6eb8675b26e6a7b184fa795ec1dea269c0d78f7,2560,511,3.1736037731170654
S,17,a03,0,18,e461497c8cf9867275c7b0ab55899126e69b01926436f58a64e902baf22ad1d8,1024,511,3.0016353130340576
S,17,a03,0,19,d236bd424f8c1de8ba7570984678d98d021bd9f796117156ee8c848d8b9e20df,512,511,2.1516427993774414
S,17,a03,0,20,b124bcdac530f87fa8b20ed6ba5af0bdc6e2e14fe6348e8e8d9aae3bbb14d7bf,1536,511,2.647033929824829
S,17,a03,0,21,398d9a5e65eb510a4b2165e08da91bc2e7a46f651fd4c2a7c82baca0e3f7c6f7,512,511,3.267014503479004
S,17,a03,0,22,398d4136fe8a7fe859af6d03e3be3e80b0a4a081aa81cad5dad14be6152fbb07,1024,511,2.784895658493042
S,17,a03,0,23,27c7a212b1dd328e6abafa8ce17f190f047ff7bf7b13546651705123022fac2b,2048,511,2.764967441558838
S,17,a03,0,24,27e29aeb84cb9b2f80dc9061f35e33eb4710e31a4bda2e0ce985e2cb4c4af0d4,512,511,2.5755269527435303
S,17,a03,0,25,a7ab0eebec8ed5155f1c0b6b257ae3e70464155e9540fc6cb19d9b21ce07adbe,0,511,2.300006866455078
S,17,a03,0,26,87c73475752c7552f1b2dfb6631350662bd4d2392ea692266f7fd8d9d49255e6,5120,511,2.6849520206451416
S,17,a03,0,27,4dfcff9cdf6a84e7dc2d2f41f4beeb5bd4a850251f084dbb833319624ea2ba03,1536,511,2.9392600059509277
S,17,a03,0,28,c6a6c920ad14f9ced5cbb1a81a695ee0d1e0cec0886071763eca3b7609793f9a,512,511,3.023531675338745
S,17,a03,0,29,602491df734b58909d0bdd64c12964094178660aa935fe328832f5ac7c783ce5,6656,511,3.109340190887451
S,17,a03,0,30,3d3334d8bb76a4a5d2667fcaaf08e5519258c23da3c0ed35b0fb51ab7750456a,512,511,2.6097922325134277
S,17,a03,0,31,a5c6bb2784e438e57e6c21063b5631ad6159e98fd0fdde6f0f393b1a6ad1ec91,0,511,2.7922329902648926
S,17,a03,0,32,a75479aadac4ab0e14588bb3dbab971354b70cbb22f67008de6af0b25ce850de,6144,511,3.181856632232666
S,17,a03,0,33,81985a3b78086a93d7e6ae3ddda453bf5a959744e65bc05418fc1b56f5ec10ca,512,511,2.4921164512634277
S,17,a03,0,34,2362e3d4278d695e409c7b7ff1512062454f8d035bc9076dff42c632a29fb2ee,0,511,2.268710136413574
S,17,a03,0,35,85cb58452e909342c236fc118e084fa9adcfddffc1ee3968baed9838eae6ef37,0,511,2.1170613765716553
S,17,a03,0,36,da80b33b4eb70c8d7b4c6a0fc009cedf34a39859057eb8700df906c788e6a4c8,0,511,2.5055439472198486
S,17,a03,0,37,2e3ac91c014b25eebddbb443aa8850683dfc0675b9fed2dc40ec8d5f64ec60d4,0,511,2.3230302333831787
S,17,a03,0,38,3210f7ea4f8c2a390b5fc7a519a58dd185dc01a5700b89f95e427e52d0e581c9,512,511,2.9738094806671143
S,17,a03,0,39,f5e1818470b34abce111d71989de48dff1e3e4ef0271749d38438e1b6693f635,1536,511,2.4057791233062744
S,17,a03,0,40,3ce4586556ea72a70c76b9203dca8969adc500af610389007ec255f56b1e169e,1024,511,2.8415844440460205
S,17,a03,0,41,7b804a7a99e4de2942ef98de42165dacd3e16b944e6a538d55df1f634a23d48e,4096,511,2.9185619354248047
S,17,a03,0,42,f6dd4f9c768666495fe711e166071758aa6c2d321def74a3ae211027ce199501,512,511,3.224128007888794
S,17,a03,0,43,31ed14bec015eaaefb165002eb17b020eeb35031b1a592aff7d981de7c6899b3,0,511,2.404877185821533
S,17,a03,0,44,b3ff1454cd3a072b015b88f94f6d6889d9c0bd745fc7a5433df7c0d43151854e,512,511,2.649561643600464
S,17,a03,0,45,3ee074eadb149c8da6002c76352f4113d1c896c63c6c090fd621092749233d6a,8704,511,3.2259342670440674
S,17,a03,0,46,5682e8596b594de16f03e38329a00d1bff4adee96204668f946a90f5292c8136,1024,511,2.8707833290100098
S,17,a03,0,47,127630e33620c4206cd0e7ad6622f66b144b669ddf653964e56ce6654a7b32f0,3072,511,2.57273530960083
S,17,a03,0,48,320f1288c0a9e6e7a3def263d7abab684526479abb06fc68e069fc1a9937c71d,1024,511,2.8344404697418213
S,17,a03,0,49,58ac024cd69aa321476709f7b1742c6523bf4fb12233b5b6f60d680c8fca8e8e,1536,511,2.670275926589966
S,17,a03,0,50,4f84e7678dedadbb233b28e11c014c0798eadf77020a5a8fb4d017d12c99e86d,2560,511,2.2262229919433594
S,17,a03,0,51,99db37e631f9ef519733c8a72d003864c2701de3091cf19e9eba387054fdacac,512,511,3.0924222469329834
S,17,a03,0,52,0627479429bdaca6ad2b61ecd03d5b65cd330b0351b5ff8f878978d7b00c4ab2,0,511,2.629951238632202
S,17,a03,0,53,c1e3085f9b150f54416c89fdea9cdb29ceef7e5050e94af9eafe2053fffe3e64,3584,511,2.319774866104126
S,17,a03,0,54,0e6b290375d52c7b5c4cd74b4c7348611213caa15ca0e87d7f6426f9e0f86e04,2048,511,2.712585687637329
S,17,a03,0,55,16f297fd545d4a150c1908347430e076e51e3560238877a2eec2ac020b7d3bc9,3584,511,2.6009671688079834
S,17,a03,0,56,243408a375c7d0c1fda52538ba71d700e4d403fd2764c7491c7c1a9b7d7fd7a9,0,511,2.7011606693267822
S,17,a03,0,57,93133535594204a5a3625fc7b90ff6ad027dca329f0359370d232d4135e91bc1,512,511,2.4485230445861816
S,17,a03,0,58,7c74fa4376b1168685d5d288b916d3317d340aad3044f88d5ca673b76d875d1c,1536,511,2.4540512561798096
S,17,a03,0,59,447ea32f527637dcb6ef068962a2fabe21ec283698e144c45ed42c46e1b27772,0,511,2.7331595420837402
S,17,a03,0,60,6db7dd742bd03a22121dc39ee8773c9afa1462f4efce21abbe54dc33c4285b1f,0,511,2.4292542934417725
S,17,a03,0,61,dc8a961be5dc24fc777b38869adf84cfc37bbe2f28514ceb0e344d39b7e01906,512,511,2.819986581802368
S,17,a03,0,62,3ca10415cf1f0bc4955c7ef0d186c8e93deb4aece0aaaa5fb553b43dfe5ad2aa,0,511,2.711681365966797
S,17,a03,0,63,6e5c6769277c87aeaf9a4fd680fad1720ce04660f567befd8a9f8c68dde50f64,0,511,2.60559344291687
S,17,a03,20,0,71ff58ca29d05bef3a99fb59512ec09404e49be906888dc3ea5409ce8a54beea,0,511,2.3478524684906006
S,17,a03,20,1,47ab999a2c488609314576fac2048b7f2a92afad8f7ca0326f23f648d515f167,1536,511,2.3057329654693604
S,17,a03,20,2,c6ff7382a150214656a5c5d777769384c99d3ce7764110fc98e07e5e48fddc7e,1024,511,2.5298264026641846
S,17,a03,20,3,8739f77bc09e02e5783efc804080eff63b9ae7da7008a0e4c6412b47aa6da1c2,2048,511,2.6073708534240723
S,17,a03,20,4,a7f7a2250dd6f72080e21112d92bdfd639fcbe8a5a9effd80028c67d5dddd416,0,511,2.5163424015045166
S,17,a03,20,5,06cd6da2c73e993c43345dad24088c06b24d496ffc56f5f460b58cfa49d0f3df,0,511,1.730943202972412
S,17,a03,20,6,3adf36bb00be5fa07541f544ce8642a56fcd3a01d456650deaabc83e91d791a1,1024,511,2.7938990592956543
S,17,a03,20,7,34c9eb07c804b8ee651c4da1ac1dd801fec51c064819632bd8f4f36bd685b8a1,1024,511,3.1583638191223145
S,17,a03,20,8,dcd008e03034d7dcffb4b6abd6aa6f0bfdf0a28ddd0b53dd37784e7c055f10bb,1536,511,2.4956555366516113
S,17,a03,20,9,4f58c96286c7c0f0417ea817ca24cf1c2db4ad3d19fdcdcf46124511fbf05b3e,512,511,2.8437535762786865
S,17,a03,20,10,7c5e18ef30b2c1c37d722f19397ccdf563e0428cdde5ff6b99a902d67975541f,5120,511,2.7136664390563965
S,17,a03,20,11,47344d32192263b566ca14f66ce20553a4c76ff30204fae6639d7c1dde9a1f11,0,511,2.0506770610809326
S,17,a03,20,12,98aa6addc6d0697baff9ad72065efe34b866fb27cb0c3e094c328bb57b98cf2b,512,511,2.5919013023376465
S,17,a03,20,13,d6b58a86755a3af1a5a75d162cfd31bceb70ebe76d43dfd2b64d95def0331c1b,0,511,1.997947096824646
S,17,a03,20,14,c724dc11dc74fa10b6309922c9d014e010a88079d4ca2e3ca96ab091459b166e,0,511,2.357943058013916
S,17,a03,20,15,aad6037cda830ea2edaf38a004ae82825aa4d21585b2c0f33197a34583613c19,3072,511,2.72379207611084
S,17,a03,20,16,b7140ecf1283718c8b44dd77fefc16ef15f5d7579ad3d6f1da94324d11081ab5,0,511,2.5395100116729736
S,17,a03,20,17,7c0883960fcd42892f41d565a6eb8675b26e6a7b184fa795ec1dea269c0d78f7,2560,511,3.1280405521392822
S,17,a03,20,18,e461497c8cf9867275c7b0ab55899126e69b01926436f58a64e902baf22ad1d8,1024,511,2.940551996231079
S,17,a03,20,19,d236bd424f8c1de8ba7570984678d98d021bd9f796117156ee8c848d8b9e20df,512,511,2.0825862884521484
S,17,a03,20,20,b124bcdac530f87fa8b20ed6ba5af0bdc6e2e14fe6348e8e8d9aae3bbb14d7bf,1536,511,2.593813180923462
S,17,a03,20,21,398d9a5e65eb510a4b2165e08da91bc2e7a46f651fd4c2a7c82baca0e3f7c6f7,512,511,3.223334550857544
S,17,a03,20,22,398d4136fe8a7fe859af6d03e3be3e80b0a4a081aa81cad5dad14be6152fbb07,1024,511,2.7257392406463623
S,17,a03,20,23,27c7a212b1dd328e6abafa8ce17f190f047ff7bf7b13546651705123022fac2b,2048,511,2.69518780708313
S,17,a03,20,24,27e29aeb84cb9b2f80dc9061f35e33eb4710e31a4bda2e0ce985e2cb4c4af0d4,512,511,2.5157840251922607
S,17,a03,20,25,a7ab0eebec8ed5155f1c0b6b257ae3e70464155e9540fc6cb19d9b21ce07adbe,0,511,2.226592540740967
S,17,a03,20,26,87c73475752c7552f1b2dfb6631350662bd4d2392ea692266f7fd8d9d49255e6,5120,511,2.6192333698272705
S,17,a03,20,27,4dfcff9cdf6a84e7dc2d2f41f4beeb5bd4a850251f084dbb833319624ea2ba03,1536,511,2.894998788833618
S,17,a03,20,28,c6a6c920ad14f9ced5cbb1a81a695ee0d1e0cec0886071763eca3b7609793f9a,512,511,2.9628279209136963
S,17,a03,20,29,602491df734b58909d0bdd64c12964094178660aa935fe328832f5ac7c783ce5,6656,511,3.0613768100738525
S,17,a03,20,30,3d3334d8bb76a4a5d2667fcaaf08e5519258c23da3c0ed35b0fb51ab7750456a,512,511,2.527841091156006
S,17,a03,20,31,a5c6bb2784e438e57e6c21063b5631ad6159e98fd0fdde6f0f393b1a6ad1ec91,0,511,2.710472583770752
S,17,a03,20,32,a75479aadac4ab0e14588bb3dbab971354b70cbb22f67008de6af0b25ce850de,6144,511,3.1283907890319824
S,17,a03,20,33,81985a3b78086a93d7e6ae3ddda453bf5a959744e65bc05418fc1b56f5ec10ca,512,511,2.420931339263916
S,17,a03,20,34,2362e3d4278d695e409c7b7ff1512062454f8d035bc9076dff42c632a29fb2ee,0,511,2.2154200077056885
S,17,a03,20,35,85cb58452e909342c236fc118e084fa9adcfddffc1ee3968baed9838eae6ef37,0,511,2.063591718673706
S,17,a03,20,36,da80b33b4eb70c8d7b4c6a0fc009cedf34a39859057eb8700df906c788e6a4c8,0,511,2.440502405166626
S,17,a03,20,37,2e3ac91c014b25eebddbb443aa8850683dfc0675b9fed2dc40ec8d5f64ec60d4,0,511,2.253134250640869
S,17,a03,20,38,3210f7ea4f8c2a390b5fc7a519a58dd185dc01a5700b89f95e427e52d0e581c9,512,511,2.919797897338867
S,17,a03,20,39,f5e1818470b34abce111d71989de48dff1e3e4ef0271749d38438e1b6693f635,1536,511,2.356165885925293
S,17,a03,20,40,3ce4586556ea72a70c76b9203dca8969adc500af610389007ec255f56b1e169e,1024,511,2.7834737300872803
S,17,a03,20,41,7b804a7a99e4de2942ef98de42165dacd3e16b944e6a538d55df1f634a23d48e,4096,511,2.8703956604003906
S,17,a03,20,42,f6dd4f9c768666495fe711e166071758aa6c2d321def74a3ae211027ce199501,512,511,3.1688199043273926
S,17,a03,20,43,31ed14bec015eaaefb165002eb17b020eeb35031b1a592aff7d981de7c6899b3,0,511,2.358367681503296
S,17,a03,20,44,b3ff1454cd3a072b015b88f94f6d6889d9c0bd745fc7a5433df7c0d43151854e,512,511,2.604186534881592
S,17,a03,20,45,3ee074eadb149c8da6002c76352f4113d1c896c63c6c090fd621092749233d6a,8704,511,3.180551052093506
S,17,a03,20,46,5682e8596b594de16f03e38329a00d1bff4adee96204668f946a90f5292c8136,1024,511,2.822235107421875
S,17,a03,20,47,127630e33620c4206cd0e7ad6622f66b144b669ddf653964e56ce6654a7b32f0,3072,511,2.5144855976104736
S,17,a03,20,48,320f1288c0a9e6e7a3def263d7abab684526479abb06fc68e069fc1a9937c71d,1024,511,2.7609872817993164
S,17,a03,20,49,58ac024cd69aa321476709f7b1742c6523bf4fb12233b5b6f60d680c8fca8e8e,1536,511,2.637847900390625
S,17,a03,20,50,4f84e7678dedadbb233b28e11c014c0798eadf77020a5a8fb4d017d12c99e86d,2560,511,2.182323694229126
S,17,a03,20,51,99db37e631f9ef519733c8a72d003864c2701de3091cf19e9eba387054fdacac,512,511,3.036882162094116
S,17,a03,20,52,0627479429bdaca6ad2b61ecd03d5b65cd330b0351b5ff8f878978d7b00c4ab2,0,511,2.571664333343506
S,17,a03,20,53,c1e3085f9b150f54416c89fdea9cdb29ceef7e5050e94af9eafe2053fffe3e64,3584,511,2.2630562782287598
S,17,a03,20,54,0e6b290375d52c7b5c4cd74b4c7348611213caa15ca0e87d7f6426f9e0f86e04,2048,511,2.6480958461761475
S,17,a03,20,55,16f297fd545d4a150c1908347430e076e51e3560238877a2eec2ac020b7d3bc9,3584,511,2.5408501625061035
S,17,a03,20,56,243408a375c7d0c1fda52538ba71d700e4d403fd2764c7491c7c1a9b7d7fd7a9,0,511,2.6231963634490967
S,17,a03,20,57,93133535594204a5a3625fc7b90ff6ad027dca329f0359370d232d4135e91bc1,512,511,2.403141975402832
S,17,a03,20,58,7c74fa4376b1168685d5d288b916d3317d340aad3044f88d5ca673b76d875d1c,1536,511,2.403928279876709
S,17,a03,20,59,447ea32f527637dcb6ef068962a2fabe21ec283698e144c45ed42c46e1b27772,0,511,2.682856321334839
S,17,a03,20,60,6db7dd742bd03a22121dc39ee8773c9afa1462f4efce21abbe54dc33c4285b1f,0,511,2.3830068111419678
S,17,a03,20,61,dc8a961be5dc24fc777b38869adf84cfc37bbe2f28514ceb0e344d39b7e01906,512,511,2.75270414352417
S,17,a03,20,62,3ca10415cf1f0bc4955c7ef0d186c8e93deb4aece0aaaa5fb553b43dfe5ad2aa,0,511,2.664191484451294
S,17,a03,20,63,6e5c6769277c87aeaf9a4fd680fad1720ce04660f567befd8a9f8c68dde50f64,0,511,2.5507872104644775
S,17,a03,50,0,71ff58ca29d05bef3a99fb59512ec09404e49be906888dc3ea5409ce8a54beea,0,511,2.260599136352539
S,17,a03,50,1,47ab999a2c488609314576fac2048b7f2a92afad8f7ca0326f23f648d515f167,1536,511,2.2187321186065674
S,17,a03,50,2,c6ff7382a150214656a5c5d777769384c99d3ce7764110fc98e07e5e48fddc7e,1024,511,2.451589345932007
S,17,a03,50,3,8739f77bc09e02e5783efc804080eff63b9ae7da7008a0e4c6412b47aa6da1c2,2048,511,2.4734046459198
S,17,a03,50,4,a7f7a2250dd6f72080e21112d92bdfd639fcbe8a5a9effd80028c67d5dddd416,0,511,2.4494597911834717
S,17,a03,50,5,06cd6da2c73e993c43345dad24088c06b24d496ffc56f5f460b58cfa49d0f3df,0,511,1.6159071922302246
S,17,a03,50,6,3adf36bb00be5fa07541f544ce8642a56fcd3a01d456650deaabc83e91d791a1,1024,511,2.6349573135375977
S,17,a03,50,7,34c9eb07c804b8ee651c4da1ac1dd801fec51c064819632bd8f4f36bd685b8a1,1024,511,3.035231351852417
S,17,a03,50,8,dcd008e03034d7dcffb4b6abd6aa6f0bfdf0a28ddd0b53dd37784e7c055f10bb,1536,511,2.3722355365753174
S,17,a03,50,9,4f58c96286c7c0f0417ea817ca24cf1c2db4ad3d19fdcdcf46124511fbf05b3e,512,511,2.7046141624450684
S,17,a03,50,10,7c5e18ef30b2c1c37d722f19397ccdf563e0428cdde5ff6b99a902d67975541f,5120,511,2.5493645668029785
S,17,a03,50,11,47344d32192263b566ca14f66ce20553a4c76ff30204fae6639d7c1dde9a1f11,0,511,1.965200662612915
S,17,a03,50,12,98aa6addc6d0697baff9ad72065efe34b866fb27cb0c3e094c328bb57b98cf2b,512,511,2.4997339248657227
S,17,a03,50,13,d6b58a86755a3af1a5a75d162cfd31bceb70ebe76d43dfd2b64d95def0331c1b,0,511,1.8504499197006226
S,17,a03,50,14,c724dc11dc74fa10b6309922c9d014e010a88079d4ca2e3ca96ab091459b166e,0,511,2.187145471572876
S,17,a03,50,15,aad6037cda830ea2edaf38a004ae82825aa4d21585b2c0f33197a34583613c19,3072,511,2.6509673595428467
S,17,a03,50,16,b7140ecf1283718c8b44dd77fefc16ef15f5d7579ad3d6f1da94324d11081ab5,0,511,2.4387409687042236
S,17,a03,50,17,7c0883960fcd42892f41d565a6eb8675b26e6a7b184fa795ec1dea269c0d78f7,2560,511,3.034026861190796
S,17,a03,50,18,e461497c8cf9867275c7b0ab55899126e69b01926436f58a64e902baf22ad1d8,1024,511,2.8095531463623047
S,17,a03,50,19,d236bd424f8c1de8ba7570984678d98d021bd9f796117156ee8c848d8b9e20df,512,511,1.96034574508667
S,17,a03,50,20,b124bcdac530f87fa8b20ed6ba5af0bdc6e2e14fe6348e8e8d9aae3bbb14d7bf,1536,511,2.4704461097717285
S,17,a03,50,21,398d9a5e65eb510a4b2165e08da91bc2e7a46f651fd4c2a7c82baca0e3f7c6f7,512,511,3.1059212684631348
S,17,a03,50,22,398d4136fe8a7fe859af6d03e3be3e80b0a4a081aa81cad5dad14be6152fbb07,1024,511,2.566770553588867
S,17,a03,50,23,27c7a212b1dd328e6abafa8ce17f190f047ff7bf7b13546651705123022fac2b,2048,511,2.5536532402038574
S,17,a03,50,24,27e29aeb84cb9b2f80dc9061f35e33eb4710e31a4bda2e0ce985e2cb4c4af0d4,512,511,2.3880021572113037
S,17,a03,50,25,a7ab0eebec8ed5155f1c0b6b257ae3e70464155e9540fc6cb19d9b21ce07adbe,0,511,2.0695338249206543
S,17,a03,50,26,87c73475752c7552f1b2dfb6631350662bd4d2392ea692266f7fd8d9d49255e6,5120,511,2.496002674102783
S,17,a03,50,27,4dfcff9cdf6a84e7dc2d2f41f4beeb5bd4a850251f084dbb833319624ea2ba03,1536,511,2.797285795211792
S,17,a03,50,28,c6a6c920ad14f9ced5cbb1a81a695ee0d1e0cec0886071763eca3b7609793f9a,512,511,2.8568036556243896
S,17,a03,50,29,602491df734b58909d0bdd64c12964094178660aa935fe328832f5ac7c783ce5,6656,511,2.9645276069641113
S,17,a03,50,30,3d3334d8bb76a4a5d2667fcaaf08e5519258c23da3c0ed35b0fb51ab7750456a,512,511,2.410504102706909
S,17,a03,50,31,a5c6bb2784e438e57e6c21063b5631ad6159e98fd0fdde6f0f393b1a6ad1ec91,0,511,2.5596866607666016
S,17,a03,50,32,a75479aadac4ab0e14588bb3dbab971354b70cbb22f67008de6af0b25ce850de,6144,511,3.0263547897338867
S,17,a03,50,33,81985a3b78086a93d7e6ae3ddda453bf5a959744e65bc05418fc1b56f5ec10ca,512,511,2.2554004192352295
S,17,a03,50,34,2362e3d4278d695e409c7b7ff1512062454f8d035bc9076dff42c632a29fb2ee,0,511,2.1006059646606445
S,17,a03,50,35,85cb58452e909342c236fc118e084fa9adcfddffc1ee3968baed9838eae6ef37,0,511,1.9621400833129883
S,17,a03,50,36,da80b33b4eb70c8d7b4c6a0fc009cedf34a39859057eb8700df906c788e6a4c8,0,511,2.3058180809020996
S,17,a03,50,37,2e3ac91c014b25eebddbb443aa8850683dfc0675b9fed2dc40ec8d5f64ec60d4,0,511,2.1308887004852295
S,17,a03,50,38,3210f7ea4f8c2a390b5fc7a519a58dd185dc01a5700b89f95e427e52d0e581c9,512,511,2.8205032348632812
S,17,a03,50,39,f5e1818470b34abce111d71989de48dff1e3e4ef0271749d38438e1b6693f635,1536,511,2.2591967582702637
S,17,a03,50,40,3ce4586556ea72a70c76b9203dca8969adc500af610389007ec255f56b1e169e,1024,511,2.6622977256774902
S,17,a03,50,41,7b804a7a99e4de2942ef98de42165dacd3e16b944e6a538d55df1f634a23d48e,4096,511,2.7781097888946533
S,17,a03,50,42,f6dd4f9c768666495fe711e166071758aa6c2d321def74a3ae211027ce199501,512,511,3.045882225036621
S,17,a03,50,43,31ed14bec015eaaefb165002eb17b020eeb35031b1a592aff7d981de7c6899b3,0,511,2.26930832862854
S,17,a03,50,44,b3ff1454cd3a072b015b88f94f6d6889d9c0bd745fc7a5433df7c0d43151854e,512,511,2.5217294692993164
S,17,a03,50,45,3ee074eadb149c8da6002c76352f4113d1c896c63c6c090fd621092749233d6a,8704,511,3.0792877674102783
S,17,a03,50,46,5682e8596b594de16f03e38329a00d1bff4adee96204668f946a90f5292c8136,1024,511,2.7430689334869385
S,17,a03,50,47,127630e33620c4206cd0e7ad6622f66b144b669ddf653964e56ce6654a7b32f0,3072,511,2.401111602783203
S,17,a03,50,48,320f1288c0a9e6e7a3def263d7abab684526479abb06fc68e069fc1a9937c71d,1024,511,2.5871288776397705
S,17,a03,50,49,58ac024cd69aa321476709f7b1742c6523bf4fb12233b5b6f60d680c8fca8e8e,1536,511,2.5778820514678955
S,17,a03,50,50,4f84e7678dedadbb233b28e11c014c0798eadf77020a5a8fb4d017d12c99e86d,2560,511,2.084573984146118
S,17,a03,50,51,99db37e631f9ef519733c8a72d003864c2701de3091cf19e9eba387054fdacac,512,511,2.9518651962280273
S,17,a03,50,52,0627479429bdaca6ad2b61ecd03d5b65cd330b0351b5ff8f878978d7b00c4ab2,0,511,2.436699390411377
S,17,a03,50,53,c1e3085f9b150f54416c89fdea9cdb29ceef7e5050e94af9eafe2053fffe3e64,3584,511,2.1364505290985107
S,17,a03,50,54,0e6b290375d52c7b5c4cd74b4c7348611213caa15ca0e87d7f6426f9e0f86e04,2048,511,2.510976552963257
S,17,a03,50,55,16f297fd545d4a150c1908347430e076e51e3560238877a2eec2ac020b7d3bc9,3584,511,2.4110207557678223
S,17,a03,50,56,243408a375c7d0c1fda52538ba71d700e4d403fd2764c7491c7c1a9b7d7fd7a9,0,511,2.4763989448547363
S,17,a03,50,57,93133535594204a5a3625fc7b90ff6ad027dca329f0359370d232d4135e91bc1,512,511,2.282684803009033
S,17,a03,50,58,7c74fa4376b1168685d5d288b916d3317d340aad3044f88d5ca673b76d875d1c,1536,511,2.264967679977417
S,17,a03,50,59,447ea32f527637dcb6ef068962a2fabe21ec283698e144c45ed42c46e1b27772,0,511,2.552924156188965
S,17,a03,50,60,6db7dd742bd03a22121dc39ee8773c9afa1462f4efce21abbe54dc33c4285b1f,0,511,2.2759807109832764
S,17,a03,50,61,dc8a961be5dc24fc777b38869adf84cfc37bbe2f28514ceb0e344d39b7e01906,512,511,2.6092052459716797
S,17,a03,50,62,3ca10415cf1f0bc4955c7ef0d186c8e93deb4aece0aaaa5fb553b43dfe5ad2aa,0,511,2.5636749267578125
S,17,a03,50,63,6e5c6769277c87aeaf9a4fd680fad1720ce04660f567befd8a9f8c68dde50f64,0,511,2.4307448863983154
S,17,a03,100,0,71ff58ca29d05bef3a99fb59512ec09404e49be906888dc3ea5409ce8a54beea,0,511,2.178715229034424
S,17,a03,100,1,47ab999a2c488609314576fac2048b7f2a92afad8f7ca0326f23f648d515f167,1536,511,2.113032102584839
S,17,a03,100,2,c6ff7382a150214656a5c5d777769384c99d3ce7764110fc98e07e5e48fddc7e,1024,511,2.3487977981567383
S,17,a03,100,3,8739f77bc09e02e5783efc804080eff63b9ae7da7008a0e4c6412b47aa6da1c2,2048,511,2.3806204795837402
S,17,a03,100,4,a7f7a2250dd6f72080e21112d92bdfd639fcbe8a5a9effd80028c67d5dddd416,0,511,2.3888518810272217
S,17,a03,100,5,06cd6da2c73e993c43345dad24088c06b24d496ffc56f5f460b58cfa49d0f3df,0,511,1.5615944862365723
S,17,a03,100,6,3adf36bb00be5fa07541f544ce8642a56fcd3a01d456650deaabc83e91d791a1,1024,511,2.4794037342071533
S,17,a03,100,7,34c9eb07c804b8ee651c4da1ac1dd801fec51c064819632bd8f4f36bd685b8a1,1024,511,2.8941280841827393
S,17,a03,100,8,dcd008e03034d7dcffb4b6abd6aa6f0bfdf0a28ddd0b53dd37784e7c055f10bb,1536,511,2.2744128704071045
S,17,a03,100,9,4f58c96286c7c0f0417ea817ca24cf1c2db4ad3d19fdcdcf46124511fbf05b3e,512,511,2.5459537506103516
S,17,a03,100,10,7c5e18ef30b2c1c37d722f19397ccdf563e0428cdde5ff6b99a902d67975541f,5120,511,2.473083019256592
S,17,a03,100,11,47344d32192263b566ca14f66ce20553a4c76ff30204fae6639d7c1dde9a1f11,0,511,1.8856236934661865
S,17,a03,100,12,98aa6addc6d0697baff9ad72065efe34b866fb27cb0c3e094c328bb57b98cf2b,512,511,2.4595396518707275
S,17,a03,100,13,d6b58a86755a3af1a5a75d162cfd31bceb70ebe76d43dfd2b64d95def0331c1b,0,511,1.696498990058899
S,17,a03,100,14,c724dc11dc74fa10b6309922c9d014e010a88079d4ca2e3ca96ab091459b166e,0,511,2.0477566719055176
S,17,a03,100,15,aad6037cda830ea2edaf38a004ae82825aa4d21585b2c0f33197a34583613c19,3072,511,2.5638339519500732
S,17,a03,100,16,b7140ecf1283718c8b44dd77fefc16ef15f5d7579ad3d6f1da94324d11081ab5,0,511,2.343369483947754
S,17,a03,100,17,7c0883960fcd42892f41d565a6eb8675b26e6a7b184fa795ec1dea269c0d78f7,2560,511,2.961188316345215
S,17,a03,100,18,e461497c8cf9867275c7b0ab55899126e69b01926436f58a64e902baf22ad1d8,1024,511,2.730532646179199
S,17,a03,100,19,d236bd424f8c1de8ba7570984678d98d021bd9f796117156ee8c848d8b9e20df,512,511,1.8175480365753174
S,17,a03,100,20,b124bcdac530f87fa8b20ed6ba5af0bdc6e2e14fe6348e8e8d9aae3bbb14d7bf,1536,511,2.3992276191711426
S,17,a03,100,21,398d9a5e65eb510a4b2165e08da91bc2e7a46f651fd4c2a7c82baca0e3f7c6f7,512,511,3.0226898193359375
S,17,a03,100,22,398d4136fe8a7fe859af6d03e3be3e80b0a4a081aa81cad5dad14be6152fbb07,1024,511,2.4489939212799072
S,17,a03,100,23,27c7a212b1dd328e6abafa8ce17f190f047ff7bf7b13546651705123022fac2b,2048,511,2.456207036972046
S,17,a03,100,24,27e29aeb84cb9b2f80dc9061f35e33eb4710e31a4bda2e0ce985e2cb4c4af0d4,512,511,2.285170078277588
S,17,a03,100,25,a7ab0eebec8ed5155f1c0b6b257ae3e70464155e9540fc6cb19d9b21ce07adbe,0,511,1.9553308486938477
S,17,a03,100,26,87c73475752c7552f1b2dfb6631350662bd4d2392ea692266f7fd8d9d49255e6,5120,511,2.409179449081421
S,17,a03,100,27,4dfcff9cdf6a84e7dc2d2f41f4beeb5bd4a850251f084dbb833319624ea2ba03,1536,511,2.6573009490966797
S,17,a03,100,28,c6a6c920ad14f9ced5cbb1a81a695ee0d1e0cec0886071763eca3b7609793f9a,512,511,2.763127565383911
S,17,a03,100,29,602491df734b58909d0bdd64c12964094178660aa935fe328832f5ac7c783ce5,6656,511,2.894721746444702
S,17,a03,100,30,3d3334d8bb76a4a5d2667fcaaf08e5519258c23da3c0ed35b0fb51ab7750456a,512,511,2.300266981124878
S,17,a03,100,31,a5c6bb2784e438e57e6c21063b5631ad6159e98fd0fdde6f0f393b1a6ad1ec91,0,511,2.43135142326355
S,17,a03,100,32,a75479aadac4ab0e14588bb3dbab971354b70cbb22f67008de6af0b25ce850de,6144,511,2.996825933456421
S,17,a03,100,33,81985a3b78086a93d7e6ae3ddda453bf5a959744e65bc05418fc1b56f5ec10ca,512,511,2.195343494415283
S,17,a03,100,34,2362e3d4278d695e409c7b7ff1512062454f8d035bc9076dff42c632a29fb2ee,0,511,1.9806487560272217
S,17,a03,100,35,85cb58452e909342c236fc118e084fa9adcfddffc1ee3968baed9838eae6ef37,0,511,1.854800820350647
S,17,a03,100,36,da80b33b4eb70c8d7b4c6a0fc009cedf34a39859057eb8700df906c788e6a4c8,0,511,2.183793067932129
S,17,a03,100,37,2e3ac91c014b25eebddbb443aa8850683dfc0675b9fed2dc40ec8d5f64ec60d4,0,511,2.0139832496643066
S,17,a03,100,38,3210f7ea4f8c2a390b5fc7a519a58dd185dc01a5700b89f95e427e52d0e581c9,512,511,2.7345187664031982
S,17,a03,100,39,f5e1818470b34abce111d71989de48dff1e3e4ef0271749d38438e1b6693f635,1536,511,2.1805307865142822
S,17,a03,100,40,3ce4586556ea72a70c76b9203dca8969adc500af610389007ec255f56b1e169e,1024,511,2.5505306720733643
S,17,a03,100,41,7b804a7a99e4de2942ef98de42165dacd3e16b944e6a538d55df1f634a23d48e,4096,511,2.696636438369751
S,17,a03,100,42,f6dd4f9c768666495fe711e166071758aa6c2d321def74a3ae211027ce199501,512,511,2.968665361404419
S,17,a03,100,43,31ed14bec015eaaefb165002eb17b020eeb35031b1a592aff7d981de7c6899b3,0,511,2.164881467819214
S,17,a03,100,44,b3ff1454cd3a072b015b88f94f6d6889d9c0bd745fc7a5433df7c0d43151854e,512,511,2.410393476486206
S,17,a03,100,45,3ee074eadb149c8da6002c76352f4113d1c896c63c6c090fd621092749233d6a,8704,511,2.990767240524292
S,17,a03,100,46,5682e8596b594de16f03e38329a00d1bff4adee96204668f946a90f5292c8136,1024,511,2.6752307415008545
S,17,a03,100,47,127630e33620c4206cd0e7ad6622f66b144b669ddf653964e56ce6654a7b32f0,3072,511,2.280996561050415
S,17,a03,100,48,320f1288c0a9e6e7a3def263d7abab684526479abb06fc68e069fc1a9937c71d,1024,511,2.4911468029022217
S,17,a03,100,49,58ac024cd69aa321476709f7b1742c6523bf4fb12233b5b6f60d680c8fca8e8e,1536,511,2.5120749473571777
S,17,a03,100,50,4f84e7678dedadbb233b28e11c014c0798eadf77020a5a8fb4d017d12c99e86d,2560,511,1.9902156591415405
S,17,a03,100,51,99db37e631f9ef519733c8a72d003864c2701de3091cf19e9eba387054fdacac,512,511,2.912266969680786
S,17,a03,100,52,0627479429bdaca6ad2b61ecd03d5b65cd330b0351b5ff8f878978d7b00c4ab2,0,511,2.3148794174194336
S,17,a03,100,53,c1e3085f9b150f54416c89fdea9cdb29ceef7e5050e94af9eafe2053fffe3e64,3584,511,2.050874948501587
S,17,a03,100,54,0e6b290375d52c7b5c4cd74b4c7348611213caa15ca0e87d7f6426f9e0f86e04,2048,511,2.4266104698181152
S,17,a03,100,55,16f297fd545d4a150c1908347430e076e51e3560238877a2eec2ac020b7d3bc9,3584,511,2.317909002304077
S,17,a03,100,56,243408a375c7d0c1fda52538ba71d700e4d403fd2764c7491c7c1a9b7d7fd7a9,0,511,2.3337786197662354
S,17,a03,100,57,93133535594204a5a3625fc7b90ff6ad027dca329f0359370d232d4135e91bc1,512,511,2.1345903873443604
S,17,a03,100,58,7c74fa4376b1168685d5d288b916d3317d340aad3044f88d5ca673b76d875d1c,1536,511,2.1804516315460205
S,17,a03,100,59,447ea32f527637dcb6ef068962a2fabe21ec283698e144c45ed42c46e1b27772,0,511,2.463027238845825
S,17,a03,100,60,6db7dd742bd03a22121dc39ee8773c9afa1462f4efce21abbe54dc33c4285b1f,0,511,2.175381898880005
S,17,a03,100,61,dc8a961be5dc24fc777b38869adf84cfc37bbe2f28514ceb0e344d39b7e01906,512,511,2.490370988845825
S,17,a03,100,62,3ca10415cf1f0bc4955c7ef0d186c8e93deb4aece0aaaa5fb553b43dfe5ad2aa,0,511,2.452352523803711
S,17,a03,100,63,6e5c6769277c87aeaf9a4fd680fad1720ce04660f567befd8a9f8c68dde50f64,0,511,2.2736620903015137
S,17,a04,0,0,71ff58ca29d05bef3a99fb59512ec09404e49be906888dc3ea5409ce8a54beea,0,511,2.4702529907226562
S,17,a04,0,1,47ab999a2c488609314576fac2048b7f2a92afad8f7ca0326f23f648d515f167,1536,511,2.3089494705200195
S,17,a04,0,2,c6ff7382a150214656a5c5d777769384c99d3ce7764110fc98e07e5e48fddc7e,1024,511,2.649470567703247
S,17,a04,0,3,8739f77bc09e02e5783efc804080eff63b9ae7da7008a0e4c6412b47aa6da1c2,2048,511,2.635439157485962
S,17,a04,0,4,a7f7a2250dd6f72080e21112d92bdfd639fcbe8a5a9effd80028c67d5dddd416,0,511,2.637962818145752
S,17,a04,0,5,06cd6da2c73e993c43345dad24088c06b24d496ffc56f5f460b58cfa49d0f3df,0,511,1.8602080345153809
S,17,a04,0,6,3adf36bb00be5fa07541f544ce8642a56fcd3a01d456650deaabc83e91d791a1,1024,511,2.9380669593811035
S,17,a04,0,7,34c9eb07c804b8ee651c4da1ac1dd801fec51c064819632bd8f4f36bd685b8a1,1024,511,3.2102510929107666
S,17,a04,0,8,dcd008e03034d7dcffb4b6abd6aa6f0bfdf0a28ddd0b53dd37784e7c055f10bb,1536,511,2.5259640216827393
S,17,a04,0,9,4f58c96286c7c0f0417ea817ca24cf1c2db4ad3d19fdcdcf46124511fbf05b3e,512,511,2.9707329273223877
S,17,a04,0,10,7c5e18ef30b2c1c37d722f19397ccdf563e0428cdde5ff6b99a902d67975541f,5120,511,2.73184871673584
S,17,a04,0,11,47344d32192263b566ca14f66ce20553a4c76ff30204fae6639d7c1dde9a1f11,0,511,2.121084451675415
S,17,a04,0,12,98aa6addc6d0697baff9ad72065efe34b866fb27cb0c3e094c328bb57b98cf2b,512,511,2.6231794357299805
S,17,a04,0,13,d6b58a86755a3af1a5a75d162cfd31bceb70ebe76d43dfd2b64d95def0331c1b,0,511,2.0578365325927734
S,17,a04,0,14,c724dc11dc74fa10b6309922c9d014e010a88079d4ca2e3ca96ab091459b166e,0,511,2.429945468902588
S,17,a04,0,15,aad6037cda830ea2edaf38a004ae82825aa4d21585b2c0f33197a34583613c19,3072,511,2.7943215370178223
S,17,a04,0,16,b7140ecf1283718c8b44dd77fefc16ef15f5d7579ad3d6f1da94324d11081ab5,0,511,2.6411807537078857
S,17,a04,0,17,7c0883960fcd42892f41d565a6eb8675b26e6a7b184fa795ec1dea269c0d78f7,2560,511,3.1897456645965576
S,17,a04,0,18,e461497c8cf9867275c7b0ab55899126e69b01926436f58a64e902baf22ad1d8,1024,511,2.9710822105407715
S,17,a04,0,19,d236bd424f8c1de8ba7570984678d98d021bd9f796117156ee8c848d8b9e20df,512,511,2.3127574920654297
S,17,a04,0,20,b124bcdac530f87fa8b20ed6ba5af0bdc6e2e14fe6348e8e8d9aae3bbb14d7bf,1536,511,2.569089889526367
S,17,a04,0,21,398d9a5e65eb510a4b2165e08da91bc2e7a46f651fd4c2a7c82baca0e3f7c6f7,512,511,3.267144203186035
S,17,a04,0,22,398d4136fe8a7fe859af6d03e3be3e80b0a4a081aa81cad5dad14be6152fbb07,1024,511,2.822705030441284
S,17,a04,0,23,27c7a212b1dd328e6abafa8ce17f190f047ff7bf7b13546651705123022fac2b,2048,511,2.7198073863983154
S,17,a04,0,24,27e29aeb84cb9b2f80dc9061f35e33eb4710e31a4bda2e0ce985e2cb4c4af0d4,512,511,2.6569292545318604
S,17,a04,0,25,a7ab0eebec8ed5155f1c0b6b257ae3e70464155e9540fc6cb19d9b21ce07adbe,0,511,2.383951187133789
S,17,a04,0,26,87c73475752c7552f1b2dfb6631350662bd4d2392ea692266f7fd8d9d49255e6,5120,511,2.712480068206787
S,17,a04,0,27,4dfcff9cdf6a84e7dc2d2f41f4beeb5bd4a850251f084dbb833319624ea2ba03,1536,511,2.947479248046875
S,17,a04,0,28,c6a6c920ad14f9ced5cbb1a81a695ee0d1e0cec0886071763eca3b7609793f9a,512,511,3.0355825424194336
S,17,a04,0,29,602491df734b58909d0bdd64c12964094178660aa935fe328832f5ac7c783ce5,6656,511,3.1433277130126953
S,17,a04,0,30,3d3334d8bb76a4a5d2667fcaaf08e5519258c23da3c0ed35b0fb51ab7750456a,512,511,2.6729981899261475
S,17,a04,0,31,a5c6bb2784e438e57e6c21063b5631ad6159e98fd0fdde6f0f393b1a6ad1ec91,0,511,2.8162825107574463
S,17,a04,0,32,a75479aadac4ab0e14588bb3dbab971354b70cbb22f67008de6af0b25ce850de,6144,511,3.206542491912842
S,17,a04,0,33,81985a3b78086a93d7e6ae3ddda453bf5a959744e65bc05418fc1b56f5ec10ca,512,511,2.549506187438965
S,17,a04,0,34,2362e3d4278d695e409c7b7ff1512062454f8d035bc9076dff42c632a29fb2ee,0,511,2.2893753051757812
S,17,a04,0,35,85cb58452e909342c236fc118e084fa9adcfddffc1ee3968baed9838eae6ef37,0,511,2.1724331378936768
S,17,a04,0,36,da80b33b4eb70c8d7b4c6a0fc009cedf34a39859057eb8700df906c788e6a4c8,0,511,2.4898083209991455
S,17,a04,0,37,2e3ac91c014b25eebddbb443aa8850683dfc0675b9fed2dc40ec8d5f64ec60d4,0,511,2.3600995540618896
S,17,a04,0,38,3210f7ea4f8c2a390b5fc7a519a58dd185dc01a5700b89f95e427e52d0e581c9,512,511,2.9529361724853516
S,17,a04,0,39,f5e1818470b34abce111d71989de48dff1e3e4ef0271749d38438e1b6693f635,1536,511,2.413306951522827
S,17,a04,0,40,3ce4586556ea72a70c76b9203dca8969adc500af610389007ec255f56b1e169e,1024,511,2.8202154636383057
S,17,a04,0,41,7b804a7a99e4de2942ef98de42165dacd3e16b944e6a538d55df1f634a23d48e,4096,511,2.826153039932251
S,17,a04,0,42,f6dd4f9c768666495fe711e166071758aa6c2d321def74a3ae211027ce199501,512,511,3.2230403423309326
S,17,a04,0,43,31ed14bec015eaaefb165002eb17b020eeb35031b1a592aff7d981de7c6899b3,0,511,2.462949752807617
S,17,a04,0,44,b3ff1454cd3a072b015b88f94f6d6889d9c0bd745fc7a5433df7c0d43151854e,512,511,2.676240921020508
S,17,a04,0,45,3ee074eadb149c8da6002c76352f4113d1c896c63c6c090fd621092749233d6a,8704,511,3.2537851333618164
S,17,a04,0,46,5682e8596b594de16f03e38329a00d1bff4adee96204668f946a90f5292c8136,1024,511,2.9613776206970215
S,17,a04,0,47,127630e33620c4206cd0e7ad6622f66b144b669ddf653964e56ce6654a7b32f0,3072,511,2.5348961353302
S,17,a04,0,48,320f1288c0a9e6e7a3def263d7abab684526479abb06fc68e069fc1a9937c71d,1024,511,2.8086555004119873
S,17,a04,0,49,58ac024cd69aa321476709f7b1742c6523bf4fb12233b5b6f60d680c8fca8e8e,1536,511,2.7212016582489014
S,17,a04,0,50,4f84e7678dedadbb233b28e11c014c0798eadf77020a5a8fb4d017d12c99e86d,2560,511,2.323089122772217
S,17,a04,0,51,99db37e631f9ef519733c8a72d003864c2701de3091cf19e9eba387054fdacac,512,511,3.1335010528564453
S,17,a04,0,52,0627479429bdaca6ad2b61ecd03d5b65cd330b0351b5ff8f878978d7b00c4ab2,0,511,2.6358261108398438
S,17,a04,0,53,c1e3085f9b150f54416c89fdea9cdb29ceef7e5050e94af9eafe2053fffe3e64,3584,511,2.3729443550109863
S,17,a04,0,54,0e6b290375d52c7b5c4cd74b4c7348611213caa15ca0e87d7f6426f9e0f86e04,2048,511,2.672896385192871
S,17,a04,0,55,16f297fd545d4a150c1908347430e076e51e3560238877a2eec2ac020b7d3bc9,3584,511,2.6635489463806152
S,17,a04,0,56,243408a375c7d0c1fda52538ba71d700e4d403fd2764c7491c7c1a9b7d7fd7a9,0,511,2.6974306106567383
S,17,a04,0,57,93133535594204a5a3625fc7b90ff6ad027dca329f0359370d232d4135e91bc1,512,511,2.5779199600219727
S,17,a04,0,58,7c74fa4376b1168685d5d288b916d3317d340aad3044f88d5ca673b76d875d1c,1536,511,2.441650867462158
S,17,a04,0,59,447ea32f527637dcb6ef068962a2fabe21ec283698e144c45ed42c46e1b27772,0,511,2.730386257171631
S,17,a04,0,60,6db7dd742bd03a22121dc39ee8773c9afa1462f4efce21abbe54dc33c4285b1f,0,511,2.4934744834899902
S,17,a04,0,61,dc8a961be5dc24fc777b38869adf84cfc37bbe2f28514ceb0e344d39b7e01906,512,511,2.859861373901367
S,17,a04,0,62,3ca10415cf1f0bc4955c7ef0d186c8e93deb4aece0aaaa5fb553b43dfe5ad2aa,0,511,2.7365269660949707
S,17,a04,0,63,6e5c6769277c87aeaf9a4fd680fad1720ce04660f567befd8a9f8c68dde50f64,0,511,2.569368362426758
S,17,a04,20,0,71ff58ca29d05bef3a99fb59512ec09404e49be906888dc3ea5409ce8a54beea,0,511,2.4330623149871826
S,17,a04,20,1,47ab999a2c488609314576fac2048b7f2a92afad8f7ca0326f23f648d515f167,1536,511,2.2583847045898438
S,17,a04,20,2,c6ff7382a150214656a5c5d777769384c99d3ce7764110fc98e07e5e48fddc7e,1024,511,2.6009633541107178
S,17,a04,20,3,8739f77bc09e02e5783efc804080eff63b9ae7da7008a0e4c6412b47aa6da1c2,2048,511,2.56833815574646
S,17,a04,20,4,a7f7a2250dd6f72080e21112d92bdfd639fcbe8a5a9effd80028c67d5dddd416,0,511,2.58125376701355
S,17,a04,20,5,06cd6da2c73e993c43345dad24088c06b24d496ffc56f5f460b58cfa49d0f3df,0,511,1.7946703433990479
S,17,a04,20,6,3adf36bb00be5fa07541f544ce8642a56fcd3a01d456650deaabc83e91d791a1,1024,511,2.8713650703430176
S,17,a04,20,7,34c9eb07c804b8ee651c4da1ac1dd801fec51c064819632bd8f4f36bd685b8a1,1024,511,3.1510391235351562
S,17,a04,20,8,dcd008e03034d7dcffb4b6abd6aa6f0bfdf0a28ddd0b53dd37784e7c055f10bb,1536,511,2.4835169315338135
S,17,a04,20,9,4f58c96286c7c0f0417ea817ca24cf1c2db4ad3d19fdcdcf46124511fbf05b3e,512,511,2.9187963008880615
S,17,a04,20,10,7c5e18ef30b2c1c37d722f19397ccdf563e0428cdde5ff6b99a902d67975541f,5120,511,2.6722841262817383
S,17,a04,20,11,47344d32192263b566ca14f66ce20553a4c76ff30204fae6639d7c1dde9a1f11,0,511,2.0784780979156494
S,17,a04,20,12,98aa6addc6d0697baff9ad72065efe34b866fb27cb0c3e094c328bb57b98cf2b,512,511,2.573657512664795
S,17,a04,20,13,d6b58a86755a3af1a5a75d162cfd31bceb70ebe76d43dfd2b64d95def0331c1b,0,511,1.9961334466934204
S,17,a04,20,14,c724dc11dc74fa10b6309922c9d014e010a88079d4ca2e3ca96ab091459b166e,0,511,2.365614175796509
S,17,a04,20,15,aad6037cda830ea2edaf38a004ae82825aa4d21585b2c0f33197a34583613c19,3072,511,2.749105215072632
S,17,a04,20,16,b7140ecf1283718c8b44dd77fefc16ef15f5d7579ad3d6f1da94324d11081ab5,0,511,2.588928461074829
S,17,a04,20,17,7c0883960fcd42892f41d565a6eb8675b26e6a7b184fa795ec1dea269c0d78f7,2560,511,3.1307642459869385
S,17,a04,20,18,e461497c8cf9867275c7b0ab55899126e69b01926436f58a64e902baf22ad1d8,1024,511,2.929737091064453
S,17,a04,20,19,d236bd424f8c1de8ba7570984678d98d021bd9f796117156ee8c848d8b9e20df,512,511,2.2423086166381836
S,17,a04,20,20,b124bcdac530f87fa8b20ed6ba5af0bdc6e2e14fe6348e8e8d9aae3bbb14d7bf,1536,511,2.5222015380859375
S,17,a04,20,21,398d9a5e65eb510a4b2165e08da91bc2e7a46f651fd4c2a7c82baca0e3f7c6f7,512,511,3.237781286239624
S,17,a04,20,22,398d4136fe8a7fe859af6d03e3be3e80b0a4a081aa81cad5dad14be6152fbb07,1024,511,2.7435848712921143
S,17,a04,20,23,27c7a212b1dd328e6abafa8ce17f190f047ff7bf7b13546651705123022fac2b,2048,511,2.6531484127044678
S,17,a04,20,24,27e29aeb84cb9b2f80dc9061f35e33eb4710e31a4bda2e0ce985e2cb4c4af0d4,512,511,2.6059951782226562
S,17,a04,20,25,a7ab0eebec8ed5155f1c0b6b257ae3e70464155e9540fc6cb19d9b21ce07adbe,0,511,2.315932035446167
S,17,a04,20,26,87c73475752c7552f1b2dfb6631350662bd4d2392ea692266f7fd8d9d49255e6,5120,511,2.6586196422576904
S,17,a04,20,27,4dfcff9cdf6a84e7dc2d2f41f4beeb5bd4a850251f084dbb833319624ea2ba03,1536,511,2.903075695037842
S,17,a04,20,28,c6a6c920ad14f9ced5cbb1a81a695ee0d1e0cec0886071763eca3b7609793f9a,512,511,2.9802162647247314
S,17,a04,20,29,602491df734b58909d0bdd64c12964094178660aa935fe328832f5ac7c783ce5,6656,511,3.1002907752990723
S,17,a04,20,30,3d3334d8bb76a4a5d2667fcaaf08e5519258c23da3c0ed35b0fb51ab7750456a,512,511,2.6164791584014893
S,17,a04,20,31,a5c6bb2784e438e57e6c21063b5631ad6159e98fd0fdde6f0f393b1a6ad1ec91,0,511,2.748830795288086
S,17,a04,20,32,a75479aadac4ab0e14588bb3dbab971354b70cbb22f67008de6af0b25ce850de,6144,511,3.145928382873535
S,17,a04,20,33,81985a3b78086a93d7e6ae3ddda453bf5a959744e65bc05418fc1b56f5ec10ca,512,511,2.499835252761841
S,17,a04,20,34,2362e3d4278d695e409c7b7ff1512062454f8d035bc9076dff42c632a29fb2ee,0,511,2.2269949913024902
S,17,a04,20,35,85cb58452e909342c236fc118e084fa9adcfddffc1ee3968baed9838eae6ef37,0,511,2.108279228210449
S,17,a04,20,36,da80b33b4eb70c8d7b4c6a0fc009cedf34a39859057eb8700df906c788e6a4c8,0,511,2.43310809135437
S,17,a04,20,37,2e3ac91c014b25eebddbb443aa8850683dfc0675b9fed2dc40ec8d5f64ec60d4,0,511,2.305950880050659
S,17,a04,20,38,3210f7ea4f8c2a390b5fc7a519a58dd185dc01a5700b89f95e427e52d0e581c9,512,511,2.897810697555542
S,17,a04,20,39,f5e1818470b34abce111d71989de48dff1e3e4ef0271749d38438e1b6693f635,1536,511,2.377490520477295
S,17,a04,20,40,3ce4586556ea72a70c76b9203dca8969adc500af610389007ec255f56b1e169e,1024,511,2.792720317840576
S,17,a04,20,41,7b804a7a99e4de2942ef98de42165dacd3e16b944e6a538d55df1f634a23d48e,4096,511,2.796858549118042
S,17,a04,20,42,f6dd4f9c768666495fe711e166071758aa6c2d321def74a3ae211027ce199501,512,511,3.179744005203247
S,17,a04,20,43,31ed14bec015eaaefb165002eb17b020eeb35031b1a592aff7d981de7c6899b3,0,511,2.412040948867798
S,17,a04,20,44,b3ff1454cd3a072b015b88f94f6d6889d9c0bd745fc7a5433df7c0d43151854e,512,511,2.627168893814087
S,17,a04,20,45,3ee074eadb149c8da6002c76352f4113d1c896c63c6c090fd621092749233d6a,8704,511,3.207411050796509
S,17,a04,20,46,5682e8596b594de16f03e38329a00d1bff4adee96204668f946a90f5292c8136,1024,511,2.915456533432007
S,17,a04,20,47,127630e33620c4206cd0e7ad6622f66b144b669ddf653964e56ce6654a7b32f0,3072,511,2.467144727706909
S,17,a04,20,48,320f1288c0a9e6e7a3def263d7abab684526479abb06fc68e069fc1a9937c71d,1024,511,2.742070198059082
S,17,a04,20,49,58ac024cd69aa321476709f7b1742c6523bf4fb12233b5b6f60d680c8fca8e8e,1536,511,2.6865296363830566
S,17,a04,20,50,4f84e7678dedadbb233b28e11c014c0798eadf77020a5a8fb4d017d12c99e86d,2560,511,2.258296251296997
S,17,a04,20,51,99db37e631f9ef519733c8a72d003864c2701de3091cf19e9eba387054fdacac,512,511,3.080833911895752
S,17,a04,20,52,0627479429bdaca6ad2b61ecd03d5b65cd330b0351b5ff8f878978d7b00c4ab2,0,511,2.5754339694976807
S,17,a04,20,53,c1e3085f9b150f54416c89fdea9cdb29ceef7e5050e94af9eafe2053fffe3e64,3584,511,2.318877696990967
S,17,a04,20,54,0e6b290375d52c7b5c4cd74b4c7348611213caa15ca0e87d7f6426f9e0f86e04,2048,511,2.6136345863342285
S,17,a04,20,55,16f297fd545d4a150c1908347430e076e51e3560238877a2eec2ac020b7d3bc9,3584,511,2.624734401702881
S,17,a04,20,56,243408a375c7d0c1fda52538ba71d700e4d403fd2764c7491c7c1a9b7d7fd7a9,0,511,2.6541335582733154
S,17,a04,20,57,93133535594204a5a3625fc7b90ff6ad027dca329f0359370d232d4135e91bc1,512,511,2.514211654663086
S,17,a04,20,58,7c74fa4376b1168685d5d288b916d3317d340aad3044f88d5ca673b76d875d1c,1536,511,2.3983335494995117
S,17,a04,20,59,447ea32f527637dcb6ef068962a2fabe21ec283698e144c45ed42c46e1b27772,0,511,2.678185224533081
S,17,a04,20,60,6db7dd742bd03a22121dc39ee8773c9afa1462f4efce21abbe54dc33c4285b1f,0,511,2.447423219680786
S,17,a04,20,61,dc8a961be5dc24fc777b38869adf84cfc37bbe2f28514ceb0e344d39b7e01906,512,511,2.796710729598999
S,17,a04,20,62,3ca10415cf1f0bc4955c7ef0d186c8e93deb4aece0aaaa5fb553b43dfe5ad2aa,0,511,2.6859781742095947
S,17,a04,20,63,6e5c6769277c87aeaf9a4fd680fad1720ce04660f567befd8a9f8c68dde50f64,0,511,2.5154006481170654
S,17,a04,50,0,71ff58ca29d05bef3a99fb59512ec09404e49be906888dc3ea5409ce8a54beea,0,511,2.3378758430480957
S,17,a04,50,1,47ab999a2c488609314576fac2048b7f2a92afad8f7ca0326f23f648d515f167,1536,511,2.173229455947876
S,17,a04,50,2,c6ff7382a150214656a5c5d777769384c99d3ce7764110fc98e07e5e48fddc7e,1024,511,2.515549421310425
S,17,a04,50,3,8739f77bc09e02e5783efc804080eff63b9ae7da7008a0e4c6412b47aa6da1c2,2048,511,2.47153639793396
S,17,a04,50,4,a7f7a2250dd6f72080e21112d92bdfd639fcbe8a5a9effd80028c67d5dddd416,0,511,2.4922304153442383
S,17,a04,50,5,06cd6da2c73e993c43345dad24088c06b24d496ffc56f5f460b58cfa49d0f3df,0,511,1.6890103816986084
S,17,a04,50,6,3adf36bb00be5fa07541f544ce8642a56fcd3a01d456650deaabc83e91d791a1,1024,511,2.6960489749908447
S,17,a04,50,7,34c9eb07c804b8ee651c4da1ac1dd801fec51c064819632bd8f4f36bd685b8a1,1024,511,3.0152087211608887
S,17,a04,50,8,dcd008e03034d7dcffb4b6abd6aa6f0bfdf0a28ddd0b53dd37784e7c055f10bb,1536,511,2.3588619232177734
S,17,a04,50,9,4f58c96286c7c0f0417ea817ca24cf1c2db4ad3d19fdcdcf46124511fbf05b3e,512,511,2.7695140838623047
S,17,a04,50,10,7c5e18ef30b2c1c37d722f19397ccdf563e0428cdde5ff6b99a902d67975541f,5120,511,2.5512914657592773
S,17,a04,50,11,47344d32192263b566ca14f66ce20553a4c76ff30204fae6639d7c1dde9a1f11,0,511,2.0043857097625732
S,17,a04,50,12,98aa6addc6d0697baff9ad72065efe34b866fb27cb0c3e094c328bb57b98cf2b,512,511,2.4940366744995117
S,17,a04,50,13,d6b58a86755a3af1a5a75d162cfd31bceb70ebe76d43dfd2b64d95def0331c1b,0,511,1.8625996112823486
S,17,a04,50,14,c724dc11dc74fa10b6309922c9d014e010a88079d4ca2e3ca96ab091459b166e,0,511,2.2360544204711914
S,17,a04,50,15,aad6037cda830ea2edaf38a004ae82825aa4d21585b2c0f33197a34583613c19,3072,511,2.6650307178497314
S,17,a04,50,16,b7140ecf1283718c8b44dd77fefc16ef15f5d7579ad3d6f1da94324d11081ab5,0,511,2.495781660079956
S,17,a04,50,17,7c0883960fcd42892f41d565a6eb8675b26e6a7b184fa795ec1dea269c0d78f7,2560,511,3.0298149585723877
S,17,a04,50,18,e461497c8cf9867275c7b0ab55899126e69b01926436f58a64e902baf22ad1d8,1024,511,2.795243740081787
S,17,a04,50,19,d236bd424f8c1de8ba7570984678d98d021bd9f796117156ee8c848d8b9e20df,512,511,2.0666723251342773
S,17,a04,50,20,b124bcdac530f87fa8b20ed6ba5af0bdc6e2e14fe6348e8e8d9aae3bbb14d7bf,1536,511,2.4369635581970215
S,17,a04,50,21,398d9a5e65eb510a4b2165e08da91bc2e7a46f651fd4c2a7c82baca0e3f7c6f7,512,511,3.103113889694214
S,17,a04,50,22,398d4136fe8a7fe859af6d03e3be3e80b0a4a081aa81cad5dad14be6152fbb07,1024,511,2.6110312938690186
S,17,a04,50,23,27c7a212b1dd328e6abafa8ce17f190f047ff7bf7b13546651705123022fac2b,2048,511,2.535893201828003
S,17,a04,50,24,27e29aeb84cb9b2f80dc9061f35e33eb4710e31a4bda2e0ce985e2cb4c4af0d4,512,511,2.478698492050171
S,17,a04,50,25,a7ab0eebec8ed5155f1c0b6b257ae3e70464155e9540fc6cb19d9b21ce07adbe,0,511,2.178413152694702
S,17,a04,50,26,87c73475752c7552f1b2dfb6631350662bd4d2392ea692266f7fd8d9d49255e6,5120,511,2.5434741973876953
S,17,a04,50,27,4dfcff9cdf6a84e7dc2d2f41f4beeb5bd4a850251f084dbb833319624ea2ba03,1536,511,2.804777145385742
S,17,a04,50,28,c6a6c920ad14f9ced5cbb1a81a695ee0d1e0cec0886071763eca3b7609793f9a,512,511,2.8957200050354004
S,17,a04,50,29,602491df734b58909d0bdd64c12964094178660aa935fe328832f5ac7c783ce5,6656,511,3.0075831413269043
S,17,a04,50,30,3d3334d8bb76a4a5d2667fcaaf08e5519258c23da3c0ed35b0fb51ab7750456a,512,511,2.5059826374053955
S,17,a04,50,31,a5c6bb2784e438e57e6c21063b5631ad6159e98fd0fdde6f0f393b1a6ad1ec91,0,511,2.5984675884246826
S,17,a04,50,32,a75479aadac4ab0e14588bb3dbab971354b70cbb22f67008de6af0b25ce850de,6144,511,3.0461437702178955
S,17,a04,50,33,81985a3b78086a93d7e6ae3ddda453bf5a959744e65bc05418fc1b56f5ec10ca,512,511,2.393017292022705
S,17,a04,50,34,2362e3d4278d695e409c7b7ff1512062454f8d035bc9076dff42c632a29fb2ee,0,511,2.1366569995880127
S,17,a04,50,35,85cb58452e909342c236fc118e084fa9adcfddffc1ee3968baed9838eae6ef37,0,511,2.004209280014038
S,17,a04,50,36,da80b33b4eb70c8d7b4c6a0fc009cedf34a39859057eb8700df906c788e6a4c8,0,511,2.3232505321502686
S,17,a04,50,37,2e3ac91c014b25eebddbb443aa8850683dfc0675b9fed2dc40ec8d5f64ec60d4,0,511,2.2042698860168457
S,17,a04,50,38,3210f7ea4f8c2a390b5fc7a519a58dd185dc01a5700b89f95e427e52d0e581c9,512,511,2.789964437484741
S,17,a04,50,39,f5e1818470b34abce111d71989de48dff1e3e4ef0271749d38438e1b6693f635,1536,511,2.2742056846618652
S,17,a04,50,40,3ce4586556ea72a70c76b9203dca8969adc500af610389007ec255f56b1e169e,1024,511,2.699915885925293
S,17,a04,50,41,7b804a7a99e4de2942ef98de42165dacd3e16b944e6a538d55df1f634a23d48e,4096,511,2.7048161029815674
S,17,a04,50,42,f6dd4f9c768666495fe711e166071758aa6c2d321def74a3ae211027ce199501,512,511,3.0860331058502197
S,17,a04,50,43,31ed14bec015eaaefb165002eb17b020eeb35031b1a592aff7d981de7c6899b3,0,511,2.3142642974853516
S,17,a04,50,44,b3ff1454cd3a072b015b88f94f6d6889d9c0bd745fc7a5433df7c0d43151854e,512,511,2.533053159713745
S,17,a04,50,45,3ee074eadb149c8da6002c76352f4113d1c896c63c6c090fd621092749233d6a,8704,511,3.132479429244995
S,17,a04,50,46,5682e8596b594de16f03e38329a00d1bff4adee96204668f946a90f5292c8136,1024,511,2.8223297595977783
S,17,a04,50,47,127630e33620c4206cd0e7ad6622f66b144b669ddf653964e56ce6654a7b32f0,3072,511,2.350512742996216
S,17,a04,50,48,320f1288c0a9e6e7a3def263d7abab684526479abb06fc68e069fc1a9937c71d,1024,511,2.613823652267456
S,17,a04,50,49,58ac024cd69aa321476709f7b1742c6523bf4fb12233b5b6f60d680c8fca8e8e,1536,511,2.619523286819458
S,17,a04,50,50,4f84e7678dedadbb233b28e11c014c0798eadf77020a5a8fb4d017d12c99e86d,2560,511,2.1517159938812256
S,17,a04,50,51,99db37e631f9ef519733c8a72d003864c2701de3091cf19e9eba387054fdacac,512,511,2.9860732555389404
S,17,a04,50,52,0627479429bdaca6ad2b61ecd03d5b65cd330b0351b5ff8f878978d7b00c4ab2,0,511,2.4420697689056396
S,17,a04,50,53,c1e3085f9b150f54416c89fdea9cdb29ceef7e5050e94af9eafe2053fffe3e64,3584,511,2.21323299407959
S,17,a04,50,54,0e6b290375d52c7b5c4cd74b4c7348611213caa15ca0e87d7f6426f9e0f86e04,2048,511,2.5131869316101074
S,17,a04,50,55,16f297fd545d4a150c1908347430e076e51e3560238877a2eec2ac020b7d3bc9,3584,511,2.5116541385650635
S,17,a04,50,56,243408a375c7d0c1fda52538ba71d700e4d403fd2764c7491c7c1a9b7d7fd7a9,0,511,2.5156517028808594
S,17,a04,50,57,93133535594204a5a3625fc7b90ff6ad027dca329f0359370d232d4135e91bc1,512,511,2.3459558486938477
S,17,a04,50,58,7c74fa4376b1168685d5d288b916d3317d340aad3044f88d5ca673b76d875d1c,1536,511,2.292172431945801
S,17,a04,50,59,447ea32f527637dcb6ef068962a2fabe21ec283698e144c45ed42c46e1b27772,0,511,2.5771472454071045
S,17,a04,50,60,6db7dd742bd03a22121dc39ee8773c9afa1462f4efce21abbe54dc33c4285b1f,0,511,2.3344290256500244
S,17,a04,50,61,dc8a961be5dc24fc777b38869adf84cfc37bbe2f28514ceb0e344d39b7e01906,512,511,2.6618916988372803
S,17,a04,50,62,3ca10415cf1f0bc4955c7ef0d186c8e93deb4aece0aaaa5fb553b43dfe5ad2aa,0,511,2.5939812660217285
S,17,a04,50,63,6e5c6769277c87aeaf9a4fd680fad1720ce04660f567befd8a9f8c68dde50f64,0,511,2.422898769378662
S,17,a04,100,0,71ff58ca29d05bef3a99fb59512ec09404e49be906888dc3ea5409ce8a54beea,0,511,2.2616772651672363
S,17,a04,100,1,47ab999a2c488609314576fac2048b7f2a92afad8f7ca0326f23f648d515f167,1536,511,2.083460807800293
S,17,a04,100,2,c6ff7382a150214656a5c5d777769384c99d3ce7764110fc98e07e5e48fddc7e,1024,511,2.4454474449157715
S,17,a04,100,3,8739f77bc09e02e5783efc804080eff63b9ae7da7008a0e4c6412b47aa6da1c2,2048,511,2.3951516151428223
S,17,a04,100,4,a7f7a2250dd6f72080e21112d92bdfd639fcbe8a5a9effd80028c67d5dddd416,0,511,2.395660400390625
S,17,a04,100,5,06cd6da2c73e993c43345dad24088c06b24d496ffc56f5f460b58cfa49d0f3df,0,511,1.5920079946517944
S,17,a04,100,6,3adf36bb00be5fa07541f544ce8642a56fcd3a01d456650deaabc83e91d791a1,1024,511,2.5401532649993896
S,17,a04,100,7,34c9eb07c804b8ee651c4da1ac1dd801fec51c064819632bd8f4f36bd685b8a1,1024,511,2.8811590671539307
S,17,a04,100,8,dcd008e03034d7dcffb4b6abd6aa6f0bfdf0a28ddd0b53dd37784e7c055f10bb,1536,511,2.237362861633301
S,17,a04,100,9,4f58c96286c7c0f0417ea817ca24cf1c2db4ad3d19fdcdcf46124511fbf05b3e,512,511,2.638397216796875
S,17,a04,100,10,7c5e18ef30b2c1c37d722f19397ccdf563e0428cdde5ff6b99a902d67975541f,5120,511,2.455839157104492
S,17,a04,100,11,47344d32192263b566ca14f66ce20553a4c76ff30204fae6639d7c1dde9a1f11,0,511,1.9084620475769043
S,17,a04,100,12,98aa6addc6d0697baff9ad72065efe34b866fb27cb0c3e094c328bb57b98cf2b,512,511,2.4201765060424805
S,17,a04,100,13,d6b58a86755a3af1a5a75d162cfd31bceb70ebe76d43dfd2b64d95def0331c1b,0,511,1.744105339050293
S,17,a04,100,14,c724dc11dc74fa10b6309922c9d014e010a88079d4ca2e3ca96ab091459b166e,0,511,2.107464551925659
S,17,a04,100,15,aad6037cda830ea2edaf38a004ae82825aa4d21585b2c0f33197a34583613c19,3072,511,2.57047700881958
S,17,a04,100,16,b7140ecf1283718c8b44dd77fefc16ef15f5d7579ad3d6f1da94324d11081ab5,0,511,2.409614324569702
S,17,a04,100,17,7c0883960fcd42892f41d565a6eb8675b26e6a7b184fa795ec1dea269c0d78f7,2560,511,2.975951910018921
S,17,a04,100,18,e461497c8cf9867275c7b0ab55899126e69b01926436f58a64e902baf22ad1d8,1024,511,2.719082832336426
S,17,a04,100,19,d236bd424f8c1de8ba7570984678d98d021bd9f796117156ee8c848d8b9e20df,512,511,1.9408679008483887
S,17,a04,100,20,b124bcdac530f87fa8b20ed6ba5af0bdc6e2e14fe6348e8e8d9aae3bbb14d7bf,1536,511,2.3525054454803467
S,17,a04,100,21,398d9a5e65eb510a4b2165e08da91bc2e7a46f651fd4c2a7c82baca0e3f7c6f7,512,511,3.0226755142211914
S,17,a04,100,22,398d4136fe8a7fe859af6d03e3be3e80b0a4a081aa81cad5dad14be6152fbb07,1024,511,2.4831504821777344
S,17,a04,100,23,27c7a212b1dd328e6abafa8ce17f190f047ff7bf7b13546651705123022fac2b,2048,511,2.4187281131744385
S,17,a04,100,24,27e29aeb84cb9b2f80dc9061f35e33eb4710e31a4bda2e0ce985e2cb4c4af0d4,512,511,2.3749783039093018
S,17,a04,100,25,a7ab0eebec8ed5155f1c0b6b257ae3e70464155e9540fc6cb19d9b21ce07adbe,0,511,2.0721898078918457
S,17,a04,100,26,87c73475752c7552f1b2dfb6631350662bd4d2392ea692266f7fd8d9d49255e6,5120,511,2.4454233646392822
S,17,a04,100,27,4dfcff9cdf6a84e7dc2d2f41f4beeb5bd4a850251f084dbb833319624ea2ba03,1536,511,2.7141153812408447
S,17,a04,100,28,c6a6c920ad14f9ced5cbb1a81a695ee0d1e0cec0886071763eca3b7609793f9a,512,511,2.8074839115142822
S,17,a04,100,29,602491df734b58909d0bdd64c12964094178660aa935fe328832f5ac7c783ce5,6656,511,2.9049205780029297
S,17,a04,100,30,3d3334d8bb76a4a5d2667fcaaf08e5519258c23da3c0ed35b0fb51ab7750456a,512,511,2.3632214069366455
S,17,a04,100,31,a5c6bb2784e438e57e6c21063b5631ad6159e98fd0fdde6f0f393b1a6ad1ec91,0,511,2.4356982707977295
S,17,a04,100,32,a75479aadac4ab0e14588bb3dbab971354b70cbb22f67008de6af0b25ce850de,6144,511,3.010847806930542
S,17,a04,100,33,81985a3b78086a93d7e6ae3ddda453bf5a959744e65bc05418fc1b56f5ec10ca,512,511,2.308323383331299
S,17,a04,100,34,2362e3d4278d695e409c7b7ff1512062454f8d035bc9076dff42c632a29fb2ee,0,511,2.042012929916382
S,17,a04,100,35,85cb58452e909342c236fc118e084fa9adcfddffc1ee3968baed9838eae6ef37,0,511,1.8869701623916626
S,17,a04,100,36,da80b33b4eb70c8d7b4c6a0fc009cedf34a39859057eb8700df906c788e6a4c8,0,511,2.2180190086364746
S,17,a04,100,37,2e3ac91c014b25eebddbb443aa8850683dfc0675b9fed2dc40ec8d5f64ec60d4,0,511,2.0866754055023193
S,17,a04,100,38,3210f7ea4f8c2a390b5fc7a519a58dd185dc01a5700b89f95e427e52d0e581c9,512,511,2.674288511276245
S,17,a04,100,39,f5e1818470b34abce111d71989de48dff1e3e4ef0271749d38438e1b6693f635,1536,511,2.1751861572265625
S,17,a04,100,40,3ce4586556ea72a70c76b9203dca8969adc500af610389007ec255f56b1e169e,1024,511,2.596135139465332
S,17,a04,100,41,7b804a7a99e4de2942ef98de42165dacd3e16b944e6a538d55df1f634a23d48e,4096,511,2.6171083450317383
S,17,a04,100,42,f6dd4f9c768666495fe711e166071758aa6c2d321def74a3ae211027ce199501,512,511,3.0119192600250244
S,17,a04,100,43,31ed14bec015eaaefb165002eb17b020eeb35031b1a592aff7d981de7c6899b3,0,511,2.222719669342041
S,17,a04,100,44,b3ff1454cd3a072b015b88f94f6d6889d9c0bd745fc7a5433df7c0d43151854e,512,511,2.421701431274414
S,17,a04,100,45,3ee074eadb149c8da6002c76352f4113d1c896c63c6c090fd621092749233d6a,8704,511,3.0271427631378174
S,17,a04,100,46,5682e8596b594de16f03e38329a00d1bff4adee96204668f946a90f5292c8136,1024,511,2.765251636505127
S,17,a04,100,47,127630e33620c4206cd0e7ad6622f66b144b669ddf653964e56ce6654a7b32f0,3072,511,2.2543883323669434
S,17,a04,100,48,320f1288c0a9e6e7a3def263d7abab684526479abb06fc68e069fc1a9937c71d,1024,511,2.488225221633911
S,17,a04,100,49,58ac024cd69aa321476709f7b1742c6523bf4fb12233b5b6f60d680c8fca8e8e,1536,511,2.5669853687286377
S,17,a04,100,50,4f84e7678dedadbb233b28e11c014c0798eadf77020a5a8fb4d017d12c99e86d,2560,511,2.0366504192352295
S,17,a04,100,51,99db37e631f9ef519733c8a72d003864c2701de3091cf19e9eba387054fdacac,512,511,2.928269863128662
S,17,a04,100,52,0627479429bdaca6ad2b61ecd03d5b65cd330b0351b5ff8f878978d7b00c4ab2,0,511,2.297053575515747
S,17,a04,100,53,c1e3085f9b150f54416c89fdea9cdb29ceef7e5050e94af9eafe2053fffe3e64,3584,511,2.0991318225860596
S,17,a04,100,54,0e6b290375d52c7b5c4cd74b4c7348611213caa15ca0e87d7f6426f9e0f86e04,2048,511,2.4334540367126465
S,17,a04,100,55,16f297fd545d4a150c1908347430e076e51e3560238877a2eec2ac020b7d3bc9,3584,511,2.418405055999756
S,17,a04,100,56,243408a375c7d0c1fda52538ba71d700e4d403fd2764c7491c7c1a9b7d7fd7a9,0,511,2.3679964542388916
S,17,a04,100,57,93133535594204a5a3625fc7b90ff6ad027dca329f0359370d232d4135e91bc1,512,511,2.2206408977508545
S,17,a04,100,58,7c74fa4376b1168685d5d288b916d3317d340aad3044f88d5ca673b76d875d1c,1536,511,2.1773173809051514
S,17,a04,100,59,447ea32f527637dcb6ef068962a2fabe21ec283698e144c45ed42c46e1b27772,0,511,2.428936004638672
S,17,a04,100,60,6db7dd742bd03a22121dc39ee8773c9afa1462f4efce21abbe54dc33c4285b1f,0,511,2.194199323654175
S,17,a04,100,61,dc8a961be5dc24fc777b38869adf84cfc37bbe2f28514ceb0e344d39b7e01906,512,511,2.5539910793304443
S,17,a04,100,62,3ca10415cf1f0bc4955c7ef0d186c8e93deb4aece0aaaa5fb553b43dfe5ad2aa,0,511,2.4857261180877686
S,17,a04,100,63,6e5c6769277c87aeaf9a4fd680fad1720ce04660f567befd8a9f8c68dde50f64,0,511,2.2915899753570557
S,17,a05,0,0,71ff58ca29d05bef3a99fb59512ec09404e49be906888dc3ea5409ce8a54beea,0,511,2.45908784866333
S,17,a05,0,1,47ab999a2c488609314576fac2048b7f2a92afad8f7ca0326f23f648d515f167,1536,511,2.2858726978302
S,17,a05,0,2,c6ff7382a150214656a5c5d777769384c99d3ce7764110fc98e07e5e48fddc7e,1024,511,2.685011148452759
S,17,a05,0,3,8739f77bc09e02e5783efc804080eff63b9ae7da7008a0e4c6412b47aa6da1c2,2048,511,2.756472110748291
S,17,a05,0,4,a7f7a2250dd6f72080e21112d92bdfd639fcbe8a5a9effd80028c67d5dddd416,0,511,2.6078531742095947
S,17,a05,0,5,06cd6da2c73e993c43345dad24088c06b24d496ffc56f5f460b58cfa49d0f3df,0,511,1.804992437362671
S,17,a05,0,6,3adf36bb00be5fa07541f544ce8642a56fcd3a01d456650deaabc83e91d791a1,1024,511,2.882842779159546
S,17,a05,0,7,34c9eb07c804b8ee651c4da1ac1dd801fec51c064819632bd8f4f36bd685b8a1,1024,511,3.224513292312622
S,17,a05,0,8,dcd008e03034d7dcffb4b6abd6aa6f0bfdf0a28ddd0b53dd37784e7c055f10bb,1536,511,2.5768048763275146
S,17,a05,0,9,4f58c96286c7c0f0417ea817ca24cf1c2db4ad3d19fdcdcf46124511fbf05b3e,512,511,3.0044126510620117
S,17,a05,0,10,7c5e18ef30b2c1c37d722f19397ccdf563e0428cdde5ff6b99a902d67975541f,5120,511,2.7687103748321533
S,17,a05,0,11,47344d32192263b566ca14f66ce20553a4c76ff30204fae6639d7c1dde9a1f11,0,511,2.1435279846191406
S,17,a05,0,12,98aa6addc6d0697baff9ad72065efe34b866fb27cb0c3e094c328bb57b98cf2b,512,511,2.6837050914764404
S,17,a05,0,13,d6b58a86755a3af1a5a75d162cfd31bceb70ebe76d43dfd2b64d95def0331c1b,0,511,2.046386957168579
S,17,a05,0,14,c724dc11dc74fa10b6309922c9d014e010a88079d4ca2e3ca96ab091459b166e,0,511,2.456561326980591
S,17,a05,0,15,aad6037cda830ea2edaf38a004ae82825aa4d21585b2c0f33197a34583613c19,3072,511,2.7972793579101562
S,17,a05,0,16,b7140ecf1283718c8b44dd77fefc16ef15f5d7579ad3d6f1da94324d11081ab5,0,511,2.6391050815582275
S,17,a05,0,17,7c0883960fcd42892f41d565a6eb8675b26e6a7b184fa795ec1dea269c0d78f7,2560,511,3.1890451908111572
S,17,a05,0,18,e461497c8cf9867275c7b0ab55899126e69b01926436f58a64e902baf22ad1d8,1024,511,3.024085760116577
S,17,a05,0,19,d236bd424f8c1de8ba7570984678d98d021bd9f796117156ee8c848d8b9e20df,512,511,2.2357308864593506
S,17,a05,0,20,b124bcdac530f87fa8b20ed6ba5af0bdc6e2e14fe6348e8e8d9aae3bbb14d7bf,1536,511,2.6247305870056152
S,17,a05,0,21,398d9a5e65eb510a4b2165e08da91bc2e7a46f651fd4c2a7c82baca0e3f7c6f7,512,511,3.241267442703247
S,17,a05,0,22,398d4136fe8a7fe859af6d03e3be3e80b0a4a081aa81cad5dad14be6152fbb07,1024,511,2.8338165283203125
S,17,a05,0,23,27c7a212b1dd328e6abafa8ce17f190f047ff7bf7b13546651705123022fac2b,2048,511,2.677954912185669
S,17,a05,0,24,27e29aeb84cb9b2f80dc9061f35e33eb4710e31a4bda2e0ce985e2cb4c4af0d4,512,511,2.666396141052246
S,17,a05,0,25,a7ab0eebec8ed5155f1c0b6b257ae3e70464155e9540fc6cb19d9b21ce07adbe,0,511,2.372633457183838
S,17,a05,0,26,87c73475752c7552f1b2dfb6631350662bd4d2392ea692266f7fd8d9d49255e6,5120,511,2.728224277496338
S,17,a05,0,27,4dfcff9cdf6a84e7dc2d2f41f4beeb5bd4a850251f084dbb833319624ea2ba03,1536,511,2.9713571071624756
S,17,a05,0,28,c6a6c920ad14f9ced5cbb1a81a695ee0d1e0cec0886071763eca3b7609793f9a,512,511,3.064396619796753
S,17,a05,0,29,602491df734b58909d0bdd64c12964094178660aa935fe328832f5ac7c783ce5,6656,511,3.1063954830169678
S,17,a05,0,30,3d3334d8bb76a4a5d2667fcaaf08e5519258c23da3c0ed35b0fb51ab7750456a,512,511,2.6608998775482178
S,17,a05,0,31,a5c6bb2784e438e57e6c21063b5631ad6159e98fd0fdde6f0f393b1a6ad1ec91,0,511,2.7909247875213623
S,17,a05,0,32,a75479aadac4ab0e14588bb3dbab971354b70cbb22f67008de6af0b25ce850de,6144,511,3.233393907546997
S,17,a05,0,33,81985a3b78086a93d7e6ae3ddda453bf5a959744e65bc05418fc1b56f5ec10ca,512,511,2.5913708209991455
S,17,a05,0,34,2362e3d4278d695e409c7b7ff1512062454f8d035bc9076dff42c632a29fb2ee,0,511,2.3640408515930176
S,17,a05,0,35,85cb58452e909342c236fc118e084fa9adcfddffc1ee3968baed9838eae6ef37,0,511,2.0922670364379883
S,17,a05,0,36,da80b33b4eb70c8d7b4c6a0fc009cedf34a39859057eb8700df906c788e6a4c8,0,511,2.4601247310638428
S,17,a05,0,37,2e3ac91c014b25eebddbb443aa8850683dfc0675b9fed2dc40ec8d5f64ec60d4,0,511,2.3900458812713623
S,17,a05,0,38,3210f7ea4f8c2a390b5fc7a519a58dd185dc01a5700b89f95e427e52d0e581c9,512,511,2.9449269771575928
S,17,a05,0,39,f5e1818470b34abce111d71989de48dff1e3e4ef0271749d38438e1b6693f635,1536,511,2.4114744663238525
S,17,a05,0,40,3ce4586556ea72a70c76b9203dca8969adc500af610389007ec255f56b1e169e,1024,511,2.8907999992370605
S,17,a05,0,41,7b804a7a99e4de2942ef98de42165dacd3e16b944e6a538d55df1f634a23d48e,4096,511,2.8446905612945557
S,17,a05,0,42,f6dd4f9c768666495fe711e166071758aa6c2d321def74a3ae211027ce199501,512,511,3.2553324699401855
S,17,a05,0,43,31ed14bec015eaaefb165002eb17b020eeb35031b1a592aff7d981de7c6899b3,0,511,2.4322397708892822
S,17,a05,0,44,b3ff1454cd3a072b015b88f94f6d6889d9c0bd745fc7a5433df7c0d43151854e,512,511,2.649562120437622
S,17,a05,0,45,3ee074eadb149c8da6002c76352f4113d1c896c63c6c090fd621092749233d6a,8704,511,3.2643845081329346
S,17,a05,0,46,5682e8596b594de16f03e38329a00d1bff4adee96204668f946a90f5292c8136,1024,511,2.9954235553741455
S,17,a05,0,47,127630e33620c4206cd0e7ad6622f66b144b669ddf653964e56ce6654a7b32f0,3072,511,2.5510427951812744
S,17,a05,0,48,320f1288c0a9e6e7a3def263d7abab684526479abb06fc68e069fc1a9937c71d,1024,511,2.822460174560547
S,17,a05,0,49,58ac024cd69aa321476709f7b1742c6523bf4fb12233b5b6f60d680c8fca8e8e,1536,511,2.732795238494873
S,17,a05,0,50,4f84e7678dedadbb233b28e11c014c0798eadf77020a5a8fb4d017d12c99e86d,2560,511,2.317871570587158
S,17,a05,0,51,99db37e631f9ef519733c8a72d003864c2701de3091cf19e9eba387054fdacac,512,511,3.1508641242980957
S,17,a05,0,52,0627479429bdaca6ad2b61ecd03d5b65cd330b0351b5ff8f878978d7b00c4ab2,0,511,2.6506881713867188
S,17,a05,0,53,c1e3085f9b150f54416c89fdea9cdb29ceef7e5050e94af9eafe2053fffe3e64,3584,511,2.36928391456604
S,17,a05,0,54,0e6b290375d52c7b5c4cd74b4c7348611213caa15ca0e87d7f6426f9e0f86e04,2048,511,2.6894936561584473
S,17,a05,0,55,16f297fd545d4a150c1908347430e076e51e3560238877a2eec2ac020b7d3bc9,3584,511,2.644930839538574
S,17,a05,0,56,243408a375c7d0c1fda52538ba71d700e4d403fd2764c7491c7c1a9b7d7fd7a9,0,511,2.728067398071289
S,17,a05,0,57,93133535594204a5a3625fc7b90ff6ad027dca329f0359370d232d4135e91bc1,512,511,2.517122745513916
S,17,a05,0,58,7c74fa4376b1168685d5d288b916d3317d340aad3044f88d5ca673b76d875d1c,1536,511,2.4119365215301514
S,17,a05,0,59,447ea32f527637dcb6ef068962a2fabe21ec283698e144c45ed42c46e1b27772,0,511,2.7161405086517334
S,17,a05,0,60,6db7dd742bd03a22121dc39ee8773c9afa1462f4efce21abbe54dc33c4285b1f,0,511,2.4838831424713135
S,17,a05,0,61,dc8a961be5dc24fc777b38869adf84cfc37bbe2f28514ceb0e344d39b7e01906,512,511,2.8918042182922363
S,17,a05,0,62,3ca10415cf1f0bc4955c7ef0d186c8e93deb4aece0aaaa5fb553b43dfe5ad2aa,0,511,2.7406768798828125
S,17,a05,0,63,6e5c6769277c87aeaf9a4fd680fad1720ce04660f567befd8a9f8c68dde50f64,0,511,2.6026220321655273
S,17,a05,20,0,71ff58ca29d05bef3a99fb59512ec09404e49be906888dc3ea5409ce8a54beea,0,511,2.404772996902466
S,17,a05,20,1,47ab999a2c488609314576fac2048b7f2a92afad8f7ca0326f23f648d515f167,1536,511,2.237313747406006
S,17,a05,20,2,c6ff7382a150214656a5c5d777769384c99d3ce7764110fc98e07e5e48fddc7e,1024,511,2.61331844329834
S,17,a05,20,3,8739f77bc09e02e5783efc804080eff63b9ae7da7008a0e4c6412b47aa6da1c2,2048,511,2.6615750789642334
S,17,a05,20,4,a7f7a2250dd6f72080e21112d92bdfd639fcbe8a5a9effd80028c67d5dddd416,0,511,2.5431387424468994
S,17,a05,20,5,06cd6da2c73e993c43345dad24088c06b24d496ffc56f5f460b58cfa49d0f3df,0,511,1.7412607669830322
S,17,a05,20,6,3adf36bb00be5fa07541f544ce8642a56fcd3a01d456650deaabc83e91d791a1,1024,511,2.7878787517547607
S,17,a05,20,7,34c9eb07c804b8ee651c4da1ac1dd801fec51c064819632bd8f4f36bd685b8a1,1024,511,3.1604111194610596
S,17,a05,20,8,dcd008e03034d7dcffb4b6abd6aa6f0bfdf0a28ddd0b53dd37784e7c055f10bb,1536,511,2.513005495071411
S,17,a05,20,9,4f58c96286c7c0f0417ea817ca24cf1c2db4ad3d19fdcdcf46124511fbf05b3e,512,511,2.9458765983581543
S,17,a05,20,10,7c5e18ef30b2c1c37d722f19397ccdf563e0428cdde5ff6b99a902d67975541f,5120,511,2.7030138969421387
S,17,a05,20,11,47344d32192263b566ca14f66ce20553a4c76ff30204fae6639d7c1dde9a1f11,0,511,2.092324733734131
S,17,a05,20,12,98aa6addc6d0697baff9ad72065efe34b866fb27cb0c3e094c328bb57b98cf2b,512,511,2.625823974609375
S,17,a05,20,13,d6b58a86755a3af1a5a75d162cfd31bceb70ebe76d43dfd2b64d95def0331c1b,0,511,1.993847131729126
S,17,a05,20,14,c724dc11dc74fa10b6309922c9d014e010a88079d4ca2e3ca96ab091459b166e,0,511,2.3866147994995117
S,17,a05,20,15,aad6037cda830ea2edaf38a004ae82825aa4d21585b2c0f33197a34583613c19,3072,511,2.7453551292419434
S,17,a05,20,16,b7140ecf1283718c8b44dd77fefc16ef15f5d7579ad3d6f1da94324d11081ab5,0,511,2.5837011337280273
S,17,a05,20,17,7c0883960fcd42892f41d565a6eb8675b26e6a7b184fa795ec1dea269c0d78f7,2560,511,3.1291444301605225
S,17,a05,20,18,e461497c8cf9867275c7b0ab55899126e69b01926436f58a64e902baf22ad1d8,1024,511,2.9681553840637207
S,17,a05,20,19,d236bd424f8c1de8ba7570984678d98d021bd9f796117156ee8c848d8b9e20df,512,511,2.180027961730957
S,17,a05,20,20,b124bcdac530f87fa8b20ed6ba5af0bdc6e2e14fe6348e8e8d9aae3bbb14d7bf,1536,511,2.5754294395446777
S,17,a05,20,21,398d9a5e65eb510a4b2165e08da91bc2e7a46f651fd4c2a7c82baca0e3f7c6f7,512,511,3.191126823425293
S,17,a05,20,22,398d4136fe8a7fe859af6d03e3be3e80b0a4a081aa81cad5dad14be6152fbb07,1024,511,2.7317914962768555
S,17,a05,20,23,27c7a212b1dd328e6abafa8ce17f190f047ff7bf7b13546651705123022fac2b,2048,511,2.609971761703491
S,17,a05,20,24,27e29aeb84cb9b2f80dc9061f35e33eb4710e31a4bda2e0ce985e2cb4c4af0d4,512,511,2.6010072231292725
S,17,a05,20,25,a7ab0eebec8ed5155f1c0b6b257ae3e70464155e9540fc6cb19d9b21ce07adbe,0,511,2.300494909286499
S,17,a05,20,26,87c73475752c7552f1b2dfb6631350662bd4d2392ea692266f7fd8d9d49255e6,5120,511,2.6428825855255127
S,17,a05,20,27,4dfcff9cdf6a84e7dc2d2f41f4beeb5bd4a850251f084dbb833319624ea2ba03,1536,511,2.920224666595459
S,17,a05,20,28,c6a6c920ad14f9ced5cbb1a81a695ee0d1e0cec0886071763eca3b7609793f9a,512,511,3.0074408054351807
S,17,a05,20,29,602491df734b58909d0bdd64c12964094178660aa935fe328832f5ac7c783ce5,6656,511,3.0407874584198
S,17,a05,20,30,3d3334d8bb76a4a5d2667fcaaf08e5519258c23da3c0ed35b0fb51ab7750456a,512,511,2.5929832458496094
S,17,a05,20,31,a5c6bb2784e438e57e6c21063b5631ad6159e98fd0fdde6f0f393b1a6ad1ec91,0,511,2.698298931121826
S,17,a05,20,32,a75479aadac4ab0e14588bb3dbab971354b70cbb22f67008de6af0b25ce850de,6144,511,3.147392511367798
S,17,a05,20,33,81985a3b78086a93d7e6ae3ddda453bf5a959744e65bc05418fc1b56f5ec10ca,512,511,2.52469539642334
S,17,a05,20,34,2362e3d4278d695e409c7b7ff1512062454f8d035bc9076dff42c632a29fb2ee,0,511,2.290649175643921
S,17,a05,20,35,85cb58452e909342c236fc118e084fa9adcfddffc1ee3968baed9838eae6ef37,0,511,2.0395376682281494
S,17,a05,20,36,da80b33b4eb70c8d7b4c6a0fc009cedf34a39859057eb8700df906c788e6a4c8,0,511,2.391029119491577
S,17,a05,20,37,2e3ac91c014b25eebddbb443aa8850683dfc0675b9fed2dc40ec8d5f64ec60d4,0,511,2.2998294830322266
S,17,a05,20,38,3210f7ea4f8c2a390b5fc7a519a58dd185dc01a5700b89f95e427e52d0e581c9,512,511,2.878272533416748
S,17,a05,20,39,f5e1818470b34abce111d71989de48dff1e3e4ef0271749d38438e1b6693f635,1536,511,2.3684558868408203
S,17,a05,20,40,3ce4586556ea72a70c76b9203dca8969adc500af610389007ec255f56b1e169e,1024,511,2.8147242069244385
S,17,a05,20,41,7b804a7a99e4de2942ef98de42165dacd3e16b944e6a538d55df1f634a23d48e,4096,511,2.7921395301818848
S,17,a05,20,42,f6dd4f9c768666495fe711e166071758aa6c2d321def74a3ae211027ce199501,512,511,3.183570146560669
S,17,a05,20,43,31ed14bec015eaaefb165002eb17b020eeb35031b1a592aff7d981de7c6899b3,0,511,2.3814871311187744
S,17,a05,20,44,b3ff1454cd3a072b015b88f94f6d6889d9c0bd745fc7a5433df7c0d43151854e,512,511,2.602093458175659
S,17,a05,20,45,3ee074eadb149c8da6002c76352f4113d1c896c63c6c090fd621092749233d6a,8704,511,3.216954469680786
S,17,a05,20,46,5682e8596b594de16f03e38329a00d1bff4adee96204668f946a90f5292c8136,1024,511,2.9330790042877197
S,17,a05,20,47,127630e33620c4206cd0e7ad6622f66b144b669ddf653964e56ce6654a7b32f0,3072,511,2.497685670852661
S,17,a05,20,48,320f1288c0a9e6e7a3def263d7abab684526479abb06fc68e069fc1a9937c71d,1024,511,2.7485454082489014
S,17,a05,20,49,58ac024cd69aa321476709f7b1742c6523bf4fb12233b5b6f60d680c8fca8e8e,1536,511,2.676426887512207
S,17,a05,20,50,4f84e7678dedadbb233b28e11c014c0798eadf77020a5a8fb4d017d12c99e86d,2560,511,2.2582106590270996
S,17,a05,20,51,99db37e631f9ef519733c8a72d003864c2701de3091cf19e9eba387054fdacac,512,511,3.065744400024414
S,17,a05,20,52,0627479429bdaca6ad2b61ecd03d5b65cd330b0351b5ff8f878978d7b00c4ab2,0,511,2.591121196746826
S,17,a05,20,53,c1e3085f9b150f54416c89fdea9cdb29ceef7e5050e94af9eafe2053fffe3e64,3584,511,2.300433397293091
S,17,a05,20,54,0e6b290375d52c7b5c4cd74b4c7348611213caa15ca0e87d7f6426f9e0f86e04,2048,511,2.620488166809082
S,17,a05,20,55,16f297fd545d4a150c1908347430e076e51e3560238877a2eec2ac020b7d3bc9,3584,511,2.5847413539886475
S,17,a05,20,56,243408a375c7d0c1fda52538ba71d700e4d403fd2764c7491c7c1a9b7d7fd7a9,0,511,2.6610114574432373
S,17,a05,20,57,93133535594204a5a3625fc7b90ff6ad027dca329f0359370d232d4135e91bc1,512,511,2.4535422325134277
S,17,a05,20,58,7c74fa4376b1168685d5d288b916d3317d340aad3044f88d5ca673b76d875d1c,1536,511,2.371138572692871
S,17,a05,20,59,447ea32f527637dcb6ef068962a2fabe21ec283698e144c45ed42c46e1b27772,0,511,2.6482691764831543
S,17,a05,20,60,6db7dd742bd03a22121dc39ee8773c9afa1462f4efce21abbe54dc33c4285b1f,0,511,2.4120359420776367
S,17,a05,20,61,dc8a961be5dc24fc777b38869adf84cfc37bbe2f28514ceb0e344d39b7e01906,512,511,2.8127541542053223
S,17,a05,20,62,3ca10415cf1f0bc4955c7ef0d186c8e93deb4aece0aaaa5fb553b43dfe5ad2aa,0,511,2.6903300285339355
S,17,a05,20,63,6e5c6769277c87aeaf9a4fd680fad1720ce04660f567befd8a9f8c68dde50f64,0,511,2.5473132133483887
S,17,a05,50,0,71ff58ca29d05bef3a99fb59512ec09404e49be906888dc3ea5409ce8a54beea,0,511,2.3039684295654297
S,17,a05,50,1,47ab999a2c488609314576fac2048b7f2a92afad8f7ca0326f23f648d515f167,1536,511,2.144881010055542
S,17,a05,50,2,c6ff7382a150214656a5c5d777769384c99d3ce7764110fc98e07e5e48fddc7e,1024,511,2.513087749481201
S,17,a05,50,3,8739f77bc09e02e5783efc804080eff63b9ae7da7008a0e4c6412b47aa6da1c2,2048,511,2.5283203125
S,17,a05,50,4,a7f7a2250dd6f72080e21112d92bdfd639fcbe8a5a9effd80028c67d5dddd416,0,511,2.442746639251709
S,17,a05,50,5,06cd6da2c73e993c43345dad24088c06b24d496ffc56f5f460b58cfa49d0f3df,0,511,1.6336826086044312
S,17,a05,50,6,3adf36bb00be5fa07541f544ce8642a56fcd3a01d456650deaabc83e91d791a1,1024,511,2.6429152488708496
S,17,a05,50,7,34c9eb07c804b8ee651c4da1ac1dd801fec51c064819632bd8f4f36bd685b8a1,1024,511,3.012864112854004
S,17,a05,50,8,dcd008e03034d7dcffb4b6abd6aa6f0bfdf0a28ddd0b53dd37784e7c055f10bb,1536,511,2.3756799697875977
S,17,a05,50,9,4f58c96286c7c0f0417ea817ca24cf1c2db4ad3d19fdcdcf46124511fbf05b3e,512,511,2.7969982624053955
S,17,a05,50,10,7c5e18ef30b2c1c37d722f19397ccdf563e0428cdde5ff6b99a902d67975541f,5120,511,2.5751278400421143
S,17,a05,50,11,47344d32192263b566ca14f66ce20553a4c76ff30204fae6639d7c1dde9a1f11,0,511,1.9773038625717163
S,17,a05,50,12,98aa6addc6d0697baff9ad72065efe34b866fb27cb0c3e094c328bb57b98cf2b,512,511,2.540044069290161
S,17,a05,50,13,d6b58a86755a3af1a5a75d162cfd31bceb70ebe76d43dfd2b64d95def0331c1b,0,511,1.8485475778579712
S,17,a05,50,14,c724dc11dc74fa10b6309922c9d014e010a88079d4ca2e3ca96ab091459b166e,0,511,2.2214596271514893
S,17,a05,50,15,aad6037cda830ea2edaf38a004ae82825aa4d21585b2c0f33197a34583613c19,3072,511,2.643232822418213
S,17,a05,50,16,b7140ecf1283718c8b44dd77fefc16ef15f5d7579ad3d6f1da94324d11081ab5,0,511,2.480947971343994
S,17,a05,50,17,7c0883960fcd42892f41d565a6eb8675b26e6a7b184fa795ec1dea269c0d78f7,2560,511,3.0309832096099854
S,17,a05,50,18,e461497c8cf9867275c7b0ab55899126e69b01926436f58a64e902baf22ad1d8,1024,511,2.8460052013397217
S,17,a05,50,19,d236bd424f8c1de8ba7570984678d98d021bd9f796117156ee8c848d8b9e20df,512,511,2.0336532592773438
S,17,a05,50,20,b124bcdac530f87fa8b20ed6ba5af0bdc6e2e14fe6348e8e8d9aae3bbb14d7bf,1536,511,2.455192804336548
S,17,a05,50,21,398d9a5e65eb510a4b2165e08da91bc2e7a46f651fd4c2a7c82baca0e3f7c6f7,512,511,3.1072473526000977
S,17,a05,50,22,398d4136fe8a7fe859af6d03e3be3e80b0a4a081aa81cad5dad14be6152fbb07,1024,511,2.5814170837402344
S,17,a05,50,23,27c7a212b1dd328e6abafa8ce17f190f047ff7bf7b13546651705123022fac2b,2048,511,2.500413417816162
S,17,a05,50,24,27e29aeb84cb9b2f80dc9061f35e33eb4710e31a4bda2e0ce985e2cb4c4af0d4,512,511,2.483112096786499
S,17,a05,50,25,a7ab0eebec8ed5155f1c0b6b257ae3e70464155e9540fc6cb19d9b21ce07adbe,0,511,2.1804800033569336
S,17,a05,50,26,87c73475752c7552f1b2dfb6631350662bd4d2392ea692266f7fd8d9d49255e6,5120,511,2.5351626873016357
S,17,a05,50,27,4dfcff9cdf6a84e7dc2d2f41f4beeb5bd4a850251f084dbb833319624ea2ba03,1536,511,2.810304641723633
S,17,a05,50,28,c6a6c920ad14f9ced5cbb1a81a695ee0d1e0cec0886071763eca3b7609793f9a,512,511,2.8868789672851562
S,17,a05,50,29,602491df734b58909d0bdd64c12964094178660aa935fe328832f5ac7c783ce5,6656,511,2.9542453289031982
S,17,a05,50,30,3d3334d8bb76a4a5d2667fcaaf08e5519258c23da3c0ed35b0fb51ab7750456a,512,511,2.4554154872894287
S,17,a05,50,31,a5c6bb2784e438e57e6c21063b5631ad6159e98fd0fdde6f0f393b1a6ad1ec91,0,511,2.561650276184082
S,17,a05,50,32,a75479aadac4ab0e14588bb3dbab971354b70cbb22f67008de6af0b25ce850de,6144,511,3.049549102783203
S,17,a05,50,33,81985a3b78086a93d7e6ae3ddda453bf5a959744e65bc05418fc1b56f5ec10ca,512,511,2.386850595474243
S,17,a05,50,34,2362e3d4278d695e409c7b7ff1512062454f8d035bc9076dff42c632a29fb2ee,0,511,2.166327714920044
S,17,a05,50,35,85cb58452e909342c236fc118e084fa9adcfddffc1ee3968baed9838eae6ef37,0,511,1.9446560144424438
S,17,a05,50,36,da80b33b4eb70c8d7b4c6a0fc009cedf34a39859057eb8700df906c788e6a4c8,0,511,2.2812209129333496
S,17,a05,50,37,2e3ac91c014b25eebddbb443aa8850683dfc0675b9fed2dc40ec8d5f64ec60d4,0,511,2.1615829467773438
S,17,a05,50,38,3210f7ea4f8c2a390b5fc7a519a58dd185dc01a5700b89f95e427e52d0e581c9,512,511,2.753479480743408
S,17,a05,50,39,f5e1818470b34abce111d71989de48dff1e3e4ef0271749d38438e1b6693f635,1536,511,2.2675788402557373
S,17,a05,50,40,3ce4586556ea72a70c76b9203dca8969adc500af610389007ec255f56b1e169e,1024,511,2.694155693054199
S,17,a05,50,41,7b804a7a99e4de2942ef98de42165dacd3e16b944e6a538d55df1f634a23d48e,4096,511,2.724501848220825
S,17,a05,50,42,f6dd4f9c768666495fe711e166071758aa6c2d321def74a3ae211027ce199501,512,511,3.0771749019622803
S,17,a05,50,43,31ed14bec015eaaefb165002eb17b020eeb35031b1a592aff7d981de7c6899b3,0,511,2.2873477935791016
S,17,a05,50,44,b3ff1454cd3a072b015b88f94f6d6889d9c0bd745fc7a5433df7c0d43151854e,512,511,2.509385824203491
S,17,a05,50,45,3ee074eadb149c8da6002c76352f4113d1c896c63c6c090fd621092749233d6a,8704,511,3.1207752227783203
S,17,a05,50,46,5682e8596b594de16f03e38329a00d1bff4adee96204668f946a90f5292c8136,1024,511,2.833839178085327
S,17,a05,50,47,127630e33620c4206cd0e7ad6622f66b144b669ddf653964e56ce6654a7b32f0,3072,511,2.3625268936157227
S,17,a05,50,48,320f1288c0a9e6e7a3def263d7abab684526479abb06fc68e069fc1a9937c71d,1024,511,2.6071934700012207
S,17,a05,50,49,58ac024cd69aa321476709f7b1742c6523bf4fb12233b5b6f60d680c8fca8e8e,1536,511,2.595888614654541
S,17,a05,50,50,4f84e7678dedadbb233b28e11c014c0798eadf77020a5a8fb4d017d12c99e86d,2560,511,2.12856125831604
S,17,a05,50,51,99db37e631f9ef519733c8a72d003864c2701de3091cf19e9eba387054fdacac,512,511,2.9820423126220703
S,17,a05,50,52,0627479429bdaca6ad2b61ecd03d5b65cd330b0351b5ff8f878978d7b00c4ab2,0,511,2.463675022125244
S,17,a05,50,53,c1e3085f9b150f54416c89fdea9cdb29ceef7e5050e94af9eafe2053fffe3e64,3584,511,2.180171012878418
S,17,a05,50,54,0e6b290375d52c7b5c4cd74b4c7348611213caa15ca0e87d7f6426f9e0f86e04,2048,511,2.532513380050659
S,17,a05,50,55,16f297fd545d4a150c1908347430e076e51e3560238877a2eec2ac020b7d3bc9,3584,511,2.4843006134033203
S,17,a05,50,56,243408a375c7d0c1fda52538ba71d700e4d403fd2764c7491c7c1a9b7d7fd7a9,0,511,2.507221221923828
S,17,a05,50,57,93133535594204a5a3625fc7b90ff6ad027dca329f0359370d232d4135e91bc1,512,511,2.3167803287506104
S,17,a05,50,58,7c74fa4376b1168685d5d288b916d3317d340aad3044f88d5ca673b76d875d1c,1536,511,2.2848405838012695
S,17,a05,50,59,447ea32f527637dcb6ef068962a2fabe21ec283698e144c45ed42c46e1b27772,0,511,2.5495355129241943
S,17,a05,50,60,6db7dd742bd03a22121dc39ee8773c9afa1462f4efce21abbe54dc33c4285b1f,0,511,2.2993991374969482
S,17,a05,50,61,dc8a961be5dc24fc777b38869adf84cfc37bbe2f28514ceb0e344d39b7e01906,512,511,2.6566414833068848
S,17,a05,50,62,3ca10415cf1f0bc4955c7ef0d186c8e93deb4aece0aaaa5fb553b43dfe5ad2aa,0,511,2.5916030406951904
S,17,a05,50,63,6e5c6769277c87aeaf9a4fd680fad1720ce04660f567befd8a9f8c68dde50f64,0,511,2.4348089694976807
S,17,a05,100,0,71ff58ca29d05bef3a99fb59512ec09404e49be906888dc3ea5409ce8a54beea,0,511,2.2260894775390625
S,17,a05,100,1,47ab999a2c488609314576fac2048b7f2a92afad8f7ca0326f23f648d515f167,1536,511,2.0984270572662354
S,17,a05,100,2,c6ff7382a150214656a5c5d777769384c99d3ce7764110fc98e07e5e48fddc7e,1024,511,2.4077229499816895
S,17,a05,100,3,8739f77bc09e02e5783efc804080eff63b9ae7da7008a0e4c6412b47aa6da1c2,2048,511,2.4331111907958984
S,17,a05,100,4,a7f7a2250dd6f72080e21112d92bdfd639fcbe8a5a9effd80028c67d5dddd416,0,511,2.376558542251587
S,17,a05,100,5,06cd6da2c73e993c43345dad24088c06b24d496ffc56f5f460b58cfa49d0f3df,0,511,1.5579746961593628
S,17,a05,100,6,3adf36bb00be5fa07541f544ce8642a56fcd3a01d456650deaabc83e91d791a1,1024,511,2.4929633140563965
S,17,a05,100,7,34c9eb07c804b8ee651c4da1ac1dd801fec51c064819632bd8f4f36bd685b8a1,1024,511,2.8661320209503174
S,17,a05,100,8,dcd008e03034d7dcffb4b6abd6aa6f0bfdf0a28ddd0b53dd37784e7c055f10bb,1536,511,2.2204763889312744
S,17,a05,100,9,4f58c96286c7c0f0417ea817ca24cf1c2db4ad3d19fdcdcf46124511fbf05b3e,512,511,2.6229305267333984
S,17,a05,100,10,7c5e18ef30b2c1c37d722f19397ccdf563e0428cdde5ff6b99a902d67975541f,5120,511,2.474245548248291
S,17,a05,100,11,47344d32192263b566ca14f66ce20553a4c76ff30204fae6639d7c1dde9a1f11,0,511,1.884199857711792
S,17,a05,100,12,98aa6addc6d0697baff9ad72065efe34b866fb27cb0c3e094c328bb57b98cf2b,512,511,2.471250295639038
S,17,a05,100,13,d6b58a86755a3af1a5a75d162cfd31bceb70ebe76d43dfd2b64d95def0331c1b,0,511,1.6637791395187378
S,17,a05,100,14,c724dc11dc74fa10b6309922c9d014e010a88079d4ca2e3ca96ab091459b166e,0,511,2.0939416885375977
S,17,a05,100,15,aad6037cda830ea2edaf38a004ae82825aa4d21585b2c0f33197a34583613c19,3072,511,2.5641438961029053
S,17,a05,100,16,b7140ecf1283718c8b44dd77fefc16ef15f5d7579ad3d6f1da94324d11081ab5,0,511,2.393106698989868
S,17,a05,100,17,7c0883960fcd42892f41d565a6eb8675b26e6a7b184fa795ec1dea269c0d78f7,2560,511,2.963238477706909
S,17,a05,100,18,e461497c8cf9867275c7b0ab55899126e69b01926436f58a64e902baf22ad1d8,1024,511,2.75689959526062
S,17,a05,100,19,d236bd424f8c1de8ba7570984678d98d021bd9f796117156ee8c848d8b9e20df,512,511,1.8894027471542358
S,17,a05,100,20,b124bcdac530f87fa8b20ed6ba5af0bdc6e2e14fe6348e8e8d9aae3bbb14d7bf,1536,511,2.3708651065826416
S,17,a05,100,21,398d9a5e65eb510a4b2165e08da91bc2e7a46f651fd4c2a7c82baca0e3f7c6f7,512,511,2.9812304973602295
S,17,a05,100,22,398d4136fe8a7fe859af6d03e3be3e80b0a4a081aa81cad5dad14be6152fbb07,1024,511,2.4435064792633057
S,17,a05,100,23,27c7a212b1dd328e6abafa8ce17f190f047ff7bf7b13546651705123022fac2b,2048,511,2.428631067276001
S,17,a05,100,24,27e29aeb84cb9b2f80dc9061f35e33eb4710e31a4bda2e0ce985e2cb4c4af0d4,512,511,2.382235288619995
S,17,a05,100,25,a7ab0eebec8ed5155f1c0b6b257ae3e70464155e9540fc6cb19d9b21ce07adbe,0,511,2.051358699798584
S,17,a05,100,26,87c73475752c7552f1b2dfb6631350662bd4d2392ea692266f7fd8d9d49255e6,5120,511,2.4109606742858887
S,17,a05,100,27,4dfcff9cdf6a84e7dc2d2f41f4beeb5bd4a850251f084dbb833319624ea2ba03,1536,511,2.7072365283966064
S,17,a05,100,28,c6a6c920ad14f9ced5cbb1a81a695ee0d1e0cec0886071763eca3b7609793f9a,512,511,2.798147201538086
S,17,a05,100,29,602491df734b58909d0bdd64c12964094178660aa935fe328832f5ac7c783ce5,6656,511,2.873960256576538
S,17,a05,100,30,3d3334d8bb76a4a5d2667fcaaf08e5519258c23da3c0ed35b0fb51ab7750456a,512,511,2.3512072563171387
S,17,a05,100,31,a5c6bb2784e438e57e6c21063b5631ad6159e98fd0fdde6f0f393b1a6ad1ec91,0,511,2.417391300201416
S,17,a05,100,32,a75479aadac4ab0e14588bb3dbab971354b70cbb22f67008de6af0b25ce850de,6144,511,3.0121798515319824
S,17,a05,100,33,81985a3b78086a93d7e6ae3ddda453bf5a959744e65bc05418fc1b56f5ec10ca,512,511,2.3201868534088135
S,17,a05,100,34,2362e3d4278d695e409c7b7ff1512062454f8d035bc9076dff42c632a29fb2ee,0,511,2.0351345539093018
S,17,a05,100,35,85cb58452e909342c236fc118e084fa9adcfddffc1ee3968baed9838eae6ef37,0,511,1.8520207405090332
S,17,a05,100,36,da80b33b4eb70c8d7b4c6a0fc009cedf34a39859057eb8700df906c788e6a4c8,0,511,2.1851449012756348
S,17,a05,100,37,2e3ac91c014b25eebddbb443aa8850683dfc0675b9fed2dc40ec8d5f64ec60d4,0,511,2.0279040336608887
S,17,a05,100,38,3210f7ea4f8c2a390b5fc7a519a58dd185dc01a5700b89f95e427e52d0e581c9,512,511,2.6682755947113037
S,17,a05,100,39,f5e1818470b34abce111d71989de48dff1e3e4ef0271749d38438e1b6693f635,1536,511,2.1649553775787354
S,17,a05,100,40,3ce4586556ea72a70c76b9203dca8969adc500af610389007ec255f56b1e169e,1024,511,2.5615499019622803
S,17,a05,100,41,7b804a7a99e4de2942ef98de42165dacd3e16b944e6a538d55df1f634a23d48e,4096,511,2.647353410720825
S,17,a05,100,42,f6dd4f9c768666495fe711e166071758aa6c2d321def74a3ae211027ce199501,512,511,2.9653077125549316
S,17,a05,100,43,31ed14bec015eaaefb165002eb17b020eeb35031b1a592aff7d981de7c6899b3,0,511,2.1742844581604004
S,17,a05,100,44,b3ff1454cd3a072b015b88f94f6d6889d9c0bd745fc7a5433df7c0d43151854e,512,511,2.4275155067443848
S,17,a05,100,45,3ee074eadb149c8da6002c76352f4113d1c896c63c6c090fd621092749233d6a,8704,511,3.0365819931030273
S,17,a05,100,46,5682e8596b594de16f03e38329a00d1bff4adee96204668f946a90f5292c8136,1024,511,2.7460646629333496
S,17,a05,100,47,127630e33620c4206cd0e7ad6622f66b144b669ddf653964e56ce6654a7b32f0,3072,511,2.2415578365325928
S,17,a05,100,48,320f1288c0a9e6e7a3def263d7abab684526479abb06fc68e069fc1a9937c71d,1024,511,2.5060033798217773
S,17,a05,100,49,58ac024cd69aa321476709f7b1742c6523bf4fb12233b5b6f60d680c8fca8e8e,1536,511,2.5472586154937744
S,17,a05,100,50,4f84e7678dedadbb233b28e11c014c0798eadf77020a5a8fb4d017d12c99e86d,2560,511,2.023388147354126
S,17,a05,100,51,99db37e631f9ef519733c8a72d003864c2701de3091cf19e9eba387054fdacac,512,511,2.9205446243286133
S,17,a05,100,52,0627479429bdaca6ad2b61ecd03d5b65cd330b0351b5ff8f878978d7b00c4ab2,0,511,2.302993059158325
S,17,a05,100,53,c1e3085f9b150f54416c89fdea9cdb29ceef7e5050e94af9eafe2053fffe3e64,3584,511,2.0853021144866943
S,17,a05,100,54,0e6b290375d52c7b5c4cd74b4c7348611213caa15ca0e87d7f6426f9e0f86e04,2048,511,2.4159109592437744
S,17,a05,100,55,16f297fd545d4a150c1908347430e076e51e3560238877a2eec2ac020b7d3bc9,3584,511,2.4024698734283447
S,17,a05,100,56,243408a375c7d0c1fda52538ba71d700e4d403fd2764c7491c7c1a9b7d7fd7a9,0,511,2.3479740619659424
S,17,a05,100,57,93133535594204a5a3625fc7b90ff6ad027dca329f0359370d232d4135e91bc1,512,511,2.182060480117798
S,17,a05,100,58,7c74fa4376b1168685d5d288b916d3317d340aad3044f88d5ca673b76d875d1c,1536,511,2.180922269821167
S,17,a05,100,59,447ea32f527637dcb6ef068962a2fabe21ec283698e144c45ed42c46e1b27772,0,511,2.4503514766693115
S,17,a05,100,60,6db7dd742bd03a22121dc39ee8773c9afa1462f4efce21abbe54dc33c4285b1f,0,511,2.172309160232544
S,17,a05,100,61,dc8a961be5dc24fc777b38869adf84cfc37bbe2f28514ceb0e344d39b7e01906,512,511,2.5098876953125
S,17,a05,100,62,3ca10415cf1f0bc4955c7ef0d186c8e93deb4aece0aaaa5fb553b43dfe5ad2aa,0,511,2.483398199081421
S,17,a05,100,63,6e5c6769277c87aeaf9a4fd680fad1720ce04660f567befd8a9f8c68dde50f64,0,511,2.3268251419067383
S,17,a06,0,0,71ff58ca29d05bef3a99fb59512ec09404e49be906888dc3ea5409ce8a54beea,0,511,2.4608232975006104
S,17,a06,0,1,47ab999a2c488609314576fac2048b7f2a92afad8f7ca0326f23f648d515f167,1536,511,2.3995842933654785
S,17,a06,0,2,c6ff7382a150214656a5c5d777769384c99d3ce7764110fc98e07e5e48fddc7e,1024,511,2.724030017852783
S,17,a06,0,3,8739f77bc09e02e5783efc804080eff63b9ae7da7008a0e4c6412b47aa6da1c2,2048,511,2.6862998008728027
S,17,a06,0,4,a7f7a2250dd6f72080e21112d92bdfd639fcbe8a5a9effd80028c67d5dddd416,0,511,2.659790515899658
S,17,a06,0,5,06cd6da2c73e993c43345dad24088c06b24d496ffc56f5f460b58cfa49d0f3df,0,511,1.8046143054962158
S,17,a06,0,6,3adf36bb00be5fa07541f544ce8642a56fcd3a01d456650deaabc83e91d791a1,1024,511,2.947011709213257
S,17,a06,0,7,34c9eb07c804b8ee651c4da1ac1dd801fec51c064819632bd8f4f36bd685b8a1,1024,511,3.2087340354919434
S,17,a06,0,8,dcd008e03034d7dcffb4b6abd6aa6f0bfdf0a28ddd0b53dd37784e7c055f10bb,1536,511,2.5779101848602295
S,17,a06,0,9,4f58c96286c7c0f0417ea817ca24cf1c2db4ad3d19fdcdcf46124511fbf05b3e,512,511,2.8990767002105713
S,17,a06,0,10,7c5e18ef30b2c1c37d722f19397ccdf563e0428cdde5ff6b99a902d67975541f,5120,511,2.7584214210510254
S,17,a06,0,11,47344d32192263b566ca14f66ce20553a4c76ff30204fae6639d7c1dde9a1f11,0,511,2.1578118801116943
S,17,a06,0,12,98aa6addc6d0697baff9ad72065efe34b866fb27cb0c3e094c328bb57b98cf2b,512,511,2.6411290168762207
S,17,a06,0,13,d6b58a86755a3af1a5a75d162cfd31bceb70ebe76d43dfd2b64d95def0331c1b,0,511,2.1549510955810547
S,17,a06,0,14,c724dc11dc74fa10b6309922c9d014e010a88079d4ca2e3ca96ab091459b166e,0,511,2.490262508392334
S,17,a06,0,15,aad6037cda830ea2edaf38a004ae82825aa4d21585b2c0f33197a34583613c19,3072,511,2.8097143173217773
S,17,a06,0,16,b7140ecf1283718c8b44dd77fefc16ef15f5d7579ad3d6f1da94324d11081ab5,0,511,2.7038888931274414
S,17,a06,0,17,7c0883960fcd42892f41d565a6eb8675b26e6a7b184fa795ec1dea269c0d78f7,2560,511,3.2254891395568848
S,17,a06,0,18,e461497c8cf9867275c7b0ab55899126e69b01926436f58a64e902baf22ad1d8,1024,511,3.026001214981079
S,17,a06,0,19,d236bd424f8c1de8ba7570984678d98d021bd9f796117156ee8c848d8b9e20df,512,511,2.275799036026001
S,17,a06,0,20,b124bcdac530f87fa8b20ed6ba5af0bdc6e2e14fe6348e8e8d9aae3bbb14d7bf,1536,511,2.633967161178589
S,17,a06,0,21,398d9a5e65eb510a4b2165e08da91bc2e7a46f651fd4c2a7c82baca0e3f7c6f7,512,511,3.3160152435302734
S,17,a06,0,22,398d4136fe8a7fe859af6d03e3be3e80b0a4a081aa81cad5dad14be6152fbb07,1024,511,2.800738573074341
S,17,a06,0,23,27c7a212b1dd328e6abafa8ce17f190f047ff7bf7b13546651705123022fac2b,2048,511,2.7544569969177246
S,17,a06,0,24,27e29aeb84cb9b2f80dc9061f35e33eb4710e31a4bda2e0ce985e2cb4c4af0d4,512,511,2.629805088043213
S,17,a06,0,25,a7ab0eebec8ed5155f1c0b6b257ae3e70464155e9540fc6cb19d9b21ce07adbe,0,511,2.3372185230255127
S,17,a06,0,26,87c73475752c7552f1b2dfb6631350662bd4d2392ea692266f7fd8d9d49255e6,5120,511,2.7645204067230225
S,17,a06,0,27,4dfcff9cdf6a84e7dc2d2f41f4beeb5bd4a850251f084dbb833319624ea2ba03,1536,511,2.9953835010528564
S,17,a06,0,28,c6a6c920ad14f9ced5cbb1a81a695ee0d1e0cec0886071763eca3b7609793f9a,512,511,3.043177843093872
S,17,a06,0,29,602491df734b58909d0bdd64c12964094178660aa935fe328832f5ac7c783ce5,6656,511,3.1767001152038574
S,17,a06,0,30,3d3334d8bb76a4a5d2667fcaaf08e5519258c23da3c0ed35b0fb51ab7750456a,512,511,2.722928285598755
S,17,a06,0,31,a5c6bb2784e438e57e6c21063b5631ad6159e98fd0fdde6f0f393b1a6ad1ec91,0,511,2.877197742462158
S,17,a06,0,32,a75479aadac4ab0e14588bb3dbab971354b70cbb22f67008de6af0b25ce850de,6144,511,3.249772787094116
S,17,a06,0,33,81985a3b78086a93d7e6ae3ddda453bf5a959744e65bc05418fc1b56f5ec10ca,512,511,2.5998151302337646
S,17,a06,0,34,2362e3d4278d695e409c7b7ff1512062454f8d035bc9076dff42c632a29fb2ee,0,511,2.352121114730835
S,17,a06,0,35,85cb58452e909342c236fc118e084fa9adcfddffc1ee3968baed9838eae6ef37,0,511,2.186500072479248
S,17,a06,0,36,da80b33b4eb70c8d7b4c6a0fc009cedf34a39859057eb8700df906c788e6a4c8,0,511,2.4848806858062744
S,17,a06,0,37,2e3ac91c014b25eebddbb443aa8850683dfc0675b9fed2dc40ec8d5f64ec60d4,0,511,2.4016661643981934
S,17,a06,0,38,3210f7ea4f8c2a390b5fc7a519a58dd185dc01a5700b89f95e427e52d0e581c9,512,511,3.0359673500061035
S,17,a06,0,39,f5e1818470b34abce111d71989de48dff1e3e4ef0271749d38438e1b6693f635,1536,511,2.4185140132904053
S,17,a06,0,40,3ce4586556ea72a70c76b9203dca8969adc500af610389007ec255f56b1e169e,1024,511,2.845952033996582
S,17,a06,0,41,7b804a7a99e4de2942ef98de42165dacd3e16b944e6a538d55df1f634a23d48e,4096,511,2.9088943004608154
S,17,a06,0,42,f6dd4f9c768666495fe711e166071758aa6c2d321def74a3ae211027ce199501,512,511,3.2659051418304443
S,17,a06,0,43,31ed14bec015eaaefb165002eb17b020eeb35031b1a592aff7d981de7c6899b3,0,511,2.4875564575195312
S,17,a06,0,44,b3ff1454cd3a072b015b88f94f6d6889d9c0bd745fc7a5433df7c0d43151854e,512,511,2.708932399749756
S,17,a06,0,45,3ee074eadb149c8da6002c76352f4113d1c896c63c6c090fd621092749233d6a,8704,511,3.281717538833618
S,17,a06,0,46,5682e8596b594de16f03e38329a00d1bff4adee96204668f946a90f5292c8136,1024,511,2.9010725021362305
S,17,a06,0,47,127630e33620c4206cd0e7ad6622f66b144b669ddf653964e56ce6654a7b32f0,3072,511,2.6040544509887695
S,17,a06,0,48,320f1288c0a9e6e7a3def263d7abab684526479abb06fc68e069fc1a9937c71d,1024,511,2.866382122039795
S,17,a06,0,49,58ac024cd69aa321476709f7b1742c6523bf4fb12233b5b6f60d680c8fca8e8e,1536,511,2.7093758583068848
S,17,a06,0,50,4f84e7678dedadbb233b28e11c014c0798eadf77020a5a8fb4d017d12c99e86d,2560,511,2.276632070541382
S,17,a06,0,51,99db37e631f9ef519733c8a72d003864c2701de3091cf19e9eba387054fdacac,512,511,3.1835732460021973
S,17,a06,0,52,0627479429bdaca6ad2b61ecd03d5b65cd330b0351b5ff8f878978d7b00c4ab2,0,511,2.654409885406494
S,17,a06,0,53,c1e3085f9b150f54416c89fdea9cdb29ceef7e5050e94af9eafe2053fffe3e64,3584,511,2.392559766769409
S,17,a06,0,54,0e6b290375d52c7b5c4cd74b4c7348611213caa15ca0e87d7f6426f9e0f86e04,2048,511,2.7047955989837646
S,17,a06,0,55,16f297fd545d4a150c1908347430e076e51e3560238877a2eec2ac020b7d3bc9,3584,511,2.63181471824646
S,17,a06,0,56,243408a375c7d0c1fda52538ba71d700e4d403fd2764c7491c7c1a9b7d7fd7a9,0,511,2.756726026535034
S,17,a06,0,57,93133535594204a5a3625fc7b90ff6ad027dca329f0359370d232d4135e91bc1,512,511,2.5536890029907227
S,17,a06,0,58,7c74fa4376b1168685d5d288b916d3317d340aad3044f88d5ca673b76d875d1c,1536,511,2.46248197555542
S,17,a06,0,59,447ea32f527637dcb6ef068962a2fabe21ec283698e144c45ed42c46e1b27772,0,511,2.811248779296875
S,17,a06,0,60,6db7dd742bd03a22121dc39ee8773c9afa1462f4efce21abbe54dc33c4285b1f,0,511,2.5575239658355713
S,17,a06,0,61,dc8a961be5dc24fc777b38869adf84cfc37bbe2f28514ceb0e344d39b7e01906,512,511,2.835418701171875
S,17,a06,0,62,3ca10415cf1f0bc4955c7ef0d186c8e93deb4aece0aaaa5fb553b43dfe5ad2aa,0,511,2.7693073749542236
S,17,a06,0,63,6e5c6769277c87aeaf9a4fd680fad1720ce04660f567befd8a9f8c68dde50f64,0,511,2.6145331859588623
S,17,a06,20,0,71ff58ca29d05bef3a99fb59512ec09404e49be906888dc3ea5409ce8a54beea,0,511,2.3851287364959717
S,17,a06,20,1,47ab999a2c488609314576fac2048b7f2a92afad8f7ca0326f23f648d515f167,1536,511,2.330235481262207
S,17,a06,20,2,c6ff7382a150214656a5c5d777769384c99d3ce7764110fc98e07e5e48fddc7e,1024,511,2.6198203563690186
S,17,a06,20,3,8739f77bc09e02e5783efc804080eff63b9ae7da7008a0e4c6412b47aa6da1c2,2048,511,2.599246025085449
S,17,a06,20,4,a7f7a2250dd6f72080e21112d92bdfd639fcbe8a5a9effd80028c67d5dddd416,0,511,2.5980043411254883
S,17,a06,20,5,06cd6da2c73e993c43345dad24088c06b24d496ffc56f5f460b58cfa49d0f3df,0,511,1.7425068616867065
S,17,a06,20,6,3adf36bb00be5fa07541f544ce8642a56fcd3a01d456650deaabc83e91d791a1,1024,511,2.8559436798095703
S,17,a06,20,7,34c9eb07c804b8ee651c4da1ac1dd801fec51c064819632bd8f4f36bd685b8a1,1024,511,3.156278610229492
S,17,a06,20,8,dcd008e03034d7dcffb4b6abd6aa6f0bfdf0a28ddd0b53dd37784e7c055f10bb,1536,511,2.499236583709717
S,17,a06,20,9,4f58c96286c7c0f0417ea817ca24cf1c2db4ad3d19fdcdcf46124511fbf05b3e,512,511,2.8332533836364746
S,17,a06,20,10,7c5e18ef30b2c1c37d722f19397ccdf563e0428cdde5ff6b99a902d67975541f,5120,511,2.681469202041626
S,17,a06,20,11,47344d32192263b566ca14f66ce20553a4c76ff30204fae6639d7c1dde9a1f11,0,511,2.0860679149627686
S,17,a06,20,12,98aa6addc6d0697baff9ad72065efe34b866fb27cb0c3e094c328bb57b98cf2b,512,511,2.5952069759368896
S,17,a06,20,13,d6b58a86755a3af1a5a75d162cfd31bceb70ebe76d43dfd2b64d95def0331c1b,0,511,2.0746090412139893
S,17,a06,20,14,c724dc11dc74fa10b6309922c9d014e010a88079d4ca2e3ca96ab091459b166e,0,511,2.4031457901000977
S,17,a06,20,15,aad6037cda830ea2edaf38a004ae82825aa4d21585b2c0f33197a34583613c19,3072,511,2.745769739151001
S,17,a06,20,16,b7140ecf1283718c8b44dd77fefc16ef15f5d7579ad3d6f1da94324d11081ab5,0,511,2.6207642555236816
S,17,a06,20,17,7c0883960fcd42892f41d565a6eb8675b26e6a7b184fa795ec1dea269c0d78f7,2560,511,3.1570699214935303
S,17,a06,20,18,e461497c8cf9867275c7b0ab55899126e69b01926436f58a64e902baf22ad1d8,1024,511,2.9604923725128174
S,17,a06,20,19,d236bd424f8c1de8ba7570984678d98d021bd9f796117156ee8c848d8b9e20df,512,511,2.2151601314544678
S,17,a06,20,20,b124bcdac530f87fa8b20ed6ba5af0bdc6e2e14fe6348e8e8d9aae3bbb14d7bf,1536,511,2.5670831203460693
S,17,a06,20,21,398d9a5e65eb510a4b2165e08da91bc2e7a46f651fd4c2a7c82baca0e3f7c6f7,512,511,3.2463972568511963
S,17,a06,20,22,398d4136fe8a7fe859af6d03e3be3e80b0a4a081aa81cad5dad14be6152fbb07,1024,511,2.721125841140747
S,17,a06,20,23,27c7a212b1dd328e6abafa8ce17f190f047ff7bf7b13546651705123022fac2b,2048,511,2.6688804626464844
S,17,a06,20,24,27e29aeb84cb9b2f80dc9061f35e33eb4710e31a4bda2e0ce985e2cb4c4af0d4,512,511,2.5467147827148438
S,17,a06,20,25,a7ab0eebec8ed5155f1c0b6b257ae3e70464155e9540fc6cb19d9b21ce07adbe,0,511,2.232022523880005
S,17,a06,20,26,87c73475752c7552f1b2dfb6631350662bd4d2392ea692266f7fd8d9d49255e6,5120,511,2.678886651992798
S,17,a06,20,27,4dfcff9cdf6a84e7dc2d2f41f4beeb5bd4a850251f084dbb833319624ea2ba03,1536,511,2.9245047569274902
S,17,a06,20,28,c6a6c920ad14f9ced5cbb1a81a695ee0d1e0cec0886071763eca3b7609793f9a,512,511,2.9828953742980957
S,17,a06,20,29,602491df734b58909d0bdd64c12964094178660aa935fe328832f5ac7c783ce5,6656,511,3.1211507320404053
S,17,a06,20,30,3d3334d8bb76a4a5d2667fcaaf08e5519258c23da3c0ed35b0fb51ab7750456a,512,511,2.6159908771514893
S,17,a06,20,31,a5c6bb2784e438e57e6c21063b5631ad6159e98fd0fdde6f0f393b1a6ad1ec91,0,511,2.7778027057647705
S,17,a06,20,32,a75479aadac4ab0e14588bb3dbab971354b70cbb22f67008de6af0b25ce850de,6144,511,3.1456315517425537
S,17,a06,20,33,81985a3b78086a93d7e6ae3ddda453bf5a959744e65bc05418fc1b56f5ec10ca,512,511,2.5140631198883057
S,17,a06,20,34,2362e3d4278d695e409c7b7ff1512062454f8d035bc9076dff42c632a29fb2ee,0,511,2.2754924297332764
S,17,a06,20,35,85cb58452e909342c236fc118e084fa9adcfddffc1ee3968baed9838eae6ef37,0,511,2.1205482482910156
S,17,a06,20,36,da80b33b4eb70c8d7b4c6a0fc009cedf34a39859057eb8700df906c788e6a4c8,0,511,2.4068825244903564
S,17,a06,20,37,2e3ac91c014b25eebddbb443aa8850683dfc0675b9fed2dc40ec8d5f64ec60d4,0,511,2.3145601749420166
S,17,a06,20,38,3210f7ea4f8c2a390b5fc7a519a58dd185dc01a5700b89f95e427e52d0e581c9,512,511,2.9489662647247314
S,17,a06,20,39,f5e1818470b34abce111d71989de48dff1e3e4ef0271749d38438e1b6693f635,1536,511,2.354247808456421
S,17,a06,20,40,3ce4586556ea72a70c76b9203dca8969adc500af610389007ec255f56b1e169e,1024,511,2.7850615978240967
S,17,a06,20,41,7b804a7a99e4de2942ef98de42165dacd3e16b944e6a538d55df1f634a23d48e,4096,511,2.842252254486084
S,17,a06,20,42,f6dd4f9c768666495fe711e166071758aa6c2d321def74a3ae211027ce199501,512,511,3.197572708129883
S,17,a06,20,43,31ed14bec015eaaefb165002eb17b020eeb35031b1a592aff7d981de7c6899b3,0,511,2.435443878173828
S,17,a06,20,44,b3ff1454cd3a072b015b88f94f6d6889d9c0bd745fc7a5433df7c0d43151854e,512,511,2.62317156791687
S,17,a06,20,45,3ee074eadb149c8da6002c76352f4113d1c896c63c6c090fd621092749233d6a,8704,511,3.1967625617980957
S,17,a06,20,46,5682e8596b594de16f03e38329a00d1bff4adee96204668f946a90f5292c8136,1024,511,2.8300137519836426
S,17,a06,20,47,127630e33620c4206cd0e7ad6622f66b144b669ddf653964e56ce6654a7b32f0,3072,511,2.497469186782837
S,17,a06,20,48,320f1288c0a9e6e7a3def263d7abab684526479abb06fc68e069fc1a9937c71d,1024,511,2.781867027282715
S,17,a06,20,49,58ac024cd69aa321476709f7b1742c6523bf4fb12233b5b6f60d680c8fca8e8e,1536,511,2.659303903579712
S,17,a06,20,50,4f84e7678dedadbb233b28e11c014c0798eadf77020a5a8fb4d017d12c99e86d,2560,511,2.2205328941345215
S,17,a06,20,51,99db37e631f9ef519733c8a72d003864c2701de3091cf19e9eba387054fdacac,512,511,3.1054859161376953
S,17,a06,20,52,0627479429bdaca6ad2b61ecd03d5b65cd330b0351b5ff8f878978d7b00c4ab2,0,511,2.5716147422790527
S,17,a06,20,53,c1e3085f9b150f54416c89fdea9cdb29ceef7e5050e94af9eafe2053fffe3e64,3584,511,2.308228015899658
S,17,a06,20,54,0e6b290375d52c7b5c4cd74b4c7348611213caa15ca0e87d7f6426f9e0f86e04,2048,511,2.619527578353882
S,17,a06,20,55,16f297fd545d4a150c1908347430e076e51e3560238877a2eec2ac020b7d3bc9,3584,511,2.5598013401031494
S,17,a06,20,56,243408a375c7d0c1fda52538ba71d700e4d403fd2764c7491c7c1a9b7d7fd7a9,0,511,2.643033981323242
S,17,a06,20,57,93133535594204a5a3625fc7b90ff6ad027dca329f0359370d232d4135e91bc1,512,511,2.4808216094970703
S,17,a06,20,58,7c74fa4376b1168685d5d288b916d3317d340aad3044f88d5ca673b76d875d1c,1536,511,2.380819320678711
S,17,a06,20,59,447ea32f527637dcb6ef068962a2fabe21ec283698e144c45ed42c46e1b27772,0,511,2.7492051124572754
S,17,a06,20,60,6db7dd742bd03a22121dc39ee8773c9afa1462f4efce21abbe54dc33c4285b1f,0,511,2.4835128784179688
S,17,a06,20,61,dc8a961be5dc24fc777b38869adf84cfc37bbe2f28514ceb0e344d39b7e01906,512,511,2.756610631942749
S,17,a06,20,62,3ca10415cf1f0bc4955c7ef0d186c8e93deb4aece0aaaa5fb553b43dfe5ad2aa,0,511,2.700101613998413
S,17,a06,20,63,6e5c6769277c87aeaf9a4fd680fad1720ce04660f567befd8a9f8c68dde50f64,0,511,2.5488173961639404
S,17,a06,50,0,71ff58ca29d05bef3a99fb59512ec09404e49be906888dc3ea5409ce8a54beea,0,511,2.274620532989502
S,17,a06,50,1,47ab999a2c488609314576fac2048b7f2a92afad8f7ca0326f23f648d515f167,1536,511,2.2408173084259033
S,17,a06,50,2,c6ff7382a150214656a5c5d777769384c99d3ce7764110fc98e07e5e48fddc7e,1024,511,2.521008253097534
S,17,a06,50,3,8739f77bc09e02e5783efc804080eff63b9ae7da7008a0e4c6412b47aa6da1c2,2048,511,2.4851367473602295
S,17,a06,50,4,a7f7a2250dd6f72080e21112d92bdfd639fcbe8a5a9effd80028c67d5dddd416,0,511,2.4928231239318848
S,17,a06,50,5,06cd6da2c73e993c43345dad24088c06b24d496ffc56f5f460b58cfa49d0f3df,0,511,1.652671217918396
S,17,a06,50,6,3adf36bb00be5fa07541f544ce8642a56fcd3a01d456650deaabc83e91d791a1,1024,511,2.65100359916687
S,17,a06,50,7,34c9eb07c804b8ee651c4da1ac1dd801fec51c064819632bd8f4f36bd685b8a1,1024,511,3.0674383640289307
S,17,a06,50,8,dcd008e03034d7dcffb4b6abd6aa6f0bfdf0a28ddd0b53dd37784e7c055f10bb,1536,511,2.3830409049987793
S,17,a06,50,9,4f58c96286c7c0f0417ea817ca24cf1c2db4ad3d19fdcdcf46124511fbf05b3e,512,511,2.686784029006958
S,17,a06,50,10,7c5e18ef30b2c1c37d722f19397ccdf563e0428cdde5ff6b99a902d67975541f,5120,511,2.571262836456299
S,17,a06,50,11,47344d32192263b566ca14f66ce20553a4c76ff30204fae6639d7c1dde9a1f11,0,511,2.003932476043701
S,17,a06,50,12,98aa6addc6d0697baff9ad72065efe34b866fb27cb0c3e094c328bb57b98cf2b,512,511,2.5166072845458984
S,17,a06,50,13,d6b58a86755a3af1a5a75d162cfd31bceb70ebe76d43dfd2b64d95def0331c1b,0,511,1.9240071773529053
S,17,a06,50,14,c724dc11dc74fa10b6309922c9d014e010a88079d4ca2e3ca96ab091459b166e,0,511,2.2525405883789062
S,17,a06,50,15,aad6037cda830ea2edaf38a004ae82825aa4d21585b2c0f33197a34583613c19,3072,511,2.6903674602508545
S,17,a06,50,16,b7140ecf1283718c8b44dd77fefc16ef15f5d7579ad3d6f1da94324d11081ab5,0,511,2.4860687255859375
S,17,a06,50,17,7c0883960fcd42892f41d565a6eb8675b26e6a7b184fa795ec1dea269c0d78f7,2560,511,3.0775861740112305
S,17,a06,50,18,e461497c8cf9867275c7b0ab55899126e69b01926436f58a64e902baf22ad1d8,1024,511,2.8467166423797607
S,17,a06,50,19,d236bd424f8c1de8ba7570984678d98d021bd9f796117156ee8c848d8b9e20df,512,511,2.1114604473114014
S,17,a06,50,20,b124bcdac530f87fa8b20ed6ba5af0bdc6e2e14fe6348e8e8d9aae3bbb14d7bf,1536,511,2.471242666244507
S,17,a06,50,21,398d9a5e65eb510a4b2165e08da91bc2e7a46f651fd4c2a7c82baca0e3f7c6f7,512,511,3.122735023498535
S,17,a06,50,22,398d4136fe8a7fe859af6d03e3be3e80b0a4a081aa81cad5dad14be6152fbb07,1024,511,2.5815460681915283
S,17,a06,50,23,27c7a212b1dd328e6abafa8ce17f190f047ff7bf7b13546651705123022fac2b,2048,511,2.533297300338745
S,17,a06,50,24,27e29aeb84cb9b2f80dc9061f35e33eb4710e31a4bda2e0ce985e2cb4c4af0d4,512,511,2.4215316772460938
S,17,a06,50,25,a7ab0eebec8ed5155f1c0b6b257ae3e70464155e9540fc6cb19d9b21ce07adbe,0,511,2.093250036239624
S,17,a06,50,26,87c73475752c7552f1b2dfb6631350662bd4d2392ea692266f7fd8d9d49255e6,5120,511,2.5492842197418213
S,17,a06,50,27,4dfcff9cdf6a84e7dc2d2f41f4beeb5bd4a850251f084dbb833319624ea2ba03,1536,511,2.829942226409912
S,17,a06,50,28,c6a6c920ad14f9ced5cbb1a81a695ee0d1e0cec0886071763eca3b7609793f9a,512,511,2.847794771194458
S,17,a06,50,29,602491df734b58909d0bdd64c12964094178660aa935fe328832f5ac7c783ce5,6656,511,3.024651288986206
S,17,a06,50,30,3d3334d8bb76a4a5d2667fcaaf08e5519258c23da3c0ed35b0fb51ab7750456a,512,511,2.5098953247070312
S,17,a06,50,31,a5c6bb2784e438e57e6c21063b5631ad6159e98fd0fdde6f0f393b1a6ad1ec91,0,511,2.600611686706543
S,17,a06,50,32,a75479aadac4ab0e14588bb3dbab971354b70cbb22f67008de6af0b25ce850de,6144,511,3.025838851928711
S,17,a06,50,33,81985a3b78086a93d7e6ae3ddda453bf5a959744e65bc05418fc1b56f5ec10ca,512,511,2.344905376434326
S,17,a06,50,34,2362e3d4278d695e409c7b7ff1512062454f8d035bc9076dff42c632a29fb2ee,0,511,2.1641316413879395
S,17,a06,50,35,85cb58452e909342c236fc118e084fa9adcfddffc1ee3968baed9838eae6ef37,0,511,1.9896682500839233
S,17,a06,50,36,da80b33b4eb70c8d7b4c6a0fc009cedf34a39859057eb8700df906c788e6a4c8,0,511,2.2870020866394043
S,17,a06,50,37,2e3ac91c014b25eebddbb443aa8850683dfc0675b9fed2dc40ec8d5f64ec60d4,0,511,2.1684467792510986
S,17,a06,50,38,3210f7ea4f8c2a390b5fc7a519a58dd185dc01a5700b89f95e427e52d0e581c9,512,511,2.839996576309204
S,17,a06,50,39,f5e1818470b34abce111d71989de48dff1e3e4ef0271749d38438e1b6693f635,1536,511,2.2590510845184326
S,17,a06,50,40,3ce4586556ea72a70c76b9203dca8969adc500af610389007ec255f56b1e169e,1024,511,2.702765703201294
S,17,a06,50,41,7b804a7a99e4de2942ef98de42165dacd3e16b944e6a538d55df1f634a23d48e,4096,511,2.7504844665527344
S,17,a06,50,42,f6dd4f9c768666495fe711e166071758aa6c2d321def74a3ae211027ce199501,512,511,3.064976692199707
S,17,a06,50,43,31ed14bec015eaaefb165002eb17b020eeb35031b1a592aff7d981de7c6899b3,0,511,2.3396213054656982
S,17,a06,50,44,b3ff1454cd3a072b015b88f94f6d6889d9c0bd745fc7a5433df7c0d43151854e,512,511,2.517664670944214
S,17,a06,50,45,3ee074eadb149c8da6002c76352f4113d1c896c63c6c090fd621092749233d6a,8704,511,3.0885188579559326
S,17,a06,50,46,5682e8596b594de16f03e38329a00d1bff4adee96204668f946a90f5292c8136,1024,511,2.7450907230377197
S,17,a06,50,47,127630e33620c4206cd0e7ad6622f66b144b669ddf653964e56ce6654a7b32f0,3072,511,2.3776113986968994
S,17,a06,50,48,320f1288c0a9e6e7a3def263d7abab684526479abb06fc68e069fc1a9937c71d,1024,511,2.653618097305298
S,17,a06,50,49,58ac024cd69aa321476709f7b1742c6523bf4fb12233b5b6f60d680c8fca8e8e,1536,511,2.5895497798919678
S,17,a06,50,50,4f84e7678dedadbb233b28e11c014c0798eadf77020a5a8fb4d017d12c99e86d,2560,511,2.1083943843841553
S,17,a06,50,51,99db37e631f9ef519733c8a72d003864c2701de3091cf19e9eba387054fdacac,512,511,3.013340473175049
S,17,a06,50,52,0627479429bdaca6ad2b61ecd03d5b65cd330b0351b5ff8f878978d7b00c4ab2,0,511,2.4353878498077393
S,17,a06,50,53,c1e3085f9b150f54416c89fdea9cdb29ceef7e5050e94af9eafe2053fffe3e64,3584,511,2.1780507564544678
S,17,a06,50,54,0e6b290375d52c7b5c4cd74b4c7348611213caa15ca0e87d7f6426f9e0f86e04,2048,511,2.488002300262451
S,17,a06,50,55,16f297fd545d4a150c1908347430e076e51e3560238877a2eec2ac020b7d3bc9,3584,511,2.447817087173462
S,17,a06,50,56,243408a375c7d0c1fda52538ba71d700e4d403fd2764c7491c7c1a9b7d7fd7a9,0,511,2.497568368911743
S,17,a06,50,57,93133535594204a5a3625fc7b90ff6ad027dca329f0359370d232d4135e91bc1,512,511,2.34102725982666
S,17,a06,50,58,7c74fa4376b1168685d5d288b916d3317d340aad3044f88d5ca673b76d875d1c,1536,511,2.2647013664245605
S,17,a06,50,59,447ea32f527637dcb6ef068962a2fabe21ec283698e144c45ed42c46e1b27772,0,511,2.6105105876922607
S,17,a06,50,60,6db7dd742bd03a22121dc39ee8773c9afa1462f4efce21abbe54dc33c4285b1f,0,511,2.333601474761963
S,17,a06,50,61,dc8a961be5dc24fc777b38869adf84cfc37bbe2f28514ceb0e344d39b7e01906,512,511,2.6068079471588135
S,17,a06,50,62,3ca10415cf1f0bc4955c7ef0d186c8e93deb4aece0aaaa5fb553b43dfe5ad2aa,0,511,2.5993082523345947
S,17,a06,50,63,6e5c6769277c87aeaf9a4fd680fad1720ce04660f567befd8a9f8c68dde50f64,0,511,2.4343879222869873
S,17,a06,100,0,71ff58ca29d05bef3a99fb59512ec09404e49be906888dc3ea5409ce8a54beea,0,511,2.1830005645751953
S,17,a06,100,1,47ab999a2c488609314576fac2048b7f2a92afad8f7ca0326f23f648d515f167,1536,511,2.138216018676758
S,17,a06,100,2,c6ff7382a150214656a5c5d777769384c99d3ce7764110fc98e07e5e48fddc7e,1024,511,2.4213993549346924
S,17,a06,100,3,8739f77bc09e02e5783efc804080eff63b9ae7da7008a0e4c6412b47aa6da1c2,2048,511,2.39121675491333
S,17,a06,100,4,a7f7a2250dd6f72080e21112d92bdfd639fcbe8a5a9effd80028c67d5dddd416,0,511,2.4113106727600098
S,17,a06,100,5,06cd6da2c73e993c43345dad24088c06b24d496ffc56f5f460b58cfa49d0f3df,0,511,1.5543689727783203
S,17,a06,100,6,3adf36bb00be5fa07541f544ce8642a56fcd3a01d456650deaabc83e91d791a1,1024,511,2.4970879554748535
S,17,a06,100,7,34c9eb07c804b8ee651c4da1ac1dd801fec51c064819632bd8f4f36bd685b8a1,1024,511,2.9314944744110107
S,17,a06,100,8,dcd008e03034d7dcffb4b6abd6aa6f0bfdf0a28ddd0b53dd37784e7c055f10bb,1536,511,2.2642440795898438
S,17,a06,100,9,4f58c96286c7c0f0417ea817ca24cf1c2db4ad3d19fdcdcf46124511fbf05b3e,512,511,2.5659055709838867
S,17,a06,100,10,7c5e18ef30b2c1c37d722f19397ccdf563e0428cdde5ff6b99a902d67975541f,5120,511,2.4674973487854004
S,17,a06,100,11,47344d32192263b566ca14f66ce20553a4c76ff30204fae6639d7c1dde9a1f11,0,511,1.902579426765442
S,17,a06,100,12,98aa6addc6d0697baff9ad72065efe34b866fb27cb0c3e094c328bb57b98cf2b,512,511,2.4572317600250244
S,17,a06,100,13,d6b58a86755a3af1a5a75d162cfd31bceb70ebe76d43dfd2b64d95def0331c1b,0,511,1.7546591758728027
S,17,a06,100,14,c724dc11dc74fa10b6309922c9d014e010a88079d4ca2e3ca96ab091459b166e,0,511,2.102146625518799
S,17,a06,100,15,aad6037cda830ea2edaf38a004ae82825aa4d21585b2c0f33197a34583613c19,3072,511,2.609813928604126
S,17,a06,100,16,b7140ecf1283718c8b44dd77fefc16ef15f5d7579ad3d6f1da94324d11081ab5,0,511,2.355191946029663
S,17,a06,100,17,7c0883960fcd42892f41d565a6eb8675b26e6a7b184fa795ec1dea269c0d78f7,2560,511,2.973149299621582
S,17,a06,100,18,e461497c8cf9867275c7b0ab55899126e69b01926436f58a64e902baf22ad1d8,1024,511,2.755744218826294
S,17,a06,100,19,d236bd424f8c1de8ba7570984678d98d021bd9f796117156ee8c848d8b9e20df,512,511,1.972312569618225
S,17,a06,100,20,b124bcdac530f87fa8b20ed6ba5af0bdc6e2e14fe6348e8e8d9aae3bbb14d7bf,1536,511,2.3806416988372803
S,17,a06,100,21,398d9a5e65eb510a4b2165e08da91bc2e7a46f651fd4c2a7c82baca0e3f7c6f7,512,511,3.0104613304138184
S,17,a06,100,22,398d4136fe8a7fe859af6d03e3be3e80b0a4a081aa81cad5dad14be6152fbb07,1024,511,2.447852373123169
S,17,a06,100,23,27c7a212b1dd328e6abafa8ce17f190f047ff7bf7b13546651705123022fac2b,2048,511,2.411641836166382
S,17,a06,100,24,27e29aeb84cb9b2f80dc9061f35e33eb4710e31a4bda2e0ce985e2cb4c4af0d4,512,511,2.3167803287506104
S,17,a06,100,25,a7ab0eebec8ed5155f1c0b6b257ae3e70464155e9540fc6cb19d9b21ce07adbe,0,511,1.9902994632720947
S,17,a06,100,26,87c73475752c7552f1b2dfb6631350662bd4d2392ea692266f7fd8d9d49255e6,5120,511,2.463927745819092
S,17,a06,100,27,4dfcff9cdf6a84e7dc2d2f41f4beeb5bd4a850251f084dbb833319624ea2ba03,1536,511,2.688849449157715
S,17,a06,100,28,c6a6c920ad14f9ced5cbb1a81a695ee0d1e0cec0886071763eca3b7609793f9a,512,511,2.743769645690918
S,17,a06,100,29,602491df734b58909d0bdd64c12964094178660aa935fe328832f5ac7c783ce5,6656,511,2.9586048126220703
S,17,a06,100,30,3d3334d8bb76a4a5d2667fcaaf08e5519258c23da3c0ed35b0fb51ab7750456a,512,511,2.3754725456237793
S,17,a06,100,31,a5c6bb2784e438e57e6c21063b5631ad6159e98fd0fdde6f0f393b1a6ad1ec91,0,511,2.4410758018493652
S,17,a06,100,32,a75479aadac4ab0e14588bb3dbab971354b70cbb22f67008de6af0b25ce850de,6144,511,2.975695848464966
S,17,a06,100,33,81985a3b78086a93d7e6ae3ddda453bf5a959744e65bc05418fc1b56f5ec10ca,512,511,2.2546801567077637
S,17,a06,100,34,2362e3d4278d695e409c7b7ff1512062454f8d035bc9076dff42c632a29fb2ee,0,511,2.045957565307617
S,17,a06,100,35,85cb58452e909342c236fc118e084fa9adcfddffc1ee3968baed9838eae6ef37,0,511,1.8884471654891968
S,17,a06,100,36,da80b33b4eb70c8d7b4c6a0fc009cedf34a39859057eb8700df906c788e6a4c8,0,511,2.1740450859069824
S,17,a06,100,37,2e3ac91c014b25eebddbb443aa8850683dfc0675b9fed2dc40ec8d5f64ec60d4,0,511,2.0792465209960938
S,17,a06,100,38,3210f7ea4f8c2a390b5fc7a519a58dd185dc01a5700b89f95e427e52d0e581c9,512,511,2.719943046569824
S,17,a06,100,39,f5e1818470b34abce111d71989de48dff1e3e4ef0271749d38438e1b6693f635,1536,511,2.1793763637542725
S,17,a06,100,40,3ce4586556ea72a70c76b9203dca8969adc500af610389007ec255f56b1e169e,1024,511,2.595205545425415
S,17,a06,100,41,7b804a7a99e4de2942ef98de42165dacd3e16b944e6a538d55df1f634a23d48e,4096,511,2.682602882385254
S,17,a06,100,42,f6dd4f9c768666495fe711e166071758aa6c2d321def74a3ae211027ce199501,512,511,2.987827777862549
S,17,a06,100,43,31ed14bec015eaaefb165002eb17b020eeb35031b1a592aff7d981de7c6899b3,0,511,2.2327849864959717
S,17,a06,100,44,b3ff1454cd3a072b015b88f94f6d6889d9c0bd745fc7a5433df7c0d43151854e,512,511,2.411205768585205
S,17,a06,100,45,3ee074eadb149c8da6002c76352f4113d1c896c63c6c090fd621092749233d6a,8704,511,2.9810643196105957
S,17,a06,100,46,5682e8596b594de16f03e38329a00d1bff4adee96204668f946a90f5292c8136,1024,511,2.672821044921875
S,17,a06,100,47,127630e33620c4206cd0e7ad6622f66b144b669ddf653964e56ce6654a7b32f0,3072,511,2.271224021911621
S,17,a06,100,48,320f1288c0a9e6e7a3def263d7abab684526479abb06fc68e069fc1a9937c71d,1024,511,2.5367143154144287
S,17,a06,100,49,58ac024cd69aa321476709f7b1742c6523bf4fb12233b5b6f60d680c8fca8e8e,1536,511,2.5450594425201416
S,17,a06,100,50,4f84e7678dedadbb233b28e11c014c0798eadf77020a5a8fb4d017d12c99e86d,2560,511,2.012355089187622
S,17,a06,100,51,99db37e631f9ef519733c8a72d003864c2701de3091cf19e9eba387054fdacac,512,511,2.9326682090759277
S,17,a06,100,52,0627479429bdaca6ad2b61ecd03d5b65cd330b0351b5ff8f878978d7b00c4ab2,0,511,2.3396480083465576
S,17,a06,100,53,c1e3085f9b150f54416c89fdea9cdb29ceef7e5050e94af9eafe2053fffe3e64,3584,511,2.086317777633667
S,17,a06,100,54,0e6b290375d52c7b5c4cd74b4c7348611213caa15ca0e87d7f6426f9e0f86e04,2048,511,2.4174466133117676
S,17,a06,100,55,16f297fd545d4a150c1908347430e076e51e3560238877a2eec2ac020b7d3bc9,3584,511,2.352442979812622
S,17,a06,100,56,243408a375c7d0c1fda52538ba71d700e4d403fd2764c7491c7c1a9b7d7fd7a9,0,511,2.343815326690674
S,17,a06,100,57,93133535594204a5a3625fc7b90ff6ad027dca329f0359370d232d4135e91bc1,512,511,2.2279117107391357
S,17,a06,100,58,7c74fa4376b1168685d5d288b916d3317d340aad3044f88d5ca673b76d875d1c,1536,511,2.174454927444458
S,17,a06,100,59,447ea32f527637dcb6ef068962a2fabe21ec283698e144c45ed42c46e1b27772,0,511,2.4669077396392822
S,17,a06,100,60,6db7dd742bd03a22121dc39ee8773c9afa1462f4efce21abbe54dc33c4285b1f,0,511,2.2111356258392334
S,17,a06,100,61,dc8a961be5dc24fc777b38869adf84cfc37bbe2f28514ceb0e344d39b7e01906,512,511,2.4982454776763916
S,17,a06,100,62,3ca10415cf1f0bc4955c7ef0d186c8e93deb4aece0aaaa5fb553b43dfe5ad2aa,0,511,2.483292818069458
S,17,a06,100,63,6e5c6769277c87aeaf9a4fd680fad1720ce04660f567befd8a9f8c68dde50f64,0,511,2.2779438495635986
S,17,a07,0,0,71ff58ca29d05bef3a99fb59512ec09404e49be906888dc3ea5409ce8a54beea,0,511,2.437389612197876
S,17,a07,0,1,47ab999a2c488609314576fac2048b7f2a92afad8f7ca0326f23f648d515f167,1536,511,2.3653478622436523
S,17,a07,0,2,c6ff7382a150214656a5c5d777769384c99d3ce7764110fc98e07e5e48fddc7e,1024,511,2.716935873031616
S,17,a07,0,3,8739f77bc09e02e5783efc804080eff63b9ae7da7008a0e4c6412b47aa6da1c2,2048,511,2.666863203048706
S,17,a07,0,4,a7f7a2250dd6f72080e21112d92bdfd639fcbe8a5a9effd80028c67d5dddd416,0,511,2.671868085861206
S,17,a07,0,5,06cd6da2c73e993c43345dad24088c06b24d496ffc56f5f460b58cfa49d0f3df,0,511,1.833470344543457
S,17,a07,0,6,3adf36bb00be5fa07541f544ce8642a56fcd3a01d456650deaabc83e91d791a1,1024,511,2.881436347961426
S,17,a07,0,7,34c9eb07c804b8ee651c4da1ac1dd801fec51c064819632bd8f4f36bd685b8a1,1024,511,3.2275898456573486
S,17,a07,0,8,dcd008e03034d7dcffb4b6abd6aa6f0bfdf0a28ddd0b53dd37784e7c055f10bb,1536,511,2.5478947162628174
S,17,a07,0,9,4f58c96286c7c0f0417ea817ca24cf1c2db4ad3d19fdcdcf46124511fbf05b3e,512,511,2.9681291580200195
S,17,a07,0,10,7c5e18ef30b2c1c37d722f19397ccdf563e0428cdde5ff6b99a902d67975541f,5120,511,2.7544424533843994
S,17,a07,0,11,47344d32192263b566ca14f66ce20553a4c76ff30204fae6639d7c1dde9a1f11,0,511,2.0700089931488037
S,17,a07,0,12,98aa6addc6d0697baff9ad72065efe34b866fb27cb0c3e094c328bb57b98cf2b,512,511,2.689138889312744
S,17,a07,0,13,d6b58a86755a3af1a5a75d162cfd31bceb70ebe76d43dfd2b64d95def0331c1b,0,511,2.0670523643493652
S,17,a07,0,14,c724dc11dc74fa10b6309922c9d014e010a88079d4ca2e3ca96ab091459b166e,0,511,2.4745378494262695
S,17,a07,0,15,aad6037cda830ea2edaf38a004ae82825aa4d21585b2c0f33197a34583613c19,3072,511,2.7921109199523926
S,17,a07,0,16,b7140ecf1283718c8b44dd77fefc16ef15f5d7579ad3d6f1da94324d11081ab5,0,511,2.6449618339538574
S,17,a07,0,17,7c0883960fcd42892f41d565a6eb8675b26e6a7b184fa795ec1dea269c0d78f7,2560,511,3.235321044921875
S,17,a07,0,18,e461497c8cf9867275c7b0ab55899126e69b01926436f58a64e902baf22ad1d8,1024,511,2.9923157691955566
S,17,a07,0,19,d236bd424f8c1de8ba7570984678d98d021bd9f796117156ee8c848d8b9e20df,512,511,2.3365890979766846
S,17,a07,0,20,b124bcdac530f87fa8b20ed6ba5af0bdc6e2e14fe6348e8e8d9aae3bbb14d7bf,1536,511,2.6136465072631836
S,17,a07,0,21,398d9a5e65eb510a4b2165e08da91bc2e7a46f651fd4c2a7c82baca0e3f7c6f7,512,511,3.349428415298462
S,17,a07,0,22,398d4136fe8a7fe859af6d03e3be3e80b0a4a081aa81cad5dad14be6152fbb07,1024,511,2.823448896408081
S,17,a07,0,23,27c7a212b1dd328e6abafa8ce17f190f047ff7bf7b13546651705123022fac2b,2048,511,2.731757879257202
S,17,a07,0,24,27e29aeb84cb9b2f80dc9061f35e33eb4710e31a4bda2e0ce985e2cb4c4af0d4,512,511,2.6118247509002686
S,17,a07,0,25,a7ab0eebec8ed5155f1c0b6b257ae3e70464155e9540fc6cb19d9b21ce07adbe,0,511,2.3503363132476807
S,17,a07,0,26,87c73475752c7552f1b2dfb6631350662bd4d2392ea692266f7fd8d9d49255e6,5120,511,2.785249710083008
S,17,a07,0,27,4dfcff9cdf6a84e7dc2d2f41f4beeb5bd4a850251f084dbb833319624ea2ba03,1536,511,3.000744104385376
S,17,a07,0,28,c6a6c920ad14f9ced5cbb1a81a695ee0d1e0cec0886071763eca3b7609793f9a,512,511,3.060126781463623
S,17,a07,0,29,602491df734b58909d0bdd64c12964094178660aa935fe328832f5ac7c783ce5,6656,511,3.2220611572265625
S,17,a07,0,30,3d3334d8bb76a4a5d2667fcaaf08e5519258c23da3c0ed35b0fb51ab7750456a,512,511,2.71018385887146
S,17,a07,0,31,a5c6bb2784e438e57e6c21063b5631ad6159e98fd0fdde6f0f393b1a6ad1ec91,0,511,2.7956104278564453
S,17,a07,0,32,a75479aadac4ab0e14588bb3dbab971354b70cbb22f67008de6af0b25ce850de,6144,511,3.3503284454345703
S,17,a07,0,33,81985a3b78086a93d7e6ae3ddda453bf5a959744e65bc05418fc1b56f5ec10ca,512,511,2.5940520763397217
S,17,a07,0,34,2362e3d4278d695e409c7b7ff1512062454f8d035bc9076dff42c632a29fb2ee,0,511,2.287797451019287
S,17,a07,0,35,85cb58452e909342c236fc118e084fa9adcfddffc1ee3968baed9838eae6ef37,0,511,2.165862798690796
S,17,a07,0,36,da80b33b4eb70c8d7b4c6a0fc009cedf34a39859057eb8700df906c788e6a4c8,0,511,2.496849536895752
S,17,a07,0,37,2e3ac91c014b25eebddbb443aa8850683dfc0675b9fed2dc40ec8d5f64ec60d4,0,511,2.349940299987793
S,17,a07,0,38,3210f7ea4f8c2a390b5fc7a519a58dd185dc01a5700b89f95e427e52d0e581c9,512,511,3.0660109519958496
S,17,a07,0,39,f5e1818470b34abce111d71989de48dff1e3e4ef0271749d38438e1b6693f635,1536,511,2.388813018798828
S,17,a07,0,40,3ce4586556ea72a70c76b9203dca8969adc500af610389007ec255f56b1e169e,1024,511,2.8338019847869873
S,17,a07,0,41,7b804a7a99e4de2942ef98de42165dacd3e16b944e6a538d55df1f634a23d48e,4096,511,2.9201390743255615
S,17,a07,0,42,f6dd4f9c768666495fe711e166071758aa6c2d321def74a3ae211027ce199501,512,511,3.3105194568634033
S,17,a07,0,43,31ed14bec015eaaefb165002eb17b020eeb35031b1a592aff7d981de7c6899b3,0,511,2.4679272174835205
S,17,a07,0,44,b3ff1454cd3a072b015b88f94f6d6889d9c0bd745fc7a5433df7c0d43151854e,512,511,2.704206705093384
S,17,a07,0,45,3ee074eadb149c8da6002c76352f4113d1c896c63c6c090fd621092749233d6a,8704,511,3.244966745376587
S,17,a07,0,46,5682e8596b594de16f03e38329a00d1bff4adee96204668f946a90f5292c8136,1024,511,2.8818883895874023
S,17,a07,0,47,127630e33620c4206cd0e7ad6622f66b144b669ddf653964e56ce6654a7b32f0,3072,511,2.6026499271392822
S,17,a07,0,48,320f1288c0a9e6e7a3def263d7abab684526479abb06fc68e069fc1a9937c71d,1024,511,2.8475582599639893
S,17,a07,0,49,58ac024cd69aa321476709f7b1742c6523bf4fb12233b5b6f60d680c8fca8e8e,1536,511,2.7587599754333496
S,17,a07,0,50,4f84e7678dedadbb233b28e11c014c0798eadf77020a5a8fb4d017d12c99e86d,2560,511,2.296520709991455
S,17,a07,0,51,99db37e631f9ef519733c8a72d003864c2701de3091cf19e9eba387054fdacac,512,511,3.2130942344665527
S,17,a07,0,52,0627479429bdaca6ad2b61ecd03d5b65cd330b0351b5ff8f878978d7b00c4ab2,0,511,2.6372199058532715
S,17,a07,0,53,c1e3085f9b150f54416c89fdea9cdb29ceef7e5050e94af9eafe2053fffe3e64,3584,511,2.3836588859558105
S,17,a07,0,54,0e6b290375d52c7b5c4cd74b4c7348611213caa15ca0e87d7f6426f9e0f86e04,2048,511,2.663065195083618
S,17,a07,0,55,16f297fd545d4a150c1908347430e076e51e3560238877a2eec2ac020b7d3bc9,3584,511,2.6308541297912598
S,17,a07,0,56,243408a375c7d0c1fda52538ba71d700e4d403fd2764c7491c7c1a9b7d7fd7a9,0,511,2.7673208713531494
S,17,a07,0,57,93133535594204a5a3625fc7b90ff6ad027dca329f0359370d232d4135e91bc1,512,511,2.536491632461548
S,17,a07,0,58,7c74fa4376b1168685d5d288b916d3317d340aad3044f88d5ca673b76d875d1c,1536,511,2.4933180809020996
S,17,a07,0,59,447ea32f527637dcb6ef068962a2fabe21ec283698e144c45ed42c46e1b27772,0,511,2.77203106880188
S,17,a07,0,60,6db7dd742bd03a22121dc39ee8773c9afa1462f4efce21abbe54dc33c4285b1f,0,511,2.573601245880127
S,17,a07,0,61,dc8a961be5dc24fc777b38869adf84cfc37bbe2f28514ceb0e344d39b7e01906,512,511,2.8590750694274902
S,17,a07,0,62,3ca10415cf1f0bc4955c7ef0d186c8e93deb4aece0aaaa5fb553b43dfe5ad2aa,0,511,2.764241933822632
S,17,a07,0,63,6e5c6769277c87aeaf9a4fd680fad1720ce04660f567befd8a9f8c68dde50f64,0,511,2.5704751014709473
S,17,a07,20,0,71ff58ca29d05bef3a99fb59512ec09404e49be906888dc3ea5409ce8a54beea,0,511,2.380504608154297
S,17,a07,20,1,47ab999a2c488609314576fac2048b7f2a92afad8f7ca0326f23f648d515f167,1536,511,2.291975975036621
S,17,a07,20,2,c6ff7382a150214656a5c5d777769384c99d3ce7764110fc98e07e5e48fddc7e,1024,511,2.621673107147217
S,17,a07,20,3,8739f77bc09e02e5783efc804080eff63b9ae7da7008a0e4c6412b47aa6da1c2,2048,511,2.5403025150299072
S,17,a07,20,4,a7f7a2250dd6f72080e21112d92bdfd639fcbe8a5a9effd80028c67d5dddd416,0,511,2.59499192237854
S,17,a07,20,5,06cd6da2c73e993c43345dad24088c06b24d496ffc56f5f460b58cfa49d0f3df,0,511,1.7699365615844727
S,17,a07,20,6,3adf36bb00be5fa07541f544ce8642a56fcd3a01d456650deaabc83e91d791a1,1024,511,2.798154592514038
S,17,a07,20,7,34c9eb07c804b8ee651c4da1ac1dd801fec51c064819632bd8f4f36bd685b8a1,1024,511,3.1289496421813965
S,17,a07,20,8,dcd008e03034d7dcffb4b6abd6aa6f0bfdf0a28ddd0b53dd37784e7c055f10bb,1536,511,2.456958293914795
S,17,a07,20,9,4f58c96286c7c0f0417ea817ca24cf1c2db4ad3d19fdcdcf46124511fbf05b3e,512,511,2.87117075920105
S,17,a07,20,10,7c5e18ef30b2c1c37d722f19397ccdf563e0428cdde5ff6b99a902d67975541f,5120,511,2.6672773361206055
S,17,a07,20,11,47344d32192263b566ca14f66ce20553a4c76ff30204fae6639d7c1dde9a1f11,0,511,2.0133137702941895
S,17,a07,20,12,98aa6addc6d0697baff9ad72065efe34b866fb27cb0c3e094c328bb57b98cf2b,512,511,2.616825580596924
S,17,a07,20,13,d6b58a86755a3af1a5a75d162cfd31bceb70ebe76d43dfd2b64d95def0331c1b,0,511,1.9835141897201538
S,17,a07,20,14,c724dc11dc74fa10b6309922c9d014e010a88079d4ca2e3ca96ab091459b166e,0,511,2.3903465270996094
S,17,a07,20,15,aad6037cda830ea2edaf38a004ae82825aa4d21585b2c0f33197a34583613c19,3072,511,2.7097718715667725
S,17,a07,20,16,b7140ecf1283718c8b44dd77fefc16ef15f5d7579ad3d6f1da94324d11081ab5,0,511,2.5775089263916016
S,17,a07,20,17,7c0883960fcd42892f41d565a6eb8675b26e6a7b184fa795ec1dea269c0d78f7,2560,511,3.126060962677002
S,17,a07,20,18,e461497c8cf9867275c7b0ab55899126e69b01926436f58a64e902baf22ad1d8,1024,511,2.9217917919158936
S,17,a07,20,19,d236bd424f8c1de8ba7570984678d98d021bd9f796117156ee8c848d8b9e20df,512,511,2.2595090866088867
S,17,a07,20,20,b124bcdac530f87fa8b20ed6ba5af0bdc6e2e14fe6348e8e8d9aae3bbb14d7bf,1536,511,2.527456521987915
S,17,a07,20,21,398d9a5e65eb510a4b2165e08da91bc2e7a46f651fd4c2a7c82baca0e3f7c6f7,512,511,3.2664449214935303
S,17,a07,20,22,398d4136fe8a7fe859af6d03e3be3e80b0a4a081aa81cad5dad14be6152fbb07,1024,511,2.7669332027435303
S,17,a07,20,23,27c7a212b1dd328e6abafa8ce17f190f047ff7bf7b13546651705123022fac2b,2048,511,2.6392123699188232
S,17,a07,20,24,27e29aeb84cb9b2f80dc9061f35e33eb4710e31a4bda2e0ce985e2cb4c4af0d4,512,511,2.548929452896118
S,17,a07,20,25,a7ab0eebec8ed5155f1c0b6b257ae3e70464155e9540fc6cb19d9b21ce07adbe,0,511,2.243823528289795
S,17,a07,20,26,87c73475752c7552f1b2dfb6631350662bd4d2392ea692266f7fd8d9d49255e6,5120,511,2.6751253604888916
S,17,a07,20,27,4dfcff9cdf6a84e7dc2d2f41f4beeb5bd4a850251f084dbb833319624ea2ba03,1536,511,2.925098419189453
S,17,a07,20,28,c6a6c920ad14f9ced5cbb1a81a695ee0d1e0cec0886071763eca3b7609793f9a,512,511,2.974363327026367
S,17,a07,20,29,602491df734b58909d0bdd64c12964094178660aa935fe328832f5ac7c783ce5,6656,511,3.1334211826324463
S,17,a07,20,30,3d3334d8bb76a4a5d2667fcaaf08e5519258c23da3c0ed35b0fb51ab7750456a,512,511,2.6067252159118652
S,17,a07,20,31,a5c6bb2784e438e57e6c21063b5631ad6159e98fd0fdde6f0f393b1a6ad1ec91,0,511,2.689173698425293
S,17,a07,20,32,a75479aadac4ab0e14588bb3dbab971354b70cbb22f67008de6af0b25ce850de,6144,511,3.204068422317505
S,17,a07,20,33,81985a3b78086a93d7e6ae3ddda453bf5a959744e65bc05418fc1b56f5ec10ca,512,511,2.513054132461548
S,17,a07,20,34,2362e3d4278d695e409c7b7ff1512062454f8d035bc9076dff42c632a29fb2ee,0,511,2.218595504760742
S,17,a07,20,35,85cb58452e909342c236fc118e084fa9adcfddffc1ee3968baed9838eae6ef37,0,511,2.096956729888916
S,17,a07,20,36,da80b33b4eb70c8d7b4c6a0fc009cedf34a39859057eb8700df906c788e6a4c8,0,511,2.4264633655548096
S,17,a07,20,37,2e3ac91c014b25eebddbb443aa8850683dfc0675b9fed2dc40ec8d5f64ec60d4,0,511,2.291456937789917
S,17,a07,20,38,3210f7ea4f8c2a390b5fc7a519a58dd185dc01a5700b89f95e427e52d0e581c9,512,511,2.9719419479370117
S,17,a07,20,39,f5e1818470b34abce111d71989de48dff1e3e4ef0271749d38438e1b6693f635,1536,511,2.345547914505005
S,17,a07,20,40,3ce4586556ea72a70c76b9203dca8969adc500af610389007ec255f56b1e169e,1024,511,2.7728238105773926
S,17,a07,20,41,7b804a7a99e4de2942ef98de42165dacd3e16b944e6a538d55df1f634a23d48e,4096,511,2.8513002395629883
S,17,a07,20,42,f6dd4f9c768666495fe711e166071758aa6c2d321def74a3ae211027ce199501,512,511,3.2180778980255127
S,17,a07,20,43,31ed14bec015eaaefb165002eb17b020eeb35031b1a592aff7d981de7c6899b3,0,511,2.395113706588745
S,17,a07,20,44,b3ff1454cd3a072b015b88f94f6d6889d9c0bd745fc7a5433df7c0d43151854e,512,511,2.627840518951416
S,17,a07,20,45,3ee074eadb149c8da6002c76352f4113d1c896c63c6c090fd621092749233d6a,8704,511,3.1657419204711914
S,17,a07,20,46,5682e8596b594de16f03e38329a00d1bff4adee96204668f946a90f5292c8136,1024,511,2.790499210357666
S,17,a07,20,47,127630e33620c4206cd0e7ad6622f66b144b669ddf653964e56ce6654a7b32f0,3072,511,2.501254081726074
S,17,a07,20,48,320f1288c0a9e6e7a3def263d7abab684526479abb06fc68e069fc1a9937c71d,1024,511,2.7539854049682617
S,17,a07,20,49,58ac024cd69aa321476709f7b1742c6523bf4fb12233b5b6f60d680c8fca8e8e,1536,511,2.6972732543945312
S,17,a07,20,50,4f84e7678dedadbb233b28e11c014c0798eadf77020a5a8fb4d017d12c99e86d,2560,511,2.227349281311035
S,17,a07,20,51,99db37e631f9ef519733c8a72d003864c2701de3091cf19e9eba387054fdacac,512,511,3.1348049640655518
S,17,a07,20,52,0627479429bdaca6ad2b61ecd03d5b65cd330b0351b5ff8f878978d7b00c4ab2,0,511,2.5461087226867676
S,17,a07,20,53,c1e3085f9b150f54416c89fdea9cdb29ceef7e5050e94af9eafe2053fffe3e64,3584,511,2.2822070121765137
S,17,a07,20,54,0e6b290375d52c7b5c4cd74b4c7348611213caa15ca0e87d7f6426f9e0f86e04,2048,511,2.610211133956909
S,17,a07,20,55,16f297fd545d4a150c1908347430e076e51e3560238877a2eec2ac020b7d3bc9,3584,511,2.5630531311035156
S,17,a07,20,56,243408a375c7d0c1fda52538ba71d700e4d403fd2764c7491c7c1a9b7d7fd7a9,0,511,2.669227361679077
S,17,a07,20,57,93133535594204a5a3625fc7b90ff6ad027dca329f0359370d232d4135e91bc1,512,511,2.450270414352417
S,17,a07,20,58,7c74fa4376b1168685d5d288b916d3317d340aad3044f88d5ca673b76d875d1c,1536,511,2.401867628097534
S,17,a07,20,59,447ea32f527637dcb6ef068962a2fabe21ec283698e144c45ed42c46e1b27772,0,511,2.686814546585083
S,17,a07,20,60,6db7dd742bd03a22121dc39ee8773c9afa1462f4efce21abbe54dc33c4285b1f,0,511,2.4775402545928955
S,17,a07,20,61,dc8a961be5dc24fc777b38869adf84cfc37bbe2f28514ceb0e344d39b7e01906,512,511,2.761240005493164
S,17,a07,20,62,3ca10415cf1f0bc4955c7ef0d186c8e93deb4aece0aaaa5fb553b43dfe5ad2aa,0,511,2.6966543197631836
S,17,a07,20,63,6e5c6769277c87aeaf9a4fd680fad1720ce04660f567befd8a9f8c68dde50f64,0,511,2.5168120861053467
S,17,a07,50,0,71ff58ca29d05bef3a99fb59512ec09404e49be906888dc3ea5409ce8a54beea,0,511,2.2992424964904785
S,17,a07,50,1,47ab999a2c488609314576fac2048b7f2a92afad8f7ca0326f23f648d515f167,1536,511,2.2177693843841553
S,17,a07,50,2,c6ff7382a150214656a5c5d777769384c99d3ce7764110fc98e07e5e48fddc7e,1024,511,2.541926145553589
S,17,a07,50,3,8739f77bc09e02e5783efc804080eff63b9ae7da7008a0e4c6412b47aa6da1c2,2048,511,2.4566292762756348
S,17,a07,50,4,a7f7a2250dd6f72080e21112d92bdfd639fcbe8a5a9effd80028c67d5dddd416,0,511,2.502302408218384
S,17,a07,50,5,06cd6da2c73e993c43345dad24088c06b24d496ffc56f5f460b58cfa49d0f3df,0,511,1.6682157516479492
S,17,a07,50,6,3adf36bb00be5fa07541f544ce8642a56fcd3a01d456650deaabc83e91d791a1,1024,511,2.640364646911621
S,17,a07,50,7,34c9eb07c804b8ee651c4da1ac1dd801fec51c064819632bd8f4f36bd685b8a1,1024,511,3.0221383571624756
S,17,a07,50,8,dcd008e03034d7dcffb4b6abd6aa6f0bfdf0a28ddd0b53dd37784e7c055f10bb,1536,511,2.343282699584961
S,17,a07,50,9,4f58c96286c7c0f0417ea817ca24cf1c2db4ad3d19fdcdcf46124511fbf05b3e,512,511,2.7164337635040283
S,17,a07,50,10,7c5e18ef30b2c1c37d722f19397ccdf563e0428cdde5ff6b99a902d67975541f,5120,511,2.571495771408081
S,17,a07,50,11,47344d32192263b566ca14f66ce20553a4c76ff30204fae6639d7c1dde9a1f11,0,511,1.9451953172683716
S,17,a07,50,12,98aa6addc6d0697baff9ad72065efe34b866fb27cb0c3e094c328bb57b98cf2b,512,511,2.5349535942077637
S,17,a07,50,13,d6b58a86755a3af1a5a75d162cfd31bceb70ebe76d43dfd2b64d95def0331c1b,0,511,1.8354519605636597
S,17,a07,50,14,c724dc11dc74fa10b6309922c9d014e010a88079d4ca2e3ca96ab091459b166e,0,511,2.2799184322357178
S,17,a07,50,15,aad6037cda830ea2edaf38a004ae82825aa4d21585b2c0f33197a34583613c19,3072,511,2.645498037338257
S,17,a07,50,16,b7140ecf1283718c8b44dd77fefc16ef15f5d7579ad3d6f1da94324d11081ab5,0,511,2.483830213546753
S,17,a07,50,17,7c0883960fcd42892f41d565a6eb8675b26e6a7b184fa795ec1dea269c0d78f7,2560,511,3.0318233966827393
S,17,a07,50,18,e461497c8cf9867275c7b0ab55899126e69b01926436f58a64e902baf22ad1d8,1024,511,2.8174924850463867
S,17,a07,50,19,d236bd424f8c1de8ba7570984678d98d021bd9f796117156ee8c848d8b9e20df,512,511,2.1348679065704346
S,17,a07,50,20,b124bcdac530f87fa8b20ed6ba5af0bdc6e2e14fe6348e8e8d9aae3bbb14d7bf,1536,511,2.4133529663085938
S,17,a07,50,21,398d9a5e65eb510a4b2165e08da91bc2e7a46f651fd4c2a7c82baca0e3f7c6f7,512,511,3.1499319076538086
S,17,a07,50,22,398d4136fe8a7fe859af6d03e3be3e80b0a4a081aa81cad5dad14be6152fbb07,1024,511,2.6089725494384766
S,17,a07,50,23,27c7a212b1dd328e6abafa8ce17f190f047ff7bf7b13546651705123022fac2b,2048,511,2.513798952102661
S,17,a07,50,24,27e29aeb84cb9b2f80dc9061f35e33eb4710e31a4bda2e0ce985e2cb4c4af0d4,512,511,2.4258246421813965
S,17,a07,50,25,a7ab0eebec8ed5155f1c0b6b257ae3e70464155e9540fc6cb19d9b21ce07adbe,0,511,2.1165823936462402
S,17,a07,50,26,87c73475752c7552f1b2dfb6631350662bd4d2392ea692266f7fd8d9d49255e6,5120,511,2.5208544731140137
S,17,a07,50,27,4dfcff9cdf6a84e7dc2d2f41f4beeb5bd4a850251f084dbb833319624ea2ba03,1536,511,2.808631658554077
S,17,a07,50,28,c6a6c920ad14f9ced5cbb1a81a695ee0d1e0cec0886071763eca3b7609793f9a,512,511,2.8473939895629883
S,17,a07,50,29,602491df734b58909d0bdd64c12964094178660aa935fe328832f5ac7c783ce5,6656,511,3.0088021755218506
S,17,a07,50,30,3d3334d8bb76a4a5d2667fcaaf08e5519258c23da3c0ed35b0fb51ab7750456a,512,511,2.5057456493377686
S,17,a07,50,31,a5c6bb2784e438e57e6c21063b5631ad6159e98fd0fdde6f0f393b1a6ad1ec91,0,511,2.5492136478424072
S,17,a07,50,32,a75479aadac4ab0e14588bb3dbab971354b70cbb22f67008de6af0b25ce850de,6144,511,3.054389238357544
S,17,a07,50,33,81985a3b78086a93d7e6ae3ddda453bf5a959744e65bc05418fc1b56f5ec10ca,512,511,2.381019115447998
S,17,a07,50,34,2362e3d4278d695e409c7b7ff1512062454f8d035bc9076dff42c632a29fb2ee,0,511,2.143707752227783
S,17,a07,50,35,85cb58452e909342c236fc118e084fa9adcfddffc1ee3968baed9838eae6ef37,0,511,1.9802900552749634
S,17,a07,50,36,da80b33b4eb70c8d7b4c6a0fc009cedf34a39859057eb8700df906c788e6a4c8,0,511,2.324702501296997
S,17,a07,50,37,2e3ac91c014b25eebddbb443aa8850683dfc0675b9fed2dc40ec8d5f64ec60d4,0,511,2.1878645420074463
S,17,a07,50,38,3210f7ea4f8c2a390b5fc7a519a58dd185dc01a5700b89f95e427e52d0e581c9,512,511,2.861354351043701
S,17,a07,50,39,f5e1818470b34abce111d71989de48dff1e3e4ef0271749d38438e1b6693f635,1536,511,2.2747788429260254
S,17,a07,50,40,3ce4586556ea72a70c76b9203dca8969adc500af610389007ec255f56b1e169e,1024,511,2.7191567420959473
S,17,a07,50,41,7b804a7a99e4de2942ef98de42165dacd3e16b944e6a538d55df1f634a23d48e,4096,511,2.761504888534546
S,17,a07,50,42,f6dd4f9c768666495fe711e166071758aa6c2d321def74a3ae211027ce199501,512,511,3.0904195308685303
S,17,a07,50,43,31ed14bec015eaaefb165002eb17b020eeb35031b1a592aff7d981de7c6899b3,0,511,2.3059370517730713
S,17,a07,50,44,b3ff1454cd3a072b015b88f94f6d6889d9c0bd745fc7a5433df7c0d43151854e,512,511,2.5412943363189697
S,17,a07,50,45,3ee074eadb149c8da6002c76352f4113d1c896c63c6c090fd621092749233d6a,8704,511,3.0827383995056152
S,17,a07,50,46,5682e8596b594de16f03e38329a00d1bff4adee96204668f946a90f5292c8136,1024,511,2.7079405784606934
S,17,a07,50,47,127630e33620c4206cd0e7ad6622f66b144b669ddf653964e56ce6654a7b32f0,3072,511,2.359281539916992
S,17,a07,50,48,320f1288c0a9e6e7a3def263d7abab684526479abb06fc68e069fc1a9937c71d,1024,511,2.6227760314941406
S,17,a07,50,49,58ac024cd69aa321476709f7b1742c6523bf4fb12233b5b6f60d680c8fca8e8e,1536,511,2.624324083328247
S,17,a07,50,50,4f84e7678dedadbb233b28e11c014c0798eadf77020a5a8fb4d017d12c99e86d,2560,511,2.1272754669189453
S,17,a07,50,51,99db37e631f9ef519733c8a72d003864c2701de3091cf19e9eba387054fdacac,512,511,3.037435531616211
S,17,a07,50,52,0627479429bdaca6ad2b61ecd03d5b65cd330b0351b5ff8f878978d7b00c4ab2,0,511,2.4102838039398193
S,17,a07,50,53,c1e3085f9b150f54416c89fdea9cdb29ceef7e5050e94af9eafe2053fffe3e64,3584,511,2.1572318077087402
S,17,a07,50,54,0e6b290375d52c7b5c4cd74b4c7348611213caa15ca0e87d7f6426f9e0f86e04,2048,511,2.5242247581481934
S,17,a07,50,55,16f297fd545d4a150c1908347430e076e51e3560238877a2eec2ac020b7d3bc9,3584,511,2.4565300941467285
S,17,a07,50,56,243408a375c7d0c1fda52538ba71d700e4d403fd2764c7491c7c1a9b7d7fd7a9,0,511,2.521160364151001
S,17,a07,50,57,93133535594204a5a3625fc7b90ff6ad027dca329f0359370d232d4135e91bc1,512,511,2.3328516483306885
S,17,a07,50,58,7c74fa4376b1168685d5d288b916d3317d340aad3044f88d5ca673b76d875d1c,1536,511,2.2775235176086426
S,17,a07,50,59,447ea32f527637dcb6ef068962a2fabe21ec283698e144c45ed42c46e1b27772,0,511,2.575892686843872
S,17,a07,50,60,6db7dd742bd03a22121dc39ee8773c9afa1462f4efce21abbe54dc33c4285b1f,0,511,2.3638527393341064
S,17,a07,50,61,dc8a961be5dc24fc777b38869adf84cfc37bbe2f28514ceb0e344d39b7e01906,512,511,2.6253015995025635
S,17,a07,50,62,3ca10415cf1f0bc4955c7ef0d186c8e93deb4aece0aaaa5fb553b43dfe5ad2aa,0,511,2.605419874191284
S,17,a07,50,63,6e5c6769277c87aeaf9a4fd680fad1720ce04660f567befd8a9f8c68dde50f64,0,511,2.4136860370635986
S,17,a07,100,0,71ff58ca29d05bef3a99fb59512ec09404e49be906888dc3ea5409ce8a54beea,0,511,2.18937087059021
S,17,a07,100,1,47ab999a2c488609314576fac2048b7f2a92afad8f7ca0326f23f648d515f167,1536,511,2.1307380199432373
S,17,a07,100,2,c6ff7382a150214656a5c5d777769384c99d3ce7764110fc98e07e5e48fddc7e,1024,511,2.424668312072754
S,17,a07,100,3,8739f77bc09e02e5783efc804080eff63b9ae7da7008a0e4c6412b47aa6da1c2,2048,511,2.3921241760253906
S,17,a07,100,4,a7f7a2250dd6f72080e21112d92bdfd639fcbe8a5a9effd80028c67d5dddd416,0,511,2.429985761642456
S,17,a07,100,5,06cd6da2c73e993c43345dad24088c06b24d496ffc56f5f460b58cfa49d0f3df,0,511,1.5953483581542969
S,17,a07,100,6,3adf36bb00be5fa07541f544ce8642a56fcd3a01d456650deaabc83e91d791a1,1024,511,2.506770372390747
S,17,a07,100,7,34c9eb07c804b8ee651c4da1ac1dd801fec51c064819632bd8f4f36bd685b8a1,1024,511,2.904625654220581
S,17,a07,100,8,dcd008e03034d7dcffb4b6abd6aa6f0bfdf0a28ddd0b53dd37784e7c055f10bb,1536,511,2.2403948307037354
S,17,a07,100,9,4f58c96286c7c0f0417ea817ca24cf1c2db4ad3d19fdcdcf46124511fbf05b3e,512,511,2.585726022720337
S,17,a07,100,10,7c5e18ef30b2c1c37d722f19397ccdf563e0428cdde5ff6b99a902d67975541f,5120,511,2.4841253757476807
S,17,a07,100,11,47344d32192263b566ca14f66ce20553a4c76ff30204fae6639d7c1dde9a1f11,0,511,1.8766229152679443
S,17,a07,100,12,98aa6addc6d0697baff9ad72065efe34b866fb27cb0c3e094c328bb57b98cf2b,512,511,2.461430549621582
S,17,a07,100,13,d6b58a86755a3af1a5a75d162cfd31bceb70ebe76d43dfd2b64d95def0331c1b,0,511,1.7265384197235107
S,17,a07,100,14,c724dc11dc74fa10b6309922c9d014e010a88079d4ca2e3ca96ab091459b166e,0,511,2.1140029430389404
S,17,a07,100,15,aad6037cda830ea2edaf38a004ae82825aa4d21585b2c0f33197a34583613c19,3072,511,2.538203001022339
S,17,a07,100,16,b7140ecf1283718c8b44dd77fefc16ef15f5d7579ad3d6f1da94324d11081ab5,0,511,2.3829243183135986
S,17,a07,100,17,7c0883960fcd42892f41d565a6eb8675b26e6a7b184fa795ec1dea269c0d78f7,2560,511,2.948251724243164
S,17,a07,100,18,e461497c8cf9867275c7b0ab55899126e69b01926436f58a64e902baf22ad1d8,1024,511,2.7313830852508545
S,17,a07,100,19,d236bd424f8c1de8ba7570984678d98d021bd9f796117156ee8c848d8b9e20df,512,511,1.9734711647033691
S,17,a07,100,20,b124bcdac530f87fa8b20ed6ba5af0bdc6e2e14fe6348e8e8d9aae3bbb14d7bf,1536,511,2.332507371902466
S,17,a07,100,21,398d9a5e65eb510a4b2165e08da91bc2e7a46f651fd4c2a7c82baca0e3f7c6f7,512,511,3.025103807449341
S,17,a07,100,22,398d4136fe8a7fe859af6d03e3be3e80b0a4a081aa81cad5dad14be6152fbb07,1024,511,2.4542908668518066
S,17,a07,100,23,27c7a212b1dd328e6abafa8ce17f190f047ff7bf7b13546651705123022fac2b,2048,511,2.412202835083008
S,17,a07,100,24,27e29aeb84cb9b2f80dc9061f35e33eb4710e31a4bda2e0ce985e2cb4c4af0d4,512,511,2.3205318450927734
S,17,a07,100,25,a7ab0eebec8ed5155f1c0b6b257ae3e70464155e9540fc6cb19d9b21ce07adbe,0,511,2.00732684135437
S,17,a07,100,26,87c73475752c7552f1b2dfb6631350662bd4d2392ea692266f7fd8d9d49255e6,5120,511,2.4274091720581055
S,17,a07,100,27,4dfcff9cdf6a84e7dc2d2f41f4beeb5bd4a850251f084dbb833319624ea2ba03,1536,511,2.6839349269866943
S,17,a07,100,28,c6a6c920ad14f9ced5cbb1a81a695ee0d1e0cec0886071763eca3b7609793f9a,512,511,2.742128610610962
S,17,a07,100,29,602491df734b58909d0bdd64c12964094178660aa935fe328832f5ac7c783ce5,6656,511,2.8952908515930176
S,17,a07,100,30,3d3334d8bb76a4a5d2667fcaaf08e5519258c23da3c0ed35b0fb51ab7750456a,512,511,2.3521647453308105
S,17,a07,100,31,a5c6bb2784e438e57e6c21063b5631ad6159e98fd0fdde6f0f393b1a6ad1ec91,0,511,2.409916877746582
S,17,a07,100,32,a75479aadac4ab0e14588bb3dbab971354b70cbb22f67008de6af0b25ce850de,6144,511,3.0020620822906494
S,17,a07,100,33,81985a3b78086a93d7e6ae3ddda453bf5a959744e65bc05418fc1b56f5ec10ca,512,511,2.265482187271118
S,17,a07,100,34,2362e3d4278d695e409c7b7ff1512062454f8d035bc9076dff42c632a29fb2ee,0,511,2.0096144676208496
S,17,a07,100,35,85cb58452e909342c236fc118e084fa9adcfddffc1ee3968baed9838eae6ef37,0,511,1.8868900537490845
S,17,a07,100,36,da80b33b4eb70c8d7b4c6a0fc009cedf34a39859057eb8700df906c788e6a4c8,0,511,2.219320297241211
S,17,a07,100,37,2e3ac91c014b25eebddbb443aa8850683dfc0675b9fed2dc40ec8d5f64ec60d4,0,511,2.1018667221069336
S,17,a07,100,38,3210f7ea4f8c2a390b5fc7a519a58dd185dc01a5700b89f95e427e52d0e581c9,512,511,2.7841594219207764
S,17,a07,100,39,f5e1818470b34abce111d71989de48dff1e3e4ef0271749d38438e1b6693f635,1536,511,2.2008519172668457
S,17,a07,100,40,3ce4586556ea72a70c76b9203dca8969adc500af610389007ec255f56b1e169e,1024,511,2.586195945739746
S,17,a07,100,41,7b804a7a99e4de2942ef98de42165dacd3e16b944e6a538d55df1f634a23d48e,4096,511,2.6802072525024414
S,17,a07,100,42,f6dd4f9c768666495fe711e166071758aa6c2d321def74a3ae211027ce199501,512,511,3.00185489654541
S,17,a07,100,43,31ed14bec015eaaefb165002eb17b020eeb35031b1a592aff7d981de7c6899b3,0,511,2.220677375793457
S,17,a07,100,44,b3ff1454cd3a072b015b88f94f6d6889d9c0bd745fc7a5433df7c0d43151854e,512,511,2.450202703475952
S,17,a07,100,45,3ee074eadb149c8da6002c76352f4113d1c896c63c6c090fd621092749233d6a,8704,511,2.9902114868164062
S,17,a07,100,46,5682e8596b594de16f03e38329a00d1bff4adee96204668f946a90f5292c8136,1024,511,2.657001256942749
S,17,a07,100,47,127630e33620c4206cd0e7ad6622f66b144b669ddf653964e56ce6654a7b32f0,3072,511,2.2645316123962402
S,17,a07,100,48,320f1288c0a9e6e7a3def263d7abab684526479abb06fc68e069fc1a9937c71d,1024,511,2.5179738998413086
S,17,a07,100,49,58ac024cd69aa321476709f7b1742c6523bf4fb12233b5b6f60d680c8fca8e8e,1536,511,2.551954746246338
S,17,a07,100,50,4f84e7678dedadbb233b28e11c014c0798eadf77020a5a8fb4d017d12c99e86d,2560,511,2.027524471282959
S,17,a07,100,51,99db37e631f9ef519733c8a72d003864c2701de3091cf19e9eba387054fdacac,512,511,2.963773488998413
S,17,a07,100,52,0627479429bdaca6ad2b61ecd03d5b65cd330b0351b5ff8f878978d7b00c4ab2,0,511,2.314866781234741
S,17,a07,100,53,c1e3085f9b150f54416c89fdea9cdb29ceef7e5050e94af9eafe2053fffe3e64,3584,511,2.0532827377319336
S,17,a07,100,54,0e6b290375d52c7b5c4cd74b4c7348611213caa15ca0e87d7f6426f9e0f86e04,2048,511,2.4463322162628174
S,17,a07,100,55,16f297fd545d4a150c1908347430e076e51e3560238877a2eec2ac020b7d3bc9,3584,511,2.3850667476654053
S,17,a07,100,56,243408a375c7d0c1fda52538ba71d700e4d403fd2764c7491c7c1a9b7d7fd7a9,0,511,2.377134084701538
S,17,a07,100,57,93133535594204a5a3625fc7b90ff6ad027dca329f0359370d232d4135e91bc1,512,511,2.176992416381836
S,17,a07,100,58,7c74fa4376b1168685d5d288b916d3317d340aad3044f88d5ca673b76d875d1c,1536,511,2.1754140853881836
S,17,a07,100,59,447ea32f527637dcb6ef068962a2fabe21ec283698e144c45ed42c46e1b27772,0,511,2.4612505435943604
S,17,a07,100,60,6db7dd742bd03a22121dc39ee8773c9afa1462f4efce21abbe54dc33c4285b1f,0,511,2.2471818923950195
S,17,a07,100,61,dc8a961be5dc24fc777b38869adf84cfc37bbe2f28514ceb0e344d39b7e01906,512,511,2.5213210582733154
S,17,a07,100,62,3ca10415cf1f0bc4955c7ef0d186c8e93deb4aece0aaaa5fb553b43dfe5ad2aa,0,511,2.4687745571136475
S,17,a07,100,63,6e5c6769277c87aeaf9a4fd680fad1720ce04660f567befd8a9f8c68dde50f64,0,511,2.261939525604248
S,29,a00,0,0,71ff58ca29d05bef3a99fb59512ec09404e49be906888dc3ea5409ce8a54beea,0,511,2.4101102352142334
S,29,a00,0,1,47ab999a2c488609314576fac2048b7f2a92afad8f7ca0326f23f648d515f167,1536,511,2.2742040157318115
S,29,a00,0,2,c6ff7382a150214656a5c5d777769384c99d3ce7764110fc98e07e5e48fddc7e,1024,511,2.5660953521728516
S,29,a00,0,3,8739f77bc09e02e5783efc804080eff63b9ae7da7008a0e4c6412b47aa6da1c2,2048,511,2.628272533416748
S,29,a00,0,4,a7f7a2250dd6f72080e21112d92bdfd639fcbe8a5a9effd80028c67d5dddd416,0,511,2.554842948913574
S,29,a00,0,5,06cd6da2c73e993c43345dad24088c06b24d496ffc56f5f460b58cfa49d0f3df,0,511,1.75104558467865
S,29,a00,0,6,3adf36bb00be5fa07541f544ce8642a56fcd3a01d456650deaabc83e91d791a1,1024,511,2.815267324447632
S,29,a00,0,7,34c9eb07c804b8ee651c4da1ac1dd801fec51c064819632bd8f4f36bd685b8a1,1024,511,3.132183313369751
S,29,a00,0,8,dcd008e03034d7dcffb4b6abd6aa6f0bfdf0a28ddd0b53dd37784e7c055f10bb,1536,511,2.528654098510742
S,29,a00,0,9,4f58c96286c7c0f0417ea817ca24cf1c2db4ad3d19fdcdcf46124511fbf05b3e,512,511,2.8638758659362793
S,29,a00,0,10,7c5e18ef30b2c1c37d722f19397ccdf563e0428cdde5ff6b99a902d67975541f,5120,511,2.716304063796997
S,29,a00,0,11,47344d32192263b566ca14f66ce20553a4c76ff30204fae6639d7c1dde9a1f11,0,511,2.093820810317993
S,29,a00,0,12,98aa6addc6d0697baff9ad72065efe34b866fb27cb0c3e094c328bb57b98cf2b,512,511,2.6085073947906494
S,29,a00,0,13,d6b58a86755a3af1a5a75d162cfd31bceb70ebe76d43dfd2b64d95def0331c1b,0,511,1.983035922050476
S,29,a00,0,14,c724dc11dc74fa10b6309922c9d014e010a88079d4ca2e3ca96ab091459b166e,0,511,2.4072680473327637
S,29,a00,0,15,aad6037cda830ea2edaf38a004ae82825aa4d21585b2c0f33197a34583613c19,3072,511,2.710698127746582
S,29,a00,0,16,b7140ecf1283718c8b44dd77fefc16ef15f5d7579ad3d6f1da94324d11081ab5,0,511,2.5901737213134766
S,29,a00,0,17,7c0883960fcd42892f41d565a6eb8675b26e6a7b184fa795ec1dea269c0d78f7,2560,511,3.110145092010498
S,29,a00,0,18,e461497c8cf9867275c7b0ab55899126e69b01926436f58a64e902baf22ad1d8,1024,511,2.9671683311462402
S,29,a00,0,19,d236bd424f8c1de8ba7570984678d98d021bd9f796117156ee8c848d8b9e20df,512,511,2.066295862197876
S,29,a00,0,20,b124bcdac530f87fa8b20ed6ba5af0bdc6e2e14fe6348e8e8d9aae3bbb14d7bf,1536,511,2.60909366607666
S,29,a00,0,21,398d9a5e65eb510a4b2165e08da91bc2e7a46f651fd4c2a7c82baca0e3f7c6f7,512,511,3.216306686401367
S,29,a00,0,22,398d4136fe8a7fe859af6d03e3be3e80b0a4a081aa81cad5dad14be6152fbb07,1024,511,2.7686922550201416
S,29,a00,0,23,27c7a212b1dd328e6abafa8ce17f190f047ff7bf7b13546651705123022fac2b,2048,511,2.7138512134552
S,29,a00,0,24,27e29aeb84cb9b2f80dc9061f35e33eb4710e31a4bda2e0ce985e2cb4c4af0d4,512,511,2.550745964050293
S,29,a00,0,25,a7ab0eebec8ed5155f1c0b6b257ae3e70464155e9540fc6cb19d9b21ce07adbe,0,511,2.2199783325195312
S,29,a00,0,26,87c73475752c7552f1b2dfb6631350662bd4d2392ea692266f7fd8d9d49255e6,5120,511,2.7044734954833984
S,29,a00,0,27,4dfcff9cdf6a84e7dc2d2f41f4beeb5bd4a850251f084dbb833319624ea2ba03,1536,511,2.9177634716033936
S,29,a00,0,28,c6a6c920ad14f9ced5cbb1a81a695ee0d1e0cec0886071763eca3b7609793f9a,512,511,3.0219717025756836
S,29,a00,0,29,602491df734b58909d0bdd64c12964094178660aa935fe328832f5ac7c783ce5,6656,511,3.0678489208221436
S,29,a00,0,30,3d3334d8bb76a4a5d2667fcaaf08e5519258c23da3c0ed35b0fb51ab7750456a,512,511,2.5823495388031006
S,29,a00,0,31,a5c6bb2784e438e57e6c21063b5631ad6159e98fd0fdde6f0f393b1a6ad1ec91,0,511,2.7480201721191406
S,29,a00,0,32,a75479aadac4ab0e14588bb3dbab971354b70cbb22f67008de6af0b25ce850de,6144,511,3.183826446533203
S,29,a00,0,33,81985a3b78086a93d7e6ae3ddda453bf5a959744e65bc05418fc1b56f5ec10ca,512,511,2.4795539379119873
S,29,a00,0,34,2362e3d4278d695e409c7b7ff1512062454f8d035bc9076dff42c632a29fb2ee,0,511,2.2497382164001465
S,29,a00,0,35,85cb58452e909342c236fc118e084fa9adcfddffc1ee3968baed9838eae6ef37,0,511,2.0690231323242188
S,29,a00,0,36,da80b33b4eb70c8d7b4c6a0fc009cedf34a39859057eb8700df906c788e6a4c8,0,511,2.4338505268096924
S,29,a00,0,37,2e3ac91c014b25eebddbb443aa8850683dfc0675b9fed2dc40ec8d5f64ec60d4,0,511,2.3385913372039795
S,29,a00,0,38,3210f7ea4f8c2a390b5fc7a519a58dd185dc01a5700b89f95e427e52d0e581c9,512,511,2.9367806911468506
S,29,a00,0,39,f5e1818470b34abce111d71989de48dff1e3e4ef0271749d38438e1b6693f635,1536,511,2.345109701156616
S,29,a00,0,40,3ce4586556ea72a70c76b9203dca8969adc500af610389007ec255f56b1e169e,1024,511,2.797081708908081
S,29,a00,0,41,7b804a7a99e4de2942ef98de42165dacd3e16b944e6a538d55df1f634a23d48e,4096,511,2.8691294193267822
S,29,a00,0,42,f6dd4f9c768666495fe711e166071758aa6c2d321def74a3ae211027ce199501,512,511,3.230074644088745
S,29,a00,0,43,31ed14bec015eaaefb165002eb17b020eeb35031b1a592aff7d981de7c6899b3,0,511,2.377998113632202
S,29,a00,0,44,b3ff1454cd3a072b015b88f94f6d6889d9c0bd745fc7a5433df7c0d43151854e,512,511,2.5953714847564697
S,29,a00,0,45,3ee074eadb149c8da6002c76352f4113d1c896c63c6c090fd621092749233d6a,8704,511,3.183049440383911
S,29,a00,0,46,5682e8596b594de16f03e38329a00d1bff4adee96204668f946a90f5292c8136,1024,511,2.836315631866455
S,29,a00,0,47,127630e33620c4206cd0e7ad6622f66b144b669ddf653964e56ce6654a7b32f0,3072,511,2.5033328533172607
S,29,a00,0,48,320f1288c0a9e6e7a3def263d7abab684526479abb06fc68e069fc1a9937c71d,1024,511,2.8003554344177246
S,29,a00,0,49,58ac024cd69aa321476709f7b1742c6523bf4fb12233b5b6f60d680c8fca8e8e,1536,511,2.7035892009735107
S,29,a00,0,50,4f84e7678dedadbb233b28e11c014c0798eadf77020a5a8fb4d017d12c99e86d,2560,511,2.1686959266662598
S,29,a00,0,51,99db37e631f9ef519733c8a72d003864c2701de3091cf19e9eba387054fdacac,512,511,3.086524724960327
S,29,a00,0,52,0627479429bdaca6ad2b61ecd03d5b65cd330b0351b5ff8f878978d7b00c4ab2,0,511,2.6186327934265137
S,29,a00,0,53,c1e3085f9b150f54416c89fdea9cdb29ceef7e5050e94af9eafe2053fffe3e64,3584,511,2.309652328491211
S,29,a00,0,54,0e6b290375d52c7b5c4cd74b4c7348611213caa15ca0e87d7f6426f9e0f86e04,2048,511,2.68628191947937
S,29,a00,0,55,16f297fd545d4a150c1908347430e076e51e3560238877a2eec2ac020b7d3bc9,3584,511,2.5766947269439697
S,29,a00,0,56,243408a375c7d0c1fda52538ba71d700e4d403fd2764c7491c7c1a9b7d7fd7a9,0,511,2.6589012145996094
S,29,a00,0,57,93133535594204a5a3625fc7b90ff6ad027dca329f0359370d232d4135e91bc1,512,511,2.426459789276123
S,29,a00,0,58,7c74fa4376b1168685d5d288b916d3317d340aad3044f88d5ca673b76d875d1c,1536,511,2.436845541000366
S,29,a00,0,59,447ea32f527637dcb6ef068962a2fabe21ec283698e144c45ed42c46e1b27772,0,511,2.732600688934326
S,29,a00,0,60,6db7dd742bd03a22121dc39ee8773c9afa1462f4efce21abbe54dc33c4285b1f,0,511,2.4240458011627197
S,29,a00,0,61,dc8a961be5dc24fc777b38869adf84cfc37bbe2f28514ceb0e344d39b7e01906,512,511,2.76084041595459
S,29,a00,0,62,3ca10415cf1f0bc4955c7ef0d186c8e93deb4aece0aaaa5fb553b43dfe5ad2aa,0,511,2.7031021118164062
S,29,a00,0,63,6e5c6769277c87aeaf9a4fd680fad1720ce04660f567befd8a9f8c68dde50f64,0,511,2.5242912769317627
S,29,a00,20,0,71ff58ca29d05bef3a99fb59512ec09404e49be906888dc3ea5409ce8a54beea,0,511,2.3668134212493896
S,29,a00,20,1,47ab999a2c488609314576fac2048b7f2a92afad8f7ca0326f23f648d515f167,1536,511,2.2440099716186523
S,29,a00,20,2,c6ff7382a150214656a5c5d777769384c99d3ce7764110fc98e07e5e48fddc7e,1024,511,2.526193141937256
S,29,a00,20,3,8739f77bc09e02e5783efc804080eff63b9ae7da7008a0e4c6412b47aa6da1c2,2048,511,2.5714168548583984
S,29,a00,20,4,a7f7a2250dd6f72080e21112d92bdfd639fcbe8a5a9effd80028c67d5dddd416,0,511,2.5126559734344482
S,29,a00,20,5,06cd6da2c73e993c43345dad24088c06b24d496ffc56f5f460b58cfa49d0f3df,0,511,1.6908460855484009
S,29,a00,20,6,3adf36bb00be5fa07541f544ce8642a56fcd3a01d456650deaabc83e91d791a1,1024,511,2.7367100715637207
S,29,a00,20,7,34c9eb07c804b8ee651c4da1ac1dd801fec51c064819632bd8f4f36bd685b8a1,1024,511,3.0572457313537598
S,29,a00,20,8,dcd008e03034d7dcffb4b6abd6aa6f0bfdf0a28ddd0b53dd37784e7c055f10bb,1536,511,2.468980312347412
S,29,a00,20,9,4f58c96286c7c0f0417ea817ca24cf1c2db4ad3d19fdcdcf46124511fbf05b3e,512,511,2.796189069747925
S,29,a00,20,10,7c5e18ef30b2c1c37d722f19397ccdf563e0428cdde5ff6b99a902d67975541f,5120,511,2.653803825378418
S,29,a00,20,11,47344d32192263b566ca14f66ce20553a4c76ff30204fae6639d7c1dde9a1f11,0,511,2.0477490425109863
S,29,a00,20,12,98aa6addc6d0697baff9ad72065efe34b866fb27cb0c3e094c328bb57b98cf2b,512,511,2.5732600688934326
S,29,a00,20,13,d6b58a86755a3af1a5a75d162cfd31bceb70ebe76d43dfd2b64d95def0331c1b,0,511,1.9141730070114136
S,29,a00,20,14,c724dc11dc74fa10b6309922c9d014e010a88079d4ca2e3ca96ab091459b166e,0,511,2.3589279651641846
S,29,a00,20,15,aad6037cda830ea2edaf38a004ae82825aa4d21585b2c0f33197a34583613c19,3072,511,2.6659820079803467
S,29,a00,20,16,b7140ecf1283718c8b44dd77fefc16ef15f5d7579ad3d6f1da94324d11081ab5,0,511,2.531205177307129
S,29,a00,20,17,7c0883960fcd42892f41d565a6eb8675b26e6a7b184fa795ec1dea269c0d78f7,2560,511,3.0669679641723633
S,29,a00,20,18,e461497c8cf9867275c7b0ab55899126e69b01926436f58a64e902baf22ad1d8,1024,511,2.904040575027466
S,29,a00,20,19,d236bd424f8c1de8ba7570984678d98d021bd9f796117156ee8c848d8b9e20df,512,511,2.0074660778045654
S,29,a00,20,20,b124bcdac530f87fa8b20ed6ba5af0bdc6e2e14fe6348e8e8d9aae3bbb14d7bf,1536,511,2.543281316757202
S,29,a00,20,21,398d9a5e65eb510a4b2165e08da91bc2e7a46f651fd4c2a7c82baca0e3f7c6f7,512,511,3.1597321033477783
S,29,a00,20,22,398d4136fe8a7fe859af6d03e3be3e80b0a4a081aa81cad5dad14be6152fbb07,1024,511,2.685938835144043
S,29,a00,20,23,27c7a212b1dd328e6abafa8ce17f190f047ff7bf7b13546651705123022fac2b,2048,511,2.6327707767486572
S,29,a00,20,24,27e29aeb84cb9b2f80dc9061f35e33eb4710e31a4bda2e0ce985e2cb4c4af0d4,512,511,2.5008866786956787
S,29,a00,20,25,a7ab0eebec8ed5155f1c0b6b257ae3e70464155e9540fc6cb19d9b21ce07adbe,0,511,2.1689467430114746
S,29,a00,20,26,87c73475752c7552f1b2dfb6631350662bd4d2392ea692266f7fd8d9d49255e6,5120,511,2.622730255126953
S,29,a00,20,27,4dfcff9cdf6a84e7dc2d2f41f4beeb5bd4a850251f084dbb833319624ea2ba03,1536,511,2.87284255027771
S,29,a00,20,28,c6a6c920ad14f9ced5cbb1a81a695ee0d1e0cec0886071763eca3b7609793f9a,512,511,2.97703218460083
S,29,a00,20,29,602491df734b58909d0bdd64c12964094178660aa935fe328832f5ac7c783ce5,6656,511,3.0456182956695557
S,29,a00,20,30,3d3334d8bb76a4a5d2667fcaaf08e5519258c23da3c0ed35b0fb51ab7750456a,512,511,2.5071797370910645
S,29,a00,20,31,a5c6bb2784e438e57e6c21063b5631ad6159e98fd0fdde6f0f393b1a6ad1ec91,0,511,2.679022789001465
S,29,a00,20,32,a75479aadac4ab0e14588bb3dbab971354b70cbb22f67008de6af0b25ce850de,6144,511,3.1264469623565674
S,29,a00,20,33,81985a3b78086a93d7e6ae3ddda453bf5a959744e65bc05418fc1b56f5ec10ca,512,511,2.4104487895965576
S,29,a00,20,34,2362e3d4278d695e409c7b7ff1512062454f8d035bc9076dff42c632a29fb2ee,0,511,2.178504705429077
S,29,a00,20,35,85cb58452e909342c236fc118e084fa9adcfddffc1ee3968baed9838eae6ef37,0,511,2.021677255630493
S,29,a00,20,36,da80b33b4eb70c8d7b4c6a0fc009cedf34a39859057eb8700df906c788e6a4c8,0,511,2.3815269470214844
S,29,a00,20,37,2e3ac91c014b25eebddbb443aa8850683dfc0675b9fed2dc40ec8d5f64ec60d4,0,511,2.2752532958984375
S,29,a00,20,38,3210f7ea4f8c2a390b5fc7a519a58dd185dc01a5700b89f95e427e52d0e581c9,512,511,2.8954617977142334
S,29,a00,20,39,f5e1818470b34abce111d71989de48dff1e3e4ef0271749d38438e1b6693f635,1536,511,2.2992630004882812
S,29,a00,20,40,3ce4586556ea72a70c76b9203dca8969adc500af610389007ec255f56b1e169e,1024,511,2.747474193572998
S,29,a00,20,41,7b804a7a99e4de2942ef98de42165dacd3e16b944e6a538d55df1f634a23d48e,4096,511,2.8421661853790283
S,29,a00,20,42,f6dd4f9c768666495fe711e166071758aa6c2d321def74a3ae211027ce199501,512,511,3.1707282066345215
S,29,a00,20,43,31ed14bec015eaaefb165002eb17b020eeb35031b1a592aff7d981de7c6899b3,0,511,2.3087100982666016
S,29,a00,20,44,b3ff1454cd3a072b015b88f94f6d6889d9c0bd745fc7a5433df7c0d43151854e,512,511,2.5592384338378906
S,29,a00,20,45,3ee074eadb149c8da6002c76352f4113d1c896c63c6c090fd621092749233d6a,8704,511,3.1386237144470215
S,29,a00,20,46,5682e8596b594de16f03e38329a00d1bff4adee96204668f946a90f5292c8136,1024,511,2.780400514602661
S,29,a00,20,47,127630e33620c4206cd0e7ad6622f66b144b669ddf653964e56ce6654a7b32f0,3072,511,2.4420623779296875
S,29,a00,20,48,320f1288c0a9e6e7a3def263d7abab684526479abb06fc68e069fc1a9937c71d,1024,511,2.734217882156372
S,29,a00,20,49,58ac024cd69aa321476709f7b1742c6523bf4fb12233b5b6f60d680c8fca8e8e,1536,511,2.67047381401062
S,29,a00,20,50,4f84e7678dedadbb233b28e11c014c0798eadf77020a5a8fb4d017d12c99e86d,2560,511,2.133659601211548
S,29,a00,20,51,99db37e631f9ef519733c8a72d003864c2701de3091cf19e9eba387054fdacac,512,511,3.0399200916290283
S,29,a00,20,52,0627479429bdaca6ad2b61ecd03d5b65cd330b0351b5ff8f878978d7b00c4ab2,0,511,2.5633533000946045
S,29,a00,20,53,c1e3085f9b150f54416c89fdea9cdb29ceef7e5050e94af9eafe2053fffe3e64,3584,511,2.258469581604004
S,29,a00,20,54,0e6b290375d52c7b5c4cd74b4c7348611213caa15ca0e87d7f6426f9e0f86e04,2048,511,2.6010806560516357
S,29,a00,20,55,16f297fd545d4a150c1908347430e076e51e3560238877a2eec2ac020b7d3bc9,3584,511,2.5235066413879395
S,29,a00,20,56,243408a375c7d0c1fda52538ba71d700e4d403fd2764c7491c7c1a9b7d7fd7a9,0,511,2.5884017944335938
S,29,a00,20,57,93133535594204a5a3625fc7b90ff6ad027dca329f0359370d232d4135e91bc1,512,511,2.391674757003784
S,29,a00,20,58,7c74fa4376b1168685d5d288b916d3317d340aad3044f88d5ca673b76d875d1c,1536,511,2.3693418502807617
S,29,a00,20,59,447ea32f527637dcb6ef068962a2fabe21ec283698e144c45ed42c46e1b27772,0,511,2.665682315826416
S,29,a00,20,60,6db7dd742bd03a22121dc39ee8773c9afa1462f4efce21abbe54dc33c4285b1f,0,511,2.364567995071411
S,29,a00,20,61,dc8a961be5dc24fc777b38869adf84cfc37bbe2f28514ceb0e344d39b7e01906,512,511,2.70125412940979
S,29,a00,20,62,3ca10415cf1f0bc4955c7ef0d186c8e93deb4aece0aaaa5fb553b43dfe5ad2aa,0,511,2.6511340141296387
S,29,a00,20,63,6e5c6769277c87aeaf9a4fd680fad1720ce04660f567befd8a9f8c68dde50f64,0,511,2.453767776489258
S,29,a00,50,0,71ff58ca29d05bef3a99fb59512ec09404e49be906888dc3ea5409ce8a54beea,0,511,2.2685000896453857
S,29,a00,50,1,47ab999a2c488609314576fac2048b7f2a92afad8f7ca0326f23f648d515f167,1536,511,2.1682615280151367
S,29,a00,50,2,c6ff7382a150214656a5c5d777769384c99d3ce7764110fc98e07e5e48fddc7e,1024,511,2.4532108306884766
S,29,a00,50,3,8739f77bc09e02e5783efc804080eff63b9ae7da7008a0e4c6412b47aa6da1c2,2048,511,2.452399969100952
S,29,a00,50,4,a7f7a2250dd6f72080e21112d92bdfd639fcbe8a5a9effd80028c67d5dddd416,0,511,2.440765142440796
S,29,a00,50,5,06cd6da2c73e993c43345dad24088c06b24d496ffc56f5f460b58cfa49d0f3df,0,511,1.577222228050232
S,29,a00,50,6,3adf36bb00be5fa07541f544ce8642a56fcd3a01d456650deaabc83e91d791a1,1024,511,2.604174852371216
S,29,a00,50,7,34c9eb07c804b8ee651c4da1ac1dd801fec51c064819632bd8f4f36bd685b8a1,1024,511,2.9656898975372314
S,29,a00,50,8,dcd008e03034d7dcffb4b6abd6aa6f0bfdf0a28ddd0b53dd37784e7c055f10bb,1536,511,2.331190586090088
S,29,a00,50,9,4f58c96286c7c0f0417ea817ca24cf1c2db4ad3d19fdcdcf46124511fbf05b3e,512,511,2.646735191345215
S,29,a00,50,10,7c5e18ef30b2c1c37d722f19397ccdf563e0428cdde5ff6b99a902d67975541f,5120,511,2.5227608680725098
S,29,a00,50,11,47344d32192263b566ca14f66ce20553a4c76ff30204fae6639d7c1dde9a1f11,0,511,1.9562031030654907
S,29,a00,50,12,98aa6addc6d0697baff9ad72065efe34b866fb27cb0c3e094c328bb57b98cf2b,512,511,2.481854200363159
S,29,a00,50,13,d6b58a86755a3af1a5a75d162cfd31bceb70ebe76d43dfd2b64d95def0331c1b,0,511,1.7698410749435425
S,29,a00,50,14,c724dc11dc74fa10b6309922c9d014e010a88079d4ca2e3ca96ab091459b166e,0,511,2.2266101837158203
S,29,a00,50,15,aad6037cda830ea2edaf38a004ae82825aa4d21585b2c0f33197a34583613c19,3072,511,2.6094510555267334
S,29,a00,50,16,b7140ecf1283718c8b44dd77fefc16ef15f5d7579ad3d6f1da94324d11081ab5,0,511,2.435209274291992
S,29,a00,50,17,7c0883960fcd42892f41d565a6eb8675b26e6a7b184fa795ec1dea269c0d78f7,2560,511,2.9698331356048584
S,29,a00,50,18,e461497c8cf9867275c7b0ab55899126e69b01926436f58a64e902baf22ad1d8,1024,511,2.780669927597046
S,29,a00,50,19,d236bd424f8c1de8ba7570984678d98d021bd9f796117156ee8c848d8b9e20df,512,511,1.9326239824295044
S,29,a00,50,20,b124bcdac530f87fa8b20ed6ba5af0bdc6e2e14fe6348e8e8d9aae3bbb14d7bf,1536,511,2.4354605674743652
S,29,a00,50,21,398d9a5e65eb510a4b2165e08da91bc2e7a46f651fd4c2a7c82baca0e3f7c6f7,512,511,3.0654125213623047
S,29,a00,50,22,398d4136fe8a7fe859af6d03e3be3e80b0a4a081aa81cad5dad14be6152fbb07,1024,511,2.537592887878418
S,29,a00,50,23,27c7a212b1dd328e6abafa8ce17f190f047ff7bf7b13546651705123022fac2b,2048,511,2.5428998470306396
S,29,a00,50,24,27e29aeb84cb9b2f80dc9061f35e33eb4710e31a4bda2e0ce985e2cb4c4af0d4,512,511,2.3563342094421387
S,29,a00,50,25,a7ab0eebec8ed5155f1c0b6b257ae3e70464155e9540fc6cb19d9b21ce07adbe,0,511,2.048905849456787
S,29,a00,50,26,87c73475752c7552f1b2dfb6631350662bd4d2392ea692266f7fd8d9d49255e6,5120,511,2.4917986392974854
S,29,a00,50,27,4dfcff9cdf6a84e7dc2d2f41f4beeb5bd4a850251f084dbb833319624ea2ba03,1536,511,2.781672716140747
S,29,a00,50,28,c6a6c920ad14f9ced5cbb1a81a695ee0d1e0cec0886071763eca3b7609793f9a,512,511,2.8305675983428955
S,29,a00,50,29,602491df734b58909d0bdd64c12964094178660aa935fe328832f5ac7c783ce5,6656,511,2.934887409210205
S,29,a00,50,30,3d3334d8bb76a4a5d2667fcaaf08e5519258c23da3c0ed35b0fb51ab7750456a,512,511,2.399625539779663
S,29,a00,50,31,a5c6bb2784e438e57e6c21063b5631ad6159e98fd0fdde6f0f393b1a6ad1ec91,0,511,2.5475943088531494
S,29,a00,50,32,a75479aadac4ab0e14588bb3dbab971354b70cbb22f67008de6af0b25ce850de,6144,511,3.01347017288208
S,29,a00,50,33,81985a3b78086a93d7e6ae3ddda453bf5a959744e65bc05418fc1b56f5ec10ca,512,511,2.290756940841675
S,29,a00,50,34,2362e3d4278d695e409c7b7ff1512062454f8d035bc9076dff42c632a29fb2ee,0,511,2.0826339721679688
S,29,a00,50,35,85cb58452e909342c236fc118e084fa9adcfddffc1ee3968baed9838eae6ef37,0,511,1.9129798412322998
S,29,a00,50,36,da80b33b4eb70c8d7b4c6a0fc009cedf34a39859057eb8700df906c788e6a4c8,0,511,2.2887258529663086
S,29,a00,50,37,2e3ac91c014b25eebddbb443aa8850683dfc0675b9fed2dc40ec8d5f64ec60d4,0,511,2.145397663116455
S,29,a00,50,38,3210f7ea4f8c2a390b5fc7a519a58dd185dc01a5700b89f95e427e52d0e581c9,512,511,2.8136911392211914
S,29,a00,50,39,f5e1818470b34abce111d71989de48dff1e3e4ef0271749d38438e1b6693f635,1536,511,2.2211129665374756
S,29,a00,50,40,3ce4586556ea72a70c76b9203dca8969adc500af610389007ec255f56b1e169e,1024,511,2.667137861251831
S,29,a00,50,41,7b804a7a99e4de2942ef98de42165dacd3e16b944e6a538d55df1f634a23d48e,4096,511,2.7574784755706787
S,29,a00,50,42,f6dd4f9c768666495fe711e166071758aa6c2d321def74a3ae211027ce199501,512,511,3.092777729034424
S,29,a00,50,43,31ed14bec015eaaefb165002eb17b020eeb35031b1a592aff7d981de7c6899b3,0,511,2.2490341663360596
S,29,a00,50,44,b3ff1454cd3a072b015b88f94f6d6889d9c0bd745fc7a5433df7c0d43151854e,512,511,2.477189064025879
S,29,a00,50,45,3ee074eadb149c8da6002c76352f4113d1c896c63c6c090fd621092749233d6a,8704,511,3.066570520401001
S,29,a00,50,46,5682e8596b594de16f03e38329a00d1bff4adee96204668f946a90f5292c8136,1024,511,2.6791679859161377
S,29,a00,50,47,127630e33620c4206cd0e7ad6622f66b144b669ddf653964e56ce6654a7b32f0,3072,511,2.3290505409240723
S,29,a00,50,48,320f1288c0a9e6e7a3def263d7abab684526479abb06fc68e069fc1a9937c71d,1024,511,2.582258939743042
S,29,a00,50,49,58ac024cd69aa321476709f7b1742c6523bf4fb12233b5b6f60d680c8fca8e8e,1536,511,2.613511562347412
S,29,a00,50,50,4f84e7678dedadbb233b28e11c014c0798eadf77020a5a8fb4d017d12c99e86d,2560,511,2.0674564838409424
S,29,a00,50,51,99db37e631f9ef519733c8a72d003864c2701de3091cf19e9eba387054fdacac,512,511,2.950349807739258
S,29,a00,50,52,0627479429bdaca6ad2b61ecd03d5b65cd330b0351b5ff8f878978d7b00c4ab2,0,511,2.427884578704834
S,29,a00,50,53,c1e3085f9b150f54416c89fdea9cdb29ceef7e5050e94af9eafe2053fffe3e64,3584,511,2.1374881267547607
S,29,a00,50,54,0e6b290375d52c7b5c4cd74b4c7348611213caa15ca0e87d7f6426f9e0f86e04,2048,511,2.4874892234802246
S,29,a00,50,55,16f297fd545d4a150c1908347430e076e51e3560238877a2eec2ac020b7d3bc9,3584,511,2.4001829624176025
S,29,a00,50,56,243408a375c7d0c1fda52538ba71d700e4d403fd2764c7491c7c1a9b7d7fd7a9,0,511,2.4579854011535645
S,29,a00,50,57,93133535594204a5a3625fc7b90ff6ad027dca329f0359370d232d4135e91bc1,512,511,2.2809767723083496
S,29,a00,50,58,7c74fa4376b1168685d5d288b916d3317d340aad3044f88d5ca673b76d875d1c,1536,511,2.266702890396118
S,29,a00,50,59,447ea32f527637dcb6ef068962a2fabe21ec283698e144c45ed42c46e1b27772,0,511,2.535548448562622
S,29,a00,50,60,6db7dd742bd03a22121dc39ee8773c9afa1462f4efce21abbe54dc33c4285b1f,0,511,2.2681190967559814
S,29,a00,50,61,dc8a961be5dc24fc777b38869adf84cfc37bbe2f28514ceb0e344d39b7e01906,512,511,2.573796510696411
S,29,a00,50,62,3ca10415cf1f0bc4955c7ef0d186c8e93deb4aece0aaaa5fb553b43dfe5ad2aa,0,511,2.579735040664673
S,29,a00,50,63,6e5c6769277c87aeaf9a4fd680fad1720ce04660f567befd8a9f8c68dde50f64,0,511,2.3402462005615234
S,29,a00,100,0,71ff58ca29d05bef3a99fb59512ec09404e49be906888dc3ea5409ce8a54beea,0,511,2.1767961978912354
S,29,a00,100,1,47ab999a2c488609314576fac2048b7f2a92afad8f7ca0326f23f648d515f167,1536,511,2.082369327545166
S,29,a00,100,2,c6ff7382a150214656a5c5d777769384c99d3ce7764110fc98e07e5e48fddc7e,1024,511,2.3780882358551025
S,29,a00,100,3,8739f77bc09e02e5783efc804080eff63b9ae7da7008a0e4c6412b47aa6da1c2,2048,511,2.3623151779174805
S,29,a00,100,4,a7f7a2250dd6f72080e21112d92bdfd639fcbe8a5a9effd80028c67d5dddd416,0,511,2.376343011856079
S,29,a00,100,5,06cd6da2c73e993c43345dad24088c06b24d496ffc56f5f460b58cfa49d0f3df,0,511,1.517695665359497
S,29,a00,100,6,3adf36bb00be5fa07541f544ce8642a56fcd3a01d456650deaabc83e91d791a1,1024,511,2.4519872665405273
S,29,a00,100,7,34c9eb07c804b8ee651c4da1ac1dd801fec51c064819632bd8f4f36bd685b8a1,1024,511,2.8401594161987305
S,29,a00,100,8,dcd008e03034d7dcffb4b6abd6aa6f0bfdf0a28ddd0b53dd37784e7c055f10bb,1536,511,2.218630313873291
S,29,a00,100,9,4f58c96286c7c0f0417ea817ca24cf1c2db4ad3d19fdcdcf46124511fbf05b3e,512,511,2.526306629180908
S,29,a00,100,10,7c5e18ef30b2c1c37d722f19397ccdf563e0428cdde5ff6b99a902d67975541f,5120,511,2.4414522647857666
S,29,a00,100,11,47344d32192263b566ca14f66ce20553a4c76ff30204fae6639d7c1dde9a1f11,0,511,1.8893905878067017
S,29,a00,100,12,98aa6addc6d0697baff9ad72065efe34b866fb27cb0c3e094c328bb57b98cf2b,512,511,2.4496991634368896
S,29,a00,100,13,d6b58a86755a3af1a5a75d162cfd31bceb70ebe76d43dfd2b64d95def0331c1b,0,511,1.6531589031219482
S,29,a00,100,14,c724dc11dc74fa10b6309922c9d014e010a88079d4ca2e3ca96ab091459b166e,0,511,2.08676815032959
S,29,a00,100,15,aad6037cda830ea2edaf38a004ae82825aa4d21585b2c0f33197a34583613c19,3072,511,2.5112385749816895
S,29,a00,100,16,b7140ecf1283718c8b44dd77fefc16ef15f5d7579ad3d6f1da94324d11081ab5,0,511,2.3698549270629883
S,29,a00,100,17,7c0883960fcd42892f41d565a6eb8675b26e6a7b184fa795ec1dea269c0d78f7,2560,511,2.9068124294281006
S,29,a00,100,18,e461497c8cf9867275c7b0ab55899126e69b01926436f58a64e902baf22ad1d8,1024,511,2.7175981998443604
S,29,a00,100,19,d236bd424f8c1de8ba7570984678d98d021bd9f796117156ee8c848d8b9e20df,512,511,1.8085365295410156
S,29,a00,100,20,b124bcdac530f87fa8b20ed6ba5af0bdc6e2e14fe6348e8e8d9aae3bbb14d7bf,1536,511,2.3600523471832275
S,29,a00,100,21,398d9a5e65eb510a4b2165e08da91bc2e7a46f651fd4c2a7c82baca0e3f7c6f7,512,511,2.9798147678375244
S,29,a00,100,22,398d4136fe8a7fe859af6d03e3be3e80b0a4a081aa81cad5dad14be6152fbb07,1024,511,2.4380784034729004
S,29,a00,100,23,27c7a212b1dd328e6abafa8ce17f190f047ff7bf7b13546651705123022fac2b,2048,511,2.4423489570617676
S,29,a00,100,24,27e29aeb84cb9b2f80dc9061f35e33eb4710e31a4bda2e0ce985e2cb4c4af0d4,512,511,2.267789125442505
S,29,a00,100,25,a7ab0eebec8ed5155f1c0b6b257ae3e70464155e9540fc6cb19d9b21ce07adbe,0,511,1.9457125663757324
S,29,a00,100,26,87c73475752c7552f1b2dfb6631350662bd4d2392ea692266f7fd8d9d49255e6,5120,511,2.43371319770813
S,29,a00,100,27,4dfcff9cdf6a84e7dc2d2f41f4beeb5bd4a850251f084dbb833319624ea2ba03,1536,511,2.650181531906128
S,29,a00,100,28,c6a6c920ad14f9ced5cbb1a81a695ee0d1e0cec0886071763eca3b7609793f9a,512,511,2.7241013050079346
S,29,a00,100,29,602491df734b58909d0bdd64c12964094178660aa935fe328832f5ac7c783ce5,6656,511,2.861602783203125
S,29,a00,100,30,3d3334d8bb76a4a5d2667fcaaf08e5519258c23da3c0ed35b0fb51ab7750456a,512,511,2.2869482040405273
S,29,a00,100,31,a5c6bb2784e438e57e6c21063b5631ad6159e98fd0fdde6f0f393b1a6ad1ec91,0,511,2.4084486961364746
S,29,a00,100,32,a75479aadac4ab0e14588bb3dbab971354b70cbb22f67008de6af0b25ce850de,6144,511,2.9719414710998535
S,29,a00,100,33,81985a3b78086a93d7e6ae3ddda453bf5a959744e65bc05418fc1b56f5ec10ca,512,511,2.2065627574920654
S,29,a00,100,34,2362e3d4278d695e409c7b7ff1512062454f8d035bc9076dff42c632a29fb2ee,0,511,1.978563666343689
S,29,a00,100,35,85cb58452e909342c236fc118e084fa9adcfddffc1ee3968baed9838eae6ef37,0,511,1.8278509378433228
S,29,a00,100,36,da80b33b4eb70c8d7b4c6a0fc009cedf34a39859057eb8700df906c788e6a4c8,0,511,2.1799092292785645
S,29,a00,100,37,2e3ac91c014b25eebddbb443aa8850683dfc0675b9fed2dc40ec8d5f64ec60d4,0,511,2.0503878593444824
S,29,a00,100,38,3210f7ea4f8c2a390b5fc7a519a58dd185dc01a5700b89f95e427e52d0e581c9,512,511,2.7063586711883545
S,29,a00,100,39,f5e1818470b34abce111d71989de48dff1e3e4ef0271749d38438e1b6693f635,1536,511,2.145005941390991
S,29,a00,100,40,3ce4586556ea72a70c76b9203dca8969adc500af610389007ec255f56b1e169e,1024,511,2.5412678718566895
S,29,a00,100,41,7b804a7a99e4de2942ef98de42165dacd3e16b944e6a538d55df1f634a23d48e,4096,511,2.675283908843994
S,29,a00,100,42,f6dd4f9c768666495fe711e166071758aa6c2d321def74a3ae211027ce199501,512,511,2.993452548980713
S,29,a00,100,43,31ed14bec015eaaefb165002eb17b020eeb35031b1a592aff7d981de7c6899b3,0,511,2.1655542850494385
S,29,a00,100,44,b3ff1454cd3a072b015b88f94f6d6889d9c0bd745fc7a5433df7c0d43151854e,512,511,2.3862063884735107
S,29,a00,100,45,3ee074eadb149c8da6002c76352f4113d1c896c63c6c090fd621092749233d6a,8704,511,2.9627420902252197
S,29,a00,100,46,5682e8596b594de16f03e38329a00d1bff4adee96204668f946a90f5292c8136,1024,511,2.6617605686187744
S,29,a00,100,47,127630e33620c4206cd0e7ad6622f66b144b669ddf653964e56ce6654a7b32f0,3072,511,2.2282752990722656
S,29,a00,100,48,320f1288c0a9e6e7a3def263d7abab684526479abb06fc68e069fc1a9937c71d,1024,511,2.4653046131134033
S,29,a00,100,49,58ac024cd69aa321476709f7b1742c6523bf4fb12233b5b6f60d680c8fca8e8e,1536,511,2.545048713684082
S,29,a00,100,50,4f84e7678dedadbb233b28e11c014c0798eadf77020a5a8fb4d017d12c99e86d,2560,511,1.9844244718551636
S,29,a00,100,51,99db37e631f9ef519733c8a72d003864c2701de3091cf19e9eba387054fdacac,512,511,2.8978936672210693
S,29,a00,100,52,0627479429bdaca6ad2b61ecd03d5b65cd330b0351b5ff8f878978d7b00c4ab2,0,511,2.3130459785461426
S,29,a00,100,53,c1e3085f9b150f54416c89fdea9cdb29ceef7e5050e94af9eafe2053fffe3e64,3584,511,2.0380420684814453
S,29,a00,100,54,0e6b290375d52c7b5c4cd74b4c7348611213caa15ca0e87d7f6426f9e0f86e04,2048,511,2.403564453125
S,29,a00,100,55,16f297fd545d4a150c1908347430e076e51e3560238877a2eec2ac020b7d3bc9,3584,511,2.3073182106018066
S,29,a00,100,56,243408a375c7d0c1fda52538ba71d700e4d403fd2764c7491c7c1a9b7d7fd7a9,0,511,2.318721055984497
S,29,a00,100,57,93133535594204a5a3625fc7b90ff6ad027dca329f0359370d232d4135e91bc1,512,511,2.1152589321136475
S,29,a00,100,58,7c74fa4376b1168685d5d288b916d3317d340aad3044f88d5ca673b76d875d1c,1536,511,2.177464723587036
S,29,a00,100,59,447ea32f527637dcb6ef068962a2fabe21ec283698e144c45ed42c46e1b27772,0,511,2.434508800506592
S,29,a00,100,60,6db7dd742bd03a22121dc39ee8773c9afa1462f4efce21abbe54dc33c4285b1f,0,511,2.1808950901031494
S,29,a00,100,61,dc8a961be5dc24fc777b38869adf84cfc37bbe2f28514ceb0e344d39b7e01906,512,511,2.4724509716033936
S,29,a00,100,62,3ca10415cf1f0bc4955c7ef0d186c8e93deb4aece0aaaa5fb553b43dfe5ad2aa,0,511,2.483928918838501
S,29,a00,100,63,6e5c6769277c87aeaf9a4fd680fad1720ce04660f567befd8a9f8c68dde50f64,0,511,2.210670232772827
S,29,a01,0,0,71ff58ca29d05bef3a99fb59512ec09404e49be906888dc3ea5409ce8a54beea,0,511,2.504286289215088
S,29,a01,0,1,47ab999a2c488609314576fac2048b7f2a92afad8f7ca0326f23f648d515f167,1536,511,2.346066951751709
S,29,a01,0,2,c6ff7382a150214656a5c5d777769384c99d3ce7764110fc98e07e5e48fddc7e,1024,511,2.8118538856506348
S,29,a01,0,3,8739f77bc09e02e5783efc804080eff63b9ae7da7008a0e4c6412b47aa6da1c2,2048,511,2.705836296081543
S,29,a01,0,4,a7f7a2250dd6f72080e21112d92bdfd639fcbe8a5a9effd80028c67d5dddd416,0,511,2.573514699935913
S,29,a01,0,5,06cd6da2c73e993c43345dad24088c06b24d496ffc56f5f460b58cfa49d0f3df,0,511,1.8424214124679565
S,29,a01,0,6,3adf36bb00be5fa07541f544ce8642a56fcd3a01d456650deaabc83e91d791a1,1024,511,2.9927308559417725
S,29,a01,0,7,34c9eb07c804b8ee651c4da1ac1dd801fec51c064819632bd8f4f36bd685b8a1,1024,511,3.3297901153564453
S,29,a01,0,8,dcd008e03034d7dcffb4b6abd6aa6f0bfdf0a28ddd0b53dd37784e7c055f10bb,1536,511,2.611675977706909
S,29,a01,0,9,4f58c96286c7c0f0417ea817ca24cf1c2db4ad3d19fdcdcf46124511fbf05b3e,512,511,2.9385986328125
S,29,a01,0,10,7c5e18ef30b2c1c37d722f19397ccdf563e0428cdde5ff6b99a902d67975541f,5120,511,2.908459186553955
S,29,a01,0,11,47344d32192263b566ca14f66ce20553a4c76ff30204fae6639d7c1dde9a1f11,0,511,2.138303279876709
S,29,a01,0,12,98aa6addc6d0697baff9ad72065efe34b866fb27cb0c3e094c328bb57b98cf2b,512,511,2.8003435134887695
S,29,a01,0,13,d6b58a86755a3af1a5a75d162cfd31bceb70ebe76d43dfd2b64d95def0331c1b,0,511,2.045605182647705
S,29,a01,0,14,c724dc11dc74fa10b6309922c9d014e010a88079d4ca2e3ca96ab091459b166e,0,511,2.4437921047210693
S,29,a01,0,15,aad6037cda830ea2edaf38a004ae82825aa4d21585b2c0f33197a34583613c19,3072,511,2.880967617034912
S,29,a01,0,16,b7140ecf1283718c8b44dd77fefc16ef15f5d7579ad3d6f1da94324d11081ab5,0,511,2.5964457988739014
S,29,a01,0,17,7c0883960fcd42892f41d565a6eb8675b26e6a7b184fa795ec1dea269c0d78f7,2560,511,3.24718976020813
S,29,a01,0,18,e461497c8cf9867275c7b0ab55899126e69b01926436f58a64e902baf22ad1d8,1024,511,2.9551429748535156
S,29,a01,0,19,d236bd424f8c1de8ba7570984678d98d021bd9f796117156ee8c848d8b9e20df,512,511,2.3188202381134033
S,29,a01,0,20,b124bcdac530f87fa8b20ed6ba5af0bdc6e2e14fe6348e8e8d9aae3bbb14d7bf,1536,511,2.708704710006714
S,29,a01,0,21,398d9a5e65eb510a4b2165e08da91bc2e7a46f651fd4c2a7c82baca0e3f7c6f7,512,511,3.3951525688171387
S,29,a01,0,22,398d4136fe8a7fe859af6d03e3be3e80b0a4a081aa81cad5dad14be6152fbb07,1024,511,2.796410083770752
S,29,a01,0,23,27c7a212b1dd328e6abafa8ce17f190f047ff7bf7b13546651705123022fac2b,2048,511,2.783212661743164
S,29,a01,0,24,27e29aeb84cb9b2f80dc9061f35e33eb4710e31a4bda2e0ce985e2cb4c4af0d4,512,511,2.7344095706939697
S,29,a01,0,25,a7ab0eebec8ed5155f1c0b6b257ae3e70464155e9540fc6cb19d9b21ce07adbe,0,511,2.3409676551818848
S,29,a01,0,26,87c73475752c7552f1b2dfb6631350662bd4d2392ea692266f7fd8d9d49255e6,5120,511,2.826406955718994
S,29,a01,0,27,4dfcff9cdf6a84e7dc2d2f41f4beeb5bd4a850251f084dbb833319624ea2ba03,1536,511,3.053370237350464
S,29,a01,0,28,c6a6c920ad14f9ced5cbb1a81a695ee0d1e0cec0886071763eca3b7609793f9a,512,511,3.065304756164551
S,29,a01,0,29,602491df734b58909d0bdd64c12964094178660aa935fe328832f5ac7c783ce5,6656,511,3.1506235599517822
S,29,a01,0,30,3d3334d8bb76a4a5d2667fcaaf08e5519258c23da3c0ed35b0fb51ab7750456a,512,511,2.707123279571533
S,29,a01,0,31,a5c6bb2784e438e57e6c21063b5631ad6159e98fd0fdde6f0f393b1a6ad1ec91,0,511,2.7905821800231934
S,29,a01,0,32,a75479aadac4ab0e14588bb3dbab971354b70cbb22f67008de6af0b25ce850de,6144,511,3.2548828125
S,29,a01,0,33,81985a3b78086a93d7e6ae3ddda453bf5a959744e65bc05418fc1b56f5ec10ca,512,511,2.5929572582244873
S,29,a01,0,34,2362e3d4278d695e409c7b7ff1512062454f8d035bc9076dff42c632a29fb2ee,0,511,2.3593831062316895
S,29,a01,0,35,85cb58452e909342c236fc118e084fa9adcfddffc1ee3968baed9838eae6ef37,0,511,2.177145004272461
S,29,a01,0,36,da80b33b4eb70c8d7b4c6a0fc009cedf34a39859057eb8700df906c788e6a4c8,0,511,2.5155906677246094
S,29,a01,0,37,2e3ac91c014b25eebddbb443aa8850683dfc0675b9fed2dc40ec8d5f64ec60d4,0,511,2.382197856903076
S,29,a01,0,38,3210f7ea4f8c2a390b5fc7a519a58dd185dc01a5700b89f95e427e52d0e581c9,512,511,3.0330092906951904
S,29,a01,0,39,f5e1818470b34abce111d71989de48dff1e3e4ef0271749d38438e1b6693f635,1536,511,2.3573415279388428
S,29,a01,0,40,3ce4586556ea72a70c76b9203dca8969adc500af610389007ec255f56b1e169e,1024,511,2.903287410736084
S,29,a01,0,41,7b804a7a99e4de2942ef98de42165dacd3e16b944e6a538d55df1f634a23d48e,4096,511,2.9604382514953613
S,29,a01,0,42,f6dd4f9c768666495fe711e166071758aa6c2d321def74a3ae211027ce199501,512,511,3.299974203109741
S,29,a01,0,43,31ed14bec015eaaefb165002eb17b020eeb35031b1a592aff7d981de7c6899b3,0,511,2.460893392562866
S,29,a01,0,44,b3ff1454cd3a072b015b88f94f6d6889d9c0bd745fc7a5433df7c0d43151854e,512,511,2.73396897315979
S,29,a01,0,45,3ee074eadb149c8da6002c76352f4113d1c896c63c6c090fd621092749233d6a,8704,511,3.3782083988189697
S,29,a01,0,46,5682e8596b594de16f03e38329a00d1bff4adee96204668f946a90f5292c8136,1024,511,3.1280577182769775
S,29,a01,0,47,127630e33620c4206cd0e7ad6622f66b144b669ddf653964e56ce6654a7b32f0,3072,511,2.5866706371307373
S,29,a01,0,48,320f1288c0a9e6e7a3def263d7abab684526479abb06fc68e069fc1a9937c71d,1024,511,2.941599130630493
S,29,a01,0,49,58ac024cd69aa321476709f7b1742c6523bf4fb12233b5b6f60d680c8fca8e8e,1536,511,2.772897720336914
S,29,a01,0,50,4f84e7678dedadbb233b28e11c014c0798eadf77020a5a8fb4d017d12c99e86d,2560,511,2.330540418624878
S,29,a01,0,51,99db37e631f9ef519733c8a72d003864c2701de3091cf19e9eba387054fdacac,512,511,3.167950391769409
S,29,a01,0,52,0627479429bdaca6ad2b61ecd03d5b65cd330b0351b5ff8f878978d7b00c4ab2,0,511,2.5851728916168213
S,29,a01,0,53,c1e3085f9b150f54416c89fdea9cdb29ceef7e5050e94af9eafe2053fffe3e64,3584,511,2.4361798763275146
S,29,a01,0,54,0e6b290375d52c7b5c4cd74b4c7348611213caa15ca0e87d7f6426f9e0f86e04,2048,511,2.7460875511169434
S,29,a01,0,55,16f297fd545d4a150c1908347430e076e51e3560238877a2eec2ac020b7d3bc9,3584,511,2.706282615661621
S,29,a01,0,56,243408a375c7d0c1fda52538ba71d700e4d403fd2764c7491c7c1a9b7d7fd7a9,0,511,2.673755407333374
S,29,a01,0,57,93133535594204a5a3625fc7b90ff6ad027dca329f0359370d232d4135e91bc1,512,511,2.565225124359131
S,29,a01,0,58,7c74fa4376b1168685d5d288b916d3317d340aad3044f88d5ca673b76d875d1c,1536,511,2.458932876586914
S,29,a01,0,59,447ea32f527637dcb6ef068962a2fabe21ec283698e144c45ed42c46e1b27772,0,511,2.77108097076416
S,29,a01,0,60,6db7dd742bd03a22121dc39ee8773c9afa1462f4efce21abbe54dc33c4285b1f,0,511,2.514112949371338
S,29,a01,0,61,dc8a961be5dc24fc777b38869adf84cfc37bbe2f28514ceb0e344d39b7e01906,512,511,2.8581464290618896
S,29,a01,0,62,3ca10415cf1f0bc4955c7ef0d186c8e93deb4aece0aaaa5fb553b43dfe5ad2aa,0,511,2.8200669288635254
S,29,a01,0,63,6e5c6769277c87aeaf9a4fd680fad1720ce04660f567befd8a9f8c68dde50f64,0,511,2.6942851543426514
S,29,a01,20,0,71ff58ca29d05bef3a99fb59512ec09404e49be906888dc3ea5409ce8a54beea,0,511,2.4576900005340576
S,29,a01,20,1,47ab999a2c488609314576fac2048b7f2a92afad8f7ca0326f23f648d515f167,1536,511,2.307345390319824
S,29,a01,20,2,c6ff7382a150214656a5c5d777769384c99d3ce7764110fc98e07e5e48fddc7e,1024,511,2.761509656906128
S,29,a01,20,3,8739f77bc09e02e5783efc804080eff63b9ae7da7008a0e4c6412b47aa6da1c2,2048,511,2.6391441822052
S,29,a01,20,4,a7f7a2250dd6f72080e21112d92bdfd639fcbe8a5a9effd80028c67d5dddd416,0,511,2.5171351432800293
S,29,a01,20,5,06cd6da2c73e993c43345dad24088c06b24d496ffc56f5f460b58cfa49d0f3df,0,511,1.7779572010040283
S,29,a01,20,6,3adf36bb00be5fa07541f544ce8642a56fcd3a01d456650deaabc83e91d791a1,1024,511,2.93216872215271
S,29,a01,20,7,34c9eb07c804b8ee651c4da1ac1dd801fec51c064819632bd8f4f36bd685b8a1,1024,511,3.249075174331665
S,29,a01,20,8,dcd008e03034d7dcffb4b6abd6aa6f0bfdf0a28ddd0b53dd37784e7c055f10bb,1536,511,2.5278048515319824
S,29,a01,20,9,4f58c96286c7c0f0417ea817ca24cf1c2db4ad3d19fdcdcf46124511fbf05b3e,512,511,2.885706901550293
S,29,a01,20,10,7c5e18ef30b2c1c37d722f19397ccdf563e0428cdde5ff6b99a902d67975541f,5120,511,2.824334144592285
S,29,a01,20,11,47344d32192263b566ca14f66ce20553a4c76ff30204fae6639d7c1dde9a1f11,0,511,2.0895450115203857
S,29,a01,20,12,98aa6addc6d0697baff9ad72065efe34b866fb27cb0c3e094c328bb57b98cf2b,512,511,2.7235357761383057
S,29,a01,20,13,d6b58a86755a3af1a5a75d162cfd31bceb70ebe76d43dfd2b64d95def0331c1b,0,511,1.9753696918487549
S,29,a01,20,14,c724dc11dc74fa10b6309922c9d014e010a88079d4ca2e3ca96ab091459b166e,0,511,2.393272876739502
S,29,a01,20,15,aad6037cda830ea2edaf38a004ae82825aa4d21585b2c0f33197a34583613c19,3072,511,2.833955764770508
S,29,a01,20,16,b7140ecf1283718c8b44dd77fefc16ef15f5d7579ad3d6f1da94324d11081ab5,0,511,2.548696279525757
S,29,a01,20,17,7c0883960fcd42892f41d565a6eb8675b26e6a7b184fa795ec1dea269c0d78f7,2560,511,3.184539318084717
S,29,a01,20,18,e461497c8cf9867275c7b0ab55899126e69b01926436f58a64e902baf22ad1d8,1024,511,2.908418893814087
S,29,a01,20,19,d236bd424f8c1de8ba7570984678d98d021bd9f796117156ee8c848d8b9e20df,512,511,2.2575771808624268
S,29,a01,20,20,b124bcdac530f87fa8b20ed6ba5af0bdc6e2e14fe6348e8e8d9aae3bbb14d7bf,1536,511,2.636089563369751
S,29,a01,20,21,398d9a5e65eb510a4b2165e08da91bc2e7a46f651fd4c2a7c82baca0e3f7c6f7,512,511,3.329807996749878
S,29,a01,20,22,398d4136fe8a7fe859af6d03e3be3e80b0a4a081aa81cad5dad14be6152fbb07,1024,511,2.733046531677246
S,29,a01,20,23,27c7a212b1dd328e6abafa8ce17f190f047ff7bf7b13546651705123022fac2b,2048,511,2.6948130130767822
S,29,a01,20,24,27e29aeb84cb9b2f80dc9061f35e33eb4710e31a4bda2e0ce985e2cb4c4af0d4,512,511,2.653257131576538
S,29,a01,20,25,a7ab0eebec8ed5155f1c0b6b257ae3e70464155e9540fc6cb19d9b21ce07adbe,0,511,2.2710440158843994
S,29,a01,20,26,87c73475752c7552f1b2dfb6631350662bd4d2392ea692266f7fd8d9d49255e6,5120,511,2.7635090351104736
S,29,a01,20,27,4dfcff9cdf6a84e7dc2d2f41f4beeb5bd4a850251f084dbb833319624ea2ba03,1536,511,2.9894237518310547
S,29,a01,20,28,c6a6c920ad14f9ced5cbb1a81a695ee0d1e0cec0886071763eca3b7609793f9a,512,511,3.0103607177734375
S,29,a01,20,29,602491df734b58909d0bdd64c12964094178660aa935fe328832f5ac7c783ce5,6656,511,3.095266342163086
S,29,a01,20,30,3d3334d8bb76a4a5d2667fcaaf08e5519258c23da3c0ed35b0fb51ab7750456a,512,511,2.648236036300659
S,29,a01,20,31,a5c6bb2784e438e57e6c21063b5631ad6159e98fd0fdde6f0f393b1a6ad1ec91,0,511,2.7117929458618164
S,29,a01,20,32,a75479aadac4ab0e14588bb3dbab971354b70cbb22f67008de6af0b25ce850de,6144,511,3.2022643089294434
S,29,a01,20,33,81985a3b78086a93d7e6ae3ddda453bf5a959744e65bc05418fc1b56f5ec10ca,512,511,2.5036020278930664
S,29,a01,20,34,2362e3d4278d695e409c7b7ff1512062454f8d035bc9076dff42c632a29fb2ee,0,511,2.2995615005493164
S,29,a01,20,35,85cb58452e909342c236fc118e084fa9adcfddffc1ee3968baed9838eae6ef37,0,511,2.111359119415283
S,29,a01,20,36,da80b33b4eb70c8d7b4c6a0fc009cedf34a39859057eb8700df906c788e6a4c8,0,511,2.461915969848633
S,29,a01,20,37,2e3ac91c014b25eebddbb443aa8850683dfc0675b9fed2dc40ec8d5f64ec60d4,0,511,2.306708335876465
S,29,a01,20,38,3210f7ea4f8c2a390b5fc7a519a58dd185dc01a5700b89f95e427e52d0e581c9,512,511,2.9806084632873535
S,29,a01,20,39,f5e1818470b34abce111d71989de48dff1e3e4ef0271749d38438e1b6693f635,1536,511,2.32144832611084
S,29,a01,20,40,3ce4586556ea72a70c76b9203dca8969adc500af610389007ec255f56b1e169e,1024,511,2.8278868198394775
S,29,a01,20,41,7b804a7a99e4de2942ef98de42165dacd3e16b944e6a538d55df1f634a23d48e,4096,511,2.924142837524414
S,29,a01,20,42,f6dd4f9c768666495fe711e166071758aa6c2d321def74a3ae211027ce199501,512,511,3.249668598175049
S,29,a01,20,43,31ed14bec015eaaefb165002eb17b020eeb35031b1a592aff7d981de7c6899b3,0,511,2.3983654975891113
S,29,a01,20,44,b3ff1454cd3a072b015b88f94f6d6889d9c0bd745fc7a5433df7c0d43151854e,512,511,2.684828758239746
S,29,a01,20,45,3ee074eadb149c8da6002c76352f4113d1c896c63c6c090fd621092749233d6a,8704,511,3.3216023445129395
S,29,a01,20,46,5682e8596b594de16f03e38329a00d1bff4adee96204668f946a90f5292c8136,1024,511,3.070513963699341
S,29,a01,20,47,127630e33620c4206cd0e7ad6622f66b144b669ddf653964e56ce6654a7b32f0,3072,511,2.5102853775024414
S,29,a01,20,48,320f1288c0a9e6e7a3def263d7abab684526479abb06fc68e069fc1a9937c71d,1024,511,2.8700225353240967
S,29,a01,20,49,58ac024cd69aa321476709f7b1742c6523bf4fb12233b5b6f60d680c8fca8e8e,1536,511,2.737849235534668
S,29,a01,20,50,4f84e7678dedadbb233b28e11c014c0798eadf77020a5a8fb4d017d12c99e86d,2560,511,2.284494161605835
S,29,a01,20,51,99db37e631f9ef519733c8a72d003864c2701de3091cf19e9eba387054fdacac,512,511,3.1058692932128906
S,29,a01,20,52,0627479429bdaca6ad2b61ecd03d5b65cd330b0351b5ff8f878978d7b00c4ab2,0,511,2.534025192260742
S,29,a01,20,53,c1e3085f9b150f54416c89fdea9cdb29ceef7e5050e94af9eafe2053fffe3e64,3584,511,2.365691900253296
S,29,a01,20,54,0e6b290375d52c7b5c4cd74b4c7348611213caa15ca0e87d7f6426f9e0f86e04,2048,511,2.676064968109131
S,29,a01,20,55,16f297fd545d4a150c1908347430e076e51e3560238877a2eec2ac020b7d3bc9,3584,511,2.6433396339416504
S,29,a01,20,56,243408a375c7d0c1fda52538ba71d700e4d403fd2764c7491c7c1a9b7d7fd7a9,0,511,2.6090409755706787
S,29,a01,20,57,93133535594204a5a3625fc7b90ff6ad027dca329f0359370d232d4135e91bc1,512,511,2.5202648639678955
S,29,a01,20,58,7c74fa4376b1168685d5d288b916d3317d340aad3044f88d5ca673b76d875d1c,1536,511,2.413125991821289
S,29,a01,20,59,447ea32f527637dcb6ef068962a2fabe21ec283698e144c45ed42c46e1b27772,0,511,2.710507869720459
S,29,a01,20,60,6db7dd742bd03a22121dc39ee8773c9afa1462f4efce21abbe54dc33c4285b1f,0,511,2.460172414779663
S,29,a01,20,61,dc8a961be5dc24fc777b38869adf84cfc37bbe2f28514ceb0e344d39b7e01906,512,511,2.7860662937164307
S,29,a01,20,62,3ca10415cf1f0bc4955c7ef0d186c8e93deb4aece0aaaa5fb553b43dfe5ad2aa,0,511,2.7609853744506836
S,29,a01,20,63,6e5c6769277c87aeaf9a4fd680fad1720ce04660f567befd8a9f8c68dde50f64,0,511,2.6254191398620605
S,29,a01,50,0,71ff58ca29d05bef3a99fb59512ec09404e49be906888dc3ea5409ce8a54beea,0,511,2.3496479988098145
S,29,a01,50,1,47ab999a2c488609314576fac2048b7f2a92afad8f7ca0326f23f648d515f167,1536,511,2.228294849395752
S,29,a01,50,2,c6ff7382a150214656a5c5d777769384c99d3ce7764110fc98e07e5e48fddc7e,1024,511,2.657985210418701
S,29,a01,50,3,8739f77bc09e02e5783efc804080eff63b9ae7da7008a0e4c6412b47aa6da1c2,2048,511,2.5343050956726074
S,29,a01,50,4,a7f7a2250dd6f72080e21112d92bdfd639fcbe8a5a9effd80028c67d5dddd416,0,511,2.4270381927490234
S,29,a01,50,5,06cd6da2c73e993c43345dad24088c06b24d496ffc56f5f460b58cfa49d0f3df,0,511,1.6730248928070068
S,29,a01,50,6,3adf36bb00be5fa07541f544ce8642a56fcd3a01d456650deaabc83e91d791a1,1024,511,2.7501678466796875
S,29,a01,50,7,34c9eb07c804b8ee651c4da1ac1dd801fec51c064819632bd8f4f36bd685b8a1,1024,511,3.0687332153320312
S,29,a01,50,8,dcd008e03034d7dcffb4b6abd6aa6f0bfdf0a28ddd0b53dd37784e7c055f10bb,1536,511,2.3984673023223877
S,29,a01,50,9,4f58c96286c7c0f0417ea817ca24cf1c2db4ad3d19fdcdcf46124511fbf05b3e,512,511,2.7689530849456787
S,29,a01,50,10,7c5e18ef30b2c1c37d722f19397ccdf563e0428cdde5ff6b99a902d67975541f,5120,511,2.6885063648223877
S,29,a01,50,11,47344d32192263b566ca14f66ce20553a4c76ff30204fae6639d7c1dde9a1f11,0,511,2.010551691055298
S,29,a01,50,12,98aa6addc6d0697baff9ad72065efe34b866fb27cb0c3e094c328bb57b98cf2b,512,511,2.623298406600952
S,29,a01,50,13,d6b58a86755a3af1a5a75d162cfd31bceb70ebe76d43dfd2b64d95def0331c1b,0,511,1.8471007347106934
S,29,a01,50,14,c724dc11dc74fa10b6309922c9d014e010a88079d4ca2e3ca96ab091459b166e,0,511,2.270256519317627
S,29,a01,50,15,aad6037cda830ea2edaf38a004ae82825aa4d21585b2c0f33197a34583613c19,3072,511,2.7146120071411133
S,29,a01,50,16,b7140ecf1283718c8b44dd77fefc16ef15f5d7579ad3d6f1da94324d11081ab5,0,511,2.4795303344726562
S,29,a01,50,17,7c0883960fcd42892f41d565a6eb8675b26e6a7b184fa795ec1dea269c0d78f7,2560,511,3.053041458129883
S,29,a01,50,18,e461497c8cf9867275c7b0ab55899126e69b01926436f58a64e902baf22ad1d8,1024,511,2.8299765586853027
S,29,a01,50,19,d236bd424f8c1de8ba7570984678d98d021bd9f796117156ee8c848d8b9e20df,512,511,2.0963504314422607
S,29,a01,50,20,b124bcdac530f87fa8b20ed6ba5af0bdc6e2e14fe6348e8e8d9aae3bbb14d7bf,1536,511,2.5151824951171875
S,29,a01,50,21,398d9a5e65eb510a4b2165e08da91bc2e7a46f651fd4c2a7c82baca0e3f7c6f7,512,511,3.1822826862335205
S,29,a01,50,22,398d4136fe8a7fe859af6d03e3be3e80b0a4a081aa81cad5dad14be6152fbb07,1024,511,2.6021087169647217
S,29,a01,50,23,27c7a212b1dd328e6abafa8ce17f190f047ff7bf7b13546651705123022fac2b,2048,511,2.5589935779571533
S,29,a01,50,24,27e29aeb84cb9b2f80dc9061f35e33eb4710e31a4bda2e0ce985e2cb4c4af0d4,512,511,2.509693145751953
S,29,a01,50,25,a7ab0eebec8ed5155f1c0b6b257ae3e70464155e9540fc6cb19d9b21ce07adbe,0,511,2.1585161685943604
S,29,a01,50,26,87c73475752c7552f1b2dfb6631350662bd4d2392ea692266f7fd8d9d49255e6,5120,511,2.6659281253814697
S,29,a01,50,27,4dfcff9cdf6a84e7dc2d2f41f4beeb5bd4a850251f084dbb833319624ea2ba03,1536,511,2.850343704223633
S,29,a01,50,28,c6a6c920ad14f9ced5cbb1a81a695ee0d1e0cec0886071763eca3b7609793f9a,512,511,2.858558416366577
S,29,a01,50,29,602491df734b58909d0bdd64c12964094178660aa935fe328832f5ac7c783ce5,6656,511,2.9904417991638184
S,29,a01,50,30,3d3334d8bb76a4a5d2667fcaaf08e5519258c23da3c0ed35b0fb51ab7750456a,512,511,2.55122447013855
S,29,a01,50,31,a5c6bb2784e438e57e6c21063b5631ad6159e98fd0fdde6f0f393b1a6ad1ec91,0,511,2.6165108680725098
S,29,a01,50,32,a75479aadac4ab0e14588bb3dbab971354b70cbb22f67008de6af0b25ce850de,6144,511,3.108598232269287
S,29,a01,50,33,81985a3b78086a93d7e6ae3ddda453bf5a959744e65bc05418fc1b56f5ec10ca,512,511,2.3486475944519043
S,29,a01,50,34,2362e3d4278d695e409c7b7ff1512062454f8d035bc9076dff42c632a29fb2ee,0,511,2.174309492111206
S,29,a01,50,35,85cb58452e909342c236fc118e084fa9adcfddffc1ee3968baed9838eae6ef37,0,511,1.9842853546142578
S,29,a01,50,36,da80b33b4eb70c8d7b4c6a0fc009cedf34a39859057eb8700df906c788e6a4c8,0,511,2.3487279415130615
S,29,a01,50,37,2e3ac91c014b25eebddbb443aa8850683dfc0675b9fed2dc40ec8d5f64ec60d4,0,511,2.2044825553894043
S,29,a01,50,38,3210f7ea4f8c2a390b5fc7a519a58dd185dc01a5700b89f95e427e52d0e581c9,512,511,2.8644533157348633
S,29,a01,50,39,f5e1818470b34abce111d71989de48dff1e3e4ef0271749d38438e1b6693f635,1536,511,2.2502546310424805
S,29,a01,50,40,3ce4586556ea72a70c76b9203dca8969adc500af610389007ec255f56b1e169e,1024,511,2.7180373668670654
S,29,a01,50,41,7b804a7a99e4de2942ef98de42165dacd3e16b944e6a538d55df1f634a23d48e,4096,511,2.789689064025879
S,29,a01,50,42,f6dd4f9c768666495fe711e166071758aa6c2d321def74a3ae211027ce199501,512,511,3.148315906524658
S,29,a01,50,43,31ed14bec015eaaefb165002eb17b020eeb35031b1a592aff7d981de7c6899b3,0,511,2.3001351356506348
S,29,a01,50,44,b3ff1454cd3a072b015b88f94f6d6889d9c0bd745fc7a5433df7c0d43151854e,512,511,2.58837890625
S,29,a01,50,45,3ee074eadb149c8da6002c76352f4113d1c896c63c6c090fd621092749233d6a,8704,511,3.1967570781707764
S,29,a01,50,46,5682e8596b594de16f03e38329a00d1bff4adee96204668f946a90f5292c8136,1024,511,2.9511044025421143
S,29,a01,50,47,127630e33620c4206cd0e7ad6622f66b144b669ddf653964e56ce6654a7b32f0,3072,511,2.3846473693847656
S,29,a01,50,48,320f1288c0a9e6e7a3def263d7abab684526479abb06fc68e069fc1a9937c71d,1024,511,2.7622811794281006
S,29,a01,50,49,58ac024cd69aa321476709f7b1742c6523bf4fb12233b5b6f60d680c8fca8e8e,1536,511,2.6670258045196533
S,29,a01,50,50,4f84e7678dedadbb233b28e11c014c0798eadf77020a5a8fb4d017d12c99e86d,2560,511,2.1718838214874268
S,29,a01,50,51,99db37e631f9ef519733c8a72d003864c2701de3091cf19e9eba387054fdacac,512,511,3.028104305267334
S,29,a01,50,52,0627479429bdaca6ad2b61ecd03d5b65cd330b0351b5ff8f878978d7b00c4ab2,0,511,2.403949737548828
S,29,a01,50,53,c1e3085f9b150f54416c89fdea9cdb29ceef7e5050e94af9eafe2053fffe3e64,3584,511,2.2559735774993896
S,29,a01,50,54,0e6b290375d52c7b5c4cd74b4c7348611213caa15ca0e87d7f6426f9e0f86e04,2048,511,2.5323095321655273
S,29,a01,50,55,16f297fd545d4a150c1908347430e076e51e3560238877a2eec2ac020b7d3bc9,3584,511,2.545620918273926
S,29,a01,50,56,243408a375c7d0c1fda52538ba71d700e4d403fd2764c7491c7c1a9b7d7fd7a9,0,511,2.4872841835021973
S,29,a01,50,57,93133535594204a5a3625fc7b90ff6ad027dca329f0359370d232d4135e91bc1,512,511,2.3639094829559326
S,29,a01,50,58,7c74fa4376b1168685d5d288b916d3317d340aad3044f88d5ca673b76d875d1c,1536,511,2.3020341396331787
S,29,a01,50,59,447ea32f527637dcb6ef068962a2fabe21ec283698e144c45ed42c46e1b27772,0,511,2.60237717628479
S,29,a01,50,60,6db7dd742bd03a22121dc39ee8773c9afa1462f4efce21abbe54dc33c4285b1f,0,511,2.3404746055603027
S,29,a01,50,61,dc8a961be5dc24fc777b38869adf84cfc37bbe2f28514ceb0e344d39b7e01906,512,511,2.6361212730407715
S,29,a01,50,62,3ca10415cf1f0bc4955c7ef0d186c8e93deb4aece0aaaa5fb553b43dfe5ad2aa,0,511,2.6297101974487305
S,29,a01,50,63,6e5c6769277c87aeaf9a4fd680fad1720ce04660f567befd8a9f8c68dde50f64,0,511,2.5278937816619873
S,29,a01,100,0,71ff58ca29d05bef3a99fb59512ec09404e49be906888dc3ea5409ce8a54beea,0,511,2.2361505031585693
S,29,a01,100,1,47ab999a2c488609314576fac2048b7f2a92afad8f7ca0326f23f648d515f167,1536,511,2.16838002204895
S,29,a01,100,2,c6ff7382a150214656a5c5d777769384c99d3ce7764110fc98e07e5e48fddc7e,1024,511,2.5815606117248535
S,29,a01,100,3,8739f77bc09e02e5783efc804080eff63b9ae7da7008a0e4c6412b47aa6da1c2,2048,511,2.4377124309539795
S,29,a01,100,4,a7f7a2250dd6f72080e21112d92bdfd639fcbe8a5a9effd80028c67d5dddd416,0,511,2.3731908798217773
S,29,a01,100,5,06cd6da2c73e993c43345dad24088c06b24d496ffc56f5f460b58cfa49d0f3df,0,511,1.6169538497924805
S,29,a01,100,6,3adf36bb00be5fa07541f544ce8642a56fcd3a01d456650deaabc83e91d791a1,1024,511,2.5968406200408936
S,29,a01,100,7,34c9eb07c804b8ee651c4da1ac1dd801fec51c064819632bd8f4f36bd685b8a1,1024,511,2.930091619491577
S,29,a01,100,8,dcd008e03034d7dcffb4b6abd6aa6f0bfdf0a28ddd0b53dd37784e7c055f10bb,1536,511,2.310276746749878
S,29,a01,100,9,4f58c96286c7c0f0417ea817ca24cf1c2db4ad3d19fdcdcf46124511fbf05b3e,512,511,2.6488630771636963
S,29,a01,100,10,7c5e18ef30b2c1c37d722f19397ccdf563e0428cdde5ff6b99a902d67975541f,5120,511,2.6059064865112305
S,29,a01,100,11,47344d32192263b566ca14f66ce20553a4c76ff30204fae6639d7c1dde9a1f11,0,511,1.9067801237106323
S,29,a01,100,12,98aa6addc6d0697baff9ad72065efe34b866fb27cb0c3e094c328bb57b98cf2b,512,511,2.5648248195648193
S,29,a01,100,13,d6b58a86755a3af1a5a75d162cfd31bceb70ebe76d43dfd2b64d95def0331c1b,0,511,1.7230026721954346
S,29,a01,100,14,c724dc11dc74fa10b6309922c9d014e010a88079d4ca2e3ca96ab091459b166e,0,511,2.130446195602417
S,29,a01,100,15,aad6037cda830ea2edaf38a004ae82825aa4d21585b2c0f33197a34583613c19,3072,511,2.6068227291107178
S,29,a01,100,16,b7140ecf1283718c8b44dd77fefc16ef15f5d7579ad3d6f1da94324d11081ab5,0,511,2.390482187271118
S,29,a01,100,17,7c0883960fcd42892f41d565a6eb8675b26e6a7b184fa795ec1dea269c0d78f7,2560,511,2.990666627883911
S,29,a01,100,18,e461497c8cf9867275c7b0ab55899126e69b01926436f58a64e902baf22ad1d8,1024,511,2.7743277549743652
S,29,a01,100,19,d236bd424f8c1de8ba7570984678d98d021bd9f796117156ee8c848d8b9e20df,512,511,1.944526195526123
S,29,a01,100,20,b124bcdac530f87fa8b20ed6ba5af0bdc6e2e14fe6348e8e8d9aae3bbb14d7bf,1536,511,2.4478812217712402
S,29,a01,100,21,398d9a5e65eb510a4b2165e08da91bc2e7a46f651fd4c2a7c82baca0e3f7c6f7,512,511,3.0717806816101074
S,29,a01,100,22,398d4136fe8a7fe859af6d03e3be3e80b0a4a081aa81cad5dad14be6152fbb07,1024,511,2.4982376098632812
S,29,a01,100,23,27c7a212b1dd328e6abafa8ce17f190f047ff7bf7b13546651705123022fac2b,2048,511,2.4717535972595215
S,29,a01,100,24,27e29aeb84cb9b2f80dc9061f35e33eb4710e31a4bda2e0ce985e2cb4c4af0d4,512,511,2.3671631813049316
S,29,a01,100,25,a7ab0eebec8ed5155f1c0b6b257ae3e70464155e9540fc6cb19d9b21ce07adbe,0,511,2.0418081283569336
S,29,a01,100,26,87c73475752c7552f1b2dfb6631350662bd4d2392ea692266f7fd8d9d49255e6,5120,511,2.5968291759490967
S,29,a01,100,27,4dfcff9cdf6a84e7dc2d2f41f4beeb5bd4a850251f084dbb833319624ea2ba03,1536,511,2.7346320152282715
S,29,a01,100,28,c6a6c920ad14f9ced5cbb1a81a695ee0d1e0cec0886071763eca3b7609793f9a,512,511,2.7903692722320557
S,29,a01,100,29,602491df734b58909d0bdd64c12964094178660aa935fe328832f5ac7c783ce5,6656,511,2.898179769515991
S,29,a01,100,30,3d3334d8bb76a4a5d2667fcaaf08e5519258c23da3c0ed35b0fb51ab7750456a,512,511,2.4569575786590576
S,29,a01,100,31,a5c6bb2784e438e57e6c21063b5631ad6159e98fd0fdde6f0f393b1a6ad1ec91,0,511,2.4969635009765625
S,29,a01,100,32,a75479aadac4ab0e14588bb3dbab971354b70cbb22f67008de6af0b25ce850de,6144,511,3.056182384490967
S,29,a01,100,33,81985a3b78086a93d7e6ae3ddda453bf5a959744e65bc05418fc1b56f5ec10ca,512,511,2.255988359451294
S,29,a01,100,34,2362e3d4278d695e409c7b7ff1512062454f8d035bc9076dff42c632a29fb2ee,0,511,2.0962443351745605
S,29,a01,100,35,85cb58452e909342c236fc118e084fa9adcfddffc1ee3968baed9838eae6ef37,0,511,1.8910645246505737
S,29,a01,100,36,da80b33b4eb70c8d7b4c6a0fc009cedf34a39859057eb8700df906c788e6a4c8,0,511,2.235870599746704
S,29,a01,100,37,2e3ac91c014b25eebddbb443aa8850683dfc0675b9fed2dc40ec8d5f64ec60d4,0,511,2.0779812335968018
S,29,a01,100,38,3210f7ea4f8c2a390b5fc7a519a58dd185dc01a5700b89f95e427e52d0e581c9,512,511,2.734757900238037
S,29,a01,100,39,f5e1818470b34abce111d71989de48dff1e3e4ef0271749d38438e1b6693f635,1536,511,2.1685383319854736
S,29,a01,100,40,3ce4586556ea72a70c76b9203dca8969adc500af610389007ec255f56b1e169e,1024,511,2.5924384593963623
S,29,a01,100,41,7b804a7a99e4de2942ef98de42165dacd3e16b944e6a538d55df1f634a23d48e,4096,511,2.7160139083862305
S,29,a01,100,42,f6dd4f9c768666495fe711e166071758aa6c2d321def74a3ae211027ce199501,512,511,3.0418827533721924
S,29,a01,100,43,31ed14bec015eaaefb165002eb17b020eeb35031b1a592aff7d981de7c6899b3,0,511,2.180328130722046
S,29,a01,100,44,b3ff1454cd3a072b015b88f94f6d6889d9c0bd745fc7a5433df7c0d43151854e,512,511,2.479506731033325
S,29,a01,100,45,3ee074eadb149c8da6002c76352f4113d1c896c63c6c090fd621092749233d6a,8704,511,3.1001415252685547
S,29,a01,100,46,5682e8596b594de16f03e38329a00d1bff4adee96204668f946a90f5292c8136,1024,511,2.895669460296631
S,29,a01,100,47,127630e33620c4206cd0e7ad6622f66b144b669ddf653964e56ce6654a7b32f0,3072,511,2.2699811458587646
S,29,a01,100,48,320f1288c0a9e6e7a3def263d7abab684526479abb06fc68e069fc1a9937c71d,1024,511,2.5976343154907227
S,29,a01,100,49,58ac024cd69aa321476709f7b1742c6523bf4fb12233b5b6f60d680c8fca8e8e,1536,511,2.5966291427612305
S,29,a01,100,50,4f84e7678dedadbb233b28e11c014c0798eadf77020a5a8fb4d017d12c99e86d,2560,511,2.0526232719421387
S,29,a01,100,51,99db37e631f9ef519733c8a72d003864c2701de3091cf19e9eba387054fdacac,512,511,2.956733465194702
S,29,a01,100,52,0627479429bdaca6ad2b61ecd03d5b65cd330b0351b5ff8f878978d7b00c4ab2,0,511,2.3181729316711426
S,29,a01,100,53,c1e3085f9b150f54416c89fdea9cdb29ceef7e5050e94af9eafe2053fffe3e64,3584,511,2.1404945850372314
S,29,a01,100,54,0e6b290375d52c7b5c4cd74b4c7348611213caa15ca0e87d7f6426f9e0f86e04,2048,511,2.425790548324585
S,29,a01,100,55,16f297fd545d4a150c1908347430e076e51e3560238877a2eec2ac020b7d3bc9,3584,511,2.4457600116729736
S,29,a01,100,56,243408a375c7d0c1fda52538ba71d700e4d403fd2764c7491c7c1a9b7d7fd7a9,0,511,2.3544061183929443
S,29,a01,100,57,93133535594204a5a3625fc7b90ff6ad027dca329f0359370d232d4135e91bc1,512,511,2.2283694744110107
S,29,a01,100,58,7c74fa4376b1168685d5d288b916d3317d340aad3044f88d5ca673b76d875d1c,1536,511,2.2102158069610596
S,29,a01,100,59,447ea32f527637dcb6ef068962a2fabe21ec283698e144c45ed42c46e1b27772,0,511,2.4917972087860107
S,29,a01,100,60,6db7dd742bd03a22121dc39ee8773c9afa1462f4efce21abbe54dc33c4285b1f,0,511,2.2399635314941406
S,29,a01,100,61,dc8a961be5dc24fc777b38869adf84cfc37bbe2f28514ceb0e344d39b7e01906,512,511,2.529762029647827
S,29,a01,100,62,3ca10415cf1f0bc4955c7ef0d186c8e93deb4aece0aaaa5fb553b43dfe5ad2aa,0,511,2.532768964767456
S,29,a01,100,63,6e5c6769277c87aeaf9a4fd680fad1720ce04660f567befd8a9f8c68dde50f64,0,511,2.359142303466797
S,29,a02,0,0,71ff58ca29d05bef3a99fb59512ec09404e49be906888dc3ea5409ce8a54beea,0,511,2.4542229175567627
S,29,a02,0,1,47ab999a2c488609314576fac2048b7f2a92afad8f7ca0326f23f648d515f167,1536,511,2.381258964538574
S,29,a02,0,2,c6ff7382a150214656a5c5d777769384c99d3ce7764110fc98e07e5e48fddc7e,1024,511,2.681399345397949
S,29,a02,0,3,8739f77bc09e02e5783efc804080eff63b9ae7da7008a0e4c6412b47aa6da1c2,2048,511,2.662618398666382
S,29,a02,0,4,a7f7a2250dd6f72080e21112d92bdfd639fcbe8a5a9effd80028c67d5dddd416,0,511,2.634812355041504
S,29,a02,0,5,06cd6da2c73e993c43345dad24088c06b24d496ffc56f5f460b58cfa49d0f3df,0,511,1.793102741241455
S,29,a02,0,6,3adf36bb00be5fa07541f544ce8642a56fcd3a01d456650deaabc83e91d791a1,1024,511,2.878138303756714
S,29,a02,0,7,34c9eb07c804b8ee651c4da1ac1dd801fec51c064819632bd8f4f36bd685b8a1,1024,511,3.142827033996582
S,29,a02,0,8,dcd008e03034d7dcffb4b6abd6aa6f0bfdf0a28ddd0b53dd37784e7c055f10bb,1536,511,2.5877766609191895
S,29,a02,0,9,4f58c96286c7c0f0417ea817ca24cf1c2db4ad3d19fdcdcf46124511fbf05b3e,512,511,2.9156908988952637
S,29,a02,0,10,7c5e18ef30b2c1c37d722f19397ccdf563e0428cdde5ff6b99a902d67975541f,5120,511,2.6814234256744385
S,29,a02,0,11,47344d32192263b566ca14f66ce20553a4c76ff30204fae6639d7c1dde9a1f11,0,511,2.116814613342285
S,29,a02,0,12,98aa6addc6d0697baff9ad72065efe34b866fb27cb0c3e094c328bb57b98cf2b,512,511,2.627598762512207
S,29,a02,0,13,d6b58a86755a3af1a5a75d162cfd31bceb70ebe76d43dfd2b64d95def0331c1b,0,511,2.0495450496673584
S,29,a02,0,14,c724dc11dc74fa10b6309922c9d014e010a88079d4ca2e3ca96ab091459b166e,0,511,2.48982572555542
S,29,a02,0,15,aad6037cda830ea2edaf38a004ae82825aa4d21585b2c0f33197a34583613c19,3072,511,2.808856964111328
S,29,a02,0,16,b7140ecf1283718c8b44dd77fefc16ef15f5d7579ad3d6f1da94324d11081ab5,0,511,2.673868179321289
S,29,a02,0,17,7c0883960fcd42892f41d565a6eb8675b26e6a7b184fa795ec1dea269c0d78f7,2560,511,3.1727027893066406
S,29,a02,0,18,e461497c8cf9867275c7b0ab55899126e69b01926436f58a64e902baf22ad1d8,1024,511,2.95455265045166
S,29,a02,0,19,d236bd424f8c1de8ba7570984678d98d021bd9f796117156ee8c848d8b9e20df,512,511,2.2116122245788574
S,29,a02,0,20,b124bcdac530f87fa8b20ed6ba5af0bdc6e2e14fe6348e8e8d9aae3bbb14d7bf,1536,511,2.5973267555236816
S,29,a02,0,21,398d9a5e65eb510a4b2165e08da91bc2e7a46f651fd4c2a7c82baca0e3f7c6f7,512,511,3.264835834503174
S,29,a02,0,22,398d4136fe8a7fe859af6d03e3be3e80b0a4a081aa81cad5dad14be6152fbb07,1024,511,2.7938907146453857
S,29,a02,0,23,27c7a212b1dd328e6abafa8ce17f190f047ff7bf7b13546651705123022fac2b,2048,511,2.7021312713623047
S,29,a02,0,24,27e29aeb84cb9b2f80dc9061f35e33eb4710e31a4bda2e0ce985e2cb4c4af0d4,512,511,2.5770277976989746
S,29,a02,0,25,a7ab0eebec8ed5155f1c0b6b257ae3e70464155e9540fc6cb19d9b21ce07adbe,0,511,2.3519387245178223
S,29,a02,0,26,87c73475752c7552f1b2dfb6631350662bd4d2392ea692266f7fd8d9d49255e6,5120,511,2.8019495010375977
S,29,a02,0,27,4dfcff9cdf6a84e7dc2d2f41f4beeb5bd4a850251f084dbb833319624ea2ba03,1536,511,2.998828172683716
S,29,a02,0,28,c6a6c920ad14f9ced5cbb1a81a695ee0d1e0cec0886071763eca3b7609793f9a,512,511,3.012539863586426
S,29,a02,0,29,602491df734b58909d0bdd64c12964094178660aa935fe328832f5ac7c783ce5,6656,511,3.195039987564087
S,29,a02,0,30,3d3334d8bb76a4a5d2667fcaaf08e5519258c23da3c0ed35b0fb51ab7750456a,512,511,2.672715187072754
S,29,a02,0,31,a5c6bb2784e438e57e6c21063b5631ad6159e98fd0fdde6f0f393b1a6ad1ec91,0,511,2.785482406616211
S,29,a02,0,32,a75479aadac4ab0e14588bb3dbab971354b70cbb22f67008de6af0b25ce850de,6144,511,3.292508840560913
S,29,a02,0,33,81985a3b78086a93d7e6ae3ddda453bf5a959744e65bc05418fc1b56f5ec10ca,512,511,2.605940818786621
S,29,a02,0,34,2362e3d4278d695e409c7b7ff1512062454f8d035bc9076dff42c632a29fb2ee,0,511,2.3045237064361572
S,29,a02,0,35,85cb58452e909342c236fc118e084fa9adcfddffc1ee3968baed9838eae6ef37,0,511,2.1253879070281982
S,29,a02,0,36,da80b33b4eb70c8d7b4c6a0fc009cedf34a39859057eb8700df906c788e6a4c8,0,511,2.452021598815918
S,29,a02,0,37,2e3ac91c014b25eebddbb443aa8850683dfc0675b9fed2dc40ec8d5f64ec60d4,0,511,2.380274534225464
S,29,a02,0,38,3210f7ea4f8c2a390b5fc7a519a58dd185dc01a5700b89f95e427e52d0e581c9,512,511,2.9952516555786133
S,29,a02,0,39,f5e1818470b34abce111d71989de48dff1e3e4ef0271749d38438e1b6693f635,1536,511,2.375185012817383
S,29,a02,0,40,3ce4586556ea72a70c76b9203dca8969adc500af610389007ec255f56b1e169e,1024,511,2.813159942626953
S,29,a02,0,41,7b804a7a99e4de2942ef98de42165dacd3e16b944e6a538d55df1f634a23d48e,4096,511,2.8419525623321533
S,29,a02,0,42,f6dd4f9c768666495fe711e166071758aa6c2d321def74a3ae211027ce199501,512,511,3.2942183017730713
S,29,a02,0,43,31ed14bec015eaaefb165002eb17b020eeb35031b1a592aff7d981de7c6899b3,0,511,2.437265157699585
S,29,a02,0,44,b3ff1454cd3a072b015b88f94f6d6889d9c0bd745fc7a5433df7c0d43151854e,512,511,2.660597562789917
S,29,a02,0,45,3ee074eadb149c8da6002c76352f4113d1c896c63c6c090fd621092749233d6a,8704,511,3.228954315185547
S,29,a02,0,46,5682e8596b594de16f03e38329a00d1bff4adee96204668f946a90f5292c8136,1024,511,2.8813118934631348
S,29,a02,0,47,127630e33620c4206cd0e7ad6622f66b144b669ddf653964e56ce6654a7b32f0,3072,511,2.536301374435425
S,29,a02,0,48,320f1288c0a9e6e7a3def263d7abab684526479abb06fc68e069fc1a9937c71d,1024,511,2.8262062072753906
S,29,a02,0,49,58ac024cd69aa321476709f7b1742c6523bf4fb12233b5b6f60d680c8fca8e8e,1536,511,2.720521926879883
S,29,a02,0,50,4f84e7678dedadbb233b28e11c014c0798eadf77020a5a8fb4d017d12c99e86d,2560,511,2.2508461475372314
S,29,a02,0,51,99db37e631f9ef519733c8a72d003864c2701de3091cf19e9eba387054fdacac,512,511,3.165860414505005
S,29,a02,0,52,0627479429bdaca6ad2b61ecd03d5b65cd330b0351b5ff8f878978d7b00c4ab2,0,511,2.645979642868042
S,29,a02,0,53,c1e3085f9b150f54416c89fdea9cdb29ceef7e5050e94af9eafe2053fffe3e64,3584,511,2.3840131759643555
S,29,a02,0,54,0e6b290375d52c7b5c4cd74b4c7348611213caa15ca0e87d7f6426f9e0f86e04,2048,511,2.6807308197021484
S,29,a02,0,55,16f297fd545d4a150c1908347430e076e51e3560238877a2eec2ac020b7d3bc9,3584,511,2.6033623218536377
S,29,a02,0,56,243408a375c7d0c1fda52538ba71d700e4d403fd2764c7491c7c1a9b7d7fd7a9,0,511,2.7249696254730225
S,29,a02,0,57,93133535594204a5a3625fc7b90ff6ad027dca329f0359370d232d4135e91bc1,512,511,2.513371467590332
S,29,a02,0,58,7c74fa4376b1168685d5d288b916d3317d340aad3044f88d5ca673b76d875d1c,1536,511,2.431810140609741
S,29,a02,0,59,447ea32f527637dcb6ef068962a2fabe21ec283698e144c45ed42c46e1b27772,0,511,2.764309883117676
S,29,a02,0,60,6db7dd742bd03a22121dc39ee8773c9afa1462f4efce21abbe54dc33c4285b1f,0,511,2.539642095565796
S,29,a02,0,61,dc8a961be5dc24fc777b38869adf84cfc37bbe2f28514ceb0e344d39b7e01906,512,511,2.8052172660827637
S,29,a02,0,62,3ca10415cf1f0bc4955c7ef0d186c8e93deb4aece0aaaa5fb553b43dfe5ad2aa,0,511,2.7542800903320312
S,29,a02,0,63,6e5c6769277c87aeaf9a4fd680fad1720ce04660f567befd8a9f8c68dde50f64,0,511,2.517244577407837
S,29,a02,20,0,71ff58ca29d05bef3a99fb59512ec09404e49be906888dc3ea5409ce8a54beea,0,511,2.414638042449951
S,29,a02,20,1,47ab999a2c488609314576fac2048b7f2a92afad8f7ca0326f23f648d515f167,1536,511,2.319601058959961
S,29,a02,20,2,c6ff7382a150214656a5c5d777769384c99d3ce7764110fc98e07e5e48fddc7e,1024,511,2.611466646194458
S,29,a02,20,3,8739f77bc09e02e5783efc804080eff63b9ae7da7008a0e4c6412b47aa6da1c2,2048,511,2.585020065307617
S,29,a02,20,4,a7f7a2250dd6f72080e21112d92bdfd639fcbe8a5a9effd80028c67d5dddd416,0,511,2.5808215141296387
S,29,a02,20,5,06cd6da2c73e993c43345dad24088c06b24d496ffc56f5f460b58cfa49d0f3df,0,511,1.7420560121536255
S,29,a02,20,6,3adf36bb00be5fa07541f544ce8642a56fcd3a01d456650deaabc83e91d791a1,1024,511,2.785160779953003
S,29,a02,20,7,34c9eb07c804b8ee651c4da1ac1dd801fec51c064819632bd8f4f36bd685b8a1,1024,511,3.087907552719116
S,29,a02,20,8,dcd008e03034d7dcffb4b6abd6aa6f0bfdf0a28ddd0b53dd37784e7c055f10bb,1536,511,2.5156896114349365
S,29,a02,20,9,4f58c96286c7c0f0417ea817ca24cf1c2db4ad3d19fdcdcf46124511fbf05b3e,512,511,2.8436622619628906
S,29,a02,20,10,7c5e18ef30b2c1c37d722f19397ccdf563e0428cdde5ff6b99a902d67975541f,5120,511,2.637803316116333
S,29,a02,20,11,47344d32192263b566ca14f66ce20553a4c76ff30204fae6639d7c1dde9a1f11,0,511,2.053927183151245
S,29,a02,20,12,98aa6addc6d0697baff9ad72065efe34b866fb27cb0c3e094c328bb57b98cf2b,512,511,2.5912694931030273
S,29,a02,20,13,d6b58a86755a3af1a5a75d162cfd31bceb70ebe76d43dfd2b64d95def0331c1b,0,511,1.9960343837738037
S,29,a02,20,14,c724dc11dc74fa10b6309922c9d014e010a88079d4ca2e3ca96ab091459b166e,0,511,2.421170473098755
S,29,a02,20,15,aad6037cda830ea2edaf38a004ae82825aa4d21585b2c0f33197a34583613c19,3072,511,2.7392680644989014
S,29,a02,20,16,b7140ecf1283718c8b44dd77fefc16ef15f5d7579ad3d6f1da94324d11081ab5,0,511,2.6127777099609375
S,29,a02,20,17,7c0883960fcd42892f41d565a6eb8675b26e6a7b184fa795ec1dea269c0d78f7,2560,511,3.102994441986084
S,29,a02,20,18,e461497c8cf9867275c7b0ab55899126e69b01926436f58a64e902baf22ad1d8,1024,511,2.9143974781036377
S,29,a02,20,19,d236bd424f8c1de8ba7570984678d98d021bd9f796117156ee8c848d8b9e20df,512,511,2.180558919906616
S,29,a02,20,20,b124bcdac530f87fa8b20ed6ba5af0bdc6e2e14fe6348e8e8d9aae3bbb14d7bf,1536,511,2.5358660221099854
S,29,a02,20,21,398d9a5e65eb510a4b2165e08da91bc2e7a46f651fd4c2a7c82baca0e3f7c6f7,512,511,3.214622735977173
S,29,a02,20,22,398d4136fe8a7fe859af6d03e3be3e80b0a4a081aa81cad5dad14be6152fbb07,1024,511,2.7272346019744873
S,29,a02,20,23,27c7a212b1dd328e6abafa8ce17f190f047ff7bf7b13546651705123022fac2b,2048,511,2.6289589405059814
S,29,a02,20,24,27e29aeb84cb9b2f80dc9061f35e33eb4710e31a4bda2e0ce985e2cb4c4af0d4,512,511,2.517575740814209
S,29,a02,20,25,a7ab0eebec8ed5155f1c0b6b257ae3e70464155e9540fc6cb19d9b21ce07adbe,0,511,2.2549736499786377
S,29,a02,20,26,87c73475752c7552f1b2dfb6631350662bd4d2392ea692266f7fd8d9d49255e6,5120,511,2.713676691055298
S,29,a02,20,27,4dfcff9cdf6a84e7dc2d2f41f4beeb5bd4a850251f084dbb833319624ea2ba03,1536,511,2.9462101459503174
S,29,a02,20,28,c6a6c920ad14f9ced5cbb1a81a695ee0d1e0cec0886071763eca3b7609793f9a,512,511,2.9514572620391846
S,29,a02,20,29,602491df734b58909d0bdd64c12964094178660aa935fe328832f5ac7c783ce5,6656,511,3.1373789310455322
S,29,a02,20,30,3d3334d8bb76a4a5d2667fcaaf08e5519258c23da3c0ed35b0fb51ab7750456a,512,511,2.588216781616211
S,29,a02,20,31,a5c6bb2784e438e57e6c21063b5631ad6159e98fd0fdde6f0f393b1a6ad1ec91,0,511,2.719709873199463
S,29,a02,20,32,a75479aadac4ab0e14588bb3dbab971354b70cbb22f67008de6af0b25ce850de,6144,511,3.1981232166290283
S,29,a02,20,33,81985a3b78086a93d7e6ae3ddda453bf5a959744e65bc05418fc1b56f5ec10ca,512,511,2.5225188732147217
S,29,a02,20,34,2362e3d4278d695e409c7b7ff1512062454f8d035bc9076dff42c632a29fb2ee,0,511,2.2526023387908936
S,29,a02,20,35,85cb58452e909342c236fc118e084fa9adcfddffc1ee3968baed9838eae6ef37,0,511,2.0748932361602783
S,29,a02,20,36,da80b33b4eb70c8d7b4c6a0fc009cedf34a39859057eb8700df906c788e6a4c8,0,511,2.401041030883789
S,29,a02,20,37,2e3ac91c014b25eebddbb443aa8850683dfc0675b9fed2dc40ec8d5f64ec60d4,0,511,2.3210740089416504
S,29,a02,20,38,3210f7ea4f8c2a390b5fc7a519a58dd185dc01a5700b89f95e427e52d0e581c9,512,511,2.926501989364624
S,29,a02,20,39,f5e1818470b34abce111d71989de48dff1e3e4ef0271749d38438e1b6693f635,1536,511,2.336479663848877
S,29,a02,20,40,3ce4586556ea72a70c76b9203dca8969adc500af610389007ec255f56b1e169e,1024,511,2.7786502838134766
S,29,a02,20,41,7b804a7a99e4de2942ef98de42165dacd3e16b944e6a538d55df1f634a23d48e,4096,511,2.804888963699341
S,29,a02,20,42,f6dd4f9c768666495fe711e166071758aa6c2d321def74a3ae211027ce199501,512,511,3.2255942821502686
S,29,a02,20,43,31ed14bec015eaaefb165002eb17b020eeb35031b1a592aff7d981de7c6899b3,0,511,2.3847622871398926
S,29,a02,20,44,b3ff1454cd3a072b015b88f94f6d6889d9c0bd745fc7a5433df7c0d43151854e,512,511,2.5971977710723877
S,29,a02,20,45,3ee074eadb149c8da6002c76352f4113d1c896c63c6c090fd621092749233d6a,8704,511,3.1525321006774902
S,29,a02,20,46,5682e8596b594de16f03e38329a00d1bff4adee96204668f946a90f5292c8136,1024,511,2.8495678901672363
S,29,a02,20,47,127630e33620c4206cd0e7ad6622f66b144b669ddf653964e56ce6654a7b32f0,3072,511,2.4654428958892822
S,29,a02,20,48,320f1288c0a9e6e7a3def263d7abab684526479abb06fc68e069fc1a9937c71d,1024,511,2.7464566230773926
S,29,a02,20,49,58ac024cd69aa321476709f7b1742c6523bf4fb12233b5b6f60d680c8fca8e8e,1536,511,2.674532175064087
S,29,a02,20,50,4f84e7678dedadbb233b28e11c014c0798eadf77020a5a8fb4d017d12c99e86d,2560,511,2.1913771629333496
S,29,a02,20,51,99db37e631f9ef519733c8a72d003864c2701de3091cf19e9eba387054fdacac,512,511,3.123012065887451
S,29,a02,20,52,0627479429bdaca6ad2b61ecd03d5b65cd330b0351b5ff8f878978d7b00c4ab2,0,511,2.58048152923584
S,29,a02,20,53,c1e3085f9b150f54416c89fdea9cdb29ceef7e5050e94af9eafe2053fffe3e64,3584,511,2.304034948348999
S,29,a02,20,54,0e6b290375d52c7b5c4cd74b4c7348611213caa15ca0e87d7f6426f9e0f86e04,2048,511,2.6164674758911133
S,29,a02,20,55,16f297fd545d4a150c1908347430e076e51e3560238877a2eec2ac020b7d3bc9,3584,511,2.544081687927246
S,29,a02,20,56,243408a375c7d0c1fda52538ba71d700e4d403fd2764c7491c7c1a9b7d7fd7a9,0,511,2.6379597187042236
S,29,a02,20,57,93133535594204a5a3625fc7b90ff6ad027dca329f0359370d232d4135e91bc1,512,511,2.4497828483581543
S,29,a02,20,58,7c74fa4376b1168685d5d288b916d3317d340aad3044f88d5ca673b76d875d1c,1536,511,2.36602520942688
S,29,a02,20,59,447ea32f527637dcb6ef068962a2fabe21ec283698e144c45ed42c46e1b27772,0,511,2.6955924034118652
S,29,a02,20,60,6db7dd742bd03a22121dc39ee8773c9afa1462f4efce21abbe54dc33c4285b1f,0,511,2.464944362640381
S,29,a02,20,61,dc8a961be5dc24fc777b38869adf84cfc37bbe2f28514ceb0e344d39b7e01906,512,511,2.7267112731933594
S,29,a02,20,62,3ca10415cf1f0bc4955c7ef0d186c8e93deb4aece0aaaa5fb553b43dfe5ad2aa,0,511,2.6798791885375977
S,29,a02,20,63,6e5c6769277c87aeaf9a4fd680fad1720ce04660f567befd8a9f8c68dde50f64,0,511,2.454993963241577
S,29,a02,50,0,71ff58ca29d05bef3a99fb59512ec09404e49be906888dc3ea5409ce8a54beea,0,511,2.312396764755249
S,29,a02,50,1,47ab999a2c488609314576fac2048b7f2a92afad8f7ca0326f23f648d515f167,1536,511,2.2426018714904785
S,29,a02,50,2,c6ff7382a150214656a5c5d777769384c99d3ce7764110fc98e07e5e48fddc7e,1024,511,2.5052218437194824
S,29,a02,50,3,8739f77bc09e02e5783efc804080eff63b9ae7da7008a0e4c6412b47aa6da1c2,2048,511,2.462981700897217
S,29,a02,50,4,a7f7a2250dd6f72080e21112d92bdfd639fcbe8a5a9effd80028c67d5dddd416,0,511,2.4913406372070312
S,29,a02,50,5,06cd6da2c73e993c43345dad24088c06b24d496ffc56f5f460b58cfa49d0f3df,0,511,1.647307276725769
S,29,a02,50,6,3adf36bb00be5fa07541f544ce8642a56fcd3a01d456650deaabc83e91d791a1,1024,511,2.611133098602295
S,29,a02,50,7,34c9eb07c804b8ee651c4da1ac1dd801fec51c064819632bd8f4f36bd685b8a1,1024,511,2.9841814041137695
S,29,a02,50,8,dcd008e03034d7dcffb4b6abd6aa6f0bfdf0a28ddd0b53dd37784e7c055f10bb,1536,511,2.3943912982940674
S,29,a02,50,9,4f58c96286c7c0f0417ea817ca24cf1c2db4ad3d19fdcdcf46124511fbf05b3e,512,511,2.6855831146240234
S,29,a02,50,10,7c5e18ef30b2c1c37d722f19397ccdf563e0428cdde5ff6b99a902d67975541f,5120,511,2.5225942134857178
S,29,a02,50,11,47344d32192263b566ca14f66ce20553a4c76ff30204fae6639d7c1dde9a1f11,0,511,1.9616353511810303
S,29,a02,50,12,98aa6addc6d0697baff9ad72065efe34b866fb27cb0c3e094c328bb57b98cf2b,512,511,2.5111143589019775
S,29,a02,50,13,d6b58a86755a3af1a5a75d162cfd31bceb70ebe76d43dfd2b64d95def0331c1b,0,511,1.8596982955932617
S,29,a02,50,14,c724dc11dc74fa10b6309922c9d014e010a88079d4ca2e3ca96ab091459b166e,0,511,2.2814183235168457
S,29,a02,50,15,aad6037cda830ea2edaf38a004ae82825aa4d21585b2c0f33197a34583613c19,3072,511,2.6657865047454834
S,29,a02,50,16,b7140ecf1283718c8b44dd77fefc16ef15f5d7579ad3d6f1da94324d11081ab5,0,511,2.4828479290008545
S,29,a02,50,17,7c0883960fcd42892f41d565a6eb8675b26e6a7b184fa795ec1dea269c0d78f7,2560,511,3.0282142162323
S,29,a02,50,18,e461497c8cf9867275c7b0ab55899126e69b01926436f58a64e902baf22ad1d8,1024,511,2.8021576404571533
S,29,a02,50,19,d236bd424f8c1de8ba7570984678d98d021bd9f796117156ee8c848d8b9e20df,512,511,2.057441234588623
S,29,a02,50,20,b124bcdac530f87fa8b20ed6ba5af0bdc6e2e14fe6348e8e8d9aae3bbb14d7bf,1536,511,2.439300298690796
S,29,a02,50,21,398d9a5e65eb510a4b2165e08da91bc2e7a46f651fd4c2a7c82baca0e3f7c6f7,512,511,3.08052659034729
S,29,a02,50,22,398d4136fe8a7fe859af6d03e3be3e80b0a4a081aa81cad5dad14be6152fbb07,1024,511,2.5856714248657227
S,29,a02,50,23,27c7a212b1dd328e6abafa8ce17f190f047ff7bf7b13546651705123022fac2b,2048,511,2.511988639831543
S,29,a02,50,24,27e29aeb84cb9b2f80dc9061f35e33eb4710e31a4bda2e0ce985e2cb4c4af0d4,512,511,2.3722660541534424
S,29,a02,50,25,a7ab0eebec8ed5155f1c0b6b257ae3e70464155e9540fc6cb19d9b21ce07adbe,0,511,2.1169135570526123
S,29,a02,50,26,87c73475752c7552f1b2dfb6631350662bd4d2392ea692266f7fd8d9d49255e6,5120,511,2.562675714492798
S,29,a02,50,27,4dfcff9cdf6a84e7dc2d2f41f4beeb5bd4a850251f084dbb833319624ea2ba03,1536,511,2.8483033180236816
S,29,a02,50,28,c6a6c920ad14f9ced5cbb1a81a695ee0d1e0cec0886071763eca3b7609793f9a,512,511,2.816838502883911
S,29,a02,50,29,602491df734b58909d0bdd64c12964094178660aa935fe328832f5ac7c783ce5,6656,511,3.024641275405884
S,29,a02,50,30,3d3334d8bb76a4a5d2667fcaaf08e5519258c23da3c0ed35b0fb51ab7750456a,512,511,2.4911417961120605
S,29,a02,50,31,a5c6bb2784e438e57e6c21063b5631ad6159e98fd0fdde6f0f393b1a6ad1ec91,0,511,2.563086748123169
S,29,a02,50,32,a75479aadac4ab0e14588bb3dbab971354b70cbb22f67008de6af0b25ce850de,6144,511,3.051434278488159
S,29,a02,50,33,81985a3b78086a93d7e6ae3ddda453bf5a959744e65bc05418fc1b56f5ec10ca,512,511,2.375661849975586
S,29,a02,50,34,2362e3d4278d695e409c7b7ff1512062454f8d035bc9076dff42c632a29fb2ee,0,511,2.1442642211914062
S,29,a02,50,35,85cb58452e909342c236fc118e084fa9adcfddffc1ee3968baed9838eae6ef37,0,511,1.9374700784683228
S,29,a02,50,36,da80b33b4eb70c8d7b4c6a0fc009cedf34a39859057eb8700df906c788e6a4c8,0,511,2.300281524658203
S,29,a02,50,37,2e3ac91c014b25eebddbb443aa8850683dfc0675b9fed2dc40ec8d5f64ec60d4,0,511,2.201625108718872
S,29,a02,50,38,3210f7ea4f8c2a390b5fc7a519a58dd185dc01a5700b89f95e427e52d0e581c9,512,511,2.83015775680542
S,29,a02,50,39,f5e1818470b34abce111d71989de48dff1e3e4ef0271749d38438e1b6693f635,1536,511,2.2417240142822266
S,29,a02,50,40,3ce4586556ea72a70c76b9203dca8969adc500af610389007ec255f56b1e169e,1024,511,2.7280945777893066
S,29,a02,50,41,7b804a7a99e4de2942ef98de42165dacd3e16b944e6a538d55df1f634a23d48e,4096,511,2.7435333728790283
S,29,a02,50,42,f6dd4f9c768666495fe711e166071758aa6c2d321def74a3ae211027ce199501,512,511,3.080416202545166
S,29,a02,50,43,31ed14bec015eaaefb165002eb17b020eeb35031b1a592aff7d981de7c6899b3,0,511,2.299673080444336
S,29,a02,50,44,b3ff1454cd3a072b015b88f94f6d6889d9c0bd745fc7a5433df7c0d43151854e,512,511,2.4890410900115967
S,29,a02,50,45,3ee074eadb149c8da6002c76352f4113d1c896c63c6c090fd621092749233d6a,8704,511,3.0650534629821777
S,29,a02,50,46,5682e8596b594de16f03e38329a00d1bff4adee96204668f946a90f5292c8136,1024,511,2.7619919776916504
S,29,a02,50,47,127630e33620c4206cd0e7ad6622f66b144b669ddf653964e56ce6654a7b32f0,3072,511,2.3473165035247803
S,29,a02,50,48,320f1288c0a9e6e7a3def263d7abab684526479abb06fc68e069fc1a9937c71d,1024,511,2.6391348838806152
S,29,a02,50,49,58ac024cd69aa321476709f7b1742c6523bf4fb12233b5b6f60d680c8fca8e8e,1536,511,2.6179802417755127
S,29,a02,50,50,4f84e7678dedadbb233b28e11c014c0798eadf77020a5a8fb4d017d12c99e86d,2560,511,2.0943479537963867
S,29,a02,50,51,99db37e631f9ef519733c8a72d003864c2701de3091cf19e9eba387054fdacac,512,511,2.9835755825042725
S,29,a02,50,52,0627479429bdaca6ad2b61ecd03d5b65cd330b0351b5ff8f878978d7b00c4ab2,0,511,2.450629472732544
S,29,a02,50,53,c1e3085f9b150f54416c89fdea9cdb29ceef7e5050e94af9eafe2053fffe3e64,3584,511,2.184709310531616
S,29,a02,50,54,0e6b290375d52c7b5c4cd74b4c7348611213caa15ca0e87d7f6426f9e0f86e04,2048,511,2.5005979537963867
S,29,a02,50,55,16f297fd545d4a150c1908347430e076e51e3560238877a2eec2ac020b7d3bc9,3584,511,2.433847665786743
S,29,a02,50,56,243408a375c7d0c1fda52538ba71d700e4d403fd2764c7491c7c1a9b7d7fd7a9,0,511,2.501232385635376
S,29,a02,50,57,93133535594204a5a3625fc7b90ff6ad027dca329f0359370d232d4135e91bc1,512,511,2.3165342807769775
S,29,a02,50,58,7c74fa4376b1168685d5d288b916d3317d340aad3044f88d5ca673b76d875d1c,1536,511,2.2527260780334473
S,29,a02,50,59,447ea32f527637dcb6ef068962a2fabe21ec283698e144c45ed42c46e1b27772,0,511,2.5658421516418457
S,29,a02,50,60,6db7dd742bd03a22121dc39ee8773c9afa1462f4efce21abbe54dc33c4285b1f,0,511,2.3381540775299072
S,29,a02,50,61,dc8a961be5dc24fc777b38869adf84cfc37bbe2f28514ceb0e344d39b7e01906,512,511,2.609257698059082
S,29,a02,50,62,3ca10415cf1f0bc4955c7ef0d186c8e93deb4aece0aaaa5fb553b43dfe5ad2aa,0,511,2.578902244567871
S,29,a02,50,63,6e5c6769277c87aeaf9a4fd680fad1720ce04660f567befd8a9f8c68dde50f64,0,511,2.3567819595336914
S,29,a02,100,0,71ff58ca29d05bef3a99fb59512ec09404e49be906888dc3ea5409ce8a54beea,0,511,2.2052676677703857
S,29,a02,100,1,47ab999a2c488609314576fac2048b7f2a92afad8f7ca0326f23f648d515f167,1536,511,2.1416916847229004
S,29,a02,100,2,c6ff7382a150214656a5c5d777769384c99d3ce7764110fc98e07e5e48fddc7e,1024,511,2.4019274711608887
S,29,a02,100,3,8739f77bc09e02e5783efc804080eff63b9ae7da7008a0e4c6412b47aa6da1c2,2048,511,2.367553472518921
S,29,a02,100,4,a7f7a2250dd6f72080e21112d92bdfd639fcbe8a5a9effd80028c67d5dddd416,0,511,2.3806469440460205
S,29,a02,100,5,06cd6da2c73e993c43345dad24088c06b24d496ffc56f5f460b58cfa49d0f3df,0,511,1.561618685722351
S,29,a02,100,6,3adf36bb00be5fa07541f544ce8642a56fcd3a01d456650deaabc83e91d791a1,1024,511,2.478682518005371
S,29,a02,100,7,34c9eb07c804b8ee651c4da1ac1dd801fec51c064819632bd8f4f36bd685b8a1,1024,511,2.8519630432128906
S,29,a02,100,8,dcd008e03034d7dcffb4b6abd6aa6f0bfdf0a28ddd0b53dd37784e7c055f10bb,1536,511,2.2333855628967285
S,29,a02,100,9,4f58c96286c7c0f0417ea817ca24cf1c2db4ad3d19fdcdcf46124511fbf05b3e,512,511,2.5489797592163086
S,29,a02,100,10,7c5e18ef30b2c1c37d722f19397ccdf563e0428cdde5ff6b99a902d67975541f,5120,511,2.4489598274230957
S,29,a02,100,11,47344d32192263b566ca14f66ce20553a4c76ff30204fae6639d7c1dde9a1f11,0,511,1.8910800218582153
S,29,a02,100,12,98aa6addc6d0697baff9ad72065efe34b866fb27cb0c3e094c328bb57b98cf2b,512,511,2.457249879837036
S,29,a02,100,13,d6b58a86755a3af1a5a75d162cfd31bceb70ebe76d43dfd2b64d95def0331c1b,0,511,1.6982520818710327
S,29,a02,100,14,c724dc11dc74fa10b6309922c9d014e010a88079d4ca2e3ca96ab091459b166e,0,511,2.144982099533081
S,29,a02,100,15,aad6037cda830ea2edaf38a004ae82825aa4d21585b2c0f33197a34583613c19,3072,511,2.5931529998779297
S,29,a02,100,16,b7140ecf1283718c8b44dd77fefc16ef15f5d7579ad3d6f1da94324d11081ab5,0,511,2.4022715091705322
S,29,a02,100,17,7c0883960fcd42892f41d565a6eb8675b26e6a7b184fa795ec1dea269c0d78f7,2560,511,2.945052146911621
S,29,a02,100,18,e461497c8cf9867275c7b0ab55899126e69b01926436f58a64e902baf22ad1d8,1024,511,2.7329108715057373
S,29,a02,100,19,d236bd424f8c1de8ba7570984678d98d021bd9f796117156ee8c848d8b9e20df,512,511,1.9328597784042358
S,29,a02,100,20,b124bcdac530f87fa8b20ed6ba5af0bdc6e2e14fe6348e8e8d9aae3bbb14d7bf,1536,511,2.369015693664551
S,29,a02,100,21,398d9a5e65eb510a4b2165e08da91bc2e7a46f651fd4c2a7c82baca0e3f7c6f7,512,511,2.997002363204956
S,29,a02,100,22,398d4136fe8a7fe859af6d03e3be3e80b0a4a081aa81cad5dad14be6152fbb07,1024,511,2.451418876647949
S,29,a02,100,23,27c7a212b1dd328e6abafa8ce17f190f047ff7bf7b13546651705123022fac2b,2048,511,2.3845534324645996
S,29,a02,100,24,27e29aeb84cb9b2f80dc9061f35e33eb4710e31a4bda2e0ce985e2cb4c4af0d4,512,511,2.269414186477661
S,29,a02,100,25,a7ab0eebec8ed5155f1c0b6b257ae3e70464155e9540fc6cb19d9b21ce07adbe,0,511,2.017536163330078
S,29,a02,100,26,87c73475752c7552f1b2dfb6631350662bd4d2392ea692266f7fd8d9d49255e6,5120,511,2.5026793479919434
S,29,a02,100,27,4dfcff9cdf6a84e7dc2d2f41f4beeb5bd4a850251f084dbb833319624ea2ba03,1536,511,2.700129508972168
S,29,a02,100,28,c6a6c920ad14f9ced5cbb1a81a695ee0d1e0cec0886071763eca3b7609793f9a,512,511,2.710230827331543
S,29,a02,100,29,602491df734b58909d0bdd64c12964094178660aa935fe328832f5ac7c783ce5,6656,511,2.9186253547668457
S,29,a02,100,30,3d3334d8bb76a4a5d2667fcaaf08e5519258c23da3c0ed35b0fb51ab7750456a,512,511,2.386630058288574
S,29,a02,100,31,a5c6bb2784e438e57e6c21063b5631ad6159e98fd0fdde6f0f393b1a6ad1ec91,0,511,2.4066884517669678
S,29,a02,100,32,a75479aadac4ab0e14588bb3dbab971354b70cbb22f67008de6af0b25ce850de,6144,511,2.980151414871216
S,29,a02,100,33,81985a3b78086a93d7e6ae3ddda453bf5a959744e65bc05418fc1b56f5ec10ca,512,511,2.263819694519043
S,29,a02,100,34,2362e3d4278d695e409c7b7ff1512062454f8d035bc9076dff42c632a29fb2ee,0,511,2.0317888259887695
S,29,a02,100,35,85cb58452e909342c236fc118e084fa9adcfddffc1ee3968baed9838eae6ef37,0,511,1.8502475023269653
S,29,a02,100,36,da80b33b4eb70c8d7b4c6a0fc009cedf34a39859057eb8700df906c788e6a4c8,0,511,2.1880106925964355
S,29,a02,100,37,2e3ac91c014b25eebddbb443aa8850683dfc0675b9fed2dc40ec8d5f64ec60d4,0,511,2.0835273265838623
S,29,a02,100,38,3210f7ea4f8c2a390b5fc7a519a58dd185dc01a5700b89f95e427e52d0e581c9,512,511,2.716738700866699
S,29,a02,100,39,f5e1818470b34abce111d71989de48dff1e3e4ef0271749d38438e1b6693f635,1536,511,2.1426897048950195
S,29,a02,100,40,3ce4586556ea72a70c76b9203dca8969adc500af610389007ec255f56b1e169e,1024,511,2.5667150020599365
S,29,a02,100,41,7b804a7a99e4de2942ef98de42165dacd3e16b944e6a538d55df1f634a23d48e,4096,511,2.659299373626709
S,29,a02,100,42,f6dd4f9c768666495fe711e166071758aa6c2d321def74a3ae211027ce199501,512,511,2.980672836303711
S,29,a02,100,43,31ed14bec015eaaefb165002eb17b020eeb35031b1a592aff7d981de7c6899b3,0,511,2.2256851196289062
S,29,a02,100,44,b3ff1454cd3a072b015b88f94f6d6889d9c0bd745fc7a5433df7c0d43151854e,512,511,2.372981071472168
S,29,a02,100,45,3ee074eadb149c8da6002c76352f4113d1c896c63c6c090fd621092749233d6a,8704,511,2.958334445953369
S,29,a02,100,46,5682e8596b594de16f03e38329a00d1bff4adee96204668f946a90f5292c8136,1024,511,2.7034595012664795
S,29,a02,100,47,127630e33620c4206cd0e7ad6622f66b144b669ddf653964e56ce6654a7b32f0,3072,511,2.2326204776763916
S,29,a02,100,48,320f1288c0a9e6e7a3def263d7abab684526479abb06fc68e069fc1a9937c71d,1024,511,2.518805742263794
S,29,a02,100,49,58ac024cd69aa321476709f7b1742c6523bf4fb12233b5b6f60d680c8fca8e8e,1536,511,2.5541365146636963
S,29,a02,100,50,4f84e7678dedadbb233b28e11c014c0798eadf77020a5a8fb4d017d12c99e86d,2560,511,1.9907623529434204
S,29,a02,100,51,99db37e631f9ef519733c8a72d003864c2701de3091cf19e9eba387054fdacac,512,511,2.899541139602661
S,29,a02,100,52,0627479429bdaca6ad2b61ecd03d5b65cd330b0351b5ff8f878978d7b00c4ab2,0,511,2.349543333053589
S,29,a02,100,53,c1e3085f9b150f54416c89fdea9cdb29ceef7e5050e94af9eafe2053fffe3e64,3584,511,2.0691301822662354
S,29,a02,100,54,0e6b290375d52c7b5c4cd74b4c7348611213caa15ca0e87d7f6426f9e0f86e04,2048,511,2.3998653888702393
S,29,a02,100,55,16f297fd545d4a150c1908347430e076e51e3560238877a2eec2ac020b7d3bc9,3584,511,2.3513035774230957
S,29,a02,100,56,243408a375c7d0c1fda52538ba71d700e4d403fd2764c7491c7c1a9b7d7fd7a9,0,511,2.3354599475860596
S,29,a02,100,57,93133535594204a5a3625fc7b90ff6ad027dca329f0359370d232d4135e91bc1,512,511,2.187744617462158
S,29,a02,100,58,7c74fa4376b1168685d5d288b916d3317d340aad3044f88d5ca673b76d875d1c,1536,511,2.1621241569519043
S,29,a02,100,59,447ea32f527637dcb6ef068962a2fabe21ec283698e144c45ed42c46e1b27772,0,511,2.4399356842041016
S,29,a02,100,60,6db7dd742bd03a22121dc39ee8773c9afa1462f4efce21abbe54dc33c4285b1f,0,511,2.2236039638519287
S,29,a02,100,61,dc8a961be5dc24fc777b38869adf84cfc37bbe2f28514ceb0e344d39b7e01906,512,511,2.496555805206299
S,29,a02,100,62,3ca10415cf1f0bc4955c7ef0d186c8e93deb4aece0aaaa5fb553b43dfe5ad2aa,0,511,2.4673807621002197
S,29,a02,100,63,6e5c6769277c87aeaf9a4fd680fad1720ce04660f567befd8a9f8c68dde50f64,0,511,2.240508556365967
S,29,a03,0,0,71ff58ca29d05bef3a99fb59512ec09404e49be906888dc3ea5409ce8a54beea,0,511,2.3994600772857666
S,29,a03,0,1,47ab999a2c488609314576fac2048b7f2a92afad8f7ca0326f23f648d515f167,1536,511,2.345461130142212
S,29,a03,0,2,c6ff7382a150214656a5c5d777769384c99d3ce7764110fc98e07e5e48fddc7e,1024,511,2.5913591384887695
S,29,a03,0,3,8739f77bc09e02e5783efc804080eff63b9ae7da7008a0e4c6412b47aa6da1c2,2048,511,2.6799843311309814
S,29,a03,0,4,a7f7a2250dd6f72080e21112d92bdfd639fcbe8a5a9effd80028c67d5dddd416,0,511,2.5732908248901367
S,29,a03,0,5,06cd6da2c73e993c43345dad24088c06b24d496ffc56f5f460b58cfa49d0f3df,0,511,1.7804986238479614
S,29,a03,0,6,3adf36bb00be5fa07541f544ce8642a56fcd3a01d456650deaabc83e91d791a1,1024,511,2.864234685897827
S,29,a03,0,7,34c9eb07c804b8ee651c4da1ac1dd801fec51c064819632bd8f4f36bd685b8a1,1024,511,3.234595537185669
S,29,a03,0,8,dcd008e03034d7dcffb4b6abd6aa6f0bfdf0a28ddd0b53dd37784e7c055f10bb,1536,511,2.5510385036468506
S,29,a03,0,9,4f58c96286c7c0f0417ea817ca24cf1c2db4ad3d19fdcdcf46124511fbf05b3e,512,511,2.896815538406372
S,29,a03,0,10,7c5e18ef30b2c1c37d722f19397ccdf563e0428cdde5ff6b99a902d67975541f,5120,511,2.7607808113098145
S,29,a03,0,11,47344d32192263b566ca14f66ce20553a4c76ff30204fae6639d7c1dde9a1f11,0,511,2.1037533283233643
S,29,a03,0,12,98aa6addc6d0697baff9ad72065efe34b866fb27cb0c3e094c328bb57b98cf2b,512,511,2.6369738578796387
S,29,a03,0,13,d6b58a86755a3af1a5a75d162cfd31bceb70ebe76d43dfd2b64d95def0331c1b,0,511,2.0670113563537598
S,29,a03,0,14,c724dc11dc74fa10b6309922c9d014e010a88079d4ca2e3ca96ab091459b166e,0,511,2.4225871562957764
S,29,a03,0,15,aad6037cda830ea2edaf38a004ae82825aa4d21585b2c0f33197a34583613c19,3072,511,2.7511730194091797
S,29,a03,0,16,b7140ecf1283718c8b44dd77fefc16ef15f5d7579ad3d6f1da94324d11081ab5,0,511,2.5998079776763916
S,29,a03,0,17,7c0883960fcd42892f41d565a6eb8675b26e6a7b184fa795ec1dea269c0d78f7,2560,511,3.1736037731170654
S,29,a03,0,18,e461497c8cf9867275c7b0ab55899126e69b01926436f58a64e902baf22ad1d8,1024,511,3.0016353130340576
S,29,a03,0,19,d236bd424f8c1de8ba7570984678d98d021bd9f796117156ee8c848d8b9e20df,512,511,2.1516427993774414
S,29,a03,0,20,b124bcdac530f87fa8b20ed6ba5af0bdc6e2e14fe6348e8e8d9aae3bbb14d7bf,1536,511,2.647033929824829
S,29,a03,0,21,398d9a5e65eb510a4b2165e08da91bc2e7a46f651fd4c2a7c82baca0e3f7c6f7,512,511,3.267014503479004
S,29,a03,0,22,398d4136fe8a7fe859af6d03e3be3e80b0a4a081aa81cad5dad14be6152fbb07,1024,511,2.784895658493042
S,29,a03,0,23,27c7a212b1dd328e6abafa8ce17f190f047ff7bf7b13546651705123022fac2b,2048,511,2.764967441558838
S,29,a03,0,24,27e29aeb84cb9b2f80dc9061f35e33eb4710e31a4bda2e0ce985e2cb4c4af0d4,512,511,2.5755269527435303
S,29,a03,0,25,a7ab0eebec8ed5155f1c0b6b257ae3e70464155e9540fc6cb19d9b21ce07adbe,0,511,2.300006866455078
S,29,a03,0,26,87c73475752c7552f1b2dfb6631350662bd4d2392ea692266f7fd8d9d49255e6,5120,511,2.6849520206451416
S,29,a03,0,27,4dfcff9cdf6a84e7dc2d2f41f4beeb5bd4a850251f084dbb833319624ea2ba03,1536,511,2.9392600059509277
S,29,a03,0,28,c6a6c920ad14f9ced5cbb1a81a695ee0d1e0cec0886071763eca3b7609793f9a,512,511,3.023531675338745
S,29,a03,0,29,602491df734b58909d0bdd64c12964094178660aa935fe328832f5ac7c783ce5,6656,511,3.109340190887451
S,29,a03,0,30,3d3334d8bb76a4a5d2667fcaaf08e5519258c23da3c0ed35b0fb51ab7750456a,512,511,2.6097922325134277
S,29,a03,0,31,a5c6bb2784e438e57e6c21063b5631ad6159e98fd0fdde6f0f393b1a6ad1ec91,0,511,2.7922329902648926
S,29,a03,0,32,a75479aadac4ab0e14588bb3dbab971354b70cbb22f67008de6af0b25ce850de,6144,511,3.181856632232666
S,29,a03,0,33,81985a3b78086a93d7e6ae3ddda453bf5a959744e65bc05418fc1b56f5ec10ca,512,511,2.4921164512634277
S,29,a03,0,34,2362e3d4278d695e409c7b7ff1512062454f8d035bc9076dff42c632a29fb2ee,0,511,2.268710136413574
S,29,a03,0,35,85cb58452e909342c236fc118e084fa9adcfddffc1ee3968baed9838eae6ef37,0,511,2.1170613765716553
S,29,a03,0,36,da80b33b4eb70c8d7b4c6a0fc009cedf34a39859057eb8700df906c788e6a4c8,0,511,2.5055439472198486
S,29,a03,0,37,2e3ac91c014b25eebddbb443aa8850683dfc0675b9fed2dc40ec8d5f64ec60d4,0,511,2.3230302333831787
S,29,a03,0,38,3210f7ea4f8c2a390b5fc7a519a58dd185dc01a5700b89f95e427e52d0e581c9,512,511,2.9738094806671143
S,29,a03,0,39,f5e1818470b34abce111d71989de48dff1e3e4ef0271749d38438e1b6693f635,1536,511,2.4057791233062744
S,29,a03,0,40,3ce4586556ea72a70c76b9203dca8969adc500af610389007ec255f56b1e169e,1024,511,2.8415844440460205
S,29,a03,0,41,7b804a7a99e4de2942ef98de42165dacd3e16b944e6a538d55df1f634a23d48e,4096,511,2.9185619354248047
S,29,a03,0,42,f6dd4f9c768666495fe711e166071758aa6c2d321def74a3ae211027ce199501,512,511,3.224128007888794
S,29,a03,0,43,31ed14bec015eaaefb165002eb17b020eeb35031b1a592aff7d981de7c6899b3,0,511,2.404877185821533
S,29,a03,0,44,b3ff1454cd3a072b015b88f94f6d6889d9c0bd745fc7a5433df7c0d43151854e,512,511,2.649561643600464
S,29,a03,0,45,3ee074eadb149c8da6002c76352f4113d1c896c63c6c090fd621092749233d6a,8704,511,3.2259342670440674
S,29,a03,0,46,5682e8596b594de16f03e38329a00d1bff4adee96204668f946a90f5292c8136,1024,511,2.8707833290100098
S,29,a03,0,47,127630e33620c4206cd0e7ad6622f66b144b669ddf653964e56ce6654a7b32f0,3072,511,2.57273530960083
S,29,a03,0,48,320f1288c0a9e6e7a3def263d7abab684526479abb06fc68e069fc1a9937c71d,1024,511,2.8344404697418213
S,29,a03,0,49,58ac024cd69aa321476709f7b1742c6523bf4fb12233b5b6f60d680c8fca8e8e,1536,511,2.670275926589966
S,29,a03,0,50,4f84e7678dedadbb233b28e11c014c0798eadf77020a5a8fb4d017d12c99e86d,2560,511,2.2262229919433594
S,29,a03,0,51,99db37e631f9ef519733c8a72d003864c2701de3091cf19e9eba387054fdacac,512,511,3.0924222469329834
S,29,a03,0,52,0627479429bdaca6ad2b61ecd03d5b65cd330b0351b5ff8f878978d7b00c4ab2,0,511,2.629951238632202
S,29,a03,0,53,c1e3085f9b150f54416c89fdea9cdb29ceef7e5050e94af9eafe2053fffe3e64,3584,511,2.319774866104126
S,29,a03,0,54,0e6b290375d52c7b5c4cd74b4c7348611213caa15ca0e87d7f6426f9e0f86e04,2048,511,2.712585687637329
S,29,a03,0,55,16f297fd545d4a150c1908347430e076e51e3560238877a2eec2ac020b7d3bc9,3584,511,2.6009671688079834
S,29,a03,0,56,243408a375c7d0c1fda52538ba71d700e4d403fd2764c7491c7c1a9b7d7fd7a9,0,511,2.7011606693267822
S,29,a03,0,57,93133535594204a5a3625fc7b90ff6ad027dca329f0359370d232d4135e91bc1,512,511,2.4485230445861816
S,29,a03,0,58,7c74fa4376b1168685d5d288b916d3317d340aad3044f88d5ca673b76d875d1c,1536,511,2.4540512561798096
S,29,a03,0,59,447ea32f527637dcb6ef068962a2fabe21ec283698e144c45ed42c46e1b27772,0,511,2.7331595420837402
S,29,a03,0,60,6db7dd742bd03a22121dc39ee8773c9afa1462f4efce21abbe54dc33c4285b1f,0,511,2.4292542934417725
S,29,a03,0,61,dc8a961be5dc24fc777b38869adf84cfc37bbe2f28514ceb0e344d39b7e01906,512,511,2.819986581802368
S,29,a03,0,62,3ca10415cf1f0bc4955c7ef0d186c8e93deb4aece0aaaa5fb553b43dfe5ad2aa,0,511,2.711681365966797
S,29,a03,0,63,6e5c6769277c87aeaf9a4fd680fad1720ce04660f567befd8a9f8c68dde50f64,0,511,2.60559344291687
S,29,a03,20,0,71ff58ca29d05bef3a99fb59512ec09404e49be906888dc3ea5409ce8a54beea,0,511,2.364100933074951
S,29,a03,20,1,47ab999a2c488609314576fac2048b7f2a92afad8f7ca0326f23f648d515f167,1536,511,2.3096823692321777
S,29,a03,20,2,c6ff7382a150214656a5c5d777769384c99d3ce7764110fc98e07e5e48fddc7e,1024,511,2.5406079292297363
S,29,a03,20,3,8739f77bc09e02e5783efc804080eff63b9ae7da7008a0e4c6412b47aa6da1c2,2048,511,2.611506462097168
S,29,a03,20,4,a7f7a2250dd6f72080e21112d92bdfd639fcbe8a5a9effd80028c67d5dddd416,0,511,2.529146909713745
S,29,a03,20,5,06cd6da2c73e993c43345dad24088c06b24d496ffc56f5f460b58cfa49d0f3df,0,511,1.7386860847473145
S,29,a03,20,6,3adf36bb00be5fa07541f544ce8642a56fcd3a01d456650deaabc83e91d791a1,1024,511,2.7942192554473877
S,29,a03,20,7,34c9eb07c804b8ee651c4da1ac1dd801fec51c064819632bd8f4f36bd685b8a1,1024,511,3.160203218460083
S,29,a03,20,8,dcd008e03034d7dcffb4b6abd6aa6f0bfdf0a28ddd0b53dd37784e7c055f10bb,1536,511,2.5077431201934814
S,29,a03,20,9,4f58c96286c7c0f0417ea817ca24cf1c2db4ad3d19fdcdcf46124511fbf05b3e,512,511,2.83828067779541
S,29,a03,20,10,7c5e18ef30b2c1c37d722f19397ccdf563e0428cdde5ff6b99a902d67975541f,5120,511,2.7114453315734863
S,29,a03,20,11,47344d32192263b566ca14f66ce20553a4c76ff30204fae6639d7c1dde9a1f11,0,511,2.0533883571624756
S,29,a03,20,12,98aa6addc6d0697baff9ad72065efe34b866fb27cb0c3e094c328bb57b98cf2b,512,511,2.5960168838500977
S,29,a03,20,13,d6b58a86755a3af1a5a75d162cfd31bceb70ebe76d43dfd2b64d95def0331c1b,0,511,2.0051474571228027
S,29,a03,20,14,c724dc11dc74fa10b6309922c9d014e010a88079d4ca2e3ca96ab091459b166e,0,511,2.371189832687378
S,29,a03,20,15,aad6037cda830ea2edaf38a004ae82825aa4d21585b2c0f33197a34583613c19,3072,511,2.7161896228790283
S,29,a03,20,16,b7140ecf1283718c8b44dd77fefc16ef15f5d7579ad3d6f1da94324d11081ab5,0,511,2.5513646602630615
S,29,a03,20,17,7c0883960fcd42892f41d565a6eb8675b26e6a7b184fa795ec1dea269c0d78f7,2560,511,3.137429714202881
S,29,a03,20,18,e461497c8cf9867275c7b0ab55899126e69b01926436f58a64e902baf22ad1d8,1024,511,2.9445455074310303
S,29,a03,20,19,d236bd424f8c1de8ba7570984678d98d021bd9f796117156ee8c848d8b9e20df,512,511,2.098236560821533
S,29,a03,20,20,b124bcdac530f87fa8b20ed6ba5af0bdc6e2e14fe6348e8e8d9aae3bbb14d7bf,1536,511,2.5922985076904297
S,29,a03,20,21,398d9a5e65eb510a4b2165e08da91bc2e7a46f651fd4c2a7c82baca0e3f7c6f7,512,511,3.225642681121826
S,29,a03,20,22,398d4136fe8a7fe859af6d03e3be3e80b0a4a081aa81cad5dad14be6152fbb07,1024,511,2.727626323699951
S,29,a03,20,23,27c7a212b1dd328e6abafa8ce17f190f047ff7bf7b13546651705123022fac2b,2048,511,2.6960926055908203
S,29,a03,20,24,27e29aeb84cb9b2f80dc9061f35e33eb4710e31a4bda2e0ce985e2cb4c4af0d4,512,511,2.5211880207061768
S,29,a03,20,25,a7ab0eebec8ed5155f1c0b6b257ae3e70464155e9540fc6cb19d9b21ce07adbe,0,511,2.236938953399658
S,29,a03,20,26,87c73475752c7552f1b2dfb6631350662bd4d2392ea692266f7fd8d9d49255e6,5120,511,2.6147730350494385
S,29,a03,20,27,4dfcff9cdf6a84e7dc2d2f41f4beeb5bd4a850251f084dbb833319624ea2ba03,1536,511,2.89357328414917
S,29,a03,20,28,c6a6c920ad14f9ced5cbb1a81a695ee0d1e0cec0886071763eca3b7609793f9a,512,511,2.9846837520599365
S,29,a03,20,29,602491df734b58909d0bdd64c12964094178660aa935fe328832f5ac7c783ce5,6656,511,3.0729827880859375
S,29,a03,20,30,3d3334d8bb76a4a5d2667fcaaf08e5519258c23da3c0ed35b0fb51ab7750456a,512,511,2.532414436340332
S,29,a03,20,31,a5c6bb2784e438e57e6c21063b5631ad6159e98fd0fdde6f0f393b1a6ad1ec91,0,511,2.7251219749450684
S,29,a03,20,32,a75479aadac4ab0e14588bb3dbab971354b70cbb22f67008de6af0b25ce850de,6144,511,3.1413893699645996
S,29,a03,20,33,81985a3b78086a93d7e6ae3ddda453bf5a959744e65bc05418fc1b56f5ec10ca,512,511,2.4202053546905518
S,29,a03,20,34,2362e3d4278d695e409c7b7ff1512062454f8d035bc9076dff42c632a29fb2ee,0,511,2.2374932765960693
S,29,a03,20,35,85cb58452e909342c236fc118e084fa9adcfddffc1ee3968baed9838eae6ef37,0,511,2.0629172325134277
S,29,a03,20,36,da80b33b4eb70c8d7b4c6a0fc009cedf34a39859057eb8700df906c788e6a4c8,0,511,2.443567991256714
S,29,a03,20,37,2e3ac91c014b25eebddbb443aa8850683dfc0675b9fed2dc40ec8d5f64ec60d4,0,511,2.270113706588745
S,29,a03,20,38,3210f7ea4f8c2a390b5fc7a519a58dd185dc01a5700b89f95e427e52d0e581c9,512,511,2.9386913776397705
S,29,a03,20,39,f5e1818470b34abce111d71989de48dff1e3e4ef0271749d38438e1b6693f635,1536,511,2.3563504219055176
S,29,a03,20,40,3ce4586556ea72a70c76b9203dca8969adc500af610389007ec255f56b1e169e,1024,511,2.7927029132843018
S,29,a03,20,41,7b804a7a99e4de2942ef98de42165dacd3e16b944e6a538d55df1f634a23d48e,4096,511,2.8796863555908203
S,29,a03,20,42,f6dd4f9c768666495fe711e166071758aa6c2d321def74a3ae211027ce199501,512,511,3.1630730628967285
S,29,a03,20,43,31ed14bec015eaaefb165002eb17b020eeb35031b1a592aff7d981de7c6899b3,0,511,2.3615195751190186
S,29,a03,20,44,b3ff1454cd3a072b015b88f94f6d6889d9c0bd745fc7a5433df7c0d43151854e,512,511,2.6103248596191406
S,29,a03,20,45,3ee074eadb149c8da6002c76352f4113d1c896c63c6c090fd621092749233d6a,8704,511,3.171682596206665
S,29,a03,20,46,5682e8596b594de16f03e38329a00d1bff4adee96204668f946a90f5292c8136,1024,511,2.839000940322876
S,29,a03,20,47,127630e33620c4206cd0e7ad6622f66b144b669ddf653964e56ce6654a7b32f0,3072,511,2.5166196823120117
S,29,a03,20,48,320f1288c0a9e6e7a3def263d7abab684526479abb06fc68e069fc1a9937c71d,1024,511,2.7724387645721436
S,29,a03,20,49,58ac024cd69aa321476709f7b1742c6523bf4fb12233b5b6f60d680c8fca8e8e,1536,511,2.6383650302886963
S,29,a03,20,50,4f84e7678dedadbb233b28e11c014c0798eadf77020a5a8fb4d017d12c99e86d,2560,511,2.1892683506011963
S,29,a03,20,51,99db37e631f9ef519733c8a72d003864c2701de3091cf19e9eba387054fdacac,512,511,3.054340124130249
S,29,a03,20,52,0627479429bdaca6ad2b61ecd03d5b65cd330b0351b5ff8f878978d7b00c4ab2,0,511,2.591359853744507
S,29,a03,20,53,c1e3085f9b150f54416c89fdea9cdb29ceef7e5050e94af9eafe2053fffe3e64,3584,511,2.2684381008148193
S,29,a03,20,54,0e6b290375d52c7b5c4cd74b4c7348611213caa15ca0e87d7f6426f9e0f86e04,2048,511,2.6471638679504395
S,29,a03,20,55,16f297fd545d4a150c1908347430e076e51e3560238877a2eec2ac020b7d3bc9,3584,511,2.553138494491577
S,29,a03,20,56,243408a375c7d0c1fda52538ba71d700e4d403fd2764c7491c7c1a9b7d7fd7a9,0,511,2.630465507507324
S,29,a03,20,57,93133535594204a5a3625fc7b90ff6ad027dca329f0359370d232d4135e91bc1,512,511,2.4076404571533203
S,29,a03,20,58,7c74fa4376b1168685d5d288b916d3317d340aad3044f88d5ca673b76d875d1c,1536,511,2.3931822776794434
S,29,a03,20,59,447ea32f527637dcb6ef068962a2fabe21ec283698e144c45ed42c46e1b27772,0,511,2.683778762817383
S,29,a03,20,60,6db7dd742bd03a22121dc39ee8773c9afa1462f4efce21abbe54dc33c4285b1f,0,511,2.382246255874634
S,29,a03,20,61,dc8a961be5dc24fc777b38869adf84cfc37bbe2f28514ceb0e344d39b7e01906,512,511,2.7616846561431885
S,29,a03,20,62,3ca10415cf1f0bc4955c7ef0d186c8e93deb4aece0aaaa5fb553b43dfe5ad2aa,0,511,2.6635806560516357
S,29,a03,20,63,6e5c6769277c87aeaf9a4fd680fad1720ce04660f567befd8a9f8c68dde50f64,0,511,2.5425407886505127
S,29,a03,50,0,71ff58ca29d05bef3a99fb59512ec09404e49be906888dc3ea5409ce8a54beea,0,511,2.2707691192626953
S,29,a03,50,1,47ab999a2c488609314576fac2048b7f2a92afad8f7ca0326f23f648d515f167,1536,511,2.221165180206299
S,29,a03,50,2,c6ff7382a150214656a5c5d777769384c99d3ce7764110fc98e07e5e48fddc7e,1024,511,2.462507486343384
S,29,a03,50,3,8739f77bc09e02e5783efc804080eff63b9ae7da7008a0e4c6412b47aa6da1c2,2048,511,2.4631974697113037
S,29,a03,50,4,a7f7a2250dd6f72080e21112d92bdfd639fcbe8a5a9effd80028c67d5dddd416,0,511,2.4462380409240723
S,29,a03,50,5,06cd6da2c73e993c43345dad24088c06b24d496ffc56f5f460b58cfa49d0f3df,0,511,1.625
S,29,a03,50,6,3adf36bb00be5fa07541f544ce8642a56fcd3a01d456650deaabc83e91d791a1,1024,511,2.6313652992248535
S,29,a03,50,7,34c9eb07c804b8ee651c4da1ac1dd801fec51c064819632bd8f4f36bd685b8a1,1024,511,3.0374796390533447
S,29,a03,50,8,dcd008e03034d7dcffb4b6abd6aa6f0bfdf0a28ddd0b53dd37784e7c055f10bb,1536,511,2.3668134212493896
S,29,a03,50,9,4f58c96286c7c0f0417ea817ca24cf1c2db4ad3d19fdcdcf46124511fbf05b3e,512,511,2.7067618370056152
S,29,a03,50,10,7c5e18ef30b2c1c37d722f19397ccdf563e0428cdde5ff6b99a902d67975541f,5120,511,2.539734125137329
S,29,a03,50,11,47344d32192263b566ca14f66ce20553a4c76ff30204fae6639d7c1dde9a1f11,0,511,1.965027928352356
S,29,a03,50,12,98aa6addc6d0697baff9ad72065efe34b866fb27cb0c3e094c328bb57b98cf2b,512,511,2.5182647705078125
S,29,a03,50,13,d6b58a86755a3af1a5a75d162cfd31bceb70ebe76d43dfd2b64d95def0331c1b,0,511,1.8378347158432007
S,29,a03,50,14,c724dc11dc74fa10b6309922c9d014e010a88079d4ca2e3ca96ab091459b166e,0,511,2.197077512741089
S,29,a03,50,15,aad6037cda830ea2edaf38a004ae82825aa4d21585b2c0f33197a34583613c19,3072,511,2.6635868549346924
S,29,a03,50,16,b7140ecf1283718c8b44dd77fefc16ef15f5d7579ad3d6f1da94324d11081ab5,0,511,2.433534860610962
S,29,a03,50,17,7c0883960fcd42892f41d565a6eb8675b26e6a7b184fa795ec1dea269c0d78f7,2560,511,3.040774345397949
S,29,a03,50,18,e461497c8cf9867275c7b0ab55899126e69b01926436f58a64e902baf22ad1d8,1024,511,2.813859224319458
S,29,a03,50,19,d236bd424f8c1de8ba7570984678d98d021bd9f796117156ee8c848d8b9e20df,512,511,1.9654268026351929
S,29,a03,50,20,b124bcdac530f87fa8b20ed6ba5af0bdc6e2e14fe6348e8e8d9aae3bbb14d7bf,1536,511,2.4875338077545166
S,29,a03,50,21,398d9a5e65eb510a4b2165e08da91bc2e7a46f651fd4c2a7c82baca0e3f7c6f7,512,511,3.118743896484375
S,29,a03,50,22,398d4136fe8a7fe859af6d03e3be3e80b0a4a081aa81cad5dad14be6152fbb07,1024,511,2.5708322525024414
S,29,a03,50,23,27c7a212b1dd328e6abafa8ce17f190f047ff7bf7b13546651705123022fac2b,2048,511,2.542335271835327
S,29,a03,50,24,27e29aeb84cb9b2f80dc9061f35e33eb4710e31a4bda2e0ce985e2cb4c4af0d4,512,511,2.3874635696411133
S,29,a03,50,25,a7ab0eebec8ed5155f1c0b6b257ae3e70464155e9540fc6cb19d9b21ce07adbe,0,511,2.0801916122436523
S,29,a03,50,26,87c73475752c7552f1b2dfb6631350662bd4d2392ea692266f7fd8d9d49255e6,5120,511,2.4989447593688965
S,29,a03,50,27,4dfcff9cdf6a84e7dc2d2f41f4beeb5bd4a850251f084dbb833319624ea2ba03,1536,511,2.801149606704712
S,29,a03,50,28,c6a6c920ad14f9ced5cbb1a81a695ee0d1e0cec0886071763eca3b7609793f9a,512,511,2.8596458435058594
S,29,a03,50,29,602491df734b58909d0bdd64c12964094178660aa935fe328832f5ac7c783ce5,6656,511,2.97377610206604
S,29,a03,50,30,3d3334d8bb76a4a5d2667fcaaf08e5519258c23da3c0ed35b0fb51ab7750456a,512,511,2.412680149078369
S,29,a03,50,31,a5c6bb2784e438e57e6c21063b5631ad6159e98fd0fdde6f0f393b1a6ad1ec91,0,511,2.5600509643554688
S,29,a03,50,32,a75479aadac4ab0e14588bb3dbab971354b70cbb22f67008de6af0b25ce850de,6144,511,3.0327091217041016
S,29,a03,50,33,81985a3b78086a93d7e6ae3ddda453bf5a959744e65bc05418fc1b56f5ec10ca,512,511,2.2650935649871826
S,29,a03,50,34,2362e3d4278d695e409c7b7ff1512062454f8d035bc9076dff42c632a29fb2ee,0,511,2.1161727905273438
S,29,a03,50,35,85cb58452e909342c236fc118e084fa9adcfddffc1ee3968baed9838eae6ef37,0,511,1.9519453048706055
S,29,a03,50,36,da80b33b4eb70c8d7b4c6a0fc009cedf34a39859057eb8700df906c788e6a4c8,0,511,2.3091793060302734
S,29,a03,50,37,2e3ac91c014b25eebddbb443aa8850683dfc0675b9fed2dc40ec8d5f64ec60d4,0,511,2.1363840103149414
S,29,a03,50,38,3210f7ea4f8c2a390b5fc7a519a58dd185dc01a5700b89f95e427e52d0e581c9,512,511,2.828742265701294
S,29,a03,50,39,f5e1818470b34abce111d71989de48dff1e3e4ef0271749d38438e1b6693f635,1536,511,2.2694313526153564
S,29,a03,50,40,3ce4586556ea72a70c76b9203dca8969adc500af610389007ec255f56b1e169e,1024,511,2.6899197101593018
S,29,a03,50,41,7b804a7a99e4de2942ef98de42165dacd3e16b944e6a538d55df1f634a23d48e,4096,511,2.7782044410705566
S,29,a03,50,42,f6dd4f9c768666495fe711e166071758aa6c2d321def74a3ae211027ce199501,512,511,3.0624961853027344
S,29,a03,50,43,31ed14bec015eaaefb165002eb17b020eeb35031b1a592aff7d981de7c6899b3,0,511,2.269747495651245
S,29,a03,50,44,b3ff1454cd3a072b015b88f94f6d6889d9c0bd745fc7a5433df7c0d43151854e,512,511,2.525109052658081
S,29,a03,50,45,3ee074eadb149c8da6002c76352f4113d1c896c63c6c090fd621092749233d6a,8704,511,3.0801339149475098
S,29,a03,50,46,5682e8596b594de16f03e38329a00d1bff4adee96204668f946a90f5292c8136,1024,511,2.7391905784606934
S,29,a03,50,47,127630e33620c4206cd0e7ad6622f66b144b669ddf653964e56ce6654a7b32f0,3072,511,2.41166353225708
S,29,a03,50,48,320f1288c0a9e6e7a3def263d7abab684526479abb06fc68e069fc1a9937c71d,1024,511,2.5831220149993896
S,29,a03,50,49,58ac024cd69aa321476709f7b1742c6523bf4fb12233b5b6f60d680c8fca8e8e,1536,511,2.580113172531128
S,29,a03,50,50,4f84e7678dedadbb233b28e11c014c0798eadf77020a5a8fb4d017d12c99e86d,2560,511,2.084498167037964
S,29,a03,50,51,99db37e631f9ef519733c8a72d003864c2701de3091cf19e9eba387054fdacac,512,511,2.955334424972534
S,29,a03,50,52,0627479429bdaca6ad2b61ecd03d5b65cd330b0351b5ff8f878978d7b00c4ab2,0,511,2.44387149810791
S,29,a03,50,53,c1e3085f9b150f54416c89fdea9cdb29ceef7e5050e94af9eafe2053fffe3e64,3584,511,2.145921468734741
S,29,a03,50,54,0e6b290375d52c7b5c4cd74b4c7348611213caa15ca0e87d7f6426f9e0f86e04,2048,511,2.5182361602783203
S,29,a03,50,55,16f297fd545d4a150c1908347430e076e51e3560238877a2eec2ac020b7d3bc9,3584,511,2.4074485301971436
S,29,a03,50,56,243408a375c7d0c1fda52538ba71d700e4d403fd2764c7491c7c1a9b7d7fd7a9,0,511,2.4816360473632812
S,29,a03,50,57,93133535594204a5a3625fc7b90ff6ad027dca329f0359370d232d4135e91bc1,512,511,2.2745487689971924
S,29,a03,50,58,7c74fa4376b1168685d5d288b916d3317d340aad3044f88d5ca673b76d875d1c,1536,511,2.272303342819214
S,29,a03,50,59,447ea32f527637dcb6ef068962a2fabe21ec283698e144c45ed42c46e1b27772,0,511,2.5595808029174805
S,29,a03,50,60,6db7dd742bd03a22121dc39ee8773c9afa1462f4efce21abbe54dc33c4285b1f,0,511,2.2798166275024414
S,29,a03,50,61,dc8a961be5dc24fc777b38869adf84cfc37bbe2f28514ceb0e344d39b7e01906,512,511,2.6177268028259277
S,29,a03,50,62,3ca10415cf1f0bc4955c7ef0d186c8e93deb4aece0aaaa5fb553b43dfe5ad2aa,0,511,2.57549786567688
S,29,a03,50,63,6e5c6769277c87aeaf9a4fd680fad1720ce04660f567befd8a9f8c68dde50f64,0,511,2.4160640239715576
S,29,a03,100,0,71ff58ca29d05bef3a99fb59512ec09404e49be906888dc3ea5409ce8a54beea,0,511,2.177851676940918
S,29,a03,100,1,47ab999a2c488609314576fac2048b7f2a92afad8f7ca0326f23f648d515f167,1536,511,2.1247100830078125
S,29,a03,100,2,c6ff7382a150214656a5c5d777769384c99d3ce7764110fc98e07e5e48fddc7e,1024,511,2.3734798431396484
S,29,a03,100,3,8739f77bc09e02e5783efc804080eff63b9ae7da7008a0e4c6412b47aa6da1c2,2048,511,2.369314670562744
S,29,a03,100,4,a7f7a2250dd6f72080e21112d92bdfd639fcbe8a5a9effd80028c67d5dddd416,0,511,2.3962135314941406
S,29,a03,100,5,06cd6da2c73e993c43345dad24088c06b24d496ffc56f5f460b58cfa49d0f3df,0,511,1.5554835796356201
S,29,a03,100,6,3adf36bb00be5fa07541f544ce8642a56fcd3a01d456650deaabc83e91d791a1,1024,511,2.4817516803741455
S,29,a03,100,7,34c9eb07c804b8ee651c4da1ac1dd801fec51c064819632bd8f4f36bd685b8a1,1024,511,2.9033377170562744
S,29,a03,100,8,dcd008e03034d7dcffb4b6abd6aa6f0bfdf0a28ddd0b53dd37784e7c055f10bb,1536,511,2.2606632709503174
S,29,a03,100,9,4f58c96286c7c0f0417ea817ca24cf1c2db4ad3d19fdcdcf46124511fbf05b3e,512,511,2.560624122619629
S,29,a03,100,10,7c5e18ef30b2c1c37d722f19397ccdf563e0428cdde5ff6b99a902d67975541f,5120,511,2.4729974269866943
S,29,a03,100,11,47344d32192263b566ca14f66ce20553a4c76ff30204fae6639d7c1dde9a1f11,0,511,1.8854238986968994
S,29,a03,100,12,98aa6addc6d0697baff9ad72065efe34b866fb27cb0c3e094c328bb57b98cf2b,512,511,2.469115734100342
S,29,a03,100,13,d6b58a86755a3af1a5a75d162cfd31bceb70ebe76d43dfd2b64d95def0331c1b,0,511,1.6934863328933716
S,29,a03,100,14,c724dc11dc74fa10b6309922c9d014e010a88079d4ca2e3ca96ab091459b166e,0,511,2.0767483711242676
S,29,a03,100,15,aad6037cda830ea2edaf38a004ae82825aa4d21585b2c0f33197a34583613c19,3072,511,2.558072328567505
S,29,a03,100,16,b7140ecf1283718c8b44dd77fefc16ef15f5d7579ad3d6f1da94324d11081ab5,0,511,2.362212657928467
S,29,a03,100,17,7c0883960fcd42892f41d565a6eb8675b26e6a7b184fa795ec1dea269c0d78f7,2560,511,2.9481406211853027
S,29,a03,100,18,e461497c8cf9867275c7b0ab55899126e69b01926436f58a64e902baf22ad1d8,1024,511,2.7336528301239014
S,29,a03,100,19,d236bd424f8c1de8ba7570984678d98d021bd9f796117156ee8c848d8b9e20df,512,511,1.833052158355713
S,29,a03,100,20,b124bcdac530f87fa8b20ed6ba5af0bdc6e2e14fe6348e8e8d9aae3bbb14d7bf,1536,511,2.389235258102417
S,29,a03,100,21,398d9a5e65eb510a4b2165e08da91bc2e7a46f651fd4c2a7c82baca0e3f7c6f7,512,511,3.0216453075408936
S,29,a03,100,22,398d4136fe8a7fe859af6d03e3be3e80b0a4a081aa81cad5dad14be6152fbb07,1024,511,2.4496471881866455
S,29,a03,100,23,27c7a212b1dd328e6abafa8ce17f190f047ff7bf7b13546651705123022fac2b,2048,511,2.4504432678222656
S,29,a03,100,24,27e29aeb84cb9b2f80dc9061f35e33eb4710e31a4bda2e0ce985e2cb4c4af0d4,512,511,2.283964157104492
S,29,a03,100,25,a7ab0eebec8ed5155f1c0b6b257ae3e70464155e9540fc6cb19d9b21ce07adbe,0,511,1.9618499279022217
S,29,a03,100,26,87c73475752c7552f1b2dfb6631350662bd4d2392ea692266f7fd8d9d49255e6,5120,511,2.4229252338409424
S,29,a03,100,27,4dfcff9cdf6a84e7dc2d2f41f4beeb5bd4a850251f084dbb833319624ea2ba03,1536,511,2.6609225273132324
S,29,a03,100,28,c6a6c920ad14f9ced5cbb1a81a695ee0d1e0cec0886071763eca3b7609793f9a,512,511,2.771435499191284
S,29,a03,100,29,602491df734b58909d0bdd64c12964094178660aa935fe328832f5ac7c783ce5,6656,511,2.891012668609619
S,29,a03,100,30,3d3334d8bb76a4a5d2667fcaaf08e5519258c23da3c0ed35b0fb51ab7750456a,512,511,2.300621509552002
S,29,a03,100,31,a5c6bb2784e438e57e6c21063b5631ad6159e98fd0fdde6f0f393b1a6ad1ec91,0,511,2.442704439163208
S,29,a03,100,32,a75479aadac4ab0e14588bb3dbab971354b70cbb22f67008de6af0b25ce850de,6144,511,3.002331495285034
S,29,a03,100,33,81985a3b78086a93d7e6ae3ddda453bf5a959744e65bc05418fc1b56f5ec10ca,512,511,2.199835777282715
S,29,a03,100,34,2362e3d4278d695e409c7b7ff1512062454f8d035bc9076dff42c632a29fb2ee,0,511,2.008833646774292
S,29,a03,100,35,85cb58452e909342c236fc118e084fa9adcfddffc1ee3968baed9838eae6ef37,0,511,1.8617457151412964
S,29,a03,100,36,da80b33b4eb70c8d7b4c6a0fc009cedf34a39859057eb8700df906c788e6a4c8,0,511,2.197014570236206
S,29,a03,100,37,2e3ac91c014b25eebddbb443aa8850683dfc0675b9fed2dc40ec8d5f64ec60d4,0,511,2.031393527984619
S,29,a03,100,38,3210f7ea4f8c2a390b5fc7a519a58dd185dc01a5700b89f95e427e52d0e581c9,512,511,2.7402219772338867
S,29,a03,100,39,f5e1818470b34abce111d71989de48dff1e3e4ef0271749d38438e1b6693f635,1536,511,2.1747019290924072
S,29,a03,100,40,3ce4586556ea72a70c76b9203dca8969adc500af610389007ec255f56b1e169e,1024,511,2.57218074798584
S,29,a03,100,41,7b804a7a99e4de2942ef98de42165dacd3e16b944e6a538d55df1f634a23d48e,4096,511,2.7035601139068604
S,29,a03,100,42,f6dd4f9c768666495fe711e166071758aa6c2d321def74a3ae211027ce199501,512,511,2.9702467918395996
S,29,a03,100,43,31ed14bec015eaaefb165002eb17b020eeb35031b1a592aff7d981de7c6899b3,0,511,2.1793739795684814
S,29,a03,100,44,b3ff1454cd3a072b015b88f94f6d6889d9c0bd745fc7a5433df7c0d43151854e,512,511,2.417149066925049
S,29,a03,100,45,3ee074eadb149c8da6002c76352f4113d1c896c63c6c090fd621092749233d6a,8704,511,2.9920406341552734
S,29,a03,100,46,5682e8596b594de16f03e38329a00d1bff4adee96204668f946a90f5292c8136,1024,511,2.684415578842163
S,29,a03,100,47,127630e33620c4206cd0e7ad6622f66b144b669ddf653964e56ce6654a7b32f0,3072,511,2.2815840244293213
S,29,a03,100,48,320f1288c0a9e6e7a3def263d7abab684526479abb06fc68e069fc1a9937c71d,1024,511,2.5019185543060303
S,29,a03,100,49,58ac024cd69aa321476709f7b1742c6523bf4fb12233b5b6f60d680c8fca8e8e,1536,511,2.515970468521118
S,29,a03,100,50,4f84e7678dedadbb233b28e11c014c0798eadf77020a5a8fb4d017d12c99e86d,2560,511,1.996284008026123
S,29,a03,100,51,99db37e631f9ef519733c8a72d003864c2701de3091cf19e9eba387054fdacac,512,511,2.913083076477051
S,29,a03,100,52,0627479429bdaca6ad2b61ecd03d5b65cd330b0351b5ff8f878978d7b00c4ab2,0,511,2.318237781524658
S,29,a03,100,53,c1e3085f9b150f54416c89fdea9cdb29ceef7e5050e94af9eafe2053fffe3e64,3584,511,2.0524959564208984
S,29,a03,100,54,0e6b290375d52c7b5c4cd74b4c7348611213caa15ca0e87d7f6426f9e0f86e04,2048,511,2.431138038635254
S,29,a03,100,55,16f297fd545d4a150c1908347430e076e51e3560238877a2eec2ac020b7d3bc9,3584,511,2.3145358562469482
S,29,a03,100,56,243408a375c7d0c1fda52538ba71d700e4d403fd2764c7491c7c1a9b7d7fd7a9,0,511,2.3467488288879395
S,29,a03,100,57,93133535594204a5a3625fc7b90ff6ad027dca329f0359370d232d4135e91bc1,512,511,2.118035078048706
S,29,a03,100,58,7c74fa4376b1168685d5d288b916d3317d340aad3044f88d5ca673b76d875d1c,1536,511,2.1979434490203857
S,29,a03,100,59,447ea32f527637dcb6ef068962a2fabe21ec283698e144c45ed42c46e1b27772,0,511,2.4706685543060303
S,29,a03,100,60,6db7dd742bd03a22121dc39ee8773c9afa1462f4efce21abbe54dc33c4285b1f,0,511,2.192279815673828
S,29,a03,100,61,dc8a961be5dc24fc777b38869adf84cfc37bbe2f28514ceb0e344d39b7e01906,512,511,2.5083205699920654
S,29,a03,100,62,3ca10415cf1f0bc4955c7ef0d186c8e93deb4aece0aaaa5fb553b43dfe5ad2aa,0,511,2.4539613723754883
S,29,a03,100,63,6e5c6769277c87aeaf9a4fd680fad1720ce04660f567befd8a9f8c68dde50f64,0,511,2.2843563556671143
S,29,a04,0,0,71ff58ca29d05bef3a99fb59512ec09404e49be906888dc3ea5409ce8a54beea,0,511,2.4702529907226562
S,29,a04,0,1,47ab999a2c488609314576fac2048b7f2a92afad8f7ca0326f23f648d515f167,1536,511,2.3089494705200195
S,29,a04,0,2,c6ff7382a150214656a5c5d777769384c99d3ce7764110fc98e07e5e48fddc7e,1024,511,2.649470567703247
S,29,a04,0,3,8739f77bc09e02e5783efc804080eff63b9ae7da7008a0e4c6412b47aa6da1c2,2048,511,2.635439157485962
S,29,a04,0,4,a7f7a2250dd6f72080e21112d92bdfd639fcbe8a5a9effd80028c67d5dddd416,0,511,2.637962818145752
S,29,a04,0,5,06cd6da2c73e993c43345dad24088c06b24d496ffc56f5f460b58cfa49d0f3df,0,511,1.8602080345153809
S,29,a04,0,6,3adf36bb00be5fa07541f544ce8642a56fcd3a01d456650deaabc83e91d791a1,1024,511,2.9380669593811035
S,29,a04,0,7,34c9eb07c804b8ee651c4da1ac1dd801fec51c064819632bd8f4f36bd685b8a1,1024,511,3.2102510929107666
S,29,a04,0,8,dcd008e03034d7dcffb4b6abd6aa6f0bfdf0a28ddd0b53dd37784e7c055f10bb,1536,511,2.5259640216827393
S,29,a04,0,9,4f58c96286c7c0f0417ea817ca24cf1c2db4ad3d19fdcdcf46124511fbf05b3e,512,511,2.9707329273223877
S,29,a04,0,10,7c5e18ef30b2c1c37d722f19397ccdf563e0428cdde5ff6b99a902d67975541f,5120,511,2.73184871673584
S,29,a04,0,11,47344d32192263b566ca14f66ce20553a4c76ff30204fae6639d7c1dde9a1f11,0,511,2.121084451675415
S,29,a04,0,12,98aa6addc6d0697baff9ad72065efe34b866fb27cb0c3e094c328bb57b98cf2b,512,511,2.6231794357299805
S,29,a04,0,13,d6b58a86755a3af1a5a75d162cfd31bceb70ebe76d43dfd2b64d95def0331c1b,0,511,2.0578365325927734
S,29,a04,0,14,c724dc11dc74fa10b6309922c9d014e010a88079d4ca2e3ca96ab091459b166e,0,511,2.429945468902588
S,29,a04,0,15,aad6037cda830ea2edaf38a004ae82825aa4d21585b2c0f33197a34583613c19,3072,511,2.7943215370178223
S,29,a04,0,16,b7140ecf1283718c8b44dd77fefc16ef15f5d7579ad3d6f1da94324d11081ab5,0,511,2.6411807537078857
S,29,a04,0,17,7c0883960fcd42892f41d565a6eb8675b26e6a7b184fa795ec1dea269c0d78f7,2560,511,3.1897456645965576
S,29,a04,0,18,e461497c8cf9867275c7b0ab55899126e69b01926436f58a64e902baf22ad1d8,1024,511,2.9710822105407715
S,29,a04,0,19,d236bd424f8c1de8ba7570984678d98d021bd9f796117156ee8c848d8b9e20df,512,511,2.3127574920654297
S,29,a04,0,20,b124bcdac530f87fa8b20ed6ba5af0bdc6e2e14fe6348e8e8d9aae3bbb14d7bf,1536,511,2.569089889526367
S,29,a04,0,21,398d9a5e65eb510a4b2165e08da91bc2e7a46f651fd4c2a7c82baca0e3f7c6f7,512,511,3.267144203186035
S,29,a04,0,22,398d4136fe8a7fe859af6d03e3be3e80b0a4a081aa81cad5dad14be6152fbb07,1024,511,2.822705030441284
S,29,a04,0,23,27c7a212b1dd328e6abafa8ce17f190f047ff7bf7b13546651705123022fac2b,2048,511,2.7198073863983154
S,29,a04,0,24,27e29aeb84cb9b2f80dc9061f35e33eb4710e31a4bda2e0ce985e2cb4c4af0d4,512,511,2.6569292545318604
S,29,a04,0,25,a7ab0eebec8ed5155f1c0b6b257ae3e70464155e9540fc6cb19d9b21ce07adbe,0,511,2.383951187133789
S,29,a04,0,26,87c73475752c7552f1b2dfb6631350662bd4d2392ea692266f7fd8d9d49255e6,5120,511,2.712480068206787
S,29,a04,0,27,4dfcff9cdf6a84e7dc2d2f41f4beeb5bd4a850251f084dbb833319624ea2ba03,1536,511,2.947479248046875
S,29,a04,0,28,c6a6c920ad14f9ced5cbb1a81a695ee0d1e0cec0886071763eca3b7609793f9a,512,511,3.0355825424194336
S,29,a04,0,29,602491df734b58909d0bdd64c12964094178660aa935fe328832f5ac7c783ce5,6656,511,3.1433277130126953
S,29,a04,0,30,3d3334d8bb76a4a5d2667fcaaf08e5519258c23da3c0ed35b0fb51ab7750456a,512,511,2.6729981899261475
S,29,a04,0,31,a5c6bb2784e438e57e6c21063b5631ad6159e98fd0fdde6f0f393b1a6ad1ec91,0,511,2.8162825107574463
S,29,a04,0,32,a75479aadac4ab0e14588bb3dbab971354b70cbb22f67008de6af0b25ce850de,6144,511,3.206542491912842
S,29,a04,0,33,81985a3b78086a93d7e6ae3ddda453bf5a959744e65bc05418fc1b56f5ec10ca,512,511,2.549506187438965
S,29,a04,0,34,2362e3d4278d695e409c7b7ff1512062454f8d035bc9076dff42c632a29fb2ee,0,511,2.2893753051757812
S,29,a04,0,35,85cb58452e909342c236fc118e084fa9adcfddffc1ee3968baed9838eae6ef37,0,511,2.1724331378936768
S,29,a04,0,36,da80b33b4eb70c8d7b4c6a0fc009cedf34a39859057eb8700df906c788e6a4c8,0,511,2.4898083209991455
S,29,a04,0,37,2e3ac91c014b25eebddbb443aa8850683dfc0675b9fed2dc40ec8d5f64ec60d4,0,511,2.3600995540618896
S,29,a04,0,38,3210f7ea4f8c2a390b5fc7a519a58dd185dc01a5700b89f95e427e52d0e581c9,512,511,2.9529361724853516
S,29,a04,0,39,f5e1818470b34abce111d71989de48dff1e3e4ef0271749d38438e1b6693f635,1536,511,2.413306951522827
S,29,a04,0,40,3ce4586556ea72a70c76b9203dca8969adc500af610389007ec255f56b1e169e,1024,511,2.8202154636383057
S,29,a04,0,41,7b804a7a99e4de2942ef98de42165dacd3e16b944e6a538d55df1f634a23d48e,4096,511,2.826153039932251
S,29,a04,0,42,f6dd4f9c768666495fe711e166071758aa6c2d321def74a3ae211027ce199501,512,511,3.2230403423309326
S,29,a04,0,43,31ed14bec015eaaefb165002eb17b020eeb35031b1a592aff7d981de7c6899b3,0,511,2.462949752807617
S,29,a04,0,44,b3ff1454cd3a072b015b88f94f6d6889d9c0bd745fc7a5433df7c0d43151854e,512,511,2.676240921020508
S,29,a04,0,45,3ee074eadb149c8da6002c76352f4113d1c896c63c6c090fd621092749233d6a,8704,511,3.2537851333618164
S,29,a04,0,46,5682e8596b594de16f03e38329a00d1bff4adee96204668f946a90f5292c8136,1024,511,2.9613776206970215
S,29,a04,0,47,127630e33620c4206cd0e7ad6622f66b144b669ddf653964e56ce6654a7b32f0,3072,511,2.5348961353302
S,29,a04,0,48,320f1288c0a9e6e7a3def263d7abab684526479abb06fc68e069fc1a9937c71d,1024,511,2.8086555004119873
S,29,a04,0,49,58ac024cd69aa321476709f7b1742c6523bf4fb12233b5b6f60d680c8fca8e8e,1536,511,2.7212016582489014
S,29,a04,0,50,4f84e7678dedadbb233b28e11c014c0798eadf77020a5a8fb4d017d12c99e86d,2560,511,2.323089122772217
S,29,a04,0,51,99db37e631f9ef519733c8a72d003864c2701de3091cf19e9eba387054fdacac,512,511,3.1335010528564453
S,29,a04,0,52,0627479429bdaca6ad2b61ecd03d5b65cd330b0351b5ff8f878978d7b00c4ab2,0,511,2.6358261108398438
S,29,a04,0,53,c1e3085f9b150f54416c89fdea9cdb29ceef7e5050e94af9eafe2053fffe3e64,3584,511,2.3729443550109863
S,29,a04,0,54,0e6b290375d52c7b5c4cd74b4c7348611213caa15ca0e87d7f6426f9e0f86e04,2048,511,2.672896385192871
S,29,a04,0,55,16f297fd545d4a150c1908347430e076e51e3560238877a2eec2ac020b7d3bc9,3584,511,2.6635489463806152
S,29,a04,0,56,243408a375c7d0c1fda52538ba71d700e4d403fd2764c7491c7c1a9b7d7fd7a9,0,511,2.6974306106567383
S,29,a04,0,57,93133535594204a5a3625fc7b90ff6ad027dca329f0359370d232d4135e91bc1,512,511,2.5779199600219727
S,29,a04,0,58,7c74fa4376b1168685d5d288b916d3317d340aad3044f88d5ca673b76d875d1c,1536,511,2.441650867462158
S,29,a04,0,59,447ea32f527637dcb6ef068962a2fabe21ec283698e144c45ed42c46e1b27772,0,511,2.730386257171631
S,29,a04,0,60,6db7dd742bd03a22121dc39ee8773c9afa1462f4efce21abbe54dc33c4285b1f,0,511,2.4934744834899902
S,29,a04,0,61,dc8a961be5dc24fc777b38869adf84cfc37bbe2f28514ceb0e344d39b7e01906,512,511,2.859861373901367
S,29,a04,0,62,3ca10415cf1f0bc4955c7ef0d186c8e93deb4aece0aaaa5fb553b43dfe5ad2aa,0,511,2.7365269660949707
S,29,a04,0,63,6e5c6769277c87aeaf9a4fd680fad1720ce04660f567befd8a9f8c68dde50f64,0,511,2.569368362426758
S,29,a04,20,0,71ff58ca29d05bef3a99fb59512ec09404e49be906888dc3ea5409ce8a54beea,0,511,2.4314656257629395
S,29,a04,20,1,47ab999a2c488609314576fac2048b7f2a92afad8f7ca0326f23f648d515f167,1536,511,2.264052629470825
S,29,a04,20,2,c6ff7382a150214656a5c5d777769384c99d3ce7764110fc98e07e5e48fddc7e,1024,511,2.6192991733551025
S,29,a04,20,3,8739f77bc09e02e5783efc804080eff63b9ae7da7008a0e4c6412b47aa6da1c2,2048,511,2.58849835395813
S,29,a04,20,4,a7f7a2250dd6f72080e21112d92bdfd639fcbe8a5a9effd80028c67d5dddd416,0,511,2.5773818492889404
S,29,a04,20,5,06cd6da2c73e993c43345dad24088c06b24d496ffc56f5f460b58cfa49d0f3df,0,511,1.8141276836395264
S,29,a04,20,6,3adf36bb00be5fa07541f544ce8642a56fcd3a01d456650deaabc83e91d791a1,1024,511,2.8634204864501953
S,29,a04,20,7,34c9eb07c804b8ee651c4da1ac1dd801fec51c064819632bd8f4f36bd685b8a1,1024,511,3.156111717224121
S,29,a04,20,8,dcd008e03034d7dcffb4b6abd6aa6f0bfdf0a28ddd0b53dd37784e7c055f10bb,1536,511,2.4782581329345703
S,29,a04,20,9,4f58c96286c7c0f0417ea817ca24cf1c2db4ad3d19fdcdcf46124511fbf05b3e,512,511,2.914018154144287
S,29,a04,20,10,7c5e18ef30b2c1c37d722f19397ccdf563e0428cdde5ff6b99a902d67975541f,5120,511,2.685335636138916
S,29,a04,20,11,47344d32192263b566ca14f66ce20553a4c76ff30204fae6639d7c1dde9a1f11,0,511,2.0831429958343506
S,29,a04,20,12,98aa6addc6d0697baff9ad72065efe34b866fb27cb0c3e094c328bb57b98cf2b,512,511,2.577228307723999
S,29,a04,20,13,d6b58a86755a3af1a5a75d162cfd31bceb70ebe76d43dfd2b64d95def0331c1b,0,511,1.9928321838378906
S,29,a04,20,14,c724dc11dc74fa10b6309922c9d014e010a88079d4ca2e3ca96ab091459b166e,0,511,2.3719146251678467
S,29,a04,20,15,aad6037cda830ea2edaf38a004ae82825aa4d21585b2c0f33197a34583613c19,3072,511,2.748891592025757
S,29,a04,20,16,b7140ecf1283718c8b44dd77fefc16ef15f5d7579ad3d6f1da94324d11081ab5,0,511,2.592495918273926
S,29,a04,20,17,7c0883960fcd42892f41d565a6eb8675b26e6a7b184fa795ec1dea269c0d78f7,2560,511,3.123776435852051
S,29,a04,20,18,e461497c8cf9867275c7b0ab55899126e69b01926436f58a64e902baf22ad1d8,1024,511,2.9273791313171387
S,29,a04,20,19,d236bd424f8c1de8ba7570984678d98d021bd9f796117156ee8c848d8b9e20df,512,511,2.246234178543091
S,29,a04,20,20,b124bcdac530f87fa8b20ed6ba5af0bdc6e2e14fe6348e8e8d9aae3bbb14d7bf,1536,511,2.529468059539795
S,29,a04,20,21,398d9a5e65eb510a4b2165e08da91bc2e7a46f651fd4c2a7c82baca0e3f7c6f7,512,511,3.226184129714966
S,29,a04,20,22,398d4136fe8a7fe859af6d03e3be3e80b0a4a081aa81cad5dad14be6152fbb07,1024,511,2.7632269859313965
S,29,a04,20,23,27c7a212b1dd328e6abafa8ce17f190f047ff7bf7b13546651705123022fac2b,2048,511,2.6559195518493652
S,29,a04,20,24,27e29aeb84cb9b2f80dc9061f35e33eb4710e31a4bda2e0ce985e2cb4c4af0d4,512,511,2.605900287628174
S,29,a04,20,25,a7ab0eebec8ed5155f1c0b6b257ae3e70464155e9540fc6cb19d9b21ce07adbe,0,511,2.333552598953247
S,29,a04,20,26,87c73475752c7552f1b2dfb6631350662bd4d2392ea692266f7fd8d9d49255e6,5120,511,2.655198097229004
S,29,a04,20,27,4dfcff9cdf6a84e7dc2d2f41f4beeb5bd4a850251f084dbb833319624ea2ba03,1536,511,2.8990330696105957
S,29,a04,20,28,c6a6c920ad14f9ced5cbb1a81a695ee0d1e0cec0886071763eca3b7609793f9a,512,511,2.990884304046631
S,29,a04,20,29,602491df734b58909d0bdd64c12964094178660aa935fe328832f5ac7c783ce5,6656,511,3.0978569984436035
S,29,a04,20,30,3d3334d8bb76a4a5d2667fcaaf08e5519258c23da3c0ed35b0fb51ab7750456a,512,511,2.6253509521484375
S,29,a04,20,31,a5c6bb2784e438e57e6c21063b5631ad6159e98fd0fdde6f0f393b1a6ad1ec91,0,511,2.7668142318725586
S,29,a04,20,32,a75479aadac4ab0e14588bb3dbab971354b70cbb22f67008de6af0b25ce850de,6144,511,3.1587586402893066
S,29,a04,20,33,81985a3b78086a93d7e6ae3ddda453bf5a959744e65bc05418fc1b56f5ec10ca,512,511,2.500042676925659
S,29,a04,20,34,2362e3d4278d695e409c7b7ff1512062454f8d035bc9076dff42c632a29fb2ee,0,511,2.2397944927215576
S,29,a04,20,35,85cb58452e909342c236fc118e084fa9adcfddffc1ee3968baed9838eae6ef37,0,511,2.117035150527954
S,29,a04,20,36,da80b33b4eb70c8d7b4c6a0fc009cedf34a39859057eb8700df906c788e6a4c8,0,511,2.440906286239624
S,29,a04,20,37,2e3ac91c014b25eebddbb443aa8850683dfc0675b9fed2dc40ec8d5f64ec60d4,0,511,2.3178250789642334
S,29,a04,20,38,3210f7ea4f8c2a390b5fc7a519a58dd185dc01a5700b89f95e427e52d0e581c9,512,511,2.8887763023376465
S,29,a04,20,39,f5e1818470b34abce111d71989de48dff1e3e4ef0271749d38438e1b6693f635,1536,511,2.3878724575042725
S,29,a04,20,40,3ce4586556ea72a70c76b9203dca8969adc500af610389007ec255f56b1e169e,1024,511,2.7781870365142822
S,29,a04,20,41,7b804a7a99e4de2942ef98de42165dacd3e16b944e6a538d55df1f634a23d48e,4096,511,2.792374610900879
S,29,a04,20,42,f6dd4f9c768666495fe711e166071758aa6c2d321def74a3ae211027ce199501,512,511,3.1824886798858643
S,29,a04,20,43,31ed14bec015eaaefb165002eb17b020eeb35031b1a592aff7d981de7c6899b3,0,511,2.4187839031219482
S,29,a04,20,44,b3ff1454cd3a072b015b88f94f6d6889d9c0bd745fc7a5433df7c0d43151854e,512,511,2.6353061199188232
S,29,a04,20,45,3ee074eadb149c8da6002c76352f4113d1c896c63c6c090fd621092749233d6a,8704,511,3.21313214302063
S,29,a04,20,46,5682e8596b594de16f03e38329a00d1bff4adee96204668f946a90f5292c8136,1024,511,2.9133143424987793
S,29,a04,20,47,127630e33620c4206cd0e7ad6622f66b144b669ddf653964e56ce6654a7b32f0,3072,511,2.4624218940734863
S,29,a04,20,48,320f1288c0a9e6e7a3def263d7abab684526479abb06fc68e069fc1a9937c71d,1024,511,2.750943422317505
S,29,a04,20,49,58ac024cd69aa321476709f7b1742c6523bf4fb12233b5b6f60d680c8fca8e8e,1536,511,2.6888203620910645
S,29,a04,20,50,4f84e7678dedadbb233b28e11c014c0798eadf77020a5a8fb4d017d12c99e86d,2560,511,2.2537717819213867
S,29,a04,20,51,99db37e631f9ef519733c8a72d003864c2701de3091cf19e9eba387054fdacac,512,511,3.069880723953247
S,29,a04,20,52,0627479429bdaca6ad2b61ecd03d5b65cd330b0351b5ff8f878978d7b00c4ab2,0,511,2.580864667892456
S,29,a04,20,53,c1e3085f9b150f54416c89fdea9cdb29ceef7e5050e94af9eafe2053fffe3e64,3584,511,2.3227603435516357
S,29,a04,20,54,0e6b290375d52c7b5c4cd74b4c7348611213caa15ca0e87d7f6426f9e0f86e04,2048,511,2.612639904022217
S,29,a04,20,55,16f297fd545d4a150c1908347430e076e51e3560238877a2eec2ac020b7d3bc9,3584,511,2.6241390705108643
S,29,a04,20,56,243408a375c7d0c1fda52538ba71d700e4d403fd2764c7491c7c1a9b7d7fd7a9,0,511,2.650800943374634
S,29,a04,20,57,93133535594204a5a3625fc7b90ff6ad027dca329f0359370d232d4135e91bc1,512,511,2.5089662075042725
S,29,a04,20,58,7c74fa4376b1168685d5d288b916d3317d340aad3044f88d5ca673b76d875d1c,1536,511,2.4062817096710205
S,29,a04,20,59,447ea32f527637dcb6ef068962a2fabe21ec283698e144c45ed42c46e1b27772,0,511,2.683819532394409
S,29,a04,20,60,6db7dd742bd03a22121dc39ee8773c9afa1462f4efce21abbe54dc33c4285b1f,0,511,2.4473178386688232
S,29,a04,20,61,dc8a961be5dc24fc777b38869adf84cfc37bbe2f28514ceb0e344d39b7e01906,512,511,2.7831497192382812
S,29,a04,20,62,3ca10415cf1f0bc4955c7ef0d186c8e93deb4aece0aaaa5fb553b43dfe5ad2aa,0,511,2.6892504692077637
S,29,a04,20,63,6e5c6769277c87aeaf9a4fd680fad1720ce04660f567befd8a9f8c68dde50f64,0,511,2.512576103210449
S,29,a04,50,0,71ff58ca29d05bef3a99fb59512ec09404e49be906888dc3ea5409ce8a54beea,0,511,2.340884208679199
S,29,a04,50,1,47ab999a2c488609314576fac2048b7f2a92afad8f7ca0326f23f648d515f167,1536,511,2.1767001152038574
S,29,a04,50,2,c6ff7382a150214656a5c5d777769384c99d3ce7764110fc98e07e5e48fddc7e,1024,511,2.519055128097534
S,29,a04,50,3,8739f77bc09e02e5783efc804080eff63b9ae7da7008a0e4c6412b47aa6da1c2,2048,511,2.471292018890381
S,29,a04,50,4,a7f7a2250dd6f72080e21112d92bdfd639fcbe8a5a9effd80028c67d5dddd416,0,511,2.502861738204956
S,29,a04,50,5,06cd6da2c73e993c43345dad24088c06b24d496ffc56f5f460b58cfa49d0f3df,0,511,1.6925361156463623
S,29,a04,50,6,3adf36bb00be5fa07541f544ce8642a56fcd3a01d456650deaabc83e91d791a1,1024,511,2.6952881813049316
S,29,a04,50,7,34c9eb07c804b8ee651c4da1ac1dd801fec51c064819632bd8f4f36bd685b8a1,1024,511,3.026113748550415
S,29,a04,50,8,dcd008e03034d7dcffb4b6abd6aa6f0bfdf0a28ddd0b53dd37784e7c055f10bb,1536,511,2.3665876388549805
S,29,a04,50,9,4f58c96286c7c0f0417ea817ca24cf1c2db4ad3d19fdcdcf46124511fbf05b3e,512,511,2.783029794692993
S,29,a04,50,10,7c5e18ef30b2c1c37d722f19397ccdf563e0428cdde5ff6b99a902d67975541f,5120,511,2.555219888687134
S,29,a04,50,11,47344d32192263b566ca14f66ce20553a4c76ff30204fae6639d7c1dde9a1f11,0,511,2.013026237487793
S,29,a04,50,12,98aa6addc6d0697baff9ad72065efe34b866fb27cb0c3e094c328bb57b98cf2b,512,511,2.501373291015625
S,29,a04,50,13,d6b58a86755a3af1a5a75d162cfd31bceb70ebe76d43dfd2b64d95def0331c1b,0,511,1.8592168092727661
S,29,a04,50,14,c724dc11dc74fa10b6309922c9d014e010a88079d4ca2e3ca96ab091459b166e,0,511,2.216201066970825
S,29,a04,50,15,aad6037cda830ea2edaf38a004ae82825aa4d21585b2c0f33197a34583613c19,3072,511,2.6481738090515137
S,29,a04,50,16,b7140ecf1283718c8b44dd77fefc16ef15f5d7579ad3d6f1da94324d11081ab5,0,511,2.499563694000244
S,29,a04,50,17,7c0883960fcd42892f41d565a6eb8675b26e6a7b184fa795ec1dea269c0d78f7,2560,511,3.030893564224243
S,29,a04,50,18,e461497c8cf9867275c7b0ab55899126e69b01926436f58a64e902baf22ad1d8,1024,511,2.8076162338256836
S,29,a04,50,19,d236bd424f8c1de8ba7570984678d98d021bd9f796117156ee8c848d8b9e20df,512,511,2.0778958797454834
S,29,a04,50,20,b124bcdac530f87fa8b20ed6ba5af0bdc6e2e14fe6348e8e8d9aae3bbb14d7bf,1536,511,2.4409356117248535
S,29,a04,50,21,398d9a5e65eb510a4b2165e08da91bc2e7a46f651fd4c2a7c82baca0e3f7c6f7,512,511,3.120321750640869
S,29,a04,50,22,398d4136fe8a7fe859af6d03e3be3e80b0a4a081aa81cad5dad14be6152fbb07,1024,511,2.6025166511535645
S,29,a04,50,23,27c7a212b1dd328e6abafa8ce17f190f047ff7bf7b13546651705123022fac2b,2048,511,2.5441575050354004
S,29,a04,50,24,27e29aeb84cb9b2f80dc9061f35e33eb4710e31a4bda2e0ce985e2cb4c4af0d4,512,511,2.4817564487457275
S,29,a04,50,25,a7ab0eebec8ed5155f1c0b6b257ae3e70464155e9540fc6cb19d9b21ce07adbe,0,511,2.166363477706909
S,29,a04,50,26,87c73475752c7552f1b2dfb6631350662bd4d2392ea692266f7fd8d9d49255e6,5120,511,2.529285430908203
S,29,a04,50,27,4dfcff9cdf6a84e7dc2d2f41f4beeb5bd4a850251f084dbb833319624ea2ba03,1536,511,2.805481195449829
S,29,a04,50,28,c6a6c920ad14f9ced5cbb1a81a695ee0d1e0cec0886071763eca3b7609793f9a,512,511,2.894778251647949
S,29,a04,50,29,602491df734b58909d0bdd64c12964094178660aa935fe328832f5ac7c783ce5,6656,511,2.99031925201416
S,29,a04,50,30,3d3334d8bb76a4a5d2667fcaaf08e5519258c23da3c0ed35b0fb51ab7750456a,512,511,2.5114779472351074
S,29,a04,50,31,a5c6bb2784e438e57e6c21063b5631ad6159e98fd0fdde6f0f393b1a6ad1ec91,0,511,2.5993430614471436
S,29,a04,50,32,a75479aadac4ab0e14588bb3dbab971354b70cbb22f67008de6af0b25ce850de,6144,511,3.069352149963379
S,29,a04,50,33,81985a3b78086a93d7e6ae3ddda453bf5a959744e65bc05418fc1b56f5ec10ca,512,511,2.3986799716949463
S,29,a04,50,34,2362e3d4278d695e409c7b7ff1512062454f8d035bc9076dff42c632a29fb2ee,0,511,2.123295307159424
S,29,a04,50,35,85cb58452e909342c236fc118e084fa9adcfddffc1ee3968baed9838eae6ef37,0,511,1.9902364015579224
S,29,a04,50,36,da80b33b4eb70c8d7b4c6a0fc009cedf34a39859057eb8700df906c788e6a4c8,0,511,2.3302605152130127
S,29,a04,50,37,2e3ac91c014b25eebddbb443aa8850683dfc0675b9fed2dc40ec8d5f64ec60d4,0,511,2.2150280475616455
S,29,a04,50,38,3210f7ea4f8c2a390b5fc7a519a58dd185dc01a5700b89f95e427e52d0e581c9,512,511,2.7878177165985107
S,29,a04,50,39,f5e1818470b34abce111d71989de48dff1e3e4ef0271749d38438e1b6693f635,1536,511,2.2838637828826904
S,29,a04,50,40,3ce4586556ea72a70c76b9203dca8969adc500af610389007ec255f56b1e169e,1024,511,2.680850028991699
S,29,a04,50,41,7b804a7a99e4de2942ef98de42165dacd3e16b944e6a538d55df1f634a23d48e,4096,511,2.7169158458709717
S,29,a04,50,42,f6dd4f9c768666495fe711e166071758aa6c2d321def74a3ae211027ce199501,512,511,3.0863914489746094
S,29,a04,50,43,31ed14bec015eaaefb165002eb17b020eeb35031b1a592aff7d981de7c6899b3,0,511,2.3230888843536377
S,29,a04,50,44,b3ff1454cd3a072b015b88f94f6d6889d9c0bd745fc7a5433df7c0d43151854e,512,511,2.5352940559387207
S,29,a04,50,45,3ee074eadb149c8da6002c76352f4113d1c896c63c6c090fd621092749233d6a,8704,511,3.1234543323516846
S,29,a04,50,46,5682e8596b594de16f03e38329a00d1bff4adee96204668f946a90f5292c8136,1024,511,2.828033208847046
S,29,a04,50,47,127630e33620c4206cd0e7ad6622f66b144b669ddf653964e56ce6654a7b32f0,3072,511,2.345231294631958
S,29,a04,50,48,320f1288c0a9e6e7a3def263d7abab684526479abb06fc68e069fc1a9937c71d,1024,511,2.616694450378418
S,29,a04,50,49,58ac024cd69aa321476709f7b1742c6523bf4fb12233b5b6f60d680c8fca8e8e,1536,511,2.6225922107696533
S,29,a04,50,50,4f84e7678dedadbb233b28e11c014c0798eadf77020a5a8fb4d017d12c99e86d,2560,511,2.1426584720611572
S,29,a04,50,51,99db37e631f9ef519733c8a72d003864c2701de3091cf19e9eba387054fdacac,512,511,2.986753463745117
S,29,a04,50,52,0627479429bdaca6ad2b61ecd03d5b65cd330b0351b5ff8f878978d7b00c4ab2,0,511,2.437337636947632
S,29,a04,50,53,c1e3085f9b150f54416c89fdea9cdb29ceef7e5050e94af9eafe2053fffe3e64,3584,511,2.216174840927124
S,29,a04,50,54,0e6b290375d52c7b5c4cd74b4c7348611213caa15ca0e87d7f6426f9e0f86e04,2048,511,2.5209178924560547
S,29,a04,50,55,16f297fd545d4a150c1908347430e076e51e3560238877a2eec2ac020b7d3bc9,3584,511,2.515324354171753
S,29,a04,50,56,243408a375c7d0c1fda52538ba71d700e4d403fd2764c7491c7c1a9b7d7fd7a9,0,511,2.530438184738159
S,29,a04,50,57,93133535594204a5a3625fc7b90ff6ad027dca329f0359370d232d4135e91bc1,512,511,2.3369240760803223
S,29,a04,50,58,7c74fa4376b1168685d5d288b916d3317d340aad3044f88d5ca673b76d875d1c,1536,511,2.296888589859009
S,29,a04,50,59,447ea32f527637dcb6ef068962a2fabe21ec283698e144c45ed42c46e1b27772,0,511,2.5664637088775635
S,29,a04,50,60,6db7dd742bd03a22121dc39ee8773c9afa1462f4efce21abbe54dc33c4285b1f,0,511,2.3233642578125
S,29,a04,50,61,dc8a961be5dc24fc777b38869adf84cfc37bbe2f28514ceb0e344d39b7e01906,512,511,2.6729586124420166
S,29,a04,50,62,3ca10415cf1f0bc4955c7ef0d186c8e93deb4aece0aaaa5fb553b43dfe5ad2aa,0,511,2.5989904403686523
S,29,a04,50,63,6e5c6769277c87aeaf9a4fd680fad1720ce04660f567befd8a9f8c68dde50f64,0,511,2.418134927749634
S,29,a04,100,0,71ff58ca29d05bef3a99fb59512ec09404e49be906888dc3ea5409ce8a54beea,0,511,2.2435216903686523
S,29,a04,100,1,47ab999a2c488609314576fac2048b7f2a92afad8f7ca0326f23f648d515f167,1536,511,2.0899970531463623
S,29,a04,100,2,c6ff7382a150214656a5c5d777769384c99d3ce7764110fc98e07e5e48fddc7e,1024,511,2.4342291355133057
S,29,a04,100,3,8739f77bc09e02e5783efc804080eff63b9ae7da7008a0e4c6412b47aa6da1c2,2048,511,2.3994505405426025
S,29,a04,100,4,a7f7a2250dd6f72080e21112d92bdfd639fcbe8a5a9effd80028c67d5dddd416,0,511,2.4198336601257324
S,29,a04,100,5,06cd6da2c73e993c43345dad24088c06b24d496ffc56f5f460b58cfa49d0f3df,0,511,1.6002277135849
S,29,a04,100,6,3adf36bb00be5fa07541f544ce8642a56fcd3a01d456650deaabc83e91d791a1,1024,511,2.554142713546753
S,29,a04,100,7,34c9eb07c804b8ee651c4da1ac1dd801fec51c064819632bd8f4f36bd685b8a1,1024,511,2.8812367916107178
S,29,a04,100,8,dcd008e03034d7dcffb4b6abd6aa6f0bfdf0a28ddd0b53dd37784e7c055f10bb,1536,511,2.230786085128784
S,29,a04,100,9,4f58c96286c7c0f0417ea817ca24cf1c2db4ad3d19fdcdcf46124511fbf05b3e,512,511,2.649137258529663
S,29,a04,100,10,7c5e18ef30b2c1c37d722f19397ccdf563e0428cdde5ff6b99a902d67975541f,5120,511,2.451329469680786
S,29,a04,100,11,47344d32192263b566ca14f66ce20553a4c76ff30204fae6639d7c1dde9a1f11,0,511,1.9125745296478271
S,29,a04,100,12,98aa6addc6d0697baff9ad72065efe34b866fb27cb0c3e094c328bb57b98cf2b,512,511,2.4326672554016113
S,29,a04,100,13,d6b58a86755a3af1a5a75d162cfd31bceb70ebe76d43dfd2b64d95def0331c1b,0,511,1.7384964227676392
S,29,a04,100,14,c724dc11dc74fa10b6309922c9d014e010a88079d4ca2e3ca96ab091459b166e,0,511,2.1117892265319824
S,29,a04,100,15,aad6037cda830ea2edaf38a004ae82825aa4d21585b2c0f33197a34583613c19,3072,511,2.5647647380828857
S,29,a04,100,16,b7140ecf1283718c8b44dd77fefc16ef15f5d7579ad3d6f1da94324d11081ab5,0,511,2.40818190574646
S,29,a04,100,17,7c0883960fcd42892f41d565a6eb8675b26e6a7b184fa795ec1dea269c0d78f7,2560,511,2.962247848510742
S,29,a04,100,18,e461497c8cf9867275c7b0ab55899126e69b01926436f58a64e902baf22ad1d8,1024,511,2.734278440475464
S,29,a04,100,19,d236bd424f8c1de8ba7570984678d98d021bd9f796117156ee8c848d8b9e20df,512,511,1.9299616813659668
S,29,a04,100,20,b124bcdac530f87fa8b20ed6ba5af0bdc6e2e14fe6348e8e8d9aae3bbb14d7bf,1536,511,2.343911647796631
S,29,a04,100,21,398d9a5e65eb510a4b2165e08da91bc2e7a46f651fd4c2a7c82baca0e3f7c6f7,512,511,3.0229668617248535
S,29,a04,100,22,398d4136fe8a7fe859af6d03e3be3e80b0a4a081aa81cad5dad14be6152fbb07,1024,511,2.480583906173706
S,29,a04,100,23,27c7a212b1dd328e6abafa8ce17f190f047ff7bf7b13546651705123022fac2b,2048,511,2.423025608062744
S,29,a04,100,24,27e29aeb84cb9b2f80dc9061f35e33eb4710e31a4bda2e0ce985e2cb4c4af0d4,512,511,2.3817460536956787
S,29,a04,100,25,a7ab0eebec8ed5155f1c0b6b257ae3e70464155e9540fc6cb19d9b21ce07adbe,0,511,2.0724234580993652
S,29,a04,100,26,87c73475752c7552f1b2dfb6631350662bd4d2392ea692266f7fd8d9d49255e6,5120,511,2.441727876663208
S,29,a04,100,27,4dfcff9cdf6a84e7dc2d2f41f4beeb5bd4a850251f084dbb833319624ea2ba03,1536,511,2.710278034210205
S,29,a04,100,28,c6a6c920ad14f9ced5cbb1a81a695ee0d1e0cec0886071763eca3b7609793f9a,512,511,2.8111894130706787
S,29,a04,100,29,602491df734b58909d0bdd64c12964094178660aa935fe328832f5ac7c783ce5,6656,511,2.915804386138916
S,29,a04,100,30,3d3334d8bb76a4a5d2667fcaaf08e5519258c23da3c0ed35b0fb51ab7750456a,512,511,2.3832616806030273
S,29,a04,100,31,a5c6bb2784e438e57e6c21063b5631ad6159e98fd0fdde6f0f393b1a6ad1ec91,0,511,2.425077199935913
S,29,a04,100,32,a75479aadac4ab0e14588bb3dbab971354b70cbb22f67008de6af0b25ce850de,6144,511,3.0056891441345215
S,29,a04,100,33,81985a3b78086a93d7e6ae3ddda453bf5a959744e65bc05418fc1b56f5ec10ca,512,511,2.3082120418548584
S,29,a04,100,34,2362e3d4278d695e409c7b7ff1512062454f8d035bc9076dff42c632a29fb2ee,0,511,2.0303454399108887
S,29,a04,100,35,85cb58452e909342c236fc118e084fa9adcfddffc1ee3968baed9838eae6ef37,0,511,1.9073262214660645
S,29,a04,100,36,da80b33b4eb70c8d7b4c6a0fc009cedf34a39859057eb8700df906c788e6a4c8,0,511,2.2184698581695557
S,29,a04,100,37,2e3ac91c014b25eebddbb443aa8850683dfc0675b9fed2dc40ec8d5f64ec60d4,0,511,2.083106517791748
S,29,a04,100,38,3210f7ea4f8c2a390b5fc7a519a58dd185dc01a5700b89f95e427e52d0e581c9,512,511,2.704958200454712
S,29,a04,100,39,f5e1818470b34abce111d71989de48dff1e3e4ef0271749d38438e1b6693f635,1536,511,2.1829700469970703
S,29,a04,100,40,3ce4586556ea72a70c76b9203dca8969adc500af610389007ec255f56b1e169e,1024,511,2.596764087677002
S,29,a04,100,41,7b804a7a99e4de2942ef98de42165dacd3e16b944e6a538d55df1f634a23d48e,4096,511,2.619396448135376
S,29,a04,100,42,f6dd4f9c768666495fe711e166071758aa6c2d321def74a3ae211027ce199501,512,511,3.016746997833252
S,29,a04,100,43,31ed14bec015eaaefb165002eb17b020eeb35031b1a592aff7d981de7c6899b3,0,511,2.2207894325256348
S,29,a04,100,44,b3ff1454cd3a072b015b88f94f6d6889d9c0bd745fc7a5433df7c0d43151854e,512,511,2.4384605884552
S,29,a04,100,45,3ee074eadb149c8da6002c76352f4113d1c896c63c6c090fd621092749233d6a,8704,511,3.02921462059021
S,29,a04,100,46,5682e8596b594de16f03e38329a00d1bff4adee96204668f946a90f5292c8136,1024,511,2.7678592205047607
S,29,a04,100,47,127630e33620c4206cd0e7ad6622f66b144b669ddf653964e56ce6654a7b32f0,3072,511,2.2290701866149902
S,29,a04,100,48,320f1288c0a9e6e7a3def263d7abab684526479abb06fc68e069fc1a9937c71d,1024,511,2.4960243701934814
S,29,a04,100,49,58ac024cd69aa321476709f7b1742c6523bf4fb12233b5b6f60d680c8fca8e8e,1536,511,2.5575027465820312
S,29,a04,100,50,4f84e7678dedadbb233b28e11c014c0798eadf77020a5a8fb4d017d12c99e86d,2560,511,2.0312747955322266
S,29,a04,100,51,99db37e631f9ef519733c8a72d003864c2701de3091cf19e9eba387054fdacac,512,511,2.9166693687438965
S,29,a04,100,52,0627479429bdaca6ad2b61ecd03d5b65cd330b0351b5ff8f878978d7b00c4ab2,0,511,2.3118526935577393
S,29,a04,100,53,c1e3085f9b150f54416c89fdea9cdb29ceef7e5050e94af9eafe2053fffe3e64,3584,511,2.0967857837677
S,29,a04,100,54,0e6b290375d52c7b5c4cd74b4c7348611213caa15ca0e87d7f6426f9e0f86e04,2048,511,2.4395968914031982
S,29,a04,100,55,16f297fd545d4a150c1908347430e076e51e3560238877a2eec2ac020b7d3bc9,3584,511,2.420337200164795
S,29,a04,100,56,243408a375c7d0c1fda52538ba71d700e4d403fd2764c7491c7c1a9b7d7fd7a9,0,511,2.3756918907165527
S,29,a04,100,57,93133535594204a5a3625fc7b90ff6ad027dca329f0359370d232d4135e91bc1,512,511,2.2060203552246094
S,29,a04,100,58,7c74fa4376b1168685d5d288b916d3317d340aad3044f88d5ca673b76d875d1c,1536,511,2.181567907333374
S,29,a04,100,59,447ea32f527637dcb6ef068962a2fabe21ec283698e144c45ed42c46e1b27772,0,511,2.4340288639068604
S,29,a04,100,60,6db7dd742bd03a22121dc39ee8773c9afa1462f4efce21abbe54dc33c4285b1f,0,511,2.1956992149353027
S,29,a04,100,61,dc8a961be5dc24fc777b38869adf84cfc37bbe2f28514ceb0e344d39b7e01906,512,511,2.5514492988586426
S,29,a04,100,62,3ca10415cf1f0bc4955c7ef0d186c8e93deb4aece0aaaa5fb553b43dfe5ad2aa,0,511,2.4883058071136475
S,29,a04,100,63,6e5c6769277c87aeaf9a4fd680fad1720ce04660f567befd8a9f8c68dde50f64,0,511,2.296550750732422
S,29,a05,0,0,71ff58ca29d05bef3a99fb59512ec09404e49be906888dc3ea5409ce8a54beea,0,511,2.45908784866333
S,29,a05,0,1,47ab999a2c488609314576fac2048b7f2a92afad8f7ca0326f23f648d515f167,1536,511,2.2858726978302
S,29,a05,0,2,c6ff7382a150214656a5c5d777769384c99d3ce7764110fc98e07e5e48fddc7e,1024,511,2.685011148452759
S,29,a05,0,3,8739f77bc09e02e5783efc804080eff63b9ae7da7008a0e4c6412b47aa6da1c2,2048,511,2.756472110748291
S,29,a05,0,4,a7f7a2250dd6f72080e21112d92bdfd639fcbe8a5a9effd80028c67d5dddd416,0,511,2.6078531742095947
S,29,a05,0,5,06cd6da2c73e993c43345dad24088c06b24d496ffc56f5f460b58cfa49d0f3df,0,511,1.804992437362671
S,29,a05,0,6,3adf36bb00be5fa07541f544ce8642a56fcd3a01d456650deaabc83e91d791a1,1024,511,2.882842779159546
S,29,a05,0,7,34c9eb07c804b8ee651c4da1ac1dd801fec51c064819632bd8f4f36bd685b8a1,1024,511,3.224513292312622
S,29,a05,0,8,dcd008e03034d7dcffb4b6abd6aa6f0bfdf0a28ddd0b53dd37784e7c055f10bb,1536,511,2.5768048763275146
S,29,a05,0,9,4f58c96286c7c0f0417ea817ca24cf1c2db4ad3d19fdcdcf46124511fbf05b3e,512,511,3.0044126510620117
S,29,a05,0,10,7c5e18ef30b2c1c37d722f19397ccdf563e0428cdde5ff6b99a902d67975541f,5120,511,2.7687103748321533
S,29,a05,0,11,47344d32192263b566ca14f66ce20553a4c76ff30204fae6639d7c1dde9a1f11,0,511,2.1435279846191406
S,29,a05,0,12,98aa6addc6d0697baff9ad72065efe34b866fb27cb0c3e094c328bb57b98cf2b,512,511,2.6837050914764404
S,29,a05,0,13,d6b58a86755a3af1a5a75d162cfd31bceb70ebe76d43dfd2b64d95def0331c1b,0,511,2.046386957168579
S,29,a05,0,14,c724dc11dc74fa10b6309922c9d014e010a88079d4ca2e3ca96ab091459b166e,0,511,2.456561326980591
S,29,a05,0,15,aad6037cda830ea2edaf38a004ae82825aa4d21585b2c0f33197a34583613c19,3072,511,2.7972793579101562
S,29,a05,0,16,b7140ecf1283718c8b44dd77fefc16ef15f5d7579ad3d6f1da94324d11081ab5,0,511,2.6391050815582275
S,29,a05,0,17,7c0883960fcd42892f41d565a6eb8675b26e6a7b184fa795ec1dea269c0d78f7,2560,511,3.1890451908111572
S,29,a05,0,18,e461497c8cf9867275c7b0ab55899126e69b01926436f58a64e902baf22ad1d8,1024,511,3.024085760116577
S,29,a05,0,19,d236bd424f8c1de8ba7570984678d98d021bd9f796117156ee8c848d8b9e20df,512,511,2.2357308864593506
S,29,a05,0,20,b124bcdac530f87fa8b20ed6ba5af0bdc6e2e14fe6348e8e8d9aae3bbb14d7bf,1536,511,2.6247305870056152
S,29,a05,0,21,398d9a5e65eb510a4b2165e08da91bc2e7a46f651fd4c2a7c82baca0e3f7c6f7,512,511,3.241267442703247
S,29,a05,0,22,398d4136fe8a7fe859af6d03e3be3e80b0a4a081aa81cad5dad14be6152fbb07,1024,511,2.8338165283203125
S,29,a05,0,23,27c7a212b1dd328e6abafa8ce17f190f047ff7bf7b13546651705123022fac2b,2048,511,2.677954912185669
S,29,a05,0,24,27e29aeb84cb9b2f80dc9061f35e33eb4710e31a4bda2e0ce985e2cb4c4af0d4,512,511,2.666396141052246
S,29,a05,0,25,a7ab0eebec8ed5155f1c0b6b257ae3e70464155e9540fc6cb19d9b21ce07adbe,0,511,2.372633457183838
S,29,a05,0,26,87c73475752c7552f1b2dfb6631350662bd4d2392ea692266f7fd8d9d49255e6,5120,511,2.728224277496338
S,29,a05,0,27,4dfcff9cdf6a84e7dc2d2f41f4beeb5bd4a850251f084dbb833319624ea2ba03,1536,511,2.9713571071624756
S,29,a05,0,28,c6a6c920ad14f9ced5cbb1a81a695ee0d1e0cec0886071763eca3b7609793f9a,512,511,3.064396619796753
S,29,a05,0,29,602491df734b58909d0bdd64c12964094178660aa935fe328832f5ac7c783ce5,6656,511,3.1063954830169678
S,29,a05,0,30,3d3334d8bb76a4a5d2667fcaaf08e5519258c23da3c0ed35b0fb51ab7750456a,512,511,2.6608998775482178
S,29,a05,0,31,a5c6bb2784e438e57e6c21063b5631ad6159e98fd0fdde6f0f393b1a6ad1ec91,0,511,2.7909247875213623
S,29,a05,0,32,a75479aadac4ab0e14588bb3dbab971354b70cbb22f67008de6af0b25ce850de,6144,511,3.233393907546997
S,29,a05,0,33,81985a3b78086a93d7e6ae3ddda453bf5a959744e65bc05418fc1b56f5ec10ca,512,511,2.5913708209991455
S,29,a05,0,34,2362e3d4278d695e409c7b7ff1512062454f8d035bc9076dff42c632a29fb2ee,0,511,2.3640408515930176
S,29,a05,0,35,85cb58452e909342c236fc118e084fa9adcfddffc1ee3968baed9838eae6ef37,0,511,2.0922670364379883
S,29,a05,0,36,da80b33b4eb70c8d7b4c6a0fc009cedf34a39859057eb8700df906c788e6a4c8,0,511,2.4601247310638428
S,29,a05,0,37,2e3ac91c014b25eebddbb443aa8850683dfc0675b9fed2dc40ec8d5f64ec60d4,0,511,2.3900458812713623
S,29,a05,0,38,3210f7ea4f8c2a390b5fc7a519a58dd185dc01a5700b89f95e427e52d0e581c9,512,511,2.9449269771575928
S,29,a05,0,39,f5e1818470b34abce111d71989de48dff1e3e4ef0271749d38438e1b6693f635,1536,511,2.4114744663238525
S,29,a05,0,40,3ce4586556ea72a70c76b9203dca8969adc500af610389007ec255f56b1e169e,1024,511,2.8907999992370605
S,29,a05,0,41,7b804a7a99e4de2942ef98de42165dacd3e16b944e6a538d55df1f634a23d48e,4096,511,2.8446905612945557
S,29,a05,0,42,f6dd4f9c768666495fe711e166071758aa6c2d321def74a3ae211027ce199501,512,511,3.2553324699401855
S,29,a05,0,43,31ed14bec015eaaefb165002eb17b020eeb35031b1a592aff7d981de7c6899b3,0,511,2.4322397708892822
S,29,a05,0,44,b3ff1454cd3a072b015b88f94f6d6889d9c0bd745fc7a5433df7c0d43151854e,512,511,2.649562120437622
S,29,a05,0,45,3ee074eadb149c8da6002c76352f4113d1c896c63c6c090fd621092749233d6a,8704,511,3.2643845081329346
S,29,a05,0,46,5682e8596b594de16f03e38329a00d1bff4adee96204668f946a90f5292c8136,1024,511,2.9954235553741455
S,29,a05,0,47,127630e33620c4206cd0e7ad6622f66b144b669ddf653964e56ce6654a7b32f0,3072,511,2.5510427951812744
S,29,a05,0,48,320f1288c0a9e6e7a3def263d7abab684526479abb06fc68e069fc1a9937c71d,1024,511,2.822460174560547
S,29,a05,0,49,58ac024cd69aa321476709f7b1742c6523bf4fb12233b5b6f60d680c8fca8e8e,1536,511,2.732795238494873
S,29,a05,0,50,4f84e7678dedadbb233b28e11c014c0798eadf77020a5a8fb4d017d12c99e86d,2560,511,2.317871570587158
S,29,a05,0,51,99db37e631f9ef519733c8a72d003864c2701de3091cf19e9eba387054fdacac,512,511,3.1508641242980957
S,29,a05,0,52,0627479429bdaca6ad2b61ecd03d5b65cd330b0351b5ff8f878978d7b00c4ab2,0,511,2.6506881713867188
S,29,a05,0,53,c1e3085f9b150f54416c89fdea9cdb29ceef7e5050e94af9eafe2053fffe3e64,3584,511,2.36928391456604
S,29,a05,0,54,0e6b290375d52c7b5c4cd74b4c7348611213caa15ca0e87d7f6426f9e0f86e04,2048,511,2.6894936561584473
S,29,a05,0,55,16f297fd545d4a150c1908347430e076e51e3560238877a2eec2ac020b7d3bc9,3584,511,2.644930839538574
S,29,a05,0,56,243408a375c7d0c1fda52538ba71d700e4d403fd2764c7491c7c1a9b7d7fd7a9,0,511,2.728067398071289
S,29,a05,0,57,93133535594204a5a3625fc7b90ff6ad027dca329f0359370d232d4135e91bc1,512,511,2.517122745513916
S,29,a05,0,58,7c74fa4376b1168685d5d288b916d3317d340aad3044f88d5ca673b76d875d1c,1536,511,2.4119365215301514
S,29,a05,0,59,447ea32f527637dcb6ef068962a2fabe21ec283698e144c45ed42c46e1b27772,0,511,2.7161405086517334
S,29,a05,0,60,6db7dd742bd03a22121dc39ee8773c9afa1462f4efce21abbe54dc33c4285b1f,0,511,2.4838831424713135
S,29,a05,0,61,dc8a961be5dc24fc777b38869adf84cfc37bbe2f28514ceb0e344d39b7e01906,512,511,2.8918042182922363
S,29,a05,0,62,3ca10415cf1f0bc4955c7ef0d186c8e93deb4aece0aaaa5fb553b43dfe5ad2aa,0,511,2.7406768798828125
S,29,a05,0,63,6e5c6769277c87aeaf9a4fd680fad1720ce04660f567befd8a9f8c68dde50f64,0,511,2.6026220321655273
S,29,a05,20,0,71ff58ca29d05bef3a99fb59512ec09404e49be906888dc3ea5409ce8a54beea,0,511,2.4118354320526123
S,29,a05,20,1,47ab999a2c488609314576fac2048b7f2a92afad8f7ca0326f23f648d515f167,1536,511,2.2369751930236816
S,29,a05,20,2,c6ff7382a150214656a5c5d777769384c99d3ce7764110fc98e07e5e48fddc7e,1024,511,2.6188271045684814
S,29,a05,20,3,8739f77bc09e02e5783efc804080eff63b9ae7da7008a0e4c6412b47aa6da1c2,2048,511,2.6776700019836426
S,29,a05,20,4,a7f7a2250dd6f72080e21112d92bdfd639fcbe8a5a9effd80028c67d5dddd416,0,511,2.5486714839935303
S,29,a05,20,5,06cd6da2c73e993c43345dad24088c06b24d496ffc56f5f460b58cfa49d0f3df,0,511,1.7580398321151733
S,29,a05,20,6,3adf36bb00be5fa07541f544ce8642a56fcd3a01d456650deaabc83e91d791a1,1024,511,2.8156485557556152
S,29,a05,20,7,34c9eb07c804b8ee651c4da1ac1dd801fec51c064819632bd8f4f36bd685b8a1,1024,511,3.169236660003662
S,29,a05,20,8,dcd008e03034d7dcffb4b6abd6aa6f0bfdf0a28ddd0b53dd37784e7c055f10bb,1536,511,2.5231943130493164
S,29,a05,20,9,4f58c96286c7c0f0417ea817ca24cf1c2db4ad3d19fdcdcf46124511fbf05b3e,512,511,2.935872793197632
S,29,a05,20,10,7c5e18ef30b2c1c37d722f19397ccdf563e0428cdde5ff6b99a902d67975541f,5120,511,2.7233784198760986
S,29,a05,20,11,47344d32192263b566ca14f66ce20553a4c76ff30204fae6639d7c1dde9a1f11,0,511,2.10532808303833
S,29,a05,20,12,98aa6addc6d0697baff9ad72065efe34b866fb27cb0c3e094c328bb57b98cf2b,512,511,2.621621608734131
S,29,a05,20,13,d6b58a86755a3af1a5a75d162cfd31bceb70ebe76d43dfd2b64d95def0331c1b,0,511,1.9907032251358032
S,29,a05,20,14,c724dc11dc74fa10b6309922c9d014e010a88079d4ca2e3ca96ab091459b166e,0,511,2.4088199138641357
S,29,a05,20,15,aad6037cda830ea2edaf38a004ae82825aa4d21585b2c0f33197a34583613c19,3072,511,2.7522237300872803
S,29,a05,20,16,b7140ecf1283718c8b44dd77fefc16ef15f5d7579ad3d6f1da94324d11081ab5,0,511,2.5984046459198
S,29,a05,20,17,7c0883960fcd42892f41d565a6eb8675b26e6a7b184fa795ec1dea269c0d78f7,2560,511,3.1287920475006104
S,29,a05,20,18,e461497c8cf9867275c7b0ab55899126e69b01926436f58a64e902baf22ad1d8,1024,511,2.9776580333709717
S,29,a05,20,19,d236bd424f8c1de8ba7570984678d98d021bd9f796117156ee8c848d8b9e20df,512,511,2.1789331436157227
S,29,a05,20,20,b124bcdac530f87fa8b20ed6ba5af0bdc6e2e14fe6348e8e8d9aae3bbb14d7bf,1536,511,2.5769124031066895
S,29,a05,20,21,398d9a5e65eb510a4b2165e08da91bc2e7a46f651fd4c2a7c82baca0e3f7c6f7,512,511,3.1911754608154297
S,29,a05,20,22,398d4136fe8a7fe859af6d03e3be3e80b0a4a081aa81cad5dad14be6152fbb07,1024,511,2.7710487842559814
S,29,a05,20,23,27c7a212b1dd328e6abafa8ce17f190f047ff7bf7b13546651705123022fac2b,2048,511,2.6288249492645264
S,29,a05,20,24,27e29aeb84cb9b2f80dc9061f35e33eb4710e31a4bda2e0ce985e2cb4c4af0d4,512,511,2.625943660736084
S,29,a05,20,25,a7ab0eebec8ed5155f1c0b6b257ae3e70464155e9540fc6cb19d9b21ce07adbe,0,511,2.3307065963745117
S,29,a05,20,26,87c73475752c7552f1b2dfb6631350662bd4d2392ea692266f7fd8d9d49255e6,5120,511,2.6429622173309326
S,29,a05,20,27,4dfcff9cdf6a84e7dc2d2f41f4beeb5bd4a850251f084dbb833319624ea2ba03,1536,511,2.9296646118164062
S,29,a05,20,28,c6a6c920ad14f9ced5cbb1a81a695ee0d1e0cec0886071763eca3b7609793f9a,512,511,3.0300850868225098
S,29,a05,20,29,602491df734b58909d0bdd64c12964094178660aa935fe328832f5ac7c783ce5,6656,511,3.0731544494628906
S,29,a05,20,30,3d3334d8bb76a4a5d2667fcaaf08e5519258c23da3c0ed35b0fb51ab7750456a,512,511,2.594257116317749
S,29,a05,20,31,a5c6bb2784e438e57e6c21063b5631ad6159e98fd0fdde6f0f393b1a6ad1ec91,0,511,2.7237071990966797
S,29,a05,20,32,a75479aadac4ab0e14588bb3dbab971354b70cbb22f67008de6af0b25ce850de,6144,511,3.179433584213257
S,29,a05,20,33,81985a3b78086a93d7e6ae3ddda453bf5a959744e65bc05418fc1b56f5ec10ca,512,511,2.5263237953186035
S,29,a05,20,34,2362e3d4278d695e409c7b7ff1512062454f8d035bc9076dff42c632a29fb2ee,0,511,2.3190152645111084
S,29,a05,20,35,85cb58452e909342c236fc118e084fa9adcfddffc1ee3968baed9838eae6ef37,0,511,2.0469465255737305
S,29,a05,20,36,da80b33b4eb70c8d7b4c6a0fc009cedf34a39859057eb8700df906c788e6a4c8,0,511,2.403021812438965
S,29,a05,20,37,2e3ac91c014b25eebddbb443aa8850683dfc0675b9fed2dc40ec8d5f64ec60d4,0,511,2.3369035720825195
S,29,a05,20,38,3210f7ea4f8c2a390b5fc7a519a58dd185dc01a5700b89f95e427e52d0e581c9,512,511,2.882096767425537
S,29,a05,20,39,f5e1818470b34abce111d71989de48dff1e3e4ef0271749d38438e1b6693f635,1536,511,2.3752455711364746
S,29,a05,20,40,3ce4586556ea72a70c76b9203dca8969adc500af610389007ec255f56b1e169e,1024,511,2.838620662689209
S,29,a05,20,41,7b804a7a99e4de2942ef98de42165dacd3e16b944e6a538d55df1f634a23d48e,4096,511,2.811314105987549
S,29,a05,20,42,f6dd4f9c768666495fe711e166071758aa6c2d321def74a3ae211027ce199501,512,511,3.2041068077087402
S,29,a05,20,43,31ed14bec015eaaefb165002eb17b020eeb35031b1a592aff7d981de7c6899b3,0,511,2.377638101577759
S,29,a05,20,44,b3ff1454cd3a072b015b88f94f6d6889d9c0bd745fc7a5433df7c0d43151854e,512,511,2.6128969192504883
S,29,a05,20,45,3ee074eadb149c8da6002c76352f4113d1c896c63c6c090fd621092749233d6a,8704,511,3.219900608062744
S,29,a05,20,46,5682e8596b594de16f03e38329a00d1bff4adee96204668f946a90f5292c8136,1024,511,2.939851999282837
S,29,a05,20,47,127630e33620c4206cd0e7ad6622f66b144b669ddf653964e56ce6654a7b32f0,3072,511,2.4971730709075928
S,29,a05,20,48,320f1288c0a9e6e7a3def263d7abab684526479abb06fc68e069fc1a9937c71d,1024,511,2.7753894329071045
S,29,a05,20,49,58ac024cd69aa321476709f7b1742c6523bf4fb12233b5b6f60d680c8fca8e8e,1536,511,2.698493719100952
S,29,a05,20,50,4f84e7678dedadbb233b28e11c014c0798eadf77020a5a8fb4d017d12c99e86d,2560,511,2.2496163845062256
S,29,a05,20,51,99db37e631f9ef519733c8a72d003864c2701de3091cf19e9eba387054fdacac,512,511,3.111470937728882
S,29,a05,20,52,0627479429bdaca6ad2b61ecd03d5b65cd330b0351b5ff8f878978d7b00c4ab2,0,511,2.607666492462158
S,29,a05,20,53,c1e3085f9b150f54416c89fdea9cdb29ceef7e5050e94af9eafe2053fffe3e64,3584,511,2.3062057495117188
S,29,a05,20,54,0e6b290375d52c7b5c4cd74b4c7348611213caa15ca0e87d7f6426f9e0f86e04,2048,511,2.6341230869293213
S,29,a05,20,55,16f297fd545d4a150c1908347430e076e51e3560238877a2eec2ac020b7d3bc9,3584,511,2.618678331375122
S,29,a05,20,56,243408a375c7d0c1fda52538ba71d700e4d403fd2764c7491c7c1a9b7d7fd7a9,0,511,2.6721386909484863
S,29,a05,20,57,93133535594204a5a3625fc7b90ff6ad027dca329f0359370d232d4135e91bc1,512,511,2.458271026611328
S,29,a05,20,58,7c74fa4376b1168685d5d288b916d3317d340aad3044f88d5ca673b76d875d1c,1536,511,2.3825716972351074
S,29,a05,20,59,447ea32f527637dcb6ef068962a2fabe21ec283698e144c45ed42c46e1b27772,0,511,2.6717822551727295
S,29,a05,20,60,6db7dd742bd03a22121dc39ee8773c9afa1462f4efce21abbe54dc33c4285b1f,0,511,2.4267191886901855
S,29,a05,20,61,dc8a961be5dc24fc777b38869adf84cfc37bbe2f28514ceb0e344d39b7e01906,512,511,2.8190016746520996
S,29,a05,20,62,3ca10415cf1f0bc4955c7ef0d186c8e93deb4aece0aaaa5fb553b43dfe5ad2aa,0,511,2.6903865337371826
S,29,a05,20,63,6e5c6769277c87aeaf9a4fd680fad1720ce04660f567befd8a9f8c68dde50f64,0,511,2.5568442344665527
S,29,a05,50,0,71ff58ca29d05bef3a99fb59512ec09404e49be906888dc3ea5409ce8a54beea,0,511,2.3139235973358154
S,29,a05,50,1,47ab999a2c488609314576fac2048b7f2a92afad8f7ca0326f23f648d515f167,1536,511,2.1557624340057373
S,29,a05,50,2,c6ff7382a150214656a5c5d777769384c99d3ce7764110fc98e07e5e48fddc7e,1024,511,2.5013856887817383
S,29,a05,50,3,8739f77bc09e02e5783efc804080eff63b9ae7da7008a0e4c6412b47aa6da1c2,2048,511,2.521747589111328
S,29,a05,50,4,a7f7a2250dd6f72080e21112d92bdfd639fcbe8a5a9effd80028c67d5dddd416,0,511,2.4540717601776123
S,29,a05,50,5,06cd6da2c73e993c43345dad24088c06b24d496ffc56f5f460b58cfa49d0f3df,0,511,1.6336939334869385
S,29,a05,50,6,3adf36bb00be5fa07541f544ce8642a56fcd3a01d456650deaabc83e91d791a1,1024,511,2.6542375087738037
S,29,a05,50,7,34c9eb07c804b8ee651c4da1ac1dd801fec51c064819632bd8f4f36bd685b8a1,1024,511,3.0084850788116455
S,29,a05,50,8,dcd008e03034d7dcffb4b6abd6aa6f0bfdf0a28ddd0b53dd37784e7c055f10bb,1536,511,2.378427028656006
S,29,a05,50,9,4f58c96286c7c0f0417ea817ca24cf1c2db4ad3d19fdcdcf46124511fbf05b3e,512,511,2.789222478866577
S,29,a05,50,10,7c5e18ef30b2c1c37d722f19397ccdf563e0428cdde5ff6b99a902d67975541f,5120,511,2.5710718631744385
S,29,a05,50,11,47344d32192263b566ca14f66ce20553a4c76ff30204fae6639d7c1dde9a1f11,0,511,1.9867072105407715
S,29,a05,50,12,98aa6addc6d0697baff9ad72065efe34b866fb27cb0c3e094c328bb57b98cf2b,512,511,2.540327548980713
S,29,a05,50,13,d6b58a86755a3af1a5a75d162cfd31bceb70ebe76d43dfd2b64d95def0331c1b,0,511,1.8445061445236206
S,29,a05,50,14,c724dc11dc74fa10b6309922c9d014e010a88079d4ca2e3ca96ab091459b166e,0,511,2.2155182361602783
S,29,a05,50,15,aad6037cda830ea2edaf38a004ae82825aa4d21585b2c0f33197a34583613c19,3072,511,2.653564453125
S,29,a05,50,16,b7140ecf1283718c8b44dd77fefc16ef15f5d7579ad3d6f1da94324d11081ab5,0,511,2.4947407245635986
S,29,a05,50,17,7c0883960fcd42892f41d565a6eb8675b26e6a7b184fa795ec1dea269c0d78f7,2560,511,3.0323569774627686
S,29,a05,50,18,e461497c8cf9867275c7b0ab55899126e69b01926436f58a64e902baf22ad1d8,1024,511,2.8407928943634033
S,29,a05,50,19,d236bd424f8c1de8ba7570984678d98d021bd9f796117156ee8c848d8b9e20df,512,511,2.0405726432800293
S,29,a05,50,20,b124bcdac530f87fa8b20ed6ba5af0bdc6e2e14fe6348e8e8d9aae3bbb14d7bf,1536,511,2.4509406089782715
S,29,a05,50,21,398d9a5e65eb510a4b2165e08da91bc2e7a46f651fd4c2a7c82baca0e3f7c6f7,512,511,3.108551025390625
S,29,a05,50,22,398d4136fe8a7fe859af6d03e3be3e80b0a4a081aa81cad5dad14be6152fbb07,1024,511,2.5824756622314453
S,29,a05,50,23,27c7a212b1dd328e6abafa8ce17f190f047ff7bf7b13546651705123022fac2b,2048,511,2.507439613342285
S,29,a05,50,24,27e29aeb84cb9b2f80dc9061f35e33eb4710e31a4bda2e0ce985e2cb4c4af0d4,512,511,2.4854142665863037
S,29,a05,50,25,a7ab0eebec8ed5155f1c0b6b257ae3e70464155e9540fc6cb19d9b21ce07adbe,0,511,2.16304349899292
S,29,a05,50,26,87c73475752c7552f1b2dfb6631350662bd4d2392ea692266f7fd8d9d49255e6,5120,511,2.5183768272399902
S,29,a05,50,27,4dfcff9cdf6a84e7dc2d2f41f4beeb5bd4a850251f084dbb833319624ea2ba03,1536,511,2.810239791870117
S,29,a05,50,28,c6a6c920ad14f9ced5cbb1a81a695ee0d1e0cec0886071763eca3b7609793f9a,512,511,2.8915915489196777
S,29,a05,50,29,602491df734b58909d0bdd64c12964094178660aa935fe328832f5ac7c783ce5,6656,511,2.9548816680908203
S,29,a05,50,30,3d3334d8bb76a4a5d2667fcaaf08e5519258c23da3c0ed35b0fb51ab7750456a,512,511,2.4765899181365967
S,29,a05,50,31,a5c6bb2784e438e57e6c21063b5631ad6159e98fd0fdde6f0f393b1a6ad1ec91,0,511,2.5665953159332275
S,29,a05,50,32,a75479aadac4ab0e14588bb3dbab971354b70cbb22f67008de6af0b25ce850de,6144,511,3.0594491958618164
S,29,a05,50,33,81985a3b78086a93d7e6ae3ddda453bf5a959744e65bc05418fc1b56f5ec10ca,512,511,2.389370918273926
S,29,a05,50,34,2362e3d4278d695e409c7b7ff1512062454f8d035bc9076dff42c632a29fb2ee,0,511,2.1754839420318604
S,29,a05,50,35,85cb58452e909342c236fc118e084fa9adcfddffc1ee3968baed9838eae6ef37,0,511,1.949161410331726
S,29,a05,50,36,da80b33b4eb70c8d7b4c6a0fc009cedf34a39859057eb8700df906c788e6a4c8,0,511,2.2848219871520996
S,29,a05,50,37,2e3ac91c014b25eebddbb443aa8850683dfc0675b9fed2dc40ec8d5f64ec60d4,0,511,2.1830294132232666
S,29,a05,50,38,3210f7ea4f8c2a390b5fc7a519a58dd185dc01a5700b89f95e427e52d0e581c9,512,511,2.7514147758483887
S,29,a05,50,39,f5e1818470b34abce111d71989de48dff1e3e4ef0271749d38438e1b6693f635,1536,511,2.272582530975342
S,29,a05,50,40,3ce4586556ea72a70c76b9203dca8969adc500af610389007ec255f56b1e169e,1024,511,2.6878864765167236
S,29,a05,50,41,7b804a7a99e4de2942ef98de42165dacd3e16b944e6a538d55df1f634a23d48e,4096,511,2.7289743423461914
S,29,a05,50,42,f6dd4f9c768666495fe711e166071758aa6c2d321def74a3ae211027ce199501,512,511,3.076474905014038
S,29,a05,50,43,31ed14bec015eaaefb165002eb17b020eeb35031b1a592aff7d981de7c6899b3,0,511,2.2747504711151123
S,29,a05,50,44,b3ff1454cd3a072b015b88f94f6d6889d9c0bd745fc7a5433df7c0d43151854e,512,511,2.505298376083374
S,29,a05,50,45,3ee074eadb149c8da6002c76352f4113d1c896c63c6c090fd621092749233d6a,8704,511,3.135981559753418
S,29,a05,50,46,5682e8596b594de16f03e38329a00d1bff4adee96204668f946a90f5292c8136,1024,511,2.8341405391693115
S,29,a05,50,47,127630e33620c4206cd0e7ad6622f66b144b669ddf653964e56ce6654a7b32f0,3072,511,2.3613855838775635
S,29,a05,50,48,320f1288c0a9e6e7a3def263d7abab684526479abb06fc68e069fc1a9937c71d,1024,511,2.6097865104675293
S,29,a05,50,49,58ac024cd69aa321476709f7b1742c6523bf4fb12233b5b6f60d680c8fca8e8e,1536,511,2.6052098274230957
S,29,a05,50,50,4f84e7678dedadbb233b28e11c014c0798eadf77020a5a8fb4d017d12c99e86d,2560,511,2.132659912109375
S,29,a05,50,51,99db37e631f9ef519733c8a72d003864c2701de3091cf19e9eba387054fdacac,512,511,2.9869627952575684
S,29,a05,50,52,0627479429bdaca6ad2b61ecd03d5b65cd330b0351b5ff8f878978d7b00c4ab2,0,511,2.466689109802246
S,29,a05,50,53,c1e3085f9b150f54416c89fdea9cdb29ceef7e5050e94af9eafe2053fffe3e64,3584,511,2.185121536254883
S,29,a05,50,54,0e6b290375d52c7b5c4cd74b4c7348611213caa15ca0e87d7f6426f9e0f86e04,2048,511,2.539797306060791
S,29,a05,50,55,16f297fd545d4a150c1908347430e076e51e3560238877a2eec2ac020b7d3bc9,3584,511,2.4751176834106445
S,29,a05,50,56,243408a375c7d0c1fda52538ba71d700e4d403fd2764c7491c7c1a9b7d7fd7a9,0,511,2.521616220474243
S,29,a05,50,57,93133535594204a5a3625fc7b90ff6ad027dca329f0359370d232d4135e91bc1,512,511,2.316744804382324
S,29,a05,50,58,7c74fa4376b1168685d5d288b916d3317d340aad3044f88d5ca673b76d875d1c,1536,511,2.2846202850341797
S,29,a05,50,59,447ea32f527637dcb6ef068962a2fabe21ec283698e144c45ed42c46e1b27772,0,511,2.56119966506958
S,29,a05,50,60,6db7dd742bd03a22121dc39ee8773c9afa1462f4efce21abbe54dc33c4285b1f,0,511,2.299356460571289
S,29,a05,50,61,dc8a961be5dc24fc777b38869adf84cfc37bbe2f28514ceb0e344d39b7e01906,512,511,2.6543517112731934
S,29,a05,50,62,3ca10415cf1f0bc4955c7ef0d186c8e93deb4aece0aaaa5fb553b43dfe5ad2aa,0,511,2.595960855484009
S,29,a05,50,63,6e5c6769277c87aeaf9a4fd680fad1720ce04660f567befd8a9f8c68dde50f64,0,511,2.44368577003479
S,29,a05,100,0,71ff58ca29d05bef3a99fb59512ec09404e49be906888dc3ea5409ce8a54beea,0,511,2.213177442550659
S,29,a05,100,1,47ab999a2c488609314576fac2048b7f2a92afad8f7ca0326f23f648d515f167,1536,511,2.0508995056152344
S,29,a05,100,2,c6ff7382a150214656a5c5d777769384c99d3ce7764110fc98e07e5e48fddc7e,1024,511,2.408266544342041
S,29,a05,100,3,8739f77bc09e02e5783efc804080eff63b9ae7da7008a0e4c6412b47aa6da1c2,2048,511,2.420692205429077
S,29,a05,100,4,a7f7a2250dd6f72080e21112d92bdfd639fcbe8a5a9effd80028c67d5dddd416,0,511,2.3666481971740723
S,29,a05,100,5,06cd6da2c73e993c43345dad24088c06b24d496ffc56f5f460b58cfa49d0f3df,0,511,1.5247424840927124
S,29,a05,100,6,3adf36bb00be5fa07541f544ce8642a56fcd3a01d456650deaabc83e91d791a1,1024,511,2.4972591400146484
S,29,a05,100,7,34c9eb07c804b8ee651c4da1ac1dd801fec51c064819632bd8f4f36bd685b8a1,1024,511,2.8598175048828125
S,29,a05,100,8,dcd008e03034d7dcffb4b6abd6aa6f0bfdf0a28ddd0b53dd37784e7c055f10bb,1536,511,2.218308448791504
S,29,a05,100,9,4f58c96286c7c0f0417ea817ca24cf1c2db4ad3d19fdcdcf46124511fbf05b3e,512,511,2.615816116333008
S,29,a05,100,10,7c5e18ef30b2c1c37d722f19397ccdf563e0428cdde5ff6b99a902d67975541f,5120,511,2.462977409362793
S,29,a05,100,11,47344d32192263b566ca14f66ce20553a4c76ff30204fae6639d7c1dde9a1f11,0,511,1.8797390460968018
S,29,a05,100,12,98aa6addc6d0697baff9ad72065efe34b866fb27cb0c3e094c328bb57b98cf2b,512,511,2.488034725189209
S,29,a05,100,13,d6b58a86755a3af1a5a75d162cfd31bceb70ebe76d43dfd2b64d95def0331c1b,0,511,1.6810568571090698
S,29,a05,100,14,c724dc11dc74fa10b6309922c9d014e010a88079d4ca2e3ca96ab091459b166e,0,511,2.0852787494659424
S,29,a05,100,15,aad6037cda830ea2edaf38a004ae82825aa4d21585b2c0f33197a34583613c19,3072,511,2.5672667026519775
S,29,a05,100,16,b7140ecf1283718c8b44dd77fefc16ef15f5d7579ad3d6f1da94324d11081ab5,0,511,2.4021177291870117
S,29,a05,100,17,7c0883960fcd42892f41d565a6eb8675b26e6a7b184fa795ec1dea269c0d78f7,2560,511,2.959177255630493
S,29,a05,100,18,e461497c8cf9867275c7b0ab55899126e69b01926436f58a64e902baf22ad1d8,1024,511,2.7376272678375244
S,29,a05,100,19,d236bd424f8c1de8ba7570984678d98d021bd9f796117156ee8c848d8b9e20df,512,511,1.885921835899353
S,29,a05,100,20,b124bcdac530f87fa8b20ed6ba5af0bdc6e2e14fe6348e8e8d9aae3bbb14d7bf,1536,511,2.342801094055176
S,29,a05,100,21,398d9a5e65eb510a4b2165e08da91bc2e7a46f651fd4c2a7c82baca0e3f7c6f7,512,511,2.991814613342285
S,29,a05,100,22,398d4136fe8a7fe859af6d03e3be3e80b0a4a081aa81cad5dad14be6152fbb07,1024,511,2.4504499435424805
S,29,a05,100,23,27c7a212b1dd328e6abafa8ce17f190f047ff7bf7b13546651705123022fac2b,2048,511,2.3748114109039307
S,29,a05,100,24,27e29aeb84cb9b2f80dc9061f35e33eb4710e31a4bda2e0ce985e2cb4c4af0d4,512,511,2.370234966278076
S,29,a05,100,25,a7ab0eebec8ed5155f1c0b6b257ae3e70464155e9540fc6cb19d9b21ce07adbe,0,511,2.058467149734497
S,29,a05,100,26,87c73475752c7552f1b2dfb6631350662bd4d2392ea692266f7fd8d9d49255e6,5120,511,2.422630548477173
S,29,a05,100,27,4dfcff9cdf6a84e7dc2d2f41f4beeb5bd4a850251f084dbb833319624ea2ba03,1536,511,2.6924145221710205
S,29,a05,100,28,c6a6c920ad14f9ced5cbb1a81a695ee0d1e0cec0886071763eca3b7609793f9a,512,511,2.7992372512817383
S,29,a05,100,29,602491df734b58909d0bdd64c12964094178660aa935fe328832f5ac7c783ce5,6656,511,2.8778011798858643
S,29,a05,100,30,3d3334d8bb76a4a5d2667fcaaf08e5519258c23da3c0ed35b0fb51ab7750456a,512,511,2.3529253005981445
S,29,a05,100,31,a5c6bb2784e438e57e6c21063b5631ad6159e98fd0fdde6f0f393b1a6ad1ec91,0,511,2.415592908859253
S,29,a05,100,32,a75479aadac4ab0e14588bb3dbab971354b70cbb22f67008de6af0b25ce850de,6144,511,2.993803024291992
S,29,a05,100,33,81985a3b78086a93d7e6ae3ddda453bf5a959744e65bc05418fc1b56f5ec10ca,512,511,2.2854180335998535
S,29,a05,100,34,2362e3d4278d695e409c7b7ff1512062454f8d035bc9076dff42c632a29fb2ee,0,511,2.0415492057800293
S,29,a05,100,35,85cb58452e909342c236fc118e084fa9adcfddffc1ee3968baed9838eae6ef37,0,511,1.843542456626892
S,29,a05,100,36,da80b33b4eb70c8d7b4c6a0fc009cedf34a39859057eb8700df906c788e6a4c8,0,511,2.1859686374664307
S,29,a05,100,37,2e3ac91c014b25eebddbb443aa8850683dfc0675b9fed2dc40ec8d5f64ec60d4,0,511,2.0533649921417236
S,29,a05,100,38,3210f7ea4f8c2a390b5fc7a519a58dd185dc01a5700b89f95e427e52d0e581c9,512,511,2.6478991508483887
S,29,a05,100,39,f5e1818470b34abce111d71989de48dff1e3e4ef0271749d38438e1b6693f635,1536,511,2.167926549911499
S,29,a05,100,40,3ce4586556ea72a70c76b9203dca8969adc500af610389007ec255f56b1e169e,1024,511,2.548243522644043
S,29,a05,100,41,7b804a7a99e4de2942ef98de42165dacd3e16b944e6a538d55df1f634a23d48e,4096,511,2.632164478302002
S,29,a05,100,42,f6dd4f9c768666495fe711e166071758aa6c2d321def74a3ae211027ce199501,512,511,2.974689245223999
S,29,a05,100,43,31ed14bec015eaaefb165002eb17b020eeb35031b1a592aff7d981de7c6899b3,0,511,2.1714377403259277
S,29,a05,100,44,b3ff1454cd3a072b015b88f94f6d6889d9c0bd745fc7a5433df7c0d43151854e,512,511,2.4107301235198975
S,29,a05,100,45,3ee074eadb149c8da6002c76352f4113d1c896c63c6c090fd621092749233d6a,8704,511,3.021003246307373
S,29,a05,100,46,5682e8596b594de16f03e38329a00d1bff4adee96204668f946a90f5292c8136,1024,511,2.752232074737549
S,29,a05,100,47,127630e33620c4206cd0e7ad6622f66b144b669ddf653964e56ce6654a7b32f0,3072,511,2.23398756980896
S,29,a05,100,48,320f1288c0a9e6e7a3def263d7abab684526479abb06fc68e069fc1a9937c71d,1024,511,2.5027389526367188
S,29,a05,100,49,58ac024cd69aa321476709f7b1742c6523bf4fb12233b5b6f60d680c8fca8e8e,1536,511,2.5348258018493652
S,29,a05,100,50,4f84e7678dedadbb233b28e11c014c0798eadf77020a5a8fb4d017d12c99e86d,2560,511,2.035846710205078
S,29,a05,100,51,99db37e631f9ef519733c8a72d003864c2701de3091cf19e9eba387054fdacac,512,511,2.9153478145599365
S,29,a05,100,52,0627479429bdaca6ad2b61ecd03d5b65cd330b0351b5ff8f878978d7b00c4ab2,0,511,2.3082995414733887
S,29,a05,100,53,c1e3085f9b150f54416c89fdea9cdb29ceef7e5050e94af9eafe2053fffe3e64,3584,511,2.0920934677124023
S,29,a05,100,54,0e6b290375d52c7b5c4cd74b4c7348611213caa15ca0e87d7f6426f9e0f86e04,2048,511,2.431467056274414
S,29,a05,100,55,16f297fd545d4a150c1908347430e076e51e3560238877a2eec2ac020b7d3bc9,3584,511,2.397359609603882
S,29,a05,100,56,243408a375c7d0c1fda52538ba71d700e4d403fd2764c7491c7c1a9b7d7fd7a9,0,511,2.3543782234191895
S,29,a05,100,57,93133535594204a5a3625fc7b90ff6ad027dca329f0359370d232d4135e91bc1,512,511,2.1684396266937256
S,29,a05,100,58,7c74fa4376b1168685d5d288b916d3317d340aad3044f88d5ca673b76d875d1c,1536,511,2.1961498260498047
S,29,a05,100,59,447ea32f527637dcb6ef068962a2fabe21ec283698e144c45ed42c46e1b27772,0,511,2.4463279247283936
S,29,a05,100,60,6db7dd742bd03a22121dc39ee8773c9afa1462f4efce21abbe54dc33c4285b1f,0,511,2.182039976119995
S,29,a05,100,61,dc8a961be5dc24fc777b38869adf84cfc37bbe2f28514ceb0e344d39b7e01906,512,511,2.514228582382202
S,29,a05,100,62,3ca10415cf1f0bc4955c7ef0d186c8e93deb4aece0aaaa5fb553b43dfe5ad2aa,0,511,2.481053352355957
S,29,a05,100,63,6e5c6769277c87aeaf9a4fd680fad1720ce04660f567befd8a9f8c68dde50f64,0,511,2.3290398120880127
S,29,a06,0,0,71ff58ca29d05bef3a99fb59512ec09404e49be906888dc3ea5409ce8a54beea,0,511,2.4608232975006104
S,29,a06,0,1,47ab999a2c488609314576fac2048b7f2a92afad8f7ca0326f23f648d515f167,1536,511,2.3995842933654785
S,29,a06,0,2,c6ff7382a150214656a5c5d777769384c99d3ce7764110fc98e07e5e48fddc7e,1024,511,2.724030017852783
S,29,a06,0,3,8739f77bc09e02e5783efc804080eff63b9ae7da7008a0e4c6412b47aa6da1c2,2048,511,2.6862998008728027
S,29,a06,0,4,a7f7a2250dd6f72080e21112d92bdfd639fcbe8a5a9effd80028c67d5dddd416,0,511,2.659790515899658
S,29,a06,0,5,06cd6da2c73e993c43345dad24088c06b24d496ffc56f5f460b58cfa49d0f3df,0,511,1.8046143054962158
S,29,a06,0,6,3adf36bb00be5fa07541f544ce8642a56fcd3a01d456650deaabc83e91d791a1,1024,511,2.947011709213257
S,29,a06,0,7,34c9eb07c804b8ee651c4da1ac1dd801fec51c064819632bd8f4f36bd685b8a1,1024,511,3.2087340354919434
S,29,a06,0,8,dcd008e03034d7dcffb4b6abd6aa6f0bfdf0a28ddd0b53dd37784e7c055f10bb,1536,511,2.5779101848602295
S,29,a06,0,9,4f58c96286c7c0f0417ea817ca24cf1c2db4ad3d19fdcdcf46124511fbf05b3e,512,511,2.8990767002105713
S,29,a06,0,10,7c5e18ef30b2c1c37d722f19397ccdf563e0428cdde5ff6b99a902d67975541f,5120,511,2.7584214210510254
S,29,a06,0,11,47344d32192263b566ca14f66ce20553a4c76ff30204fae6639d7c1dde9a1f11,0,511,2.1578118801116943
S,29,a06,0,12,98aa6addc6d0697baff9ad72065efe34b866fb27cb0c3e094c328bb57b98cf2b,512,511,2.6411290168762207
S,29,a06,0,13,d6b58a86755a3af1a5a75d162cfd31bceb70ebe76d43dfd2b64d95def0331c1b,0,511,2.1549510955810547
S,29,a06,0,14,c724dc11dc74fa10b6309922c9d014e010a88079d4ca2e3ca96ab091459b166e,0,511,2.490262508392334
S,29,a06,0,15,aad6037cda830ea2edaf38a004ae82825aa4d21585b2c0f33197a34583613c19,3072,511,2.8097143173217773
S,29,a06,0,16,b7140ecf1283718c8b44dd77fefc16ef15f5d7579ad3d6f1da94324d11081ab5,0,511,2.7038888931274414
S,29,a06,0,17,7c0883960fcd42892f41d565a6eb8675b26e6a7b184fa795ec1dea269c0d78f7,2560,511,3.2254891395568848
S,29,a06,0,18,e461497c8cf9867275c7b0ab55899126e69b01926436f58a64e902baf22ad1d8,1024,511,3.026001214981079
S,29,a06,0,19,d236bd424f8c1de8ba7570984678d98d021bd9f796117156ee8c848d8b9e20df,512,511,2.275799036026001
S,29,a06,0,20,b124bcdac530f87fa8b20ed6ba5af0bdc6e2e14fe6348e8e8d9aae3bbb14d7bf,1536,511,2.633967161178589
S,29,a06,0,21,398d9a5e65eb510a4b2165e08da91bc2e7a46f651fd4c2a7c82baca0e3f7c6f7,512,511,3.3160152435302734
S,29,a06,0,22,398d4136fe8a7fe859af6d03e3be3e80b0a4a081aa81cad5dad14be6152fbb07,1024,511,2.800738573074341
S,29,a06,0,23,27c7a212b1dd328e6abafa8ce17f190f047ff7bf7b13546651705123022fac2b,2048,511,2.7544569969177246
S,29,a06,0,24,27e29aeb84cb9b2f80dc9061f35e33eb4710e31a4bda2e0ce985e2cb4c4af0d4,512,511,2.629805088043213
S,29,a06,0,25,a7ab0eebec8ed5155f1c0b6b257ae3e70464155e9540fc6cb19d9b21ce07adbe,0,511,2.3372185230255127
S,29,a06,0,26,87c73475752c7552f1b2dfb6631350662bd4d2392ea692266f7fd8d9d49255e6,5120,511,2.7645204067230225
S,29,a06,0,27,4dfcff9cdf6a84e7dc2d2f41f4beeb5bd4a850251f084dbb833319624ea2ba03,1536,511,2.9953835010528564
S,29,a06,0,28,c6a6c920ad14f9ced5cbb1a81a695ee0d1e0cec0886071763eca3b7609793f9a,512,511,3.043177843093872
S,29,a06,0,29,602491df734b58909d0bdd64c12964094178660aa935fe328832f5ac7c783ce5,6656,511,3.1767001152038574
S,29,a06,0,30,3d3334d8bb76a4a5d2667fcaaf08e5519258c23da3c0ed35b0fb51ab7750456a,512,511,2.722928285598755
S,29,a06,0,31,a5c6bb2784e438e57e6c21063b5631ad6159e98fd0fdde6f0f393b1a6ad1ec91,0,511,2.877197742462158
S,29,a06,0,32,a75479aadac4ab0e14588bb3dbab971354b70cbb22f67008de6af0b25ce850de,6144,511,3.249772787094116
S,29,a06,0,33,81985a3b78086a93d7e6ae3ddda453bf5a959744e65bc05418fc1b56f5ec10ca,512,511,2.5998151302337646
S,29,a06,0,34,2362e3d4278d695e409c7b7ff1512062454f8d035bc9076dff42c632a29fb2ee,0,511,2.352121114730835
S,29,a06,0,35,85cb58452e909342c236fc118e084fa9adcfddffc1ee3968baed9838eae6ef37,0,511,2.186500072479248
S,29,a06,0,36,da80b33b4eb70c8d7b4c6a0fc009cedf34a39859057eb8700df906c788e6a4c8,0,511,2.4848806858062744
S,29,a06,0,37,2e3ac91c014b25eebddbb443aa8850683dfc0675b9fed2dc40ec8d5f64ec60d4,0,511,2.4016661643981934
S,29,a06,0,38,3210f7ea4f8c2a390b5fc7a519a58dd185dc01a5700b89f95e427e52d0e581c9,512,511,3.0359673500061035
S,29,a06,0,39,f5e1818470b34abce111d71989de48dff1e3e4ef0271749d38438e1b6693f635,1536,511,2.4185140132904053
S,29,a06,0,40,3ce4586556ea72a70c76b9203dca8969adc500af610389007ec255f56b1e169e,1024,511,2.845952033996582
S,29,a06,0,41,7b804a7a99e4de2942ef98de42165dacd3e16b944e6a538d55df1f634a23d48e,4096,511,2.9088943004608154
S,29,a06,0,42,f6dd4f9c768666495fe711e166071758aa6c2d321def74a3ae211027ce199501,512,511,3.2659051418304443
S,29,a06,0,43,31ed14bec015eaaefb165002eb17b020eeb35031b1a592aff7d981de7c6899b3,0,511,2.4875564575195312
S,29,a06,0,44,b3ff1454cd3a072b015b88f94f6d6889d9c0bd745fc7a5433df7c0d43151854e,512,511,2.708932399749756
S,29,a06,0,45,3ee074eadb149c8da6002c76352f4113d1c896c63c6c090fd621092749233d6a,8704,511,3.281717538833618
S,29,a06,0,46,5682e8596b594de16f03e38329a00d1bff4adee96204668f946a90f5292c8136,1024,511,2.9010725021362305
S,29,a06,0,47,127630e33620c4206cd0e7ad6622f66b144b669ddf653964e56ce6654a7b32f0,3072,511,2.6040544509887695
S,29,a06,0,48,320f1288c0a9e6e7a3def263d7abab684526479abb06fc68e069fc1a9937c71d,1024,511,2.866382122039795
S,29,a06,0,49,58ac024cd69aa321476709f7b1742c6523bf4fb12233b5b6f60d680c8fca8e8e,1536,511,2.7093758583068848
S,29,a06,0,50,4f84e7678dedadbb233b28e11c014c0798eadf77020a5a8fb4d017d12c99e86d,2560,511,2.276632070541382
S,29,a06,0,51,99db37e631f9ef519733c8a72d003864c2701de3091cf19e9eba387054fdacac,512,511,3.1835732460021973
S,29,a06,0,52,0627479429bdaca6ad2b61ecd03d5b65cd330b0351b5ff8f878978d7b00c4ab2,0,511,2.654409885406494
S,29,a06,0,53,c1e3085f9b150f54416c89fdea9cdb29ceef7e5050e94af9eafe2053fffe3e64,3584,511,2.392559766769409
S,29,a06,0,54,0e6b290375d52c7b5c4cd74b4c7348611213caa15ca0e87d7f6426f9e0f86e04,2048,511,2.7047955989837646
S,29,a06,0,55,16f297fd545d4a150c1908347430e076e51e3560238877a2eec2ac020b7d3bc9,3584,511,2.63181471824646
S,29,a06,0,56,243408a375c7d0c1fda52538ba71d700e4d403fd2764c7491c7c1a9b7d7fd7a9,0,511,2.756726026535034
S,29,a06,0,57,93133535594204a5a3625fc7b90ff6ad027dca329f0359370d232d4135e91bc1,512,511,2.5536890029907227
S,29,a06,0,58,7c74fa4376b1168685d5d288b916d3317d340aad3044f88d5ca673b76d875d1c,1536,511,2.46248197555542
S,29,a06,0,59,447ea32f527637dcb6ef068962a2fabe21ec283698e144c45ed42c46e1b27772,0,511,2.811248779296875
S,29,a06,0,60,6db7dd742bd03a22121dc39ee8773c9afa1462f4efce21abbe54dc33c4285b1f,0,511,2.5575239658355713
S,29,a06,0,61,dc8a961be5dc24fc777b38869adf84cfc37bbe2f28514ceb0e344d39b7e01906,512,511,2.835418701171875
S,29,a06,0,62,3ca10415cf1f0bc4955c7ef0d186c8e93deb4aece0aaaa5fb553b43dfe5ad2aa,0,511,2.7693073749542236
S,29,a06,0,63,6e5c6769277c87aeaf9a4fd680fad1720ce04660f567befd8a9f8c68dde50f64,0,511,2.6145331859588623
S,29,a06,20,0,71ff58ca29d05bef3a99fb59512ec09404e49be906888dc3ea5409ce8a54beea,0,511,2.3962361812591553
S,29,a06,20,1,47ab999a2c488609314576fac2048b7f2a92afad8f7ca0326f23f648d515f167,1536,511,2.3370683193206787
S,29,a06,20,2,c6ff7382a150214656a5c5d777769384c99d3ce7764110fc98e07e5e48fddc7e,1024,511,2.6180498600006104
S,29,a06,20,3,8739f77bc09e02e5783efc804080eff63b9ae7da7008a0e4c6412b47aa6da1c2,2048,511,2.6194653511047363
S,29,a06,20,4,a7f7a2250dd6f72080e21112d92bdfd639fcbe8a5a9effd80028c67d5dddd416,0,511,2.608004331588745
S,29,a06,20,5,06cd6da2c73e993c43345dad24088c06b24d496ffc56f5f460b58cfa49d0f3df,0,511,1.7516422271728516
S,29,a06,20,6,3adf36bb00be5fa07541f544ce8642a56fcd3a01d456650deaabc83e91d791a1,1024,511,2.8550562858581543
S,29,a06,20,7,34c9eb07c804b8ee651c4da1ac1dd801fec51c064819632bd8f4f36bd685b8a1,1024,511,3.1513845920562744
S,29,a06,20,8,dcd008e03034d7dcffb4b6abd6aa6f0bfdf0a28ddd0b53dd37784e7c055f10bb,1536,511,2.5048086643218994
S,29,a06,20,9,4f58c96286c7c0f0417ea817ca24cf1c2db4ad3d19fdcdcf46124511fbf05b3e,512,511,2.8349449634552
S,29,a06,20,10,7c5e18ef30b2c1c37d722f19397ccdf563e0428cdde5ff6b99a902d67975541f,5120,511,2.703632354736328
S,29,a06,20,11,47344d32192263b566ca14f66ce20553a4c76ff30204fae6639d7c1dde9a1f11,0,511,2.093653917312622
S,29,a06,20,12,98aa6addc6d0697baff9ad72065efe34b866fb27cb0c3e094c328bb57b98cf2b,512,511,2.59527325630188
S,29,a06,20,13,d6b58a86755a3af1a5a75d162cfd31bceb70ebe76d43dfd2b64d95def0331c1b,0,511,2.0784695148468018
S,29,a06,20,14,c724dc11dc74fa10b6309922c9d014e010a88079d4ca2e3ca96ab091459b166e,0,511,2.4179980754852295
S,29,a06,20,15,aad6037cda830ea2edaf38a004ae82825aa4d21585b2c0f33197a34583613c19,3072,511,2.7627532482147217
S,29,a06,20,16,b7140ecf1283718c8b44dd77fefc16ef15f5d7579ad3d6f1da94324d11081ab5,0,511,2.647977113723755
S,29,a06,20,17,7c0883960fcd42892f41d565a6eb8675b26e6a7b184fa795ec1dea269c0d78f7,2560,511,3.1566286087036133
S,29,a06,20,18,e461497c8cf9867275c7b0ab55899126e69b01926436f58a64e902baf22ad1d8,1024,511,2.9685168266296387
S,29,a06,20,19,d236bd424f8c1de8ba7570984678d98d021bd9f796117156ee8c848d8b9e20df,512,511,2.2420361042022705
S,29,a06,20,20,b124bcdac530f87fa8b20ed6ba5af0bdc6e2e14fe6348e8e8d9aae3bbb14d7bf,1536,511,2.5731136798858643
S,29,a06,20,21,398d9a5e65eb510a4b2165e08da91bc2e7a46f651fd4c2a7c82baca0e3f7c6f7,512,511,3.2539286613464355
S,29,a06,20,22,398d4136fe8a7fe859af6d03e3be3e80b0a4a081aa81cad5dad14be6152fbb07,1024,511,2.727476119995117
S,29,a06,20,23,27c7a212b1dd328e6abafa8ce17f190f047ff7bf7b13546651705123022fac2b,2048,511,2.672825574874878
S,29,a06,20,24,27e29aeb84cb9b2f80dc9061f35e33eb4710e31a4bda2e0ce985e2cb4c4af0d4,512,511,2.573558807373047
S,29,a06,20,25,a7ab0eebec8ed5155f1c0b6b257ae3e70464155e9540fc6cb19d9b21ce07adbe,0,511,2.2518811225891113
S,29,a06,20,26,87c73475752c7552f1b2dfb6631350662bd4d2392ea692266f7fd8d9d49255e6,5120,511,2.6824445724487305
S,29,a06,20,27,4dfcff9cdf6a84e7dc2d2f41f4beeb5bd4a850251f084dbb833319624ea2ba03,1536,511,2.935279607772827
S,29,a06,20,28,c6a6c920ad14f9ced5cbb1a81a695ee0d1e0cec0886071763eca3b7609793f9a,512,511,2.9946491718292236
S,29,a06,20,29,602491df734b58909d0bdd64c12964094178660aa935fe328832f5ac7c783ce5,6656,511,3.1325135231018066
S,29,a06,20,30,3d3334d8bb76a4a5d2667fcaaf08e5519258c23da3c0ed35b0fb51ab7750456a,512,511,2.635756492614746
S,29,a06,20,31,a5c6bb2784e438e57e6c21063b5631ad6159e98fd0fdde6f0f393b1a6ad1ec91,0,511,2.8056154251098633
S,29,a06,20,32,a75479aadac4ab0e14588bb3dbab971354b70cbb22f67008de6af0b25ce850de,6144,511,3.182511806488037
S,29,a06,20,33,81985a3b78086a93d7e6ae3ddda453bf5a959744e65bc05418fc1b56f5ec10ca,512,511,2.519602060317993
S,29,a06,20,34,2362e3d4278d695e409c7b7ff1512062454f8d035bc9076dff42c632a29fb2ee,0,511,2.3008270263671875
S,29,a06,20,35,85cb58452e909342c236fc118e084fa9adcfddffc1ee3968baed9838eae6ef37,0,511,2.1226327419281006
S,29,a06,20,36,da80b33b4eb70c8d7b4c6a0fc009cedf34a39859057eb8700df906c788e6a4c8,0,511,2.4115917682647705
S,29,a06,20,37,2e3ac91c014b25eebddbb443aa8850683dfc0675b9fed2dc40ec8d5f64ec60d4,0,511,2.325976610183716
S,29,a06,20,38,3210f7ea4f8c2a390b5fc7a519a58dd185dc01a5700b89f95e427e52d0e581c9,512,511,2.95914626121521
S,29,a06,20,39,f5e1818470b34abce111d71989de48dff1e3e4ef0271749d38438e1b6693f635,1536,511,2.3802542686462402
S,29,a06,20,40,3ce4586556ea72a70c76b9203dca8969adc500af610389007ec255f56b1e169e,1024,511,2.809427261352539
S,29,a06,20,41,7b804a7a99e4de2942ef98de42165dacd3e16b944e6a538d55df1f634a23d48e,4096,511,2.8585352897644043
S,29,a06,20,42,f6dd4f9c768666495fe711e166071758aa6c2d321def74a3ae211027ce199501,512,511,3.207831382751465
S,29,a06,20,43,31ed14bec015eaaefb165002eb17b020eeb35031b1a592aff7d981de7c6899b3,0,511,2.4419937133789062
S,29,a06,20,44,b3ff1454cd3a072b015b88f94f6d6889d9c0bd745fc7a5433df7c0d43151854e,512,511,2.63078236579895
S,29,a06,20,45,3ee074eadb149c8da6002c76352f4113d1c896c63c6c090fd621092749233d6a,8704,511,3.1971733570098877
S,29,a06,20,46,5682e8596b594de16f03e38329a00d1bff4adee96204668f946a90f5292c8136,1024,511,2.850353240966797
S,29,a06,20,47,127630e33620c4206cd0e7ad6622f66b144b669ddf653964e56ce6654a7b32f0,3072,511,2.522038221359253
S,29,a06,20,48,320f1288c0a9e6e7a3def263d7abab684526479abb06fc68e069fc1a9937c71d,1024,511,2.784040689468384
S,29,a06,20,49,58ac024cd69aa321476709f7b1742c6523bf4fb12233b5b6f60d680c8fca8e8e,1536,511,2.659322738647461
S,29,a06,20,50,4f84e7678dedadbb233b28e11c014c0798eadf77020a5a8fb4d017d12c99e86d,2560,511,2.2319064140319824
S,29,a06,20,51,99db37e631f9ef519733c8a72d003864c2701de3091cf19e9eba387054fdacac,512,511,3.1398088932037354
S,29,a06,20,52,0627479429bdaca6ad2b61ecd03d5b65cd330b0351b5ff8f878978d7b00c4ab2,0,511,2.5839364528656006
S,29,a06,20,53,c1e3085f9b150f54416c89fdea9cdb29ceef7e5050e94af9eafe2053fffe3e64,3584,511,2.315742254257202
S,29,a06,20,54,0e6b290375d52c7b5c4cd74b4c7348611213caa15ca0e87d7f6426f9e0f86e04,2048,511,2.6350715160369873
S,29,a06,20,55,16f297fd545d4a150c1908347430e076e51e3560238877a2eec2ac020b7d3bc9,3584,511,2.5740480422973633
S,29,a06,20,56,243408a375c7d0c1fda52538ba71d700e4d403fd2764c7491c7c1a9b7d7fd7a9,0,511,2.6557137966156006
S,29,a06,20,57,93133535594204a5a3625fc7b90ff6ad027dca329f0359370d232d4135e91bc1,512,511,2.4967195987701416
S,29,a06,20,58,7c74fa4376b1168685d5d288b916d3317d340aad3044f88d5ca673b76d875d1c,1536,511,2.392580270767212
S,29,a06,20,59,447ea32f527637dcb6ef068962a2fabe21ec283698e144c45ed42c46e1b27772,0,511,2.7469310760498047
S,29,a06,20,60,6db7dd742bd03a22121dc39ee8773c9afa1462f4efce21abbe54dc33c4285b1f,0,511,2.4940185546875
S,29,a06,20,61,dc8a961be5dc24fc777b38869adf84cfc37bbe2f28514ceb0e344d39b7e01906,512,511,2.7664146423339844
S,29,a06,20,62,3ca10415cf1f0bc4955c7ef0d186c8e93deb4aece0aaaa5fb553b43dfe5ad2aa,0,511,2.709911346435547
S,29,a06,20,63,6e5c6769277c87aeaf9a4fd680fad1720ce04660f567befd8a9f8c68dde50f64,0,511,2.542275905609131
S,29,a06,50,0,71ff58ca29d05bef3a99fb59512ec09404e49be906888dc3ea5409ce8a54beea,0,511,2.2786052227020264
S,29,a06,50,1,47ab999a2c488609314576fac2048b7f2a92afad8f7ca0326f23f648d515f167,1536,511,2.2513160705566406
S,29,a06,50,2,c6ff7382a150214656a5c5d777769384c99d3ce7764110fc98e07e5e48fddc7e,1024,511,2.5224976539611816
S,29,a06,50,3,8739f77bc09e02e5783efc804080eff63b9ae7da7008a0e4c6412b47aa6da1c2,2048,511,2.4929826259613037
S,29,a06,50,4,a7f7a2250dd6f72080e21112d92bdfd639fcbe8a5a9effd80028c67d5dddd416,0,511,2.5099165439605713
S,29,a06,50,5,06cd6da2c73e993c43345dad24088c06b24d496ffc56f5f460b58cfa49d0f3df,0,511,1.6579481363296509
S,29,a06,50,6,3adf36bb00be5fa07541f544ce8642a56fcd3a01d456650deaabc83e91d791a1,1024,511,2.651862382888794
S,29,a06,50,7,34c9eb07c804b8ee651c4da1ac1dd801fec51c064819632bd8f4f36bd685b8a1,1024,511,3.052151679992676
S,29,a06,50,8,dcd008e03034d7dcffb4b6abd6aa6f0bfdf0a28ddd0b53dd37784e7c055f10bb,1536,511,2.3818185329437256
S,29,a06,50,9,4f58c96286c7c0f0417ea817ca24cf1c2db4ad3d19fdcdcf46124511fbf05b3e,512,511,2.6892240047454834
S,29,a06,50,10,7c5e18ef30b2c1c37d722f19397ccdf563e0428cdde5ff6b99a902d67975541f,5120,511,2.5744757652282715
S,29,a06,50,11,47344d32192263b566ca14f66ce20553a4c76ff30204fae6639d7c1dde9a1f11,0,511,2.000443935394287
S,29,a06,50,12,98aa6addc6d0697baff9ad72065efe34b866fb27cb0c3e094c328bb57b98cf2b,512,511,2.5102901458740234
S,29,a06,50,13,d6b58a86755a3af1a5a75d162cfd31bceb70ebe76d43dfd2b64d95def0331c1b,0,511,1.9199315309524536
S,29,a06,50,14,c724dc11dc74fa10b6309922c9d014e010a88079d4ca2e3ca96ab091459b166e,0,511,2.2463250160217285
S,29,a06,50,15,aad6037cda830ea2edaf38a004ae82825aa4d21585b2c0f33197a34583613c19,3072,511,2.685391426086426
S,29,a06,50,16,b7140ecf1283718c8b44dd77fefc16ef15f5d7579ad3d6f1da94324d11081ab5,0,511,2.4877922534942627
S,29,a06,50,17,7c0883960fcd42892f41d565a6eb8675b26e6a7b184fa795ec1dea269c0d78f7,2560,511,3.072911262512207
S,29,a06,50,18,e461497c8cf9867275c7b0ab55899126e69b01926436f58a64e902baf22ad1d8,1024,511,2.845275402069092
S,29,a06,50,19,d236bd424f8c1de8ba7570984678d98d021bd9f796117156ee8c848d8b9e20df,512,511,2.1078948974609375
S,29,a06,50,20,b124bcdac530f87fa8b20ed6ba5af0bdc6e2e14fe6348e8e8d9aae3bbb14d7bf,1536,511,2.472419023513794
S,29,a06,50,21,398d9a5e65eb510a4b2165e08da91bc2e7a46f651fd4c2a7c82baca0e3f7c6f7,512,511,3.129336357116699
S,29,a06,50,22,398d4136fe8a7fe859af6d03e3be3e80b0a4a081aa81cad5dad14be6152fbb07,1024,511,2.5776548385620117
S,29,a06,50,23,27c7a212b1dd328e6abafa8ce17f190f047ff7bf7b13546651705123022fac2b,2048,511,2.530937671661377
S,29,a06,50,24,27e29aeb84cb9b2f80dc9061f35e33eb4710e31a4bda2e0ce985e2cb4c4af0d4,512,511,2.423539400100708
S,29,a06,50,25,a7ab0eebec8ed5155f1c0b6b257ae3e70464155e9540fc6cb19d9b21ce07adbe,0,511,2.1109459400177
S,29,a06,50,26,87c73475752c7552f1b2dfb6631350662bd4d2392ea692266f7fd8d9d49255e6,5120,511,2.562140941619873
S,29,a06,50,27,4dfcff9cdf6a84e7dc2d2f41f4beeb5bd4a850251f084dbb833319624ea2ba03,1536,511,2.8301963806152344
S,29,a06,50,28,c6a6c920ad14f9ced5cbb1a81a695ee0d1e0cec0886071763eca3b7609793f9a,512,511,2.856934070587158
S,29,a06,50,29,602491df734b58909d0bdd64c12964094178660aa935fe328832f5ac7c783ce5,6656,511,3.031346082687378
S,29,a06,50,30,3d3334d8bb76a4a5d2667fcaaf08e5519258c23da3c0ed35b0fb51ab7750456a,512,511,2.500856637954712
S,29,a06,50,31,a5c6bb2784e438e57e6c21063b5631ad6159e98fd0fdde6f0f393b1a6ad1ec91,0,511,2.6131792068481445
S,29,a06,50,32,a75479aadac4ab0e14588bb3dbab971354b70cbb22f67008de6af0b25ce850de,6144,511,3.0521275997161865
S,29,a06,50,33,81985a3b78086a93d7e6ae3ddda453bf5a959744e65bc05418fc1b56f5ec10ca,512,511,2.34885835647583
S,29,a06,50,34,2362e3d4278d695e409c7b7ff1512062454f8d035bc9076dff42c632a29fb2ee,0,511,2.1698696613311768
S,29,a06,50,35,85cb58452e909342c236fc118e084fa9adcfddffc1ee3968baed9838eae6ef37,0,511,1.9865784645080566
S,29,a06,50,36,da80b33b4eb70c8d7b4c6a0fc009cedf34a39859057eb8700df906c788e6a4c8,0,511,2.289245128631592
S,29,a06,50,37,2e3ac91c014b25eebddbb443aa8850683dfc0675b9fed2dc40ec8d5f64ec60d4,0,511,2.1755969524383545
S,29,a06,50,38,3210f7ea4f8c2a390b5fc7a519a58dd185dc01a5700b89f95e427e52d0e581c9,512,511,2.8282294273376465
S,29,a06,50,39,f5e1818470b34abce111d71989de48dff1e3e4ef0271749d38438e1b6693f635,1536,511,2.268296480178833
S,29,a06,50,40,3ce4586556ea72a70c76b9203dca8969adc500af610389007ec255f56b1e169e,1024,511,2.7198917865753174
S,29,a06,50,41,7b804a7a99e4de2942ef98de42165dacd3e16b944e6a538d55df1f634a23d48e,4096,511,2.7555556297302246
S,29,a06,50,42,f6dd4f9c768666495fe711e166071758aa6c2d321def74a3ae211027ce199501,512,511,3.062483072280884
S,29,a06,50,43,31ed14bec015eaaefb165002eb17b020eeb35031b1a592aff7d981de7c6899b3,0,511,2.3405609130859375
S,29,a06,50,44,b3ff1454cd3a072b015b88f94f6d6889d9c0bd745fc7a5433df7c0d43151854e,512,511,2.523986339569092
S,29,a06,50,45,3ee074eadb149c8da6002c76352f4113d1c896c63c6c090fd621092749233d6a,8704,511,3.1035146713256836
S,29,a06,50,46,5682e8596b594de16f03e38329a00d1bff4adee96204668f946a90f5292c8136,1024,511,2.749253034591675
S,29,a06,50,47,127630e33620c4206cd0e7ad6622f66b144b669ddf653964e56ce6654a7b32f0,3072,511,2.375555992126465
S,29,a06,50,48,320f1288c0a9e6e7a3def263d7abab684526479abb06fc68e069fc1a9937c71d,1024,511,2.647352933883667
S,29,a06,50,49,58ac024cd69aa321476709f7b1742c6523bf4fb12233b5b6f60d680c8fca8e8e,1536,511,2.5970940589904785
S,29,a06,50,50,4f84e7678dedadbb233b28e11c014c0798eadf77020a5a8fb4d017d12c99e86d,2560,511,2.1199262142181396
S,29,a06,50,51,99db37e631f9ef519733c8a72d003864c2701de3091cf19e9eba387054fdacac,512,511,3.0061724185943604
S,29,a06,50,52,0627479429bdaca6ad2b61ecd03d5b65cd330b0351b5ff8f878978d7b00c4ab2,0,511,2.447550058364868
S,29,a06,50,53,c1e3085f9b150f54416c89fdea9cdb29ceef7e5050e94af9eafe2053fffe3e64,3584,511,2.179011106491089
S,29,a06,50,54,0e6b290375d52c7b5c4cd74b4c7348611213caa15ca0e87d7f6426f9e0f86e04,2048,511,2.502060890197754
S,29,a06,50,55,16f297fd545d4a150c1908347430e076e51e3560238877a2eec2ac020b7d3bc9,3584,511,2.447479248046875
S,29,a06,50,56,243408a375c7d0c1fda52538ba71d700e4d403fd2764c7491c7c1a9b7d7fd7a9,0,511,2.5003252029418945
S,29,a06,50,57,93133535594204a5a3625fc7b90ff6ad027dca329f0359370d232d4135e91bc1,512,511,2.3395283222198486
S,29,a06,50,58,7c74fa4376b1168685d5d288b916d3317d340aad3044f88d5ca673b76d875d1c,1536,511,2.270991802215576
S,29,a06,50,59,447ea32f527637dcb6ef068962a2fabe21ec283698e144c45ed42c46e1b27772,0,511,2.6159372329711914
S,29,a06,50,60,6db7dd742bd03a22121dc39ee8773c9afa1462f4efce21abbe54dc33c4285b1f,0,511,2.3491756916046143
S,29,a06,50,61,dc8a961be5dc24fc777b38869adf84cfc37bbe2f28514ceb0e344d39b7e01906,512,511,2.6241726875305176
S,29,a06,50,62,3ca10415cf1f0bc4955c7ef0d186c8e93deb4aece0aaaa5fb553b43dfe5ad2aa,0,511,2.6084747314453125
S,29,a06,50,63,6e5c6769277c87aeaf9a4fd680fad1720ce04660f567befd8a9f8c68dde50f64,0,511,2.444873332977295
S,29,a06,100,0,71ff58ca29d05bef3a99fb59512ec09404e49be906888dc3ea5409ce8a54beea,0,511,2.1911089420318604
S,29,a06,100,1,47ab999a2c488609314576fac2048b7f2a92afad8f7ca0326f23f648d515f167,1536,511,2.1380932331085205
S,29,a06,100,2,c6ff7382a150214656a5c5d777769384c99d3ce7764110fc98e07e5e48fddc7e,1024,511,2.411806106567383
S,29,a06,100,3,8739f77bc09e02e5783efc804080eff63b9ae7da7008a0e4c6412b47aa6da1c2,2048,511,2.3915891647338867
S,29,a06,100,4,a7f7a2250dd6f72080e21112d92bdfd639fcbe8a5a9effd80028c67d5dddd416,0,511,2.4324188232421875
S,29,a06,100,5,06cd6da2c73e993c43345dad24088c06b24d496ffc56f5f460b58cfa49d0f3df,0,511,1.57669997215271
S,29,a06,100,6,3adf36bb00be5fa07541f544ce8642a56fcd3a01d456650deaabc83e91d791a1,1024,511,2.5216896533966064
S,29,a06,100,7,34c9eb07c804b8ee651c4da1ac1dd801fec51c064819632bd8f4f36bd685b8a1,1024,511,2.9319920539855957
S,29,a06,100,8,dcd008e03034d7dcffb4b6abd6aa6f0bfdf0a28ddd0b53dd37784e7c055f10bb,1536,511,2.2770681381225586
S,29,a06,100,9,4f58c96286c7c0f0417ea817ca24cf1c2db4ad3d19fdcdcf46124511fbf05b3e,512,511,2.563725471496582
S,29,a06,100,10,7c5e18ef30b2c1c37d722f19397ccdf563e0428cdde5ff6b99a902d67975541f,5120,511,2.449280023574829
S,29,a06,100,11,47344d32192263b566ca14f66ce20553a4c76ff30204fae6639d7c1dde9a1f11,0,511,1.9110407829284668
S,29,a06,100,12,98aa6addc6d0697baff9ad72065efe34b866fb27cb0c3e094c328bb57b98cf2b,512,511,2.4772510528564453
S,29,a06,100,13,d6b58a86755a3af1a5a75d162cfd31bceb70ebe76d43dfd2b64d95def0331c1b,0,511,1.7789788246154785
S,29,a06,100,14,c724dc11dc74fa10b6309922c9d014e010a88079d4ca2e3ca96ab091459b166e,0,511,2.103532552719116
S,29,a06,100,15,aad6037cda830ea2edaf38a004ae82825aa4d21585b2c0f33197a34583613c19,3072,511,2.5833334922790527
S,29,a06,100,16,b7140ecf1283718c8b44dd77fefc16ef15f5d7579ad3d6f1da94324d11081ab5,0,511,2.389630079269409
S,29,a06,100,17,7c0883960fcd42892f41d565a6eb8675b26e6a7b184fa795ec1dea269c0d78f7,2560,511,2.9728996753692627
S,29,a06,100,18,e461497c8cf9867275c7b0ab55899126e69b01926436f58a64e902baf22ad1d8,1024,511,2.7646851539611816
S,29,a06,100,19,d236bd424f8c1de8ba7570984678d98d021bd9f796117156ee8c848d8b9e20df,512,511,1.9515349864959717
S,29,a06,100,20,b124bcdac530f87fa8b20ed6ba5af0bdc6e2e14fe6348e8e8d9aae3bbb14d7bf,1536,511,2.3866631984710693
S,29,a06,100,21,398d9a5e65eb510a4b2165e08da91bc2e7a46f651fd4c2a7c82baca0e3f7c6f7,512,511,3.024827718734741
S,29,a06,100,22,398d4136fe8a7fe859af6d03e3be3e80b0a4a081aa81cad5dad14be6152fbb07,1024,511,2.4474756717681885
S,29,a06,100,23,27c7a212b1dd328e6abafa8ce17f190f047ff7bf7b13546651705123022fac2b,2048,511,2.438457727432251
S,29,a06,100,24,27e29aeb84cb9b2f80dc9061f35e33eb4710e31a4bda2e0ce985e2cb4c4af0d4,512,511,2.307791233062744
S,29,a06,100,25,a7ab0eebec8ed5155f1c0b6b257ae3e70464155e9540fc6cb19d9b21ce07adbe,0,511,2.0041632652282715
S,29,a06,100,26,87c73475752c7552f1b2dfb6631350662bd4d2392ea692266f7fd8d9d49255e6,5120,511,2.492316961288452
S,29,a06,100,27,4dfcff9cdf6a84e7dc2d2f41f4beeb5bd4a850251f084dbb833319624ea2ba03,1536,511,2.683345079421997
S,29,a06,100,28,c6a6c920ad14f9ced5cbb1a81a695ee0d1e0cec0886071763eca3b7609793f9a,512,511,2.7541682720184326
S,29,a06,100,29,602491df734b58909d0bdd64c12964094178660aa935fe328832f5ac7c783ce5,6656,511,2.9418387413024902
S,29,a06,100,30,3d3334d8bb76a4a5d2667fcaaf08e5519258c23da3c0ed35b0fb51ab7750456a,512,511,2.391828775405884
S,29,a06,100,31,a5c6bb2784e438e57e6c21063b5631ad6159e98fd0fdde6f0f393b1a6ad1ec91,0,511,2.461686372756958
S,29,a06,100,32,a75479aadac4ab0e14588bb3dbab971354b70cbb22f67008de6af0b25ce850de,6144,511,2.992398738861084
S,29,a06,100,33,81985a3b78086a93d7e6ae3ddda453bf5a959744e65bc05418fc1b56f5ec10ca,512,511,2.2557473182678223
S,29,a06,100,34,2362e3d4278d695e409c7b7ff1512062454f8d035bc9076dff42c632a29fb2ee,0,511,2.0509371757507324
S,29,a06,100,35,85cb58452e909342c236fc118e084fa9adcfddffc1ee3968baed9838eae6ef37,0,511,1.900161862373352
S,29,a06,100,36,da80b33b4eb70c8d7b4c6a0fc009cedf34a39859057eb8700df906c788e6a4c8,0,511,2.177889108657837
S,29,a06,100,37,2e3ac91c014b25eebddbb443aa8850683dfc0675b9fed2dc40ec8d5f64ec60d4,0,511,2.0835773944854736
S,29,a06,100,38,3210f7ea4f8c2a390b5fc7a519a58dd185dc01a5700b89f95e427e52d0e581c9,512,511,2.752819538116455
S,29,a06,100,39,f5e1818470b34abce111d71989de48dff1e3e4ef0271749d38438e1b6693f635,1536,511,2.2135090827941895
S,29,a06,100,40,3ce4586556ea72a70c76b9203dca8969adc500af610389007ec255f56b1e169e,1024,511,2.589137077331543
S,29,a06,100,41,7b804a7a99e4de2942ef98de42165dacd3e16b944e6a538d55df1f634a23d48e,4096,511,2.6841745376586914
S,29,a06,100,42,f6dd4f9c768666495fe711e166071758aa6c2d321def74a3ae211027ce199501,512,511,2.977379560470581
S,29,a06,100,43,31ed14bec015eaaefb165002eb17b020eeb35031b1a592aff7d981de7c6899b3,0,511,2.2445878982543945
S,29,a06,100,44,b3ff1454cd3a072b015b88f94f6d6889d9c0bd745fc7a5433df7c0d43151854e,512,511,2.4233834743499756
S,29,a06,100,45,3ee074eadb149c8da6002c76352f4113d1c896c63c6c090fd621092749233d6a,8704,511,2.986724615097046
S,29,a06,100,46,5682e8596b594de16f03e38329a00d1bff4adee96204668f946a90f5292c8136,1024,511,2.671901226043701
S,29,a06,100,47,127630e33620c4206cd0e7ad6622f66b144b669ddf653964e56ce6654a7b32f0,3072,511,2.2700812816619873
S,29,a06,100,48,320f1288c0a9e6e7a3def263d7abab684526479abb06fc68e069fc1a9937c71d,1024,511,2.537395715713501
S,29,a06,100,49,58ac024cd69aa321476709f7b1742c6523bf4fb12233b5b6f60d680c8fca8e8e,1536,511,2.5420289039611816
S,29,a06,100,50,4f84e7678dedadbb233b28e11c014c0798eadf77020a5a8fb4d017d12c99e86d,2560,511,2.0104830265045166
S,29,a06,100,51,99db37e631f9ef519733c8a72d003864c2701de3091cf19e9eba387054fdacac,512,511,2.9365618228912354
S,29,a06,100,52,0627479429bdaca6ad2b61ecd03d5b65cd330b0351b5ff8f878978d7b00c4ab2,0,511,2.3594298362731934
S,29,a06,100,53,c1e3085f9b150f54416c89fdea9cdb29ceef7e5050e94af9eafe2053fffe3e64,3584,511,2.0746829509735107
S,29,a06,100,54,0e6b290375d52c7b5c4cd74b4c7348611213caa15ca0e87d7f6426f9e0f86e04,2048,511,2.4328150749206543
S,29,a06,100,55,16f297fd545d4a150c1908347430e076e51e3560238877a2eec2ac020b7d3bc9,3584,511,2.3517098426818848
S,29,a06,100,56,243408a375c7d0c1fda52538ba71d700e4d403fd2764c7491c7c1a9b7d7fd7a9,0,511,2.3663346767425537
S,29,a06,100,57,93133535594204a5a3625fc7b90ff6ad027dca329f0359370d232d4135e91bc1,512,511,2.211953639984131
S,29,a06,100,58,7c74fa4376b1168685d5d288b916d3317d340aad3044f88d5ca673b76d875d1c,1536,511,2.1833367347717285
S,29,a06,100,59,447ea32f527637dcb6ef068962a2fabe21ec283698e144c45ed42c46e1b27772,0,511,2.4804847240448
S,29,a06,100,60,6db7dd742bd03a22121dc39ee8773c9afa1462f4efce21abbe54dc33c4285b1f,0,511,2.235060453414917
S,29,a06,100,61,dc8a961be5dc24fc777b38869adf84cfc37bbe2f28514ceb0e344d39b7e01906,512,511,2.5094316005706787
S,29,a06,100,62,3ca10415cf1f0bc4955c7ef0d186c8e93deb4aece0aaaa5fb553b43dfe5ad2aa,0,511,2.4726321697235107
S,29,a06,100,63,6e5c6769277c87aeaf9a4fd680fad1720ce04660f567befd8a9f8c68dde50f64,0,511,2.2697367668151855
S,29,a07,0,0,71ff58ca29d05bef3a99fb59512ec09404e49be906888dc3ea5409ce8a54beea,0,511,2.437389612197876
S,29,a07,0,1,47ab999a2c488609314576fac2048b7f2a92afad8f7ca0326f23f648d515f167,1536,511,2.3653478622436523
S,29,a07,0,2,c6ff7382a150214656a5c5d777769384c99d3ce7764110fc98e07e5e48fddc7e,1024,511,2.716935873031616
S,29,a07,0,3,8739f77bc09e02e5783efc804080eff63b9ae7da7008a0e4c6412b47aa6da1c2,2048,511,2.666863203048706
S,29,a07,0,4,a7f7a2250dd6f72080e21112d92bdfd639fcbe8a5a9effd80028c67d5dddd416,0,511,2.671868085861206
S,29,a07,0,5,06cd6da2c73e993c43345dad24088c06b24d496ffc56f5f460b58cfa49d0f3df,0,511,1.833470344543457
S,29,a07,0,6,3adf36bb00be5fa07541f544ce8642a56fcd3a01d456650deaabc83e91d791a1,1024,511,2.881436347961426
S,29,a07,0,7,34c9eb07c804b8ee651c4da1ac1dd801fec51c064819632bd8f4f36bd685b8a1,1024,511,3.2275898456573486
S,29,a07,0,8,dcd008e03034d7dcffb4b6abd6aa6f0bfdf0a28ddd0b53dd37784e7c055f10bb,1536,511,2.5478947162628174
S,29,a07,0,9,4f58c96286c7c0f0417ea817ca24cf1c2db4ad3d19fdcdcf46124511fbf05b3e,512,511,2.9681291580200195
S,29,a07,0,10,7c5e18ef30b2c1c37d722f19397ccdf563e0428cdde5ff6b99a902d67975541f,5120,511,2.7544424533843994
S,29,a07,0,11,47344d32192263b566ca14f66ce20553a4c76ff30204fae6639d7c1dde9a1f11,0,511,2.0700089931488037
S,29,a07,0,12,98aa6addc6d0697baff9ad72065efe34b866fb27cb0c3e094c328bb57b98cf2b,512,511,2.689138889312744
S,29,a07,0,13,d6b58a86755a3af1a5a75d162cfd31bceb70ebe76d43dfd2b64d95def0331c1b,0,511,2.0670523643493652
S,29,a07,0,14,c724dc11dc74fa10b6309922c9d014e010a88079d4ca2e3ca96ab091459b166e,0,511,2.4745378494262695
S,29,a07,0,15,aad6037cda830ea2edaf38a004ae82825aa4d21585b2c0f33197a34583613c19,3072,511,2.7921109199523926
S,29,a07,0,16,b7140ecf1283718c8b44dd77fefc16ef15f5d7579ad3d6f1da94324d11081ab5,0,511,2.6449618339538574
S,29,a07,0,17,7c0883960fcd42892f41d565a6eb8675b26e6a7b184fa795ec1dea269c0d78f7,2560,511,3.235321044921875
S,29,a07,0,18,e461497c8cf9867275c7b0ab55899126e69b01926436f58a64e902baf22ad1d8,1024,511,2.9923157691955566
S,29,a07,0,19,d236bd424f8c1de8ba7570984678d98d021bd9f796117156ee8c848d8b9e20df,512,511,2.3365890979766846
S,29,a07,0,20,b124bcdac530f87fa8b20ed6ba5af0bdc6e2e14fe6348e8e8d9aae3bbb14d7bf,1536,511,2.6136465072631836
S,29,a07,0,21,398d9a5e65eb510a4b2165e08da91bc2e7a46f651fd4c2a7c82baca0e3f7c6f7,512,511,3.349428415298462
S,29,a07,0,22,398d4136fe8a7fe859af6d03e3be3e80b0a4a081aa81cad5dad14be6152fbb07,1024,511,2.823448896408081
S,29,a07,0,23,27c7a212b1dd328e6abafa8ce17f190f047ff7bf7b13546651705123022fac2b,2048,511,2.731757879257202
S,29,a07,0,24,27e29aeb84cb9b2f80dc9061f35e33eb4710e31a4bda2e0ce985e2cb4c4af0d4,512,511,2.6118247509002686
S,29,a07,0,25,a7ab0eebec8ed5155f1c0b6b257ae3e70464155e9540fc6cb19d9b21ce07adbe,0,511,2.3503363132476807
S,29,a07,0,26,87c73475752c7552f1b2dfb6631350662bd4d2392ea692266f7fd8d9d49255e6,5120,511,2.785249710083008
S,29,a07,0,27,4dfcff9cdf6a84e7dc2d2f41f4beeb5bd4a850251f084dbb833319624ea2ba03,1536,511,3.000744104385376
S,29,a07,0,28,c6a6c920ad14f9ced5cbb1a81a695ee0d1e0cec0886071763eca3b7609793f9a,512,511,3.060126781463623
S,29,a07,0,29,602491df734b58909d0bdd64c12964094178660aa935fe328832f5ac7c783ce5,6656,511,3.2220611572265625
S,29,a07,0,30,3d3334d8bb76a4a5d2667fcaaf08e5519258c23da3c0ed35b0fb51ab7750456a,512,511,2.71018385887146
S,29,a07,0,31,a5c6bb2784e438e57e6c21063b5631ad6159e98fd0fdde6f0f393b1a6ad1ec91,0,511,2.7956104278564453
S,29,a07,0,32,a75479aadac4ab0e14588bb3dbab971354b70cbb22f67008de6af0b25ce850de,6144,511,3.3503284454345703
S,29,a07,0,33,81985a3b78086a93d7e6ae3ddda453bf5a959744e65bc05418fc1b56f5ec10ca,512,511,2.5940520763397217
S,29,a07,0,34,2362e3d4278d695e409c7b7ff1512062454f8d035bc9076dff42c632a29fb2ee,0,511,2.287797451019287
S,29,a07,0,35,85cb58452e909342c236fc118e084fa9adcfddffc1ee3968baed9838eae6ef37,0,511,2.165862798690796
S,29,a07,0,36,da80b33b4eb70c8d7b4c6a0fc009cedf34a39859057eb8700df906c788e6a4c8,0,511,2.496849536895752
S,29,a07,0,37,2e3ac91c014b25eebddbb443aa8850683dfc0675b9fed2dc40ec8d5f64ec60d4,0,511,2.349940299987793
S,29,a07,0,38,3210f7ea4f8c2a390b5fc7a519a58dd185dc01a5700b89f95e427e52d0e581c9,512,511,3.0660109519958496
S,29,a07,0,39,f5e1818470b34abce111d71989de48dff1e3e4ef0271749d38438e1b6693f635,1536,511,2.388813018798828
S,29,a07,0,40,3ce4586556ea72a70c76b9203dca8969adc500af610389007ec255f56b1e169e,1024,511,2.8338019847869873
S,29,a07,0,41,7b804a7a99e4de2942ef98de42165dacd3e16b944e6a538d55df1f634a23d48e,4096,511,2.9201390743255615
S,29,a07,0,42,f6dd4f9c768666495fe711e166071758aa6c2d321def74a3ae211027ce199501,512,511,3.3105194568634033
S,29,a07,0,43,31ed14bec015eaaefb165002eb17b020eeb35031b1a592aff7d981de7c6899b3,0,511,2.4679272174835205
S,29,a07,0,44,b3ff1454cd3a072b015b88f94f6d6889d9c0bd745fc7a5433df7c0d43151854e,512,511,2.704206705093384
S,29,a07,0,45,3ee074eadb149c8da6002c76352f4113d1c896c63c6c090fd621092749233d6a,8704,511,3.244966745376587
S,29,a07,0,46,5682e8596b594de16f03e38329a00d1bff4adee96204668f946a90f5292c8136,1024,511,2.8818883895874023
S,29,a07,0,47,127630e33620c4206cd0e7ad6622f66b144b669ddf653964e56ce6654a7b32f0,3072,511,2.6026499271392822
S,29,a07,0,48,320f1288c0a9e6e7a3def263d7abab684526479abb06fc68e069fc1a9937c71d,1024,511,2.8475582599639893
S,29,a07,0,49,58ac024cd69aa321476709f7b1742c6523bf4fb12233b5b6f60d680c8fca8e8e,1536,511,2.7587599754333496
S,29,a07,0,50,4f84e7678dedadbb233b28e11c014c0798eadf77020a5a8fb4d017d12c99e86d,2560,511,2.296520709991455
S,29,a07,0,51,99db37e631f9ef519733c8a72d003864c2701de3091cf19e9eba387054fdacac,512,511,3.2130942344665527
S,29,a07,0,52,0627479429bdaca6ad2b61ecd03d5b65cd330b0351b5ff8f878978d7b00c4ab2,0,511,2.6372199058532715
S,29,a07,0,53,c1e3085f9b150f54416c89fdea9cdb29ceef7e5050e94af9eafe2053fffe3e64,3584,511,2.3836588859558105
S,29,a07,0,54,0e6b290375d52c7b5c4cd74b4c7348611213caa15ca0e87d7f6426f9e0f86e04,2048,511,2.663065195083618
S,29,a07,0,55,16f297fd545d4a150c1908347430e076e51e3560238877a2eec2ac020b7d3bc9,3584,511,2.6308541297912598
S,29,a07,0,56,243408a375c7d0c1fda52538ba71d700e4d403fd2764c7491c7c1a9b7d7fd7a9,0,511,2.7673208713531494
S,29,a07,0,57,93133535594204a5a3625fc7b90ff6ad027dca329f0359370d232d4135e91bc1,512,511,2.536491632461548
S,29,a07,0,58,7c74fa4376b1168685d5d288b916d3317d340aad3044f88d5ca673b76d875d1c,1536,511,2.4933180809020996
S,29,a07,0,59,447ea32f527637dcb6ef068962a2fabe21ec283698e144c45ed42c46e1b27772,0,511,2.77203106880188
S,29,a07,0,60,6db7dd742bd03a22121dc39ee8773c9afa1462f4efce21abbe54dc33c4285b1f,0,511,2.573601245880127
S,29,a07,0,61,dc8a961be5dc24fc777b38869adf84cfc37bbe2f28514ceb0e344d39b7e01906,512,511,2.8590750694274902
S,29,a07,0,62,3ca10415cf1f0bc4955c7ef0d186c8e93deb4aece0aaaa5fb553b43dfe5ad2aa,0,511,2.764241933822632
S,29,a07,0,63,6e5c6769277c87aeaf9a4fd680fad1720ce04660f567befd8a9f8c68dde50f64,0,511,2.5704751014709473
S,29,a07,20,0,71ff58ca29d05bef3a99fb59512ec09404e49be906888dc3ea5409ce8a54beea,0,511,2.388749122619629
S,29,a07,20,1,47ab999a2c488609314576fac2048b7f2a92afad8f7ca0326f23f648d515f167,1536,511,2.29227352142334
S,29,a07,20,2,c6ff7382a150214656a5c5d777769384c99d3ce7764110fc98e07e5e48fddc7e,1024,511,2.6188464164733887
S,29,a07,20,3,8739f77bc09e02e5783efc804080eff63b9ae7da7008a0e4c6412b47aa6da1c2,2048,511,2.571744441986084
S,29,a07,20,4,a7f7a2250dd6f72080e21112d92bdfd639fcbe8a5a9effd80028c67d5dddd416,0,511,2.5998010635375977
S,29,a07,20,5,06cd6da2c73e993c43345dad24088c06b24d496ffc56f5f460b58cfa49d0f3df,0,511,1.7794675827026367
S,29,a07,20,6,3adf36bb00be5fa07541f544ce8642a56fcd3a01d456650deaabc83e91d791a1,1024,511,2.8091416358947754
S,29,a07,20,7,34c9eb07c804b8ee651c4da1ac1dd801fec51c064819632bd8f4f36bd685b8a1,1024,511,3.141336441040039
S,29,a07,20,8,dcd008e03034d7dcffb4b6abd6aa6f0bfdf0a28ddd0b53dd37784e7c055f10bb,1536,511,2.4676661491394043
S,29,a07,20,9,4f58c96286c7c0f0417ea817ca24cf1c2db4ad3d19fdcdcf46124511fbf05b3e,512,511,2.8691530227661133
S,29,a07,20,10,7c5e18ef30b2c1c37d722f19397ccdf563e0428cdde5ff6b99a902d67975541f,5120,511,2.6800537109375
S,29,a07,20,11,47344d32192263b566ca14f66ce20553a4c76ff30204fae6639d7c1dde9a1f11,0,511,2.0134437084198
S,29,a07,20,12,98aa6addc6d0697baff9ad72065efe34b866fb27cb0c3e094c328bb57b98cf2b,512,511,2.6392664909362793
S,29,a07,20,13,d6b58a86755a3af1a5a75d162cfd31bceb70ebe76d43dfd2b64d95def0331c1b,0,511,1.9903582334518433
S,29,a07,20,14,c724dc11dc74fa10b6309922c9d014e010a88079d4ca2e3ca96ab091459b166e,0,511,2.409111261367798
S,29,a07,20,15,aad6037cda830ea2edaf38a004ae82825aa4d21585b2c0f33197a34583613c19,3072,511,2.7166032791137695
S,29,a07,20,16,b7140ecf1283718c8b44dd77fefc16ef15f5d7579ad3d6f1da94324d11081ab5,0,511,2.58583664894104
S,29,a07,20,17,7c0883960fcd42892f41d565a6eb8675b26e6a7b184fa795ec1dea269c0d78f7,2560,511,3.1309423446655273
S,29,a07,20,18,e461497c8cf9867275c7b0ab55899126e69b01926436f58a64e902baf22ad1d8,1024,511,2.9396438598632812
S,29,a07,20,19,d236bd424f8c1de8ba7570984678d98d021bd9f796117156ee8c848d8b9e20df,512,511,2.271250009536743
S,29,a07,20,20,b124bcdac530f87fa8b20ed6ba5af0bdc6e2e14fe6348e8e8d9aae3bbb14d7bf,1536,511,2.5309526920318604
S,29,a07,20,21,398d9a5e65eb510a4b2165e08da91bc2e7a46f651fd4c2a7c82baca0e3f7c6f7,512,511,3.2917392253875732
S,29,a07,20,22,398d4136fe8a7fe859af6d03e3be3e80b0a4a081aa81cad5dad14be6152fbb07,1024,511,2.771256446838379
S,29,a07,20,23,27c7a212b1dd328e6abafa8ce17f190f047ff7bf7b13546651705123022fac2b,2048,511,2.6480712890625
S,29,a07,20,24,27e29aeb84cb9b2f80dc9061f35e33eb4710e31a4bda2e0ce985e2cb4c4af0d4,512,511,2.5529260635375977
S,29,a07,20,25,a7ab0eebec8ed5155f1c0b6b257ae3e70464155e9540fc6cb19d9b21ce07adbe,0,511,2.254606008529663
S,29,a07,20,26,87c73475752c7552f1b2dfb6631350662bd4d2392ea692266f7fd8d9d49255e6,5120,511,2.6749534606933594
S,29,a07,20,27,4dfcff9cdf6a84e7dc2d2f41f4beeb5bd4a850251f084dbb833319624ea2ba03,1536,511,2.940492868423462
S,29,a07,20,28,c6a6c920ad14f9ced5cbb1a81a695ee0d1e0cec0886071763eca3b7609793f9a,512,511,2.9898364543914795
S,29,a07,20,29,602491df734b58909d0bdd64c12964094178660aa935fe328832f5ac7c783ce5,6656,511,3.1391923427581787
S,29,a07,20,30,3d3334d8bb76a4a5d2667fcaaf08e5519258c23da3c0ed35b0fb51ab7750456a,512,511,2.624616861343384
S,29,a07,20,31,a5c6bb2784e438e57e6c21063b5631ad6159e98fd0fdde6f0f393b1a6ad1ec91,0,511,2.7037441730499268
S,29,a07,20,32,a75479aadac4ab0e14588bb3dbab971354b70cbb22f67008de6af0b25ce850de,6144,511,3.205263137817383
S,29,a07,20,33,81985a3b78086a93d7e6ae3ddda453bf5a959744e65bc05418fc1b56f5ec10ca,512,511,2.5188236236572266
S,29,a07,20,34,2362e3d4278d695e409c7b7ff1512062454f8d035bc9076dff42c632a29fb2ee,0,511,2.23349928855896
S,29,a07,20,35,85cb58452e909342c236fc118e084fa9adcfddffc1ee3968baed9838eae6ef37,0,511,2.0959789752960205
S,29,a07,20,36,da80b33b4eb70c8d7b4c6a0fc009cedf34a39859057eb8700df906c788e6a4c8,0,511,2.4380712509155273
S,29,a07,20,37,2e3ac91c014b25eebddbb443aa8850683dfc0675b9fed2dc40ec8d5f64ec60d4,0,511,2.307746171951294
S,29,a07,20,38,3210f7ea4f8c2a390b5fc7a519a58dd185dc01a5700b89f95e427e52d0e581c9,512,511,2.9852473735809326
S,29,a07,20,39,f5e1818470b34abce111d71989de48dff1e3e4ef0271749d38438e1b6693f635,1536,511,2.3580892086029053
S,29,a07,20,40,3ce4586556ea72a70c76b9203dca8969adc500af610389007ec255f56b1e169e,1024,511,2.7862493991851807
S,29,a07,20,41,7b804a7a99e4de2942ef98de42165dacd3e16b944e6a538d55df1f634a23d48e,4096,511,2.8571269512176514
S,29,a07,20,42,f6dd4f9c768666495fe711e166071758aa6c2d321def74a3ae211027ce199501,512,511,3.2328755855560303
S,29,a07,20,43,31ed14bec015eaaefb165002eb17b020eeb35031b1a592aff7d981de7c6899b3,0,511,2.396883487701416
S,29,a07,20,44,b3ff1454cd3a072b015b88f94f6d6889d9c0bd745fc7a5433df7c0d43151854e,512,511,2.629814624786377
S,29,a07,20,45,3ee074eadb149c8da6002c76352f4113d1c896c63c6c090fd621092749233d6a,8704,511,3.168348550796509
S,29,a07,20,46,5682e8596b594de16f03e38329a00d1bff4adee96204668f946a90f5292c8136,1024,511,2.8007991313934326
S,29,a07,20,47,127630e33620c4206cd0e7ad6622f66b144b669ddf653964e56ce6654a7b32f0,3072,511,2.502323627471924
S,29,a07,20,48,320f1288c0a9e6e7a3def263d7abab684526479abb06fc68e069fc1a9937c71d,1024,511,2.7543933391571045
S,29,a07,20,49,58ac024cd69aa321476709f7b1742c6523bf4fb12233b5b6f60d680c8fca8e8e,1536,511,2.703409433364868
S,29,a07,20,50,4f84e7678dedadbb233b28e11c014c0798eadf77020a5a8fb4d017d12c99e86d,2560,511,2.236046075820923
S,29,a07,20,51,99db37e631f9ef519733c8a72d003864c2701de3091cf19e9eba387054fdacac,512,511,3.1643457412719727
S,29,a07,20,52,0627479429bdaca6ad2b61ecd03d5b65cd330b0351b5ff8f878978d7b00c4ab2,0,511,2.5554397106170654
S,29,a07,20,53,c1e3085f9b150f54416c89fdea9cdb29ceef7e5050e94af9eafe2053fffe3e64,3584,511,2.2780771255493164
S,29,a07,20,54,0e6b290375d52c7b5c4cd74b4c7348611213caa15ca0e87d7f6426f9e0f86e04,2048,511,2.6217827796936035
S,29,a07,20,55,16f297fd545d4a150c1908347430e076e51e3560238877a2eec2ac020b7d3bc9,3584,511,2.5769202709198
S,29,a07,20,56,243408a375c7d0c1fda52538ba71d700e4d403fd2764c7491c7c1a9b7d7fd7a9,0,511,2.678595781326294
S,29,a07,20,57,93133535594204a5a3625fc7b90ff6ad027dca329f0359370d232d4135e91bc1,512,511,2.4718997478485107
S,29,a07,20,58,7c74fa4376b1168685d5d288b916d3317d340aad3044f88d5ca673b76d875d1c,1536,511,2.414259672164917
S,29,a07,20,59,447ea32f527637dcb6ef068962a2fabe21ec283698e144c45ed42c46e1b27772,0,511,2.6984305381774902
S,29,a07,20,60,6db7dd742bd03a22121dc39ee8773c9afa1462f4efce21abbe54dc33c4285b1f,0,511,2.4874179363250732
S,29,a07,20,61,dc8a961be5dc24fc777b38869adf84cfc37bbe2f28514ceb0e344d39b7e01906,512,511,2.7695233821868896
S,29,a07,20,62,3ca10415cf1f0bc4955c7ef0d186c8e93deb4aece0aaaa5fb553b43dfe5ad2aa,0,511,2.697169065475464
S,29,a07,20,63,6e5c6769277c87aeaf9a4fd680fad1720ce04660f567befd8a9f8c68dde50f64,0,511,2.507507085800171
S,29,a07,50,0,71ff58ca29d05bef3a99fb59512ec09404e49be906888dc3ea5409ce8a54beea,0,511,2.299879789352417
S,29,a07,50,1,47ab999a2c488609314576fac2048b7f2a92afad8f7ca0326f23f648d515f167,1536,511,2.2158002853393555
S,29,a07,50,2,c6ff7382a150214656a5c5d777769384c99d3ce7764110fc98e07e5e48fddc7e,1024,511,2.5360007286071777
S,29,a07,50,3,8739f77bc09e02e5783efc804080eff63b9ae7da7008a0e4c6412b47aa6da1c2,2048,511,2.466381788253784
S,29,a07,50,4,a7f7a2250dd6f72080e21112d92bdfd639fcbe8a5a9effd80028c67d5dddd416,0,511,2.5239994525909424
S,29,a07,50,5,06cd6da2c73e993c43345dad24088c06b24d496ffc56f5f460b58cfa49d0f3df,0,511,1.6743650436401367
S,29,a07,50,6,3adf36bb00be5fa07541f544ce8642a56fcd3a01d456650deaabc83e91d791a1,1024,511,2.6508021354675293
S,29,a07,50,7,34c9eb07c804b8ee651c4da1ac1dd801fec51c064819632bd8f4f36bd685b8a1,1024,511,3.0284841060638428
S,29,a07,50,8,dcd008e03034d7dcffb4b6abd6aa6f0bfdf0a28ddd0b53dd37784e7c055f10bb,1536,511,2.3366169929504395
S,29,a07,50,9,4f58c96286c7c0f0417ea817ca24cf1c2db4ad3d19fdcdcf46124511fbf05b3e,512,511,2.7161059379577637
S,29,a07,50,10,7c5e18ef30b2c1c37d722f19397ccdf563e0428cdde5ff6b99a902d67975541f,5120,511,2.5710885524749756
S,29,a07,50,11,47344d32192263b566ca14f66ce20553a4c76ff30204fae6639d7c1dde9a1f11,0,511,1.945373296737671
S,29,a07,50,12,98aa6addc6d0697baff9ad72065efe34b866fb27cb0c3e094c328bb57b98cf2b,512,511,2.550102710723877
S,29,a07,50,13,d6b58a86755a3af1a5a75d162cfd31bceb70ebe76d43dfd2b64d95def0331c1b,0,511,1.8666164875030518
S,29,a07,50,14,c724dc11dc74fa10b6309922c9d014e010a88079d4ca2e3ca96ab091459b166e,0,511,2.273376703262329
S,29,a07,50,15,aad6037cda830ea2edaf38a004ae82825aa4d21585b2c0f33197a34583613c19,3072,511,2.6389501094818115
S,29,a07,50,16,b7140ecf1283718c8b44dd77fefc16ef15f5d7579ad3d6f1da94324d11081ab5,0,511,2.4761908054351807
S,29,a07,50,17,7c0883960fcd42892f41d565a6eb8675b26e6a7b184fa795ec1dea269c0d78f7,2560,511,3.0234341621398926
S,29,a07,50,18,e461497c8cf9867275c7b0ab55899126e69b01926436f58a64e902baf22ad1d8,1024,511,2.8116679191589355
S,29,a07,50,19,d236bd424f8c1de8ba7570984678d98d021bd9f796117156ee8c848d8b9e20df,512,511,2.1324548721313477
S,29,a07,50,20,b124bcdac530f87fa8b20ed6ba5af0bdc6e2e14fe6348e8e8d9aae3bbb14d7bf,1536,511,2.4068870544433594
S,29,a07,50,21,398d9a5e65eb510a4b2165e08da91bc2e7a46f651fd4c2a7c82baca0e3f7c6f7,512,511,3.180332660675049
S,29,a07,50,22,398d4136fe8a7fe859af6d03e3be3e80b0a4a081aa81cad5dad14be6152fbb07,1024,511,2.604346990585327
S,29,a07,50,23,27c7a212b1dd328e6abafa8ce17f190f047ff7bf7b13546651705123022fac2b,2048,511,2.521212100982666
S,29,a07,50,24,27e29aeb84cb9b2f80dc9061f35e33eb4710e31a4bda2e0ce985e2cb4c4af0d4,512,511,2.433426856994629
S,29,a07,50,25,a7ab0eebec8ed5155f1c0b6b257ae3e70464155e9540fc6cb19d9b21ce07adbe,0,511,2.125328302383423
S,29,a07,50,26,87c73475752c7552f1b2dfb6631350662bd4d2392ea692266f7fd8d9d49255e6,5120,511,2.5342390537261963
S,29,a07,50,27,4dfcff9cdf6a84e7dc2d2f41f4beeb5bd4a850251f084dbb833319624ea2ba03,1536,511,2.8158864974975586
S,29,a07,50,28,c6a6c920ad14f9ced5cbb1a81a695ee0d1e0cec0886071763eca3b7609793f9a,512,511,2.861422061920166
S,29,a07,50,29,602491df734b58909d0bdd64c12964094178660aa935fe328832f5ac7c783ce5,6656,511,3.022301197052002
S,29,a07,50,30,3d3334d8bb76a4a5d2667fcaaf08e5519258c23da3c0ed35b0fb51ab7750456a,512,511,2.5001349449157715
S,29,a07,50,31,a5c6bb2784e438e57e6c21063b5631ad6159e98fd0fdde6f0f393b1a6ad1ec91,0,511,2.546928644180298
S,29,a07,50,32,a75479aadac4ab0e14588bb3dbab971354b70cbb22f67008de6af0b25ce850de,6144,511,3.0617074966430664
S,29,a07,50,33,81985a3b78086a93d7e6ae3ddda453bf5a959744e65bc05418fc1b56f5ec10ca,512,511,2.3841769695281982
S,29,a07,50,34,2362e3d4278d695e409c7b7ff1512062454f8d035bc9076dff42c632a29fb2ee,0,511,2.1331164836883545
S,29,a07,50,35,85cb58452e909342c236fc118e084fa9adcfddffc1ee3968baed9838eae6ef37,0,511,1.9894381761550903
S,29,a07,50,36,da80b33b4eb70c8d7b4c6a0fc009cedf34a39859057eb8700df906c788e6a4c8,0,511,2.3405025005340576
S,29,a07,50,37,2e3ac91c014b25eebddbb443aa8850683dfc0675b9fed2dc40ec8d5f64ec60d4,0,511,2.206735610961914
S,29,a07,50,38,3210f7ea4f8c2a390b5fc7a519a58dd185dc01a5700b89f95e427e52d0e581c9,512,511,2.861666679382324
S,29,a07,50,39,f5e1818470b34abce111d71989de48dff1e3e4ef0271749d38438e1b6693f635,1536,511,2.2853572368621826
S,29,a07,50,40,3ce4586556ea72a70c76b9203dca8969adc500af610389007ec255f56b1e169e,1024,511,2.7084271907806396
S,29,a07,50,41,7b804a7a99e4de2942ef98de42165dacd3e16b944e6a538d55df1f634a23d48e,4096,511,2.761765718460083
S,29,a07,50,42,f6dd4f9c768666495fe711e166071758aa6c2d321def74a3ae211027ce199501,512,511,3.093675136566162
S,29,a07,50,43,31ed14bec015eaaefb165002eb17b020eeb35031b1a592aff7d981de7c6899b3,0,511,2.3020706176757812
S,29,a07,50,44,b3ff1454cd3a072b015b88f94f6d6889d9c0bd745fc7a5433df7c0d43151854e,512,511,2.5335826873779297
S,29,a07,50,45,3ee074eadb149c8da6002c76352f4113d1c896c63c6c090fd621092749233d6a,8704,511,3.0706377029418945
S,29,a07,50,46,5682e8596b594de16f03e38329a00d1bff4adee96204668f946a90f5292c8136,1024,511,2.7066547870635986
S,29,a07,50,47,127630e33620c4206cd0e7ad6622f66b144b669ddf653964e56ce6654a7b32f0,3072,511,2.3591840267181396
S,29,a07,50,48,320f1288c0a9e6e7a3def263d7abab684526479abb06fc68e069fc1a9937c71d,1024,511,2.6435930728912354
S,29,a07,50,49,58ac024cd69aa321476709f7b1742c6523bf4fb12233b5b6f60d680c8fca8e8e,1536,511,2.6287944316864014
S,29,a07,50,50,4f84e7678dedadbb233b28e11c014c0798eadf77020a5a8fb4d017d12c99e86d,2560,511,2.1352696418762207
S,29,a07,50,51,99db37e631f9ef519733c8a72d003864c2701de3091cf19e9eba387054fdacac,512,511,3.0418930053710938
S,29,a07,50,52,0627479429bdaca6ad2b61ecd03d5b65cd330b0351b5ff8f878978d7b00c4ab2,0,511,2.4347500801086426
S,29,a07,50,53,c1e3085f9b150f54416c89fdea9cdb29ceef7e5050e94af9eafe2053fffe3e64,3584,511,2.161909580230713
S,29,a07,50,54,0e6b290375d52c7b5c4cd74b4c7348611213caa15ca0e87d7f6426f9e0f86e04,2048,511,2.5366365909576416
S,29,a07,50,55,16f297fd545d4a150c1908347430e076e51e3560238877a2eec2ac020b7d3bc9,3584,511,2.4491140842437744
S,29,a07,50,56,243408a375c7d0c1fda52538ba71d700e4d403fd2764c7491c7c1a9b7d7fd7a9,0,511,2.550729990005493
S,29,a07,50,57,93133535594204a5a3625fc7b90ff6ad027dca329f0359370d232d4135e91bc1,512,511,2.3368332386016846
S,29,a07,50,58,7c74fa4376b1168685d5d288b916d3317d340aad3044f88d5ca673b76d875d1c,1536,511,2.284686803817749
S,29,a07,50,59,447ea32f527637dcb6ef068962a2fabe21ec283698e144c45ed42c46e1b27772,0,511,2.5771310329437256
S,29,a07,50,60,6db7dd742bd03a22121dc39ee8773c9afa1462f4efce21abbe54dc33c4285b1f,0,511,2.3655624389648438
S,29,a07,50,61,dc8a961be5dc24fc777b38869adf84cfc37bbe2f28514ceb0e344d39b7e01906,512,511,2.6506919860839844
S,29,a07,50,62,3ca10415cf1f0bc4955c7ef0d186c8e93deb4aece0aaaa5fb553b43dfe5ad2aa,0,511,2.6081581115722656
S,29,a07,50,63,6e5c6769277c87aeaf9a4fd680fad1720ce04660f567befd8a9f8c68dde50f64,0,511,2.4102210998535156
S,29,a07,100,0,71ff58ca29d05bef3a99fb59512ec09404e49be906888dc3ea5409ce8a54beea,0,511,2.1893527507781982
S,29,a07,100,1,47ab999a2c488609314576fac2048b7f2a92afad8f7ca0326f23f648d515f167,1536,511,2.1277711391448975
S,29,a07,100,2,c6ff7382a150214656a5c5d777769384c99d3ce7764110fc98e07e5e48fddc7e,1024,511,2.43137264251709
S,29,a07,100,3,8739f77bc09e02e5783efc804080eff63b9ae7da7008a0e4c6412b47aa6da1c2,2048,511,2.377413272857666
S,29,a07,100,4,a7f7a2250dd6f72080e21112d92bdfd639fcbe8a5a9effd80028c67d5dddd416,0,511,2.4207441806793213
S,29,a07,100,5,06cd6da2c73e993c43345dad24088c06b24d496ffc56f5f460b58cfa49d0f3df,0,511,1.5661895275115967
S,29,a07,100,6,3adf36bb00be5fa07541f544ce8642a56fcd3a01d456650deaabc83e91d791a1,1024,511,2.514662027359009
S,29,a07,100,7,34c9eb07c804b8ee651c4da1ac1dd801fec51c064819632bd8f4f36bd685b8a1,1024,511,2.893777370452881
S,29,a07,100,8,dcd008e03034d7dcffb4b6abd6aa6f0bfdf0a28ddd0b53dd37784e7c055f10bb,1536,511,2.195920467376709
S,29,a07,100,9,4f58c96286c7c0f0417ea817ca24cf1c2db4ad3d19fdcdcf46124511fbf05b3e,512,511,2.600494623184204
S,29,a07,100,10,7c5e18ef30b2c1c37d722f19397ccdf563e0428cdde5ff6b99a902d67975541f,5120,511,2.470182418823242
S,29,a07,100,11,47344d32192263b566ca14f66ce20553a4c76ff30204fae6639d7c1dde9a1f11,0,511,1.8630446195602417
S,29,a07,100,12,98aa6addc6d0697baff9ad72065efe34b866fb27cb0c3e094c328bb57b98cf2b,512,511,2.47646164894104
S,29,a07,100,13,d6b58a86755a3af1a5a75d162cfd31bceb70ebe76d43dfd2b64d95def0331c1b,0,511,1.707659125328064
S,29,a07,100,14,c724dc11dc74fa10b6309922c9d014e010a88079d4ca2e3ca96ab091459b166e,0,511,2.1461164951324463
S,29,a07,100,15,aad6037cda830ea2edaf38a004ae82825aa4d21585b2c0f33197a34583613c19,3072,511,2.554543972015381
S,29,a07,100,16,b7140ecf1283718c8b44dd77fefc16ef15f5d7579ad3d6f1da94324d11081ab5,0,511,2.3965353965759277
S,29,a07,100,17,7c0883960fcd42892f41d565a6eb8675b26e6a7b184fa795ec1dea269c0d78f7,2560,511,2.9529950618743896
S,29,a07,100,18,e461497c8cf9867275c7b0ab55899126e69b01926436f58a64e902baf22ad1d8,1024,511,2.729807138442993
S,29,a07,100,19,d236bd424f8c1de8ba7570984678d98d021bd9f796117156ee8c848d8b9e20df,512,511,1.9854135513305664
S,29,a07,100,20,b124bcdac530f87fa8b20ed6ba5af0bdc6e2e14fe6348e8e8d9aae3bbb14d7bf,1536,511,2.320267677307129
S,29,a07,100,21,398d9a5e65eb510a4b2165e08da91bc2e7a46f651fd4c2a7c82baca0e3f7c6f7,512,511,3.0328824520111084
S,29,a07,100,22,398d4136fe8a7fe859af6d03e3be3e80b0a4a081aa81cad5dad14be6152fbb07,1024,511,2.4574835300445557
S,29,a07,100,23,27c7a212b1dd328e6abafa8ce17f190f047ff7bf7b13546651705123022fac2b,2048,511,2.3804075717926025
S,29,a07,100,24,27e29aeb84cb9b2f80dc9061f35e33eb4710e31a4bda2e0ce985e2cb4c4af0d4,512,511,2.3281095027923584
S,29,a07,100,25,a7ab0eebec8ed5155f1c0b6b257ae3e70464155e9540fc6cb19d9b21ce07adbe,0,511,2.0126171112060547
S,29,a07,100,26,87c73475752c7552f1b2dfb6631350662bd4d2392ea692266f7fd8d9d49255e6,5120,511,2.4367971420288086
S,29,a07,100,27,4dfcff9cdf6a84e7dc2d2f41f4beeb5bd4a850251f084dbb833319624ea2ba03,1536,511,2.673381805419922
S,29,a07,100,28,c6a6c920ad14f9ced5cbb1a81a695ee0d1e0cec0886071763eca3b7609793f9a,512,511,2.738295078277588
S,29,a07,100,29,602491df734b58909d0bdd64c12964094178660aa935fe328832f5ac7c783ce5,6656,511,2.896759271621704
S,29,a07,100,30,3d3334d8bb76a4a5d2667fcaaf08e5519258c23da3c0ed35b0fb51ab7750456a,512,511,2.3686296939849854
S,29,a07,100,31,a5c6bb2784e438e57e6c21063b5631ad6159e98fd0fdde6f0f393b1a6ad1ec91,0,511,2.397491216659546
S,29,a07,100,32,a75479aadac4ab0e14588bb3dbab971354b70cbb22f67008de6af0b25ce850de,6144,511,2.9786853790283203
S,29,a07,100,33,81985a3b78086a93d7e6ae3ddda453bf5a959744e65bc05418fc1b56f5ec10ca,512,511,2.2617361545562744
S,29,a07,100,34,2362e3d4278d695e409c7b7ff1512062454f8d035bc9076dff42c632a29fb2ee,0,511,2.005300283432007
S,29,a07,100,35,85cb58452e909342c236fc118e084fa9adcfddffc1ee3968baed9838eae6ef37,0,511,1.8931269645690918
S,29,a07,100,36,da80b33b4eb70c8d7b4c6a0fc009cedf34a39859057eb8700df906c788e6a4c8,0,511,2.2371156215667725
S,29,a07,100,37,2e3ac91c014b25eebddbb443aa8850683dfc0675b9fed2dc40ec8d5f64ec60d4,0,511,2.074744939804077
S,29,a07,100,38,3210f7ea4f8c2a390b5fc7a519a58dd185dc01a5700b89f95e427e52d0e581c9,512,511,2.763162851333618
S,29,a07,100,39,f5e1818470b34abce111d71989de48dff1e3e4ef0271749d38438e1b6693f635,1536,511,2.159738063812256
S,29,a07,100,40,3ce4586556ea72a70c76b9203dca8969adc500af610389007ec255f56b1e169e,1024,511,2.5741097927093506
S,29,a07,100,41,7b804a7a99e4de2942ef98de42165dacd3e16b944e6a538d55df1f634a23d48e,4096,511,2.663357734680176
S,29,a07,100,42,f6dd4f9c768666495fe711e166071758aa6c2d321def74a3ae211027ce199501,512,511,3.0043206214904785
S,29,a07,100,43,31ed14bec015eaaefb165002eb17b020eeb35031b1a592aff7d981de7c6899b3,0,511,2.2272884845733643
S,29,a07,100,44,b3ff1454cd3a072b015b88f94f6d6889d9c0bd745fc7a5433df7c0d43151854e,512,511,2.4202773571014404
S,29,a07,100,45,3ee074eadb149c8da6002c76352f4113d1c896c63c6c090fd621092749233d6a,8704,511,2.975663185119629
S,29,a07,100,46,5682e8596b594de16f03e38329a00d1bff4adee96204668f946a90f5292c8136,1024,511,2.6319782733917236
S,29,a07,100,47,127630e33620c4206cd0e7ad6622f66b144b669ddf653964e56ce6654a7b32f0,3072,511,2.2511348724365234
S,29,a07,100,48,320f1288c0a9e6e7a3def263d7abab684526479abb06fc68e069fc1a9937c71d,1024,511,2.498323440551758
S,29,a07,100,49,58ac024cd69aa321476709f7b1742c6523bf4fb12233b5b6f60d680c8fca8e8e,1536,511,2.567301034927368
S,29,a07,100,50,4f84e7678dedadbb233b28e11c014c0798eadf77020a5a8fb4d017d12c99e86d,2560,511,2.0168824195861816
S,29,a07,100,51,99db37e631f9ef519733c8a72d003864c2701de3091cf19e9eba387054fdacac,512,511,2.95312237739563
S,29,a07,100,52,0627479429bdaca6ad2b61ecd03d5b65cd330b0351b5ff8f878978d7b00c4ab2,0,511,2.3273818492889404
S,29,a07,100,53,c1e3085f9b150f54416c89fdea9cdb29ceef7e5050e94af9eafe2053fffe3e64,3584,511,2.0612776279449463
S,29,a07,100,54,0e6b290375d52c7b5c4cd74b4c7348611213caa15ca0e87d7f6426f9e0f86e04,2048,511,2.4265873432159424
S,29,a07,100,55,16f297fd545d4a150c1908347430e076e51e3560238877a2eec2ac020b7d3bc9,3584,511,2.379467487335205
S,29,a07,100,56,243408a375c7d0c1fda52538ba71d700e4d403fd2764c7491c7c1a9b7d7fd7a9,0,511,2.3783113956451416
S,29,a07,100,57,93133535594204a5a3625fc7b90ff6ad027dca329f0359370d232d4135e91bc1,512,511,2.177462577819824
S,29,a07,100,58,7c74fa4376b1168685d5d288b916d3317d340aad3044f88d5ca673b76d875d1c,1536,511,2.1884891986846924
S,29,a07,100,59,447ea32f527637dcb6ef068962a2fabe21ec283698e144c45ed42c46e1b27772,0,511,2.454014778137207
S,29,a07,100,60,6db7dd742bd03a22121dc39ee8773c9afa1462f4efce21abbe54dc33c4285b1f,0,511,2.2423534393310547
S,29,a07,100,61,dc8a961be5dc24fc777b38869adf84cfc37bbe2f28514ceb0e344d39b7e01906,512,511,2.5317540168762207
S,29,a07,100,62,3ca10415cf1f0bc4955c7ef0d186c8e93deb4aece0aaaa5fb553b43dfe5ad2aa,0,511,2.4773166179656982
S,29,a07,100,63,6e5c6769277c87aeaf9a4fd680fad1720ce04660f567befd8a9f8c68dde50f64,0,511,2.27596378326416
E,17,a00,100,0,df3305d3c1efe89104be4ad8527fb07ba5605a836d990031c89eb0b2533b41ab,512,511,2.451514482498169
E,17,a00,100,1,57e758e9ccc13d36db25081d7608e96b58ce07adce66d57aede2a47b90ef2128,1536,511,2.4519379138946533
E,17,a00,100,2,b9c168c32403a785cfd74718826a7d3435e8da2ea5590b50f7b9383381ceee58,512,511,2.5789363384246826
E,17,a00,100,3,909fd9bbc00c2ce37ed48c52ece9b921295e588f1e75e891a69fbb1f7bb2f56f,8192,511,2.513075828552246
E,17,a00,100,4,17249b7e503c3cb40aa9978e58217fc24d6e9813c8f2863a8e28af153e7b1605,3584,511,2.710554361343384
E,17,a00,100,5,1498e3fa4882ad211de574fba67f15f597e97623a0a4026d0cf91fd972c8cb1f,2048,511,2.688539505004883
E,17,a00,100,6,5671f56c83661b02a4e9b0e3f5666121601d3796daaf7b9b3ba9e1c2c8d1e159,7168,511,2.4482553005218506
E,17,a00,100,7,eb3b7559065564c1b02d00ba0dfdbc44c2295bbff1106cfb3958a90a24084588,512,511,2.625089168548584
E,17,a00,100,8,d6a1096ebd0ff82276e90c0a136cfcc37e73f2dee858508a3deba7cc22cd4c27,9216,511,2.1263248920440674
E,17,a00,100,9,8c16089493008fe5b445fcef0c54b5f9ae247f6a640391a3d574d969be08df56,1536,511,2.680546998977661
E,17,a00,100,10,f861b8f4f1dc215e899fce14a74ecd8c8b799195704111d0c3563850d0430340,2048,511,2.4312684535980225
E,17,a00,100,11,1202f2c85983ad618a286718bd4a3932be53e588423ec000327fbbfa7d66e535,3584,511,2.4304258823394775
E,17,a00,100,12,a67e755faea05d6ca837fe044b98214900aec9322050808d94f1963df5ca2e85,512,511,2.501356363296509
E,17,a00,100,13,d9e42c96070c5efbbaf425e17f23a5b1a0b1e0404e271ea160d824fb7d2f256a,1536,511,3.123677968978882
E,17,a00,100,14,c9573c7b74221b0da1642a0c92448dc77cc4a23923c69288d3f26f2f2be086d4,1024,511,2.8591973781585693
E,17,a00,100,15,64a74ab03ef783d2ba19cb9b89fe10f140e1c6fa0d57889e5dfa96324bbed610,0,511,2.029346227645874
E,17,a00,100,16,1b03f1cd9a1f9f37a3f55981c9272522ae0075f6fb08b6190e7e2591773583f1,512,511,2.2185895442962646
E,17,a00,100,17,e0d87dc6c183a32c3e59afc1e1cd42f927e90df51a0ff754e44ceeb76f89fe72,1024,511,1.7846713066101074
E,17,a00,100,18,1063d77dff6bb7cd10daadeaeec2e8850c4f63386f515ece9b10be818faf7d33,2048,511,3.067140579223633
E,17,a00,100,19,49d8ed4909c242814839e82dffaee9ae5ec6fda9bdbaacbaf6d98f4a407fa88f,5120,511,2.315617322921753
E,17,a00,100,20,458761ef690ad92a02d167ea2644e9eb6055daae0ff5e8934b7097c9c0a94fb6,1536,511,2.092008113861084
E,17,a00,100,21,efa67b013c4515340d8305facfe6fabb04b013596d505ec162f1459967c6c02b,1536,511,2.658756971359253
E,17,a00,100,22,430b207f11cc9fca2e6abfdfad0058d641efa06b03c188327525beae3bff09b4,1536,511,2.645329236984253
E,17,a00,100,23,10224e7ae1df610ffebc972b484a683b41029bdce6b35466d1b699827e35bb53,2048,511,2.318547248840332
E,17,a00,100,24,f8da226fe39d295e2366279e9de00641e698745ba6b6d161f584a8a1f2b8d6a0,2048,511,3.1024134159088135
E,17,a00,100,25,d6f01c7164f64f27c4ded075d175f71a1e7f3005d7302c0edf2fa8ca51e1ffea,1024,511,2.551969051361084
E,17,a00,100,26,70826fed1eeac5c7e500a9f722b33f1885417135f36afce17930fc4bbd18c2b4,4096,511,2.5793378353118896
E,17,a00,100,27,676d464a4eaec6f643f16db5c78aed26a34ee406cc7a9c6ebe76515e8c563ccc,0,511,2.358746290206909
E,17,a00,100,28,9dc7a64f95a7b3099d2db5301a45fdefe4d867ea15cbadc926fd1cfd118c4744,3072,511,2.5834975242614746
E,17,a00,100,29,7105c481f704788c4b2f679abca882f01b30dd018e40b562b7656ca759cf8a4e,5120,511,2.3366236686706543
E,17,a00,100,30,0285c42e46acc57bf27c926840015d9800201644cc96d69d7e7253bf28eb2e90,1536,511,3.0221641063690186
E,17,a00,100,31,32081ed1efc15f763e694901af2b1f9765bd8ef20aafb787d1d6bf1592e0410a,5120,511,2.626354455947876
E,17,a00,100,32,2c4f27b502f2d3480e963e4a68311f6df355d3559167705870bd294dcfc00d1a,1024,511,3.2683870792388916
E,17,a00,100,33,9ddab433dc39ac5eefa8432eb0082882c365e23a5c29249687198b3e58fdad1f,2560,511,2.756704568862915
E,17,a00,100,34,01fcc1a24c865e3d204b244a2d227ec365ccc5f611f550d43105b6277c9e6f63,1536,511,3.0296781063079834
E,17,a00,100,35,aaad1a5cbffc9e125db9a05d2807a9d0651040104d25cfa7ce7f2a5b2e2086e1,1024,511,2.365065813064575
E,17,a00,100,36,e25ac06e37522f0957c2cb0806eecc34da2f8db10ae8cc115af7d20b874f6224,512,511,1.6973316669464111
E,17,a00,100,37,d5da7bd0121663b6edf61237e56b4dc90a59bdd3f836f7723a5ab5c34d6c1be0,0,511,2.2529783248901367
E,17,a00,100,38,7feabb41bc4116cf9ddd1e08b238a70de3437ffb60232618ab6fafc22543b1c5,1536,511,1.8444147109985352
E,17,a00,100,39,7f4e6f225b82734ac97fb72b7bdd5ed77208044ed363817bd00fab38bed6084c,1536,511,2.422609567642212
E,17,a00,100,40,a3d4b60ea8383ab5f2fb9d3b104cdbb89651a6f572ad663056678887b4d2d667,1024,511,2.8385567665100098
E,17,a00,100,41,35f8ba2251973d2f837378c101accd0e649b67dd402c4509b78f0452dca80482,0,511,1.8184086084365845
E,17,a00,100,42,6f7c52dd830f9adb55b5052564b6027331257cbe7a337dcbe4369b86109ac557,0,511,2.1536214351654053
E,17,a00,100,43,874b7f0c28c1c112d38da2ce3e6603b817d2afb1a423dcfc6718c9fb1ebd2ddb,5632,511,2.5107624530792236
E,17,a00,100,44,4499f41f572afda80045cc7b149c7c01bfa99b3e546ec3778b65f776f3e67154,9216,511,2.6079864501953125
E,17,a00,100,45,4579f5dba0662d35270215ad56a6c07ddb54396f3023949a7493da7b33cf5bc2,1536,511,2.740952730178833
E,17,a00,100,46,67ea63e2020d3fa3821782867a7afa97fa78e1be3c6ff97d8b950377a01f7a3b,0,511,2.0304975509643555
E,17,a00,100,47,8b72b1ba0b72e1faa8368d573546ed7a9a6b2b44e81edb8057bd7a04f5e9c933,1536,511,2.8857030868530273
E,17,a00,100,48,14aa9ebe6121a5c3d38160d97ff19328e466813462beeee68d1391cf6905193c,3072,511,2.6532371044158936
E,17,a00,100,49,85278703ca1d3bc269d096d5572de636a703a6998b4327bdc5b444d334b9c177,1536,511,2.7007217407226562
E,17,a00,100,50,f966fdde40abae385bfe799dfdfab537c886e427ab20a5dc4097d3becb2ce351,2048,511,3.1811821460723877
E,17,a00,100,51,c3fe0e54525739db453e760ca0e48da11ae8bc3ebe14a350d8e5709ed5c926bf,1536,511,2.3147099018096924
E,17,a00,100,52,0d7214d0d360077352f26a7670f062fc711d3b8163f0d76a786fbafde55ef3ca,1024,511,2.4061646461486816
E,17,a00,100,53,44567cca0f7ed6f2624dc6a03f0d5223a54d32a432071040c4cf7173ff6b4231,0,511,2.0173044204711914
E,17,a00,100,54,5842cd9af7d81dbe22877345606428b7fc7244c00fd6f0061f0170601e9afd33,0,511,2.2873830795288086
E,17,a00,100,55,0e1af7f1246327ef5559369dd3d8df7eae7e903f55d6595189ec64c10782ad5f,512,511,2.1418838500976562
E,17,a00,100,56,25049dea6f5fe73b549fbd902d603a133a5e454b227c3c9fe568c7880ed6618b,0,511,2.0454282760620117
E,17,a00,100,57,37dc34e7b9bd72d359cfc00f2e49990acde101b903d19eaa4a6da82b714493e0,1024,511,2.17305064201355
E,17,a00,100,58,3938d05f4a501977d2521a921da001aea27c460a9983f6fdbf4d35be7018e9f7,0,511,2.476985216140747
E,17,a00,100,59,26b08f01fa673793dfa66415e2960b999caa2e5e047ef2891bf76514e38116e2,512,511,2.5313992500305176
E,17,a00,100,60,c836ab3d06550b3a257eb0fb619f87c62b989ab156526f2b7472af4524155b1f,2560,511,2.3366754055023193
E,17,a00,100,61,e0a01a0175937971f62066d3ad8e84e0abf622e70cd6650f70734459ec923be2,512,511,2.666957378387451
E,17,a00,100,62,3d13a708d985d25d78c1c15ea62a30c860c3d822f652f490e34509b522b27d75,0,511,1.9309922456741333
E,17,a00,100,63,3b4ad5d4faaf9898e388ae94680869597d2e442f7b436d89ff3225802a7275fc,0,511,2.196530818939209
E,17,a01,100,0,df3305d3c1efe89104be4ad8527fb07ba5605a836d990031c89eb0b2533b41ab,512,511,2.6095943450927734
E,17,a01,100,1,57e758e9ccc13d36db25081d7608e96b58ce07adce66d57aede2a47b90ef2128,1536,511,2.507145643234253
E,17,a01,100,2,b9c168c32403a785cfd74718826a7d3435e8da2ea5590b50f7b9383381ceee58,512,511,2.6823272705078125
E,17,a01,100,3,909fd9bbc00c2ce37ed48c52ece9b921295e588f1e75e891a69fbb1f7bb2f56f,8192,511,2.6090891361236572
E,17,a01,100,4,17249b7e503c3cb40aa9978e58217fc24d6e9813c8f2863a8e28af153e7b1605,3584,511,2.8677544593811035
E,17,a01,100,5,1498e3fa4882ad211de574fba67f15f597e97623a0a4026d0cf91fd972c8cb1f,2048,511,2.7372848987579346
E,17,a01,100,6,5671f56c83661b02a4e9b0e3f5666121601d3796daaf7b9b3ba9e1c2c8d1e159,7168,511,2.5665767192840576
E,17,a01,100,7,eb3b7559065564c1b02d00ba0dfdbc44c2295bbff1106cfb3958a90a24084588,512,511,2.740828275680542
E,17,a01,100,8,d6a1096ebd0ff82276e90c0a136cfcc37e73f2dee858508a3deba7cc22cd4c27,9216,511,2.166511297225952
E,17,a01,100,9,8c16089493008fe5b445fcef0c54b5f9ae247f6a640391a3d574d969be08df56,1536,511,2.80246639251709
E,17,a01,100,10,f861b8f4f1dc215e899fce14a74ecd8c8b799195704111d0c3563850d0430340,2048,511,2.6716885566711426
E,17,a01,100,11,1202f2c85983ad618a286718bd4a3932be53e588423ec000327fbbfa7d66e535,3584,511,2.531996488571167
E,17,a01,100,12,a67e755faea05d6ca837fe044b98214900aec9322050808d94f1963df5ca2e85,512,511,2.5927274227142334
E,17,a01,100,13,d9e42c96070c5efbbaf425e17f23a5b1a0b1e0404e271ea160d824fb7d2f256a,1536,511,3.218207359313965
E,17,a01,100,14,c9573c7b74221b0da1642a0c92448dc77cc4a23923c69288d3f26f2f2be086d4,1024,511,2.9182329177856445
E,17,a01,100,15,64a74ab03ef783d2ba19cb9b89fe10f140e1c6fa0d57889e5dfa96324bbed610,0,511,2.1732044219970703
E,17,a01,100,16,1b03f1cd9a1f9f37a3f55981c9272522ae0075f6fb08b6190e7e2591773583f1,512,511,2.2959964275360107
E,17,a01,100,17,e0d87dc6c183a32c3e59afc1e1cd42f927e90df51a0ff754e44ceeb76f89fe72,1024,511,1.836292028427124
E,17,a01,100,18,1063d77dff6bb7cd10daadeaeec2e8850c4f63386f515ece9b10be818faf7d33,2048,511,3.1242213249206543
E,17,a01,100,19,49d8ed4909c242814839e82dffaee9ae5ec6fda9bdbaacbaf6d98f4a407fa88f,5120,511,2.4109089374542236
E,17,a01,100,20,458761ef690ad92a02d167ea2644e9eb6055daae0ff5e8934b7097c9c0a94fb6,1536,511,2.076859474182129
E,17,a01,100,21,efa67b013c4515340d8305facfe6fabb04b013596d505ec162f1459967c6c02b,1536,511,2.7253212928771973
E,17,a01,100,22,430b207f11cc9fca2e6abfdfad0058d641efa06b03c188327525beae3bff09b4,1536,511,2.858867645263672
E,17,a01,100,23,10224e7ae1df610ffebc972b484a683b41029bdce6b35466d1b699827e35bb53,2048,511,2.428391933441162
E,17,a01,100,24,f8da226fe39d295e2366279e9de00641e698745ba6b6d161f584a8a1f2b8d6a0,2048,511,3.1821646690368652
E,17,a01,100,25,d6f01c7164f64f27c4ded075d175f71a1e7f3005d7302c0edf2fa8ca51e1ffea,1024,511,2.5890069007873535
E,17,a01,100,26,70826fed1eeac5c7e500a9f722b33f1885417135f36afce17930fc4bbd18c2b4,4096,511,2.6458702087402344
E,17,a01,100,27,676d464a4eaec6f643f16db5c78aed26a34ee406cc7a9c6ebe76515e8c563ccc,0,511,2.450226068496704
E,17,a01,100,28,9dc7a64f95a7b3099d2db5301a45fdefe4d867ea15cbadc926fd1cfd118c4744,3072,511,2.60605788230896
E,17,a01,100,29,7105c481f704788c4b2f679abca882f01b30dd018e40b562b7656ca759cf8a4e,5120,511,2.451427936553955
E,17,a01,100,30,0285c42e46acc57bf27c926840015d9800201644cc96d69d7e7253bf28eb2e90,1536,511,3.0745015144348145
E,17,a01,100,31,32081ed1efc15f763e694901af2b1f9765bd8ef20aafb787d1d6bf1592e0410a,5120,511,2.645139455795288
E,17,a01,100,32,2c4f27b502f2d3480e963e4a68311f6df355d3559167705870bd294dcfc00d1a,1024,511,3.3109076023101807
E,17,a01,100,33,9ddab433dc39ac5eefa8432eb0082882c365e23a5c29249687198b3e58fdad1f,2560,511,2.8048508167266846
E,17,a01,100,34,01fcc1a24c865e3d204b244a2d227ec365ccc5f611f550d43105b6277c9e6f63,1536,511,3.085500478744507
E,17,a01,100,35,aaad1a5cbffc9e125db9a05d2807a9d0651040104d25cfa7ce7f2a5b2e2086e1,1024,511,2.4156992435455322
E,17,a01,100,36,e25ac06e37522f0957c2cb0806eecc34da2f8db10ae8cc115af7d20b874f6224,512,511,1.7854501008987427
E,17,a01,100,37,d5da7bd0121663b6edf61237e56b4dc90a59bdd3f836f7723a5ab5c34d6c1be0,0,511,2.3367435932159424
E,17,a01,100,38,7feabb41bc4116cf9ddd1e08b238a70de3437ffb60232618ab6fafc22543b1c5,1536,511,1.967133641242981
E,17,a01,100,39,7f4e6f225b82734ac97fb72b7bdd5ed77208044ed363817bd00fab38bed6084c,1536,511,2.470954418182373
E,17,a01,100,40,a3d4b60ea8383ab5f2fb9d3b104cdbb89651a6f572ad663056678887b4d2d667,1024,511,2.8886818885803223
E,17,a01,100,41,35f8ba2251973d2f837378c101accd0e649b67dd402c4509b78f0452dca80482,0,511,1.9263700246810913
E,17,a01,100,42,6f7c52dd830f9adb55b5052564b6027331257cbe7a337dcbe4369b86109ac557,0,511,2.19993257522583
E,17,a01,100,43,874b7f0c28c1c112d38da2ce3e6603b817d2afb1a423dcfc6718c9fb1ebd2ddb,5632,511,2.498196601867676
E,17,a01,100,44,4499f41f572afda80045cc7b149c7c01bfa99b3e546ec3778b65f776f3e67154,9216,511,2.6853301525115967
E,17,a01,100,45,4579f5dba0662d35270215ad56a6c07ddb54396f3023949a7493da7b33cf5bc2,1536,511,2.9248440265655518
E,17,a01,100,46,67ea63e2020d3fa3821782867a7afa97fa78e1be3c6ff97d8b950377a01f7a3b,0,511,2.129317045211792
E,17,a01,100,47,8b72b1ba0b72e1faa8368d573546ed7a9a6b2b44e81edb8057bd7a04f5e9c933,1536,511,2.9957592487335205
E,17,a01,100,48,14aa9ebe6121a5c3d38160d97ff19328e466813462beeee68d1391cf6905193c,3072,511,2.799434185028076
E,17,a01,100,49,85278703ca1d3bc269d096d5572de636a703a6998b4327bdc5b444d334b9c177,1536,511,2.8783669471740723
E,17,a01,100,50,f966fdde40abae385bfe799dfdfab537c886e427ab20a5dc4097d3becb2ce351,2048,511,3.232767343521118
E,17,a01,100,51,c3fe0e54525739db453e760ca0e48da11ae8bc3ebe14a350d8e5709ed5c926bf,1536,511,2.395439863204956
E,17,a01,100,52,0d7214d0d360077352f26a7670f062fc711d3b8163f0d76a786fbafde55ef3ca,1024,511,2.452253580093384
E,17,a01,100,53,44567cca0f7ed6f2624dc6a03f0d5223a54d32a432071040c4cf7173ff6b4231,0,511,2.1058456897735596
E,17,a01,100,54,5842cd9af7d81dbe22877345606428b7fc7244c00fd6f0061f0170601e9afd33,0,511,2.35298228263855
E,17,a01,100,55,0e1af7f1246327ef5559369dd3d8df7eae7e903f55d6595189ec64c10782ad5f,512,511,2.199714422225952
E,17,a01,100,56,25049dea6f5fe73b549fbd902d603a133a5e454b227c3c9fe568c7880ed6618b,0,511,2.0881619453430176
E,17,a01,100,57,37dc34e7b9bd72d359cfc00f2e49990acde101b903d19eaa4a6da82b714493e0,1024,511,2.2297918796539307
E,17,a01,100,58,3938d05f4a501977d2521a921da001aea27c460a9983f6fdbf4d35be7018e9f7,0,511,2.6192333698272705
E,17,a01,100,59,26b08f01fa673793dfa66415e2960b999caa2e5e047ef2891bf76514e38116e2,512,511,2.6102304458618164
E,17,a01,100,60,c836ab3d06550b3a257eb0fb619f87c62b989ab156526f2b7472af4524155b1f,2560,511,2.442445755004883
E,17,a01,100,61,e0a01a0175937971f62066d3ad8e84e0abf622e70cd6650f70734459ec923be2,512,511,2.7457985877990723
E,17,a01,100,62,3d13a708d985d25d78c1c15ea62a30c860c3d822f652f490e34509b522b27d75,0,511,2.067182779312134
E,17,a01,100,63,3b4ad5d4faaf9898e388ae94680869597d2e442f7b436d89ff3225802a7275fc,0,511,2.3165814876556396
E,17,a02,100,0,df3305d3c1efe89104be4ad8527fb07ba5605a836d990031c89eb0b2533b41ab,512,511,2.4582302570343018
E,17,a02,100,1,57e758e9ccc13d36db25081d7608e96b58ce07adce66d57aede2a47b90ef2128,1536,511,2.4914441108703613
E,17,a02,100,2,b9c168c32403a785cfd74718826a7d3435e8da2ea5590b50f7b9383381ceee58,512,511,2.606344223022461
E,17,a02,100,3,909fd9bbc00c2ce37ed48c52ece9b921295e588f1e75e891a69fbb1f7bb2f56f,8192,511,2.57967209815979
E,17,a02,100,4,17249b7e503c3cb40aa9978e58217fc24d6e9813c8f2863a8e28af153e7b1605,3584,511,2.719505548477173
E,17,a02,100,5,1498e3fa4882ad211de574fba67f15f597e97623a0a4026d0cf91fd972c8cb1f,2048,511,2.691499710083008
E,17,a02,100,6,5671f56c83661b02a4e9b0e3f5666121601d3796daaf7b9b3ba9e1c2c8d1e159,7168,511,2.4892733097076416
E,17,a02,100,7,eb3b7559065564c1b02d00ba0dfdbc44c2295bbff1106cfb3958a90a24084588,512,511,2.6611578464508057
E,17,a02,100,8,d6a1096ebd0ff82276e90c0a136cfcc37e73f2dee858508a3deba7cc22cd4c27,9216,511,2.153944730758667
E,17,a02,100,9,8c16089493008fe5b445fcef0c54b5f9ae247f6a640391a3d574d969be08df56,1536,511,2.710340976715088
E,17,a02,100,10,f861b8f4f1dc215e899fce14a74ecd8c8b799195704111d0c3563850d0430340,2048,511,2.4872207641601562
E,17,a02,100,11,1202f2c85983ad618a286718bd4a3932be53e588423ec000327fbbfa7d66e535,3584,511,2.4708340167999268
E,17,a02,100,12,a67e755faea05d6ca837fe044b98214900aec9322050808d94f1963df5ca2e85,512,511,2.511554718017578
E,17,a02,100,13,d9e42c96070c5efbbaf425e17f23a5b1a0b1e0404e271ea160d824fb7d2f256a,1536,511,3.1422312259674072
E,17,a02,100,14,c9573c7b74221b0da1642a0c92448dc77cc4a23923c69288d3f26f2f2be086d4,1024,511,2.8748347759246826
E,17,a02,100,15,64a74ab03ef783d2ba19cb9b89fe10f140e1c6fa0d57889e5dfa96324bbed610,0,511,2.0173239707946777
E,17,a02,100,16,1b03f1cd9a1f9f37a3f55981c9272522ae0075f6fb08b6190e7e2591773583f1,512,511,2.2667300701141357
E,17,a02,100,17,e0d87dc6c183a32c3e59afc1e1cd42f927e90df51a0ff754e44ceeb76f89fe72,1024,511,1.7946596145629883
E,17,a02,100,18,1063d77dff6bb7cd10daadeaeec2e8850c4f63386f515ece9b10be818faf7d33,2048,511,3.061190128326416
E,17,a02,100,19,49d8ed4909c242814839e82dffaee9ae5ec6fda9bdbaacbaf6d98f4a407fa88f,5120,511,2.353142261505127
E,17,a02,100,20,458761ef690ad92a02d167ea2644e9eb6055daae0ff5e8934b7097c9c0a94fb6,1536,511,2.106874942779541
E,17,a02,100,21,efa67b013c4515340d8305facfe6fabb04b013596d505ec162f1459967c6c02b,1536,511,2.6757030487060547
E,17,a02,100,22,430b207f11cc9fca2e6abfdfad0058d641efa06b03c188327525beae3bff09b4,1536,511,2.751267194747925
E,17,a02,100,23,10224e7ae1df610ffebc972b484a683b41029bdce6b35466d1b699827e35bb53,2048,511,2.3347702026367188
E,17,a02,100,24,f8da226fe39d295e2366279e9de00641e698745ba6b6d161f584a8a1f2b8d6a0,2048,511,3.12471342086792
E,17,a02,100,25,d6f01c7164f64f27c4ded075d175f71a1e7f3005d7302c0edf2fa8ca51e1ffea,1024,511,2.5859055519104004
E,17,a02,100,26,70826fed1eeac5c7e500a9f722b33f1885417135f36afce17930fc4bbd18c2b4,4096,511,2.5896618366241455
E,17,a02,100,27,676d464a4eaec6f643f16db5c78aed26a34ee406cc7a9c6ebe76515e8c563ccc,0,511,2.388601541519165
E,17,a02,100,28,9dc7a64f95a7b3099d2db5301a45fdefe4d867ea15cbadc926fd1cfd118c4744,3072,511,2.6186325550079346
E,17,a02,100,29,7105c481f704788c4b2f679abca882f01b30dd018e40b562b7656ca759cf8a4e,5120,511,2.3464667797088623
E,17,a02,100,30,0285c42e46acc57bf27c926840015d9800201644cc96d69d7e7253bf28eb2e90,1536,511,3.036918878555298
E,17,a02,100,31,32081ed1efc15f763e694901af2b1f9765bd8ef20aafb787d1d6bf1592e0410a,5120,511,2.6639046669006348
E,17,a02,100,32,2c4f27b502f2d3480e963e4a68311f6df355d3559167705870bd294dcfc00d1a,1024,511,3.2286086082458496
E,17,a02,100,33,9ddab433dc39ac5eefa8432eb0082882c365e23a5c29249687198b3e58fdad1f,2560,511,2.7685701847076416
E,17,a02,100,34,01fcc1a24c865e3d204b244a2d227ec365ccc5f611f550d43105b6277c9e6f63,1536,511,3.050100564956665
E,17,a02,100,35,aaad1a5cbffc9e125db9a05d2807a9d0651040104d25cfa7ce7f2a5b2e2086e1,1024,511,2.4009885787963867
E,17,a02,100,36,e25ac06e37522f0957c2cb0806eecc34da2f8db10ae8cc115af7d20b874f6224,512,511,1.756743311882019
E,17,a02,100,37,d5da7bd0121663b6edf61237e56b4dc90a59bdd3f836f7723a5ab5c34d6c1be0,0,511,2.261983633041382
E,17,a02,100,38,7feabb41bc4116cf9ddd1e08b238a70de3437ffb60232618ab6fafc22543b1c5,1536,511,1.8944244384765625
E,17,a02,100,39,7f4e6f225b82734ac97fb72b7bdd5ed77208044ed363817bd00fab38bed6084c,1536,511,2.44118070602417
E,17,a02,100,40,a3d4b60ea8383ab5f2fb9d3b104cdbb89651a6f572ad663056678887b4d2d667,1024,511,2.8049960136413574
E,17,a02,100,41,35f8ba2251973d2f837378c101accd0e649b67dd402c4509b78f0452dca80482,0,511,1.8205209970474243
E,17,a02,100,42,6f7c52dd830f9adb55b5052564b6027331257cbe7a337dcbe4369b86109ac557,0,511,2.2010860443115234
E,17,a02,100,43,874b7f0c28c1c112d38da2ce3e6603b817d2afb1a423dcfc6718c9fb1ebd2ddb,5632,511,2.5008978843688965
E,17,a02,100,44,4499f41f572afda80045cc7b149c7c01bfa99b3e546ec3778b65f776f3e67154,9216,511,2.649935245513916
E,17,a02,100,45,4579f5dba0662d35270215ad56a6c07ddb54396f3023949a7493da7b33cf5bc2,1536,511,2.774864912033081
E,17,a02,100,46,67ea63e2020d3fa3821782867a7afa97fa78e1be3c6ff97d8b950377a01f7a3b,0,511,2.0388262271881104
E,17,a02,100,47,8b72b1ba0b72e1faa8368d573546ed7a9a6b2b44e81edb8057bd7a04f5e9c933,1536,511,2.9397788047790527
E,17,a02,100,48,14aa9ebe6121a5c3d38160d97ff19328e466813462beeee68d1391cf6905193c,3072,511,2.677114963531494
E,17,a02,100,49,85278703ca1d3bc269d096d5572de636a703a6998b4327bdc5b444d334b9c177,1536,511,2.798941135406494
E,17,a02,100,50,f966fdde40abae385bfe799dfdfab537c886e427ab20a5dc4097d3becb2ce351,2048,511,3.2064552307128906
E,17,a02,100,51,c3fe0e54525739db453e760ca0e48da11ae8bc3ebe14a350d8e5709ed5c926bf,1536,511,2.3833398818969727
E,17,a02,100,52,0d7214d0d360077352f26a7670f062fc711d3b8163f0d76a786fbafde55ef3ca,1024,511,2.4142274856567383
E,17,a02,100,53,44567cca0f7ed6f2624dc6a03f0d5223a54d32a432071040c4cf7173ff6b4231,0,511,2.083204507827759
E,17,a02,100,54,5842cd9af7d81dbe22877345606428b7fc7244c00fd6f0061f0170601e9afd33,0,511,2.333594799041748
E,17,a02,100,55,0e1af7f1246327ef5559369dd3d8df7eae7e903f55d6595189ec64c10782ad5f,512,511,2.2061808109283447
E,17,a02,100,56,25049dea6f5fe73b549fbd902d603a133a5e454b227c3c9fe568c7880ed6618b,0,511,2.057833433151245
E,17,a02,100,57,37dc34e7b9bd72d359cfc00f2e49990acde101b903d19eaa4a6da82b714493e0,1024,511,2.18660044670105
E,17,a02,100,58,3938d05f4a501977d2521a921da001aea27c460a9983f6fdbf4d35be7018e9f7,0,511,2.472547769546509
E,17,a02,100,59,26b08f01fa673793dfa66415e2960b999caa2e5e047ef2891bf76514e38116e2,512,511,2.551577568054199
E,17,a02,100,60,c836ab3d06550b3a257eb0fb619f87c62b989ab156526f2b7472af4524155b1f,2560,511,2.3535404205322266
E,17,a02,100,61,e0a01a0175937971f62066d3ad8e84e0abf622e70cd6650f70734459ec923be2,512,511,2.7061781883239746
E,17,a02,100,62,3d13a708d985d25d78c1c15ea62a30c860c3d822f652f490e34509b522b27d75,0,511,1.9683252573013306
E,17,a02,100,63,3b4ad5d4faaf9898e388ae94680869597d2e442f7b436d89ff3225802a7275fc,0,511,2.229715347290039
E,17,a03,100,0,df3305d3c1efe89104be4ad8527fb07ba5605a836d990031c89eb0b2533b41ab,512,511,2.4807956218719482
E,17,a03,100,1,57e758e9ccc13d36db25081d7608e96b58ce07adce66d57aede2a47b90ef2128,1536,511,2.5028903484344482
E,17,a03,100,2,b9c168c32403a785cfd74718826a7d3435e8da2ea5590b50f7b9383381ceee58,512,511,2.5972273349761963
E,17,a03,100,3,909fd9bbc00c2ce37ed48c52ece9b921295e588f1e75e891a69fbb1f7bb2f56f,8192,511,2.5801379680633545
E,17,a03,100,4,17249b7e503c3cb40aa9978e58217fc24d6e9813c8f2863a8e28af153e7b1605,3584,511,2.787236213684082
E,17,a03,100,5,1498e3fa4882ad211de574fba67f15f597e97623a0a4026d0cf91fd972c8cb1f,2048,511,2.6953489780426025
E,17,a03,100,6,5671f56c83661b02a4e9b0e3f5666121601d3796daaf7b9b3ba9e1c2c8d1e159,7168,511,2.5125529766082764
E,17,a03,100,7,eb3b7559065564c1b02d00ba0dfdbc44c2295bbff1106cfb3958a90a24084588,512,511,2.647099018096924
E,17,a03,100,8,d6a1096ebd0ff82276e90c0a136cfcc37e73f2dee858508a3deba7cc22cd4c27,9216,511,2.1210110187530518
E,17,a03,100,9,8c16089493008fe5b445fcef0c54b5f9ae247f6a640391a3d574d969be08df56,1536,511,2.7208619117736816
E,17,a03,100,10,f861b8f4f1dc215e899fce14a74ecd8c8b799195704111d0c3563850d0430340,2048,511,2.46804141998291
E,17,a03,100,11,1202f2c85983ad618a286718bd4a3932be53e588423ec000327fbbfa7d66e535,3584,511,2.44295334815979
E,17,a03,100,12,a67e755faea05d6ca837fe044b98214900aec9322050808d94f1963df5ca2e85,512,511,2.5173964500427246
E,17,a03,100,13,d9e42c96070c5efbbaf425e17f23a5b1a0b1e0404e271ea160d824fb7d2f256a,1536,511,3.141300678253174
E,17,a03,100,14,c9573c7b74221b0da1642a0c92448dc77cc4a23923c69288d3f26f2f2be086d4,1024,511,2.8338963985443115
E,17,a03,100,15,64a74ab03ef783d2ba19cb9b89fe10f140e1c6fa0d57889e5dfa96324bbed610,0,511,2.043027639389038
E,17,a03,100,16,1b03f1cd9a1f9f37a3f55981c9272522ae0075f6fb08b6190e7e2591773583f1,512,511,2.2821922302246094
E,17,a03,100,17,e0d87dc6c183a32c3e59afc1e1cd42f927e90df51a0ff754e44ceeb76f89fe72,1024,511,1.822905421257019
E,17,a03,100,18,1063d77dff6bb7cd10daadeaeec2e8850c4f63386f515ece9b10be818faf7d33,2048,511,3.0973052978515625
E,17,a03,100,19,49d8ed4909c242814839e82dffaee9ae5ec6fda9bdbaacbaf6d98f4a407fa88f,5120,511,2.3470675945281982
E,17,a03,100,20,458761ef690ad92a02d167ea2644e9eb6055daae0ff5e8934b7097c9c0a94fb6,1536,511,2.1650516986846924
E,17,a03,100,21,efa67b013c4515340d8305facfe6fabb04b013596d505ec162f1459967c6c02b,1536,511,2.69284725189209
E,17,a03,100,22,430b207f11cc9fca2e6abfdfad0058d641efa06b03c188327525beae3bff09b4,1536,511,2.760751962661743
E,17,a03,100,23,10224e7ae1df610ffebc972b484a683b41029bdce6b35466d1b699827e35bb53,2048,511,2.3342645168304443
E,17,a03,100,24,f8da226fe39d295e2366279e9de00641e698745ba6b6d161f584a8a1f2b8d6a0,2048,511,3.132838487625122
E,17,a03,100,25,d6f01c7164f64f27c4ded075d175f71a1e7f3005d7302c0edf2fa8ca51e1ffea,1024,511,2.573420524597168
E,17,a03,100,26,70826fed1eeac5c7e500a9f722b33f1885417135f36afce17930fc4bbd18c2b4,4096,511,2.6177937984466553
E,17,a03,100,27,676d464a4eaec6f643f16db5c78aed26a34ee406cc7a9c6ebe76515e8c563ccc,0,511,2.3492541313171387
E,17,a03,100,28,9dc7a64f95a7b3099d2db5301a45fdefe4d867ea15cbadc926fd1cfd118c4744,3072,511,2.5925989151000977
E,17,a03,100,29,7105c481f704788c4b2f679abca882f01b30dd018e40b562b7656ca759cf8a4e,5120,511,2.408142566680908
E,17,a03,100,30,0285c42e46acc57bf27c926840015d9800201644cc96d69d7e7253bf28eb2e90,1536,511,3.0427820682525635
E,17,a03,100,31,32081ed1efc15f763e694901af2b1f9765bd8ef20aafb787d1d6bf1592e0410a,5120,511,2.6584761142730713
E,17,a03,100,32,2c4f27b502f2d3480e963e4a68311f6df355d3559167705870bd294dcfc00d1a,1024,511,3.2728943824768066
E,17,a03,100,33,9ddab433dc39ac5eefa8432eb0082882c365e23a5c29249687198b3e58fdad1f,2560,511,2.775912284851074
E,17,a03,100,34,01fcc1a24c865e3d204b244a2d227ec365ccc5f611f550d43105b6277c9e6f63,1536,511,3.0831305980682373
E,17,a03,100,35,aaad1a5cbffc9e125db9a05d2807a9d0651040104d25cfa7ce7f2a5b2e2086e1,1024,511,2.344942808151245
E,17,a03,100,36,e25ac06e37522f0957c2cb0806eecc34da2f8db10ae8cc115af7d20b874f6224,512,511,1.7460259199142456
E,17,a03,100,37,d5da7bd0121663b6edf61237e56b4dc90a59bdd3f836f7723a5ab5c34d6c1be0,0,511,2.245476484298706
E,17,a03,100,38,7feabb41bc4116cf9ddd1e08b238a70de3437ffb60232618ab6fafc22543b1c5,1536,511,1.857811450958252
E,17,a03,100,39,7f4e6f225b82734ac97fb72b7bdd5ed77208044ed363817bd00fab38bed6084c,1536,511,2.4080545902252197
E,17,a03,100,40,a3d4b60ea8383ab5f2fb9d3b104cdbb89651a6f572ad663056678887b4d2d667,1024,511,2.8886196613311768
E,17,a03,100,41,35f8ba2251973d2f837378c101accd0e649b67dd402c4509b78f0452dca80482,0,511,1.8207095861434937
E,17,a03,100,42,6f7c52dd830f9adb55b5052564b6027331257cbe7a337dcbe4369b86109ac557,0,511,2.178445816040039
E,17,a03,100,43,874b7f0c28c1c112d38da2ce3e6603b817d2afb1a423dcfc6718c9fb1ebd2ddb,5632,511,2.5043296813964844
E,17,a03,100,44,4499f41f572afda80045cc7b149c7c01bfa99b3e546ec3778b65f776f3e67154,9216,511,2.663058042526245
E,17,a03,100,45,4579f5dba0662d35270215ad56a6c07ddb54396f3023949a7493da7b33cf5bc2,1536,511,2.804415464401245
E,17,a03,100,46,67ea63e2020d3fa3821782867a7afa97fa78e1be3c6ff97d8b950377a01f7a3b,0,511,2.061199426651001
E,17,a03,100,47,8b72b1ba0b72e1faa8368d573546ed7a9a6b2b44e81edb8057bd7a04f5e9c933,1536,511,2.9440324306488037
E,17,a03,100,48,14aa9ebe6121a5c3d38160d97ff19328e466813462beeee68d1391cf6905193c,3072,511,2.674539566040039
E,17,a03,100,49,85278703ca1d3bc269d096d5572de636a703a6998b4327bdc5b444d334b9c177,1536,511,2.7527358531951904
E,17,a03,100,50,f966fdde40abae385bfe799dfdfab537c886e427ab20a5dc4097d3becb2ce351,2048,511,3.203124523162842
E,17,a03,100,51,c3fe0e54525739db453e760ca0e48da11ae8bc3ebe14a350d8e5709ed5c926bf,1536,511,2.3234236240386963
E,17,a03,100,52,0d7214d0d360077352f26a7670f062fc711d3b8163f0d76a786fbafde55ef3ca,1024,511,2.362339973449707
E,17,a03,100,53,44567cca0f7ed6f2624dc6a03f0d5223a54d32a432071040c4cf7173ff6b4231,0,511,2.0516257286071777
E,17,a03,100,54,5842cd9af7d81dbe22877345606428b7fc7244c00fd6f0061f0170601e9afd33,0,511,2.2911808490753174
E,17,a03,100,55,0e1af7f1246327ef5559369dd3d8df7eae7e903f55d6595189ec64c10782ad5f,512,511,2.164884090423584
E,17,a03,100,56,25049dea6f5fe73b549fbd902d603a133a5e454b227c3c9fe568c7880ed6618b,0,511,2.0723557472229004
E,17,a03,100,57,37dc34e7b9bd72d359cfc00f2e49990acde101b903d19eaa4a6da82b714493e0,1024,511,2.1875085830688477
E,17,a03,100,58,3938d05f4a501977d2521a921da001aea27c460a9983f6fdbf4d35be7018e9f7,0,511,2.50281023979187
E,17,a03,100,59,26b08f01fa673793dfa66415e2960b999caa2e5e047ef2891bf76514e38116e2,512,511,2.5982823371887207
E,17,a03,100,60,c836ab3d06550b3a257eb0fb619f87c62b989ab156526f2b7472af4524155b1f,2560,511,2.340757131576538
E,17,a03,100,61,e0a01a0175937971f62066d3ad8e84e0abf622e70cd6650f70734459ec923be2,512,511,2.652329206466675
E,17,a03,100,62,3d13a708d985d25d78c1c15ea62a30c860c3d822f652f490e34509b522b27d75,0,511,1.9337221384048462
E,17,a03,100,63,3b4ad5d4faaf9898e388ae94680869597d2e442f7b436d89ff3225802a7275fc,0,511,2.2583823204040527
E,17,a04,100,0,df3305d3c1efe89104be4ad8527fb07ba5605a836d990031c89eb0b2533b41ab,512,511,2.4831626415252686
E,17,a04,100,1,57e758e9ccc13d36db25081d7608e96b58ce07adce66d57aede2a47b90ef2128,1536,511,2.52763295173645
E,17,a04,100,2,b9c168c32403a785cfd74718826a7d3435e8da2ea5590b50f7b9383381ceee58,512,511,2.612769603729248
E,17,a04,100,3,909fd9bbc00c2ce37ed48c52ece9b921295e588f1e75e891a69fbb1f7bb2f56f,8192,511,2.5233957767486572
E,17,a04,100,4,17249b7e503c3cb40aa9978e58217fc24d6e9813c8f2863a8e28af153e7b1605,3584,511,2.744649648666382
E,17,a04,100,5,1498e3fa4882ad211de574fba67f15f597e97623a0a4026d0cf91fd972c8cb1f,2048,511,2.7274787425994873
E,17,a04,100,6,5671f56c83661b02a4e9b0e3f5666121601d3796daaf7b9b3ba9e1c2c8d1e159,7168,511,2.5283203125
E,17,a04,100,7,eb3b7559065564c1b02d00ba0dfdbc44c2295bbff1106cfb3958a90a24084588,512,511,2.6602723598480225
E,17,a04,100,8,d6a1096ebd0ff82276e90c0a136cfcc37e73f2dee858508a3deba7cc22cd4c27,9216,511,2.1220407485961914
E,17,a04,100,9,8c16089493008fe5b445fcef0c54b5f9ae247f6a640391a3d574d969be08df56,1536,511,2.762500286102295
E,17,a04,100,10,f861b8f4f1dc215e899fce14a74ecd8c8b799195704111d0c3563850d0430340,2048,511,2.5636539459228516
E,17,a04,100,11,1202f2c85983ad618a286718bd4a3932be53e588423ec000327fbbfa7d66e535,3584,511,2.4765801429748535
E,17,a04,100,12,a67e755faea05d6ca837fe044b98214900aec9322050808d94f1963df5ca2e85,512,511,2.5226030349731445
E,17,a04,100,13,d9e42c96070c5efbbaf425e17f23a5b1a0b1e0404e271ea160d824fb7d2f256a,1536,511,3.186250925064087
E,17,a04,100,14,c9573c7b74221b0da1642a0c92448dc77cc4a23923c69288d3f26f2f2be086d4,1024,511,2.849863052368164
E,17,a04,100,15,64a74ab03ef783d2ba19cb9b89fe10f140e1c6fa0d57889e5dfa96324bbed610,0,511,2.071815013885498
E,17,a04,100,16,1b03f1cd9a1f9f37a3f55981c9272522ae0075f6fb08b6190e7e2591773583f1,512,511,2.291566848754883
E,17,a04,100,17,e0d87dc6c183a32c3e59afc1e1cd42f927e90df51a0ff754e44ceeb76f89fe72,1024,511,1.8168987035751343
E,17,a04,100,18,1063d77dff6bb7cd10daadeaeec2e8850c4f63386f515ece9b10be818faf7d33,2048,511,3.054323434829712
E,17,a04,100,19,49d8ed4909c242814839e82dffaee9ae5ec6fda9bdbaacbaf6d98f4a407fa88f,5120,511,2.350128650665283
E,17,a04,100,20,458761ef690ad92a02d167ea2644e9eb6055daae0ff5e8934b7097c9c0a94fb6,1536,511,2.0908124446868896
E,17,a04,100,21,efa67b013c4515340d8305facfe6fabb04b013596d505ec162f1459967c6c02b,1536,511,2.72814679145813
E,17,a04,100,22,430b207f11cc9fca2e6abfdfad0058d641efa06b03c188327525beae3bff09b4,1536,511,2.744168519973755
E,17,a04,100,23,10224e7ae1df610ffebc972b484a683b41029bdce6b35466d1b699827e35bb53,2048,511,2.350721836090088
E,17,a04,100,24,f8da226fe39d295e2366279e9de00641e698745ba6b6d161f584a8a1f2b8d6a0,2048,511,3.135434627532959
E,17,a04,100,25,d6f01c7164f64f27c4ded075d175f71a1e7f3005d7302c0edf2fa8ca51e1ffea,1024,511,2.597559690475464
E,17,a04,100,26,70826fed1eeac5c7e500a9f722b33f1885417135f36afce17930fc4bbd18c2b4,4096,511,2.6426265239715576
E,17,a04,100,27,676d464a4eaec6f643f16db5c78aed26a34ee406cc7a9c6ebe76515e8c563ccc,0,511,2.4516592025756836
E,17,a04,100,28,9dc7a64f95a7b3099d2db5301a45fdefe4d867ea15cbadc926fd1cfd118c4744,3072,511,2.6308798789978027
E,17,a04,100,29,7105c481f704788c4b2f679abca882f01b30dd018e40b562b7656ca759cf8a4e,5120,511,2.402571201324463
E,17,a04,100,30,0285c42e46acc57bf27c926840015d9800201644cc96d69d7e7253bf28eb2e90,1536,511,3.040881872177124
E,17,a04,100,31,32081ed1efc15f763e694901af2b1f9765bd8ef20aafb787d1d6bf1592e0410a,5120,511,2.630554676055908
E,17,a04,100,32,2c4f27b502f2d3480e963e4a68311f6df355d3559167705870bd294dcfc00d1a,1024,511,3.223069906234741
E,17,a04,100,33,9ddab433dc39ac5eefa8432eb0082882c365e23a5c29249687198b3e58fdad1f,2560,511,2.815023422241211
E,17,a04,100,34,01fcc1a24c865e3d204b244a2d227ec365ccc5f611f550d43105b6277c9e6f63,1536,511,3.0383365154266357
E,17,a04,100,35,aaad1a5cbffc9e125db9a05d2807a9d0651040104d25cfa7ce7f2a5b2e2086e1,1024,511,2.37457537651062
E,17,a04,100,36,e25ac06e37522f0957c2cb0806eecc34da2f8db10ae8cc115af7d20b874f6224,512,511,1.7729140520095825
E,17,a04,100,37,d5da7bd0121663b6edf61237e56b4dc90a59bdd3f836f7723a5ab5c34d6c1be0,0,511,2.294203042984009
E,17,a04,100,38,7feabb41bc4116cf9ddd1e08b238a70de3437ffb60232618ab6fafc22543b1c5,1536,511,1.8860291242599487
E,17,a04,100,39,7f4e6f225b82734ac97fb72b7bdd5ed77208044ed363817bd00fab38bed6084c,1536,511,2.4779014587402344
E,17,a04,100,40,a3d4b60ea8383ab5f2fb9d3b104cdbb89651a6f572ad663056678887b4d2d667,1024,511,2.776777505874634
E,17,a04,100,41,35f8ba2251973d2f837378c101accd0e649b67dd402c4509b78f0452dca80482,0,511,1.8180391788482666
E,17,a04,100,42,6f7c52dd830f9adb55b5052564b6027331257cbe7a337dcbe4369b86109ac557,0,511,2.1945321559906006
E,17,a04,100,43,874b7f0c28c1c112d38da2ce3e6603b817d2afb1a423dcfc6718c9fb1ebd2ddb,5632,511,2.4293582439422607
E,17,a04,100,44,4499f41f572afda80045cc7b149c7c01bfa99b3e546ec3778b65f776f3e67154,9216,511,2.671733856201172
E,17,a04,100,45,4579f5dba0662d35270215ad56a6c07ddb54396f3023949a7493da7b33cf5bc2,1536,511,2.783733367919922
E,17,a04,100,46,67ea63e2020d3fa3821782867a7afa97fa78e1be3c6ff97d8b950377a01f7a3b,0,511,2.056025505065918
E,17,a04,100,47,8b72b1ba0b72e1faa8368d573546ed7a9a6b2b44e81edb8057bd7a04f5e9c933,1536,511,2.9692459106445312
E,17,a04,100,48,14aa9ebe6121a5c3d38160d97ff19328e466813462beeee68d1391cf6905193c,3072,511,2.7264232635498047
E,17,a04,100,49,85278703ca1d3bc269d096d5572de636a703a6998b4327bdc5b444d334b9c177,1536,511,2.800255537033081
E,17,a04,100,50,f966fdde40abae385bfe799dfdfab537c886e427ab20a5dc4097d3becb2ce351,2048,511,3.1831488609313965
E,17,a04,100,51,c3fe0e54525739db453e760ca0e48da11ae8bc3ebe14a350d8e5709ed5c926bf,1536,511,2.3767404556274414
E,17,a04,100,52,0d7214d0d360077352f26a7670f062fc711d3b8163f0d76a786fbafde55ef3ca,1024,511,2.427704334259033
E,17,a04,100,53,44567cca0f7ed6f2624dc6a03f0d5223a54d32a432071040c4cf7173ff6b4231,0,511,2.164308547973633
E,17,a04,100,54,5842cd9af7d81dbe22877345606428b7fc7244c00fd6f0061f0170601e9afd33,0,511,2.3504130840301514
E,17,a04,100,55,0e1af7f1246327ef5559369dd3d8df7eae7e903f55d6595189ec64c10782ad5f,512,511,2.134620189666748
E,17,a04,100,56,25049dea6f5fe73b549fbd902d603a133a5e454b227c3c9fe568c7880ed6618b,0,511,2.0845463275909424
E,17,a04,100,57,37dc34e7b9bd72d359cfc00f2e49990acde101b903d19eaa4a6da82b714493e0,1024,511,2.212390422821045
E,17,a04,100,58,3938d05f4a501977d2521a921da001aea27c460a9983f6fdbf4d35be7018e9f7,0,511,2.591770648956299
E,17,a04,100,59,26b08f01fa673793dfa66415e2960b999caa2e5e047ef2891bf76514e38116e2,512,511,2.5814292430877686
E,17,a04,100,60,c836ab3d06550b3a257eb0fb619f87c62b989ab156526f2b7472af4524155b1f,2560,511,2.439671516418457
E,17,a04,100,61,e0a01a0175937971f62066d3ad8e84e0abf622e70cd6650f70734459ec923be2,512,511,2.6980063915252686
E,17,a04,100,62,3d13a708d985d25d78c1c15ea62a30c860c3d822f652f490e34509b522b27d75,0,511,1.9859890937805176
E,17,a04,100,63,3b4ad5d4faaf9898e388ae94680869597d2e442f7b436d89ff3225802a7275fc,0,511,2.2763752937316895
E,17,a05,100,0,df3305d3c1efe89104be4ad8527fb07ba5605a836d990031c89eb0b2533b41ab,512,511,2.498785972595215
E,17,a05,100,1,57e758e9ccc13d36db25081d7608e96b58ce07adce66d57aede2a47b90ef2128,1536,511,2.5041589736938477
E,17,a05,100,2,b9c168c32403a785cfd74718826a7d3435e8da2ea5590b50f7b9383381ceee58,512,511,2.5916130542755127
E,17,a05,100,3,909fd9bbc00c2ce37ed48c52ece9b921295e588f1e75e891a69fbb1f7bb2f56f,8192,511,2.5435376167297363
E,17,a05,100,4,17249b7e503c3cb40aa9978e58217fc24d6e9813c8f2863a8e28af153e7b1605,3584,511,2.7296812534332275
E,17,a05,100,5,1498e3fa4882ad211de574fba67f15f597e97623a0a4026d0cf91fd972c8cb1f,2048,511,2.661494731903076
E,17,a05,100,6,5671f56c83661b02a4e9b0e3f5666121601d3796daaf7b9b3ba9e1c2c8d1e159,7168,511,2.520127058029175
E,17,a05,100,7,eb3b7559065564c1b02d00ba0dfdbc44c2295bbff1106cfb3958a90a24084588,512,511,2.658252239227295
E,17,a05,100,8,d6a1096ebd0ff82276e90c0a136cfcc37e73f2dee858508a3deba7cc22cd4c27,9216,511,2.145188093185425
E,17,a05,100,9,8c16089493008fe5b445fcef0c54b5f9ae247f6a640391a3d574d969be08df56,1536,511,2.7622690200805664
E,17,a05,100,10,f861b8f4f1dc215e899fce14a74ecd8c8b799195704111d0c3563850d0430340,2048,511,2.519552707672119
E,17,a05,100,11,1202f2c85983ad618a286718bd4a3932be53e588423ec000327fbbfa7d66e535,3584,511,2.505953311920166
E,17,a05,100,12,a67e755faea05d6ca837fe044b98214900aec9322050808d94f1963df5ca2e85,512,511,2.550973892211914
E,17,a05,100,13,d9e42c96070c5efbbaf425e17f23a5b1a0b1e0404e271ea160d824fb7d2f256a,1536,511,3.1668355464935303
E,17,a05,100,14,c9573c7b74221b0da1642a0c92448dc77cc4a23923c69288d3f26f2f2be086d4,1024,511,2.837368965148926
E,17,a05,100,15,64a74ab03ef783d2ba19cb9b89fe10f140e1c6fa0d57889e5dfa96324bbed610,0,511,2.042576313018799
E,17,a05,100,16,1b03f1cd9a1f9f37a3f55981c9272522ae0075f6fb08b6190e7e2591773583f1,512,511,2.252732992172241
E,17,a05,100,17,e0d87dc6c183a32c3e59afc1e1cd42f927e90df51a0ff754e44ceeb76f89fe72,1024,511,1.81391441822052
E,17,a05,100,18,1063d77dff6bb7cd10daadeaeec2e8850c4f63386f515ece9b10be818faf7d33,2048,511,3.0745582580566406
E,17,a05,100,19,49d8ed4909c242814839e82dffaee9ae5ec6fda9bdbaacbaf6d98f4a407fa88f,5120,511,2.3607184886932373
E,17,a05,100,20,458761ef690ad92a02d167ea2644e9eb6055daae0ff5e8934b7097c9c0a94fb6,1536,511,2.08602237701416
E,17,a05,100,21,efa67b013c4515340d8305facfe6fabb04b013596d505ec162f1459967c6c02b,1536,511,2.7176668643951416
E,17,a05,100,22,430b207f11cc9fca2e6abfdfad0058d641efa06b03c188327525beae3bff09b4,1536,511,2.727696418762207
E,17,a05,100,23,10224e7ae1df610ffebc972b484a683b41029bdce6b35466d1b699827e35bb53,2048,511,2.3515326976776123
E,17,a05,100,24,f8da226fe39d295e2366279e9de00641e698745ba6b6d161f584a8a1f2b8d6a0,2048,511,3.130206346511841
E,17,a05,100,25,d6f01c7164f64f27c4ded075d175f71a1e7f3005d7302c0edf2fa8ca51e1ffea,1024,511,2.5960309505462646
E,17,a05,100,26,70826fed1eeac5c7e500a9f722b33f1885417135f36afce17930fc4bbd18c2b4,4096,511,2.6277284622192383
E,17,a05,100,27,676d464a4eaec6f643f16db5c78aed26a34ee406cc7a9c6ebe76515e8c563ccc,0,511,2.3968143463134766
E,17,a05,100,28,9dc7a64f95a7b3099d2db5301a45fdefe4d867ea15cbadc926fd1cfd118c4744,3072,511,2.5756583213806152
E,17,a05,100,29,7105c481f704788c4b2f679abca882f01b30dd018e40b562b7656ca759cf8a4e,5120,511,2.4242327213287354
E,17,a05,100,30,0285c42e46acc57bf27c926840015d9800201644cc96d69d7e7253bf28eb2e90,1536,511,3.054422378540039
E,17,a05,100,31,32081ed1efc15f763e694901af2b1f9765bd8ef20aafb787d1d6bf1592e0410a,5120,511,2.6266748905181885
E,17,a05,100,32,2c4f27b502f2d3480e963e4a68311f6df355d3559167705870bd294dcfc00d1a,1024,511,3.2322463989257812
E,17,a05,100,33,9ddab433dc39ac5eefa8432eb0082882c365e23a5c29249687198b3e58fdad1f,2560,511,2.843862295150757
E,17,a05,100,34,01fcc1a24c865e3d204b244a2d227ec365ccc5f611f550d43105b6277c9e6f63,1536,511,3.0537171363830566
E,17,a05,100,35,aaad1a5cbffc9e125db9a05d2807a9d0651040104d25cfa7ce7f2a5b2e2086e1,1024,511,2.3675248622894287
E,17,a05,100,36,e25ac06e37522f0957c2cb0806eecc34da2f8db10ae8cc115af7d20b874f6224,512,511,1.7469708919525146
E,17,a05,100,37,d5da7bd0121663b6edf61237e56b4dc90a59bdd3f836f7723a5ab5c34d6c1be0,0,511,2.301100015640259
E,17,a05,100,38,7feabb41bc4116cf9ddd1e08b238a70de3437ffb60232618ab6fafc22543b1c5,1536,511,1.8739402294158936
E,17,a05,100,39,7f4e6f225b82734ac97fb72b7bdd5ed77208044ed363817bd00fab38bed6084c,1536,511,2.4369397163391113
E,17,a05,100,40,a3d4b60ea8383ab5f2fb9d3b104cdbb89651a6f572ad663056678887b4d2d667,1024,511,2.791332721710205
E,17,a05,100,41,35f8ba2251973d2f837378c101accd0e649b67dd402c4509b78f0452dca80482,0,511,1.8081914186477661
E,17,a05,100,42,6f7c52dd830f9adb55b5052564b6027331257cbe7a337dcbe4369b86109ac557,0,511,2.1687936782836914
E,17,a05,100,43,874b7f0c28c1c112d38da2ce3e6603b817d2afb1a423dcfc6718c9fb1ebd2ddb,5632,511,2.436007022857666
E,17,a05,100,44,4499f41f572afda80045cc7b149c7c01bfa99b3e546ec3778b65f776f3e67154,9216,511,2.660062551498413
E,17,a05,100,45,4579f5dba0662d35270215ad56a6c07ddb54396f3023949a7493da7b33cf5bc2,1536,511,2.7854390144348145
E,17,a05,100,46,67ea63e2020d3fa3821782867a7afa97fa78e1be3c6ff97d8b950377a01f7a3b,0,511,2.0176992416381836
E,17,a05,100,47,8b72b1ba0b72e1faa8368d573546ed7a9a6b2b44e81edb8057bd7a04f5e9c933,1536,511,2.9683549404144287
E,17,a05,100,48,14aa9ebe6121a5c3d38160d97ff19328e466813462beeee68d1391cf6905193c,3072,511,2.718629837036133
E,17,a05,100,49,85278703ca1d3bc269d096d5572de636a703a6998b4327bdc5b444d334b9c177,1536,511,2.772963523864746
E,17,a05,100,50,f966fdde40abae385bfe799dfdfab537c886e427ab20a5dc4097d3becb2ce351,2048,511,3.171640157699585
E,17,a05,100,51,c3fe0e54525739db453e760ca0e48da11ae8bc3ebe14a350d8e5709ed5c926bf,1536,511,2.3188154697418213
E,17,a05,100,52,0d7214d0d360077352f26a7670f062fc711d3b8163f0d76a786fbafde55ef3ca,1024,511,2.432865619659424
E,17,a05,100,53,44567cca0f7ed6f2624dc6a03f0d5223a54d32a432071040c4cf7173ff6b4231,0,511,2.1164793968200684
E,17,a05,100,54,5842cd9af7d81dbe22877345606428b7fc7244c00fd6f0061f0170601e9afd33,0,511,2.3189306259155273
E,17,a05,100,55,0e1af7f1246327ef5559369dd3d8df7eae7e903f55d6595189ec64c10782ad5f,512,511,2.158377170562744
E,17,a05,100,56,25049dea6f5fe73b549fbd902d603a133a5e454b227c3c9fe568c7880ed6618b,0,511,2.0860142707824707
E,17,a05,100,57,37dc34e7b9bd72d359cfc00f2e49990acde101b903d19eaa4a6da82b714493e0,1024,511,2.2394227981567383
E,17,a05,100,58,3938d05f4a501977d2521a921da001aea27c460a9983f6fdbf4d35be7018e9f7,0,511,2.5587973594665527
E,17,a05,100,59,26b08f01fa673793dfa66415e2960b999caa2e5e047ef2891bf76514e38116e2,512,511,2.561168909072876
E,17,a05,100,60,c836ab3d06550b3a257eb0fb619f87c62b989ab156526f2b7472af4524155b1f,2560,511,2.369335651397705
E,17,a05,100,61,e0a01a0175937971f62066d3ad8e84e0abf622e70cd6650f70734459ec923be2,512,511,2.700181007385254
E,17,a05,100,62,3d13a708d985d25d78c1c15ea62a30c860c3d822f652f490e34509b522b27d75,0,511,1.9676482677459717
E,17,a05,100,63,3b4ad5d4faaf9898e388ae94680869597d2e442f7b436d89ff3225802a7275fc,0,511,2.2815325260162354
E,17,a06,100,0,df3305d3c1efe89104be4ad8527fb07ba5605a836d990031c89eb0b2533b41ab,512,511,2.511845111846924
E,17,a06,100,1,57e758e9ccc13d36db25081d7608e96b58ce07adce66d57aede2a47b90ef2128,1536,511,2.516592502593994
E,17,a06,100,2,b9c168c32403a785cfd74718826a7d3435e8da2ea5590b50f7b9383381ceee58,512,511,2.5946695804595947
E,17,a06,100,3,909fd9bbc00c2ce37ed48c52ece9b921295e588f1e75e891a69fbb1f7bb2f56f,8192,511,2.6117141246795654
E,17,a06,100,4,17249b7e503c3cb40aa9978e58217fc24d6e9813c8f2863a8e28af153e7b1605,3584,511,2.7576985359191895
E,17,a06,100,5,1498e3fa4882ad211de574fba67f15f597e97623a0a4026d0cf91fd972c8cb1f,2048,511,2.7086524963378906
E,17,a06,100,6,5671f56c83661b02a4e9b0e3f5666121601d3796daaf7b9b3ba9e1c2c8d1e159,7168,511,2.530688762664795
E,17,a06,100,7,eb3b7559065564c1b02d00ba0dfdbc44c2295bbff1106cfb3958a90a24084588,512,511,2.687697410583496
E,17,a06,100,8,d6a1096ebd0ff82276e90c0a136cfcc37e73f2dee858508a3deba7cc22cd4c27,9216,511,2.1504335403442383
E,17,a06,100,9,8c16089493008fe5b445fcef0c54b5f9ae247f6a640391a3d574d969be08df56,1536,511,2.722961664199829
E,17,a06,100,10,f861b8f4f1dc215e899fce14a74ecd8c8b799195704111d0c3563850d0430340,2048,511,2.5158324241638184
E,17,a06,100,11,1202f2c85983ad618a286718bd4a3932be53e588423ec000327fbbfa7d66e535,3584,511,2.495643138885498
E,17,a06,100,12,a67e755faea05d6ca837fe044b98214900aec9322050808d94f1963df5ca2e85,512,511,2.521047830581665
E,17,a06,100,13,d9e42c96070c5efbbaf425e17f23a5b1a0b1e0404e271ea160d824fb7d2f256a,1536,511,3.157332420349121
E,17,a06,100,14,c9573c7b74221b0da1642a0c92448dc77cc4a23923c69288d3f26f2f2be086d4,1024,511,2.859886884689331
E,17,a06,100,15,64a74ab03ef783d2ba19cb9b89fe10f140e1c6fa0d57889e5dfa96324bbed610,0,511,2.016735315322876
E,17,a06,100,16,1b03f1cd9a1f9f37a3f55981c9272522ae0075f6fb08b6190e7e2591773583f1,512,511,2.2907309532165527
E,17,a06,100,17,e0d87dc6c183a32c3e59afc1e1cd42f927e90df51a0ff754e44ceeb76f89fe72,1024,511,1.8388899564743042
E,17,a06,100,18,1063d77dff6bb7cd10daadeaeec2e8850c4f63386f515ece9b10be818faf7d33,2048,511,3.091862916946411
E,17,a06,100,19,49d8ed4909c242814839e82dffaee9ae5ec6fda9bdbaacbaf6d98f4a407fa88f,5120,511,2.4244465827941895
E,17,a06,100,20,458761ef690ad92a02d167ea2644e9eb6055daae0ff5e8934b7097c9c0a94fb6,1536,511,2.1533730030059814
E,17,a06,100,21,efa67b013c4515340d8305facfe6fabb04b013596d505ec162f1459967c6c02b,1536,511,2.69124436378479
E,17,a06,100,22,430b207f11cc9fca2e6abfdfad0058d641efa06b03c188327525beae3bff09b4,1536,511,2.8228845596313477
E,17,a06,100,23,10224e7ae1df610ffebc972b484a683b41029bdce6b35466d1b699827e35bb53,2048,511,2.3258016109466553
E,17,a06,100,24,f8da226fe39d295e2366279e9de00641e698745ba6b6d161f584a8a1f2b8d6a0,2048,511,3.12221622467041
E,17,a06,100,25,d6f01c7164f64f27c4ded075d175f71a1e7f3005d7302c0edf2fa8ca51e1ffea,1024,511,2.586618661880493
E,17,a06,100,26,70826fed1eeac5c7e500a9f722b33f1885417135f36afce17930fc4bbd18c2b4,4096,511,2.6131343841552734
E,17,a06,100,27,676d464a4eaec6f643f16db5c78aed26a34ee406cc7a9c6ebe76515e8c563ccc,0,511,2.3553671836853027
E,17,a06,100,28,9dc7a64f95a7b3099d2db5301a45fdefe4d867ea15cbadc926fd1cfd118c4744,3072,511,2.644387722015381
E,17,a06,100,29,7105c481f704788c4b2f679abca882f01b30dd018e40b562b7656ca759cf8a4e,5120,511,2.395688056945801
E,17,a06,100,30,0285c42e46acc57bf27c926840015d9800201644cc96d69d7e7253bf28eb2e90,1536,511,3.0403473377227783
E,17,a06,100,31,32081ed1efc15f763e694901af2b1f9765bd8ef20aafb787d1d6bf1592e0410a,5120,511,2.6660172939300537
E,17,a06,100,32,2c4f27b502f2d3480e963e4a68311f6df355d3559167705870bd294dcfc00d1a,1024,511,3.237271547317505
E,17,a06,100,33,9ddab433dc39ac5eefa8432eb0082882c365e23a5c29249687198b3e58fdad1f,2560,511,2.7913410663604736
E,17,a06,100,34,01fcc1a24c865e3d204b244a2d227ec365ccc5f611f550d43105b6277c9e6f63,1536,511,3.092170238494873
E,17,a06,100,35,aaad1a5cbffc9e125db9a05d2807a9d0651040104d25cfa7ce7f2a5b2e2086e1,1024,511,2.406285285949707
E,17,a06,100,36,e25ac06e37522f0957c2cb0806eecc34da2f8db10ae8cc115af7d20b874f6224,512,511,1.8306434154510498
E,17,a06,100,37,d5da7bd0121663b6edf61237e56b4dc90a59bdd3f836f7723a5ab5c34d6c1be0,0,511,2.2386348247528076
E,17,a06,100,38,7feabb41bc4116cf9ddd1e08b238a70de3437ffb60232618ab6fafc22543b1c5,1536,511,1.9297789335250854
E,17,a06,100,39,7f4e6f225b82734ac97fb72b7bdd5ed77208044ed363817bd00fab38bed6084c,1536,511,2.4456403255462646
E,17,a06,100,40,a3d4b60ea8383ab5f2fb9d3b104cdbb89651a6f572ad663056678887b4d2d667,1024,511,2.811624765396118
E,17,a06,100,41,35f8ba2251973d2f837378c101accd0e649b67dd402c4509b78f0452dca80482,0,511,1.8410649299621582
E,17,a06,100,42,6f7c52dd830f9adb55b5052564b6027331257cbe7a337dcbe4369b86109ac557,0,511,2.185661554336548
E,17,a06,100,43,874b7f0c28c1c112d38da2ce3e6603b817d2afb1a423dcfc6718c9fb1ebd2ddb,5632,511,2.534372091293335
E,17,a06,100,44,4499f41f572afda80045cc7b149c7c01bfa99b3e546ec3778b65f776f3e67154,9216,511,2.682713508605957
E,17,a06,100,45,4579f5dba0662d35270215ad56a6c07ddb54396f3023949a7493da7b33cf5bc2,1536,511,2.7924163341522217
E,17,a06,100,46,67ea63e2020d3fa3821782867a7afa97fa78e1be3c6ff97d8b950377a01f7a3b,0,511,2.0700998306274414
E,17,a06,100,47,8b72b1ba0b72e1faa8368d573546ed7a9a6b2b44e81edb8057bd7a04f5e9c933,1536,511,2.9785518646240234
E,17,a06,100,48,14aa9ebe6121a5c3d38160d97ff19328e466813462beeee68d1391cf6905193c,3072,511,2.719881534576416
E,17,a06,100,49,85278703ca1d3bc269d096d5572de636a703a6998b4327bdc5b444d334b9c177,1536,511,2.8172647953033447
E,17,a06,100,50,f966fdde40abae385bfe799dfdfab537c886e427ab20a5dc4097d3becb2ce351,2048,511,3.248169183731079
E,17,a06,100,51,c3fe0e54525739db453e760ca0e48da11ae8bc3ebe14a350d8e5709ed5c926bf,1536,511,2.4151525497436523
E,17,a06,100,52,0d7214d0d360077352f26a7670f062fc711d3b8163f0d76a786fbafde55ef3ca,1024,511,2.4052088260650635
E,17,a06,100,53,44567cca0f7ed6f2624dc6a03f0d5223a54d32a432071040c4cf7173ff6b4231,0,511,2.106145143508911
E,17,a06,100,54,5842cd9af7d81dbe22877345606428b7fc7244c00fd6f0061f0170601e9afd33,0,511,2.310021162033081
E,17,a06,100,55,0e1af7f1246327ef5559369dd3d8df7eae7e903f55d6595189ec64c10782ad5f,512,511,2.2063677310943604
E,17,a06,100,56,25049dea6f5fe73b549fbd902d603a133a5e454b227c3c9fe568c7880ed6618b,0,511,2.084717035293579
E,17,a06,100,57,37dc34e7b9bd72d359cfc00f2e49990acde101b903d19eaa4a6da82b714493e0,1024,511,2.1847071647644043
E,17,a06,100,58,3938d05f4a501977d2521a921da001aea27c460a9983f6fdbf4d35be7018e9f7,0,511,2.4878690242767334
E,17,a06,100,59,26b08f01fa673793dfa66415e2960b999caa2e5e047ef2891bf76514e38116e2,512,511,2.5817863941192627
E,17,a06,100,60,c836ab3d06550b3a257eb0fb619f87c62b989ab156526f2b7472af4524155b1f,2560,511,2.3738903999328613
E,17,a06,100,61,e0a01a0175937971f62066d3ad8e84e0abf622e70cd6650f70734459ec923be2,512,511,2.717543840408325
E,17,a06,100,62,3d13a708d985d25d78c1c15ea62a30c860c3d822f652f490e34509b522b27d75,0,511,1.9376155138015747
E,17,a06,100,63,3b4ad5d4faaf9898e388ae94680869597d2e442f7b436d89ff3225802a7275fc,0,511,2.261305809020996
E,17,a07,100,0,df3305d3c1efe89104be4ad8527fb07ba5605a836d990031c89eb0b2533b41ab,512,511,2.500539779663086
E,17,a07,100,1,57e758e9ccc13d36db25081d7608e96b58ce07adce66d57aede2a47b90ef2128,1536,511,2.530221939086914
E,17,a07,100,2,b9c168c32403a785cfd74718826a7d3435e8da2ea5590b50f7b9383381ceee58,512,511,2.651177406311035
E,17,a07,100,3,909fd9bbc00c2ce37ed48c52ece9b921295e588f1e75e891a69fbb1f7bb2f56f,8192,511,2.6073291301727295
E,17,a07,100,4,17249b7e503c3cb40aa9978e58217fc24d6e9813c8f2863a8e28af153e7b1605,3584,511,2.807706117630005
E,17,a07,100,5,1498e3fa4882ad211de574fba67f15f597e97623a0a4026d0cf91fd972c8cb1f,2048,511,2.720085620880127
E,17,a07,100,6,5671f56c83661b02a4e9b0e3f5666121601d3796daaf7b9b3ba9e1c2c8d1e159,7168,511,2.504931926727295
E,17,a07,100,7,eb3b7559065564c1b02d00ba0dfdbc44c2295bbff1106cfb3958a90a24084588,512,511,2.6690480709075928
E,17,a07,100,8,d6a1096ebd0ff82276e90c0a136cfcc37e73f2dee858508a3deba7cc22cd4c27,9216,511,2.1670002937316895
E,17,a07,100,9,8c16089493008fe5b445fcef0c54b5f9ae247f6a640391a3d574d969be08df56,1536,511,2.7453954219818115
E,17,a07,100,10,f861b8f4f1dc215e899fce14a74ecd8c8b799195704111d0c3563850d0430340,2048,511,2.511141777038574
E,17,a07,100,11,1202f2c85983ad618a286718bd4a3932be53e588423ec000327fbbfa7d66e535,3584,511,2.468759536743164
E,17,a07,100,12,a67e755faea05d6ca837fe044b98214900aec9322050808d94f1963df5ca2e85,512,511,2.529744863510132
E,17,a07,100,13,d9e42c96070c5efbbaf425e17f23a5b1a0b1e0404e271ea160d824fb7d2f256a,1536,511,3.1431374549865723
E,17,a07,100,14,c9573c7b74221b0da1642a0c92448dc77cc4a23923c69288d3f26f2f2be086d4,1024,511,2.8784968852996826
E,17,a07,100,15,64a74ab03ef783d2ba19cb9b89fe10f140e1c6fa0d57889e5dfa96324bbed610,0,511,2.081727981567383
E,17,a07,100,16,1b03f1cd9a1f9f37a3f55981c9272522ae0075f6fb08b6190e7e2591773583f1,512,511,2.3139126300811768
E,17,a07,100,17,e0d87dc6c183a32c3e59afc1e1cd42f927e90df51a0ff754e44ceeb76f89fe72,1024,511,1.8367233276367188
E,17,a07,100,18,1063d77dff6bb7cd10daadeaeec2e8850c4f63386f515ece9b10be818faf7d33,2048,511,3.1371679306030273
E,17,a07,100,19,49d8ed4909c242814839e82dffaee9ae5ec6fda9bdbaacbaf6d98f4a407fa88f,5120,511,2.3912813663482666
E,17,a07,100,20,458761ef690ad92a02d167ea2644e9eb6055daae0ff5e8934b7097c9c0a94fb6,1536,511,2.134826183319092
E,17,a07,100,21,efa67b013c4515340d8305facfe6fabb04b013596d505ec162f1459967c6c02b,1536,511,2.7013869285583496
E,17,a07,100,22,430b207f11cc9fca2e6abfdfad0058d641efa06b03c188327525beae3bff09b4,1536,511,2.785766363143921
E,17,a07,100,23,10224e7ae1df610ffebc972b484a683b41029bdce6b35466d1b699827e35bb53,2048,511,2.338582754135132
E,17,a07,100,24,f8da226fe39d295e2366279e9de00641e698745ba6b6d161f584a8a1f2b8d6a0,2048,511,3.145826816558838
E,17,a07,100,25,d6f01c7164f64f27c4ded075d175f71a1e7f3005d7302c0edf2fa8ca51e1ffea,1024,511,2.6337571144104004
E,17,a07,100,26,70826fed1eeac5c7e500a9f722b33f1885417135f36afce17930fc4bbd18c2b4,4096,511,2.597764492034912
E,17,a07,100,27,676d464a4eaec6f643f16db5c78aed26a34ee406cc7a9c6ebe76515e8c563ccc,0,511,2.365373373031616
E,17,a07,100,28,9dc7a64f95a7b3099d2db5301a45fdefe4d867ea15cbadc926fd1cfd118c4744,3072,511,2.6582252979278564
E,17,a07,100,29,7105c481f704788c4b2f679abca882f01b30dd018e40b562b7656ca759cf8a4e,5120,511,2.37738299369812
E,17,a07,100,30,0285c42e46acc57bf27c926840015d9800201644cc96d69d7e7253bf28eb2e90,1536,511,3.1018714904785156
E,17,a07,100,31,32081ed1efc15f763e694901af2b1f9765bd8ef20aafb787d1d6bf1592e0410a,5120,511,2.6824052333831787
E,17,a07,100,32,2c4f27b502f2d3480e963e4a68311f6df355d3559167705870bd294dcfc00d1a,1024,511,3.2222177982330322
E,17,a07,100,33,9ddab433dc39ac5eefa8432eb0082882c365e23a5c29249687198b3e58fdad1f,2560,511,2.8650734424591064
E,17,a07,100,34,01fcc1a24c865e3d204b244a2d227ec365ccc5f611f550d43105b6277c9e6f63,1536,511,3.0743439197540283
E,17,a07,100,35,aaad1a5cbffc9e125db9a05d2807a9d0651040104d25cfa7ce7f2a5b2e2086e1,1024,511,2.4012959003448486
E,17,a07,100,36,e25ac06e37522f0957c2cb0806eecc34da2f8db10ae8cc115af7d20b874f6224,512,511,1.7680799961090088
E,17,a07,100,37,d5da7bd0121663b6edf61237e56b4dc90a59bdd3f836f7723a5ab5c34d6c1be0,0,511,2.2317938804626465
E,17,a07,100,38,7feabb41bc4116cf9ddd1e08b238a70de3437ffb60232618ab6fafc22543b1c5,1536,511,1.877819538116455
E,17,a07,100,39,7f4e6f225b82734ac97fb72b7bdd5ed77208044ed363817bd00fab38bed6084c,1536,511,2.4382407665252686
E,17,a07,100,40,a3d4b60ea8383ab5f2fb9d3b104cdbb89651a6f572ad663056678887b4d2d667,1024,511,2.8074817657470703
E,17,a07,100,41,35f8ba2251973d2f837378c101accd0e649b67dd402c4509b78f0452dca80482,0,511,1.8290696144104004
E,17,a07,100,42,6f7c52dd830f9adb55b5052564b6027331257cbe7a337dcbe4369b86109ac557,0,511,2.203455924987793
E,17,a07,100,43,874b7f0c28c1c112d38da2ce3e6603b817d2afb1a423dcfc6718c9fb1ebd2ddb,5632,511,2.4949209690093994
E,17,a07,100,44,4499f41f572afda80045cc7b149c7c01bfa99b3e546ec3778b65f776f3e67154,9216,511,2.6562247276306152
E,17,a07,100,45,4579f5dba0662d35270215ad56a6c07ddb54396f3023949a7493da7b33cf5bc2,1536,511,2.7748262882232666
E,17,a07,100,46,67ea63e2020d3fa3821782867a7afa97fa78e1be3c6ff97d8b950377a01f7a3b,0,511,2.049212694168091
E,17,a07,100,47,8b72b1ba0b72e1faa8368d573546ed7a9a6b2b44e81edb8057bd7a04f5e9c933,1536,511,2.9771928787231445
E,17,a07,100,48,14aa9ebe6121a5c3d38160d97ff19328e466813462beeee68d1391cf6905193c,3072,511,2.720383882522583
E,17,a07,100,49,85278703ca1d3bc269d096d5572de636a703a6998b4327bdc5b444d334b9c177,1536,511,2.807199001312256
E,17,a07,100,50,f966fdde40abae385bfe799dfdfab537c886e427ab20a5dc4097d3becb2ce351,2048,511,3.2249321937561035
E,17,a07,100,51,c3fe0e54525739db453e760ca0e48da11ae8bc3ebe14a350d8e5709ed5c926bf,1536,511,2.3944687843322754
E,17,a07,100,52,0d7214d0d360077352f26a7670f062fc711d3b8163f0d76a786fbafde55ef3ca,1024,511,2.4116554260253906
E,17,a07,100,53,44567cca0f7ed6f2624dc6a03f0d5223a54d32a432071040c4cf7173ff6b4231,0,511,2.087563991546631
E,17,a07,100,54,5842cd9af7d81dbe22877345606428b7fc7244c00fd6f0061f0170601e9afd33,0,511,2.3362979888916016
E,17,a07,100,55,0e1af7f1246327ef5559369dd3d8df7eae7e903f55d6595189ec64c10782ad5f,512,511,2.201160430908203
E,17,a07,100,56,25049dea6f5fe73b549fbd902d603a133a5e454b227c3c9fe568c7880ed6618b,0,511,2.0597074031829834
E,17,a07,100,57,37dc34e7b9bd72d359cfc00f2e49990acde101b903d19eaa4a6da82b714493e0,1024,511,2.222874164581299
E,17,a07,100,58,3938d05f4a501977d2521a921da001aea27c460a9983f6fdbf4d35be7018e9f7,0,511,2.4945106506347656
E,17,a07,100,59,26b08f01fa673793dfa66415e2960b999caa2e5e047ef2891bf76514e38116e2,512,511,2.574742317199707
E,17,a07,100,60,c836ab3d06550b3a257eb0fb619f87c62b989ab156526f2b7472af4524155b1f,2560,511,2.41153621673584
E,17,a07,100,61,e0a01a0175937971f62066d3ad8e84e0abf622e70cd6650f70734459ec923be2,512,511,2.720383644104004
E,17,a07,100,62,3d13a708d985d25d78c1c15ea62a30c860c3d822f652f490e34509b522b27d75,0,511,2.0100271701812744
E,17,a07,100,63,3b4ad5d4faaf9898e388ae94680869597d2e442f7b436d89ff3225802a7275fc,0,511,2.244950771331787
E,29,a00,100,0,df3305d3c1efe89104be4ad8527fb07ba5605a836d990031c89eb0b2533b41ab,512,511,2.4395954608917236
E,29,a00,100,1,57e758e9ccc13d36db25081d7608e96b58ce07adce66d57aede2a47b90ef2128,1536,511,2.460637331008911
E,29,a00,100,2,b9c168c32403a785cfd74718826a7d3435e8da2ea5590b50f7b9383381ceee58,512,511,2.605405330657959
E,29,a00,100,3,909fd9bbc00c2ce37ed48c52ece9b921295e588f1e75e891a69fbb1f7bb2f56f,8192,511,2.533900499343872
E,29,a00,100,4,17249b7e503c3cb40aa9978e58217fc24d6e9813c8f2863a8e28af153e7b1605,3584,511,2.723851203918457
E,29,a00,100,5,1498e3fa4882ad211de574fba67f15f597e97623a0a4026d0cf91fd972c8cb1f,2048,511,2.6857614517211914
E,29,a00,100,6,5671f56c83661b02a4e9b0e3f5666121601d3796daaf7b9b3ba9e1c2c8d1e159,7168,511,2.4428670406341553
E,29,a00,100,7,eb3b7559065564c1b02d00ba0dfdbc44c2295bbff1106cfb3958a90a24084588,512,511,2.633657455444336
E,29,a00,100,8,d6a1096ebd0ff82276e90c0a136cfcc37e73f2dee858508a3deba7cc22cd4c27,9216,511,2.1209893226623535
E,29,a00,100,9,8c16089493008fe5b445fcef0c54b5f9ae247f6a640391a3d574d969be08df56,1536,511,2.663510322570801
E,29,a00,100,10,f861b8f4f1dc215e899fce14a74ecd8c8b799195704111d0c3563850d0430340,2048,511,2.434410333633423
E,29,a00,100,11,1202f2c85983ad618a286718bd4a3932be53e588423ec000327fbbfa7d66e535,3584,511,2.422745704650879
E,29,a00,100,12,a67e755faea05d6ca837fe044b98214900aec9322050808d94f1963df5ca2e85,512,511,2.50740122795105
E,29,a00,100,13,d9e42c96070c5efbbaf425e17f23a5b1a0b1e0404e271ea160d824fb7d2f256a,1536,511,3.1316561698913574
E,29,a00,100,14,c9573c7b74221b0da1642a0c92448dc77cc4a23923c69288d3f26f2f2be086d4,1024,511,2.8691771030426025
E,29,a00,100,15,64a74ab03ef783d2ba19cb9b89fe10f140e1c6fa0d57889e5dfa96324bbed610,0,511,2.0326621532440186
E,29,a00,100,16,1b03f1cd9a1f9f37a3f55981c9272522ae0075f6fb08b6190e7e2591773583f1,512,511,2.2437219619750977
E,29,a00,100,17,e0d87dc6c183a32c3e59afc1e1cd42f927e90df51a0ff754e44ceeb76f89fe72,1024,511,1.7597384452819824
E,29,a00,100,18,1063d77dff6bb7cd10daadeaeec2e8850c4f63386f515ece9b10be818faf7d33,2048,511,3.0932345390319824
E,29,a00,100,19,49d8ed4909c242814839e82dffaee9ae5ec6fda9bdbaacbaf6d98f4a407fa88f,5120,511,2.321709394454956
E,29,a00,100,20,458761ef690ad92a02d167ea2644e9eb6055daae0ff5e8934b7097c9c0a94fb6,1536,511,2.0872409343719482
E,29,a00,100,21,efa67b013c4515340d8305facfe6fabb04b013596d505ec162f1459967c6c02b,1536,511,2.6625523567199707
E,29,a00,100,22,430b207f11cc9fca2e6abfdfad0058d641efa06b03c188327525beae3bff09b4,1536,511,2.6589698791503906
E,29,a00,100,23,10224e7ae1df610ffebc972b484a683b41029bdce6b35466d1b699827e35bb53,2048,511,2.3267529010772705
E,29,a00,100,24,f8da226fe39d295e2366279e9de00641e698745ba6b6d161f584a8a1f2b8d6a0,2048,511,3.109705686569214
E,29,a00,100,25,d6f01c7164f64f27c4ded075d175f71a1e7f3005d7302c0edf2fa8ca51e1ffea,1024,511,2.55802321434021
E,29,a00,100,26,70826fed1eeac5c7e500a9f722b33f1885417135f36afce17930fc4bbd18c2b4,4096,511,2.5778350830078125
E,29,a00,100,27,676d464a4eaec6f643f16db5c78aed26a34ee406cc7a9c6ebe76515e8c563ccc,0,511,2.3787903785705566
E,29,a00,100,28,9dc7a64f95a7b3099d2db5301a45fdefe4d867ea15cbadc926fd1cfd118c4744,3072,511,2.585149049758911
E,29,a00,100,29,7105c481f704788c4b2f679abca882f01b30dd018e40b562b7656ca759cf8a4e,5120,511,2.334595203399658
E,29,a00,100,30,0285c42e46acc57bf27c926840015d9800201644cc96d69d7e7253bf28eb2e90,1536,511,3.026430368423462
E,29,a00,100,31,32081ed1efc15f763e694901af2b1f9765bd8ef20aafb787d1d6bf1592e0410a,5120,511,2.6354265213012695
E,29,a00,100,32,2c4f27b502f2d3480e963e4a68311f6df355d3559167705870bd294dcfc00d1a,1024,511,3.267786979675293
E,29,a00,100,33,9ddab433dc39ac5eefa8432eb0082882c365e23a5c29249687198b3e58fdad1f,2560,511,2.7770168781280518
E,29,a00,100,34,01fcc1a24c865e3d204b244a2d227ec365ccc5f611f550d43105b6277c9e6f63,1536,511,3.0353779792785645
E,29,a00,100,35,aaad1a5cbffc9e125db9a05d2807a9d0651040104d25cfa7ce7f2a5b2e2086e1,1024,511,2.3641676902770996
E,29,a00,100,36,e25ac06e37522f0957c2cb0806eecc34da2f8db10ae8cc115af7d20b874f6224,512,511,1.6970086097717285
E,29,a00,100,37,d5da7bd0121663b6edf61237e56b4dc90a59bdd3f836f7723a5ab5c34d6c1be0,0,511,2.2668089866638184
E,29,a00,100,38,7feabb41bc4116cf9ddd1e08b238a70de3437ffb60232618ab6fafc22543b1c5,1536,511,1.8394808769226074
E,29,a00,100,39,7f4e6f225b82734ac97fb72b7bdd5ed77208044ed363817bd00fab38bed6084c,1536,511,2.415573835372925
E,29,a00,100,40,a3d4b60ea8383ab5f2fb9d3b104cdbb89651a6f572ad663056678887b4d2d667,1024,511,2.8341305255889893
E,29,a00,100,41,35f8ba2251973d2f837378c101accd0e649b67dd402c4509b78f0452dca80482,0,511,1.8265613317489624
E,29,a00,100,42,6f7c52dd830f9adb55b5052564b6027331257cbe7a337dcbe4369b86109ac557,0,511,2.172560930252075
E,29,a00,100,43,874b7f0c28c1c112d38da2ce3e6603b817d2afb1a423dcfc6718c9fb1ebd2ddb,5632,511,2.520751953125
E,29,a00,100,44,4499f41f572afda80045cc7b149c7c01bfa99b3e546ec3778b65f776f3e67154,9216,511,2.618060350418091
E,29,a00,100,45,4579f5dba0662d35270215ad56a6c07ddb54396f3023949a7493da7b33cf5bc2,1536,511,2.7601118087768555
E,29,a00,100,46,67ea63e2020d3fa3821782867a7afa97fa78e1be3c6ff97d8b950377a01f7a3b,0,511,2.029745578765869
E,29,a00,100,47,8b72b1ba0b72e1faa8368d573546ed7a9a6b2b44e81edb8057bd7a04f5e9c933,1536,511,2.8879005908966064
E,29,a00,100,48,14aa9ebe6121a5c3d38160d97ff19328e466813462beeee68d1391cf6905193c,3072,511,2.6630842685699463
E,29,a00,100,49,85278703ca1d3bc269d096d5572de636a703a6998b4327bdc5b444d334b9c177,1536,511,2.707517147064209
E,29,a00,100,50,f966fdde40abae385bfe799dfdfab537c886e427ab20a5dc4097d3becb2ce351,2048,511,3.1843254566192627
E,29,a00,100,51,c3fe0e54525739db453e760ca0e48da11ae8bc3ebe14a350d8e5709ed5c926bf,1536,511,2.319973945617676
E,29,a00,100,52,0d7214d0d360077352f26a7670f062fc711d3b8163f0d76a786fbafde55ef3ca,1024,511,2.391063690185547
E,29,a00,100,53,44567cca0f7ed6f2624dc6a03f0d5223a54d32a432071040c4cf7173ff6b4231,0,511,2.025840997695923
E,29,a00,100,54,5842cd9af7d81dbe22877345606428b7fc7244c00fd6f0061f0170601e9afd33,0,511,2.292646884918213
E,29,a00,100,55,0e1af7f1246327ef5559369dd3d8df7eae7e903f55d6595189ec64c10782ad5f,512,511,2.1528236865997314
E,29,a00,100,56,25049dea6f5fe73b549fbd902d603a133a5e454b227c3c9fe568c7880ed6618b,0,511,2.0627622604370117
E,29,a00,100,57,37dc34e7b9bd72d359cfc00f2e49990acde101b903d19eaa4a6da82b714493e0,1024,511,2.181398868560791
E,29,a00,100,58,3938d05f4a501977d2521a921da001aea27c460a9983f6fdbf4d35be7018e9f7,0,511,2.478571891784668
E,29,a00,100,59,26b08f01fa673793dfa66415e2960b999caa2e5e047ef2891bf76514e38116e2,512,511,2.548487901687622
E,29,a00,100,60,c836ab3d06550b3a257eb0fb619f87c62b989ab156526f2b7472af4524155b1f,2560,511,2.340787172317505
E,29,a00,100,61,e0a01a0175937971f62066d3ad8e84e0abf622e70cd6650f70734459ec923be2,512,511,2.6871273517608643
E,29,a00,100,62,3d13a708d985d25d78c1c15ea62a30c860c3d822f652f490e34509b522b27d75,0,511,1.9341925382614136
E,29,a00,100,63,3b4ad5d4faaf9898e388ae94680869597d2e442f7b436d89ff3225802a7275fc,0,511,2.2124414443969727
E,29,a01,100,0,df3305d3c1efe89104be4ad8527fb07ba5605a836d990031c89eb0b2533b41ab,512,511,2.5802149772644043
E,29,a01,100,1,57e758e9ccc13d36db25081d7608e96b58ce07adce66d57aede2a47b90ef2128,1536,511,2.48348331451416
E,29,a01,100,2,b9c168c32403a785cfd74718826a7d3435e8da2ea5590b50f7b9383381ceee58,512,511,2.692610502243042
E,29,a01,100,3,909fd9bbc00c2ce37ed48c52ece9b921295e588f1e75e891a69fbb1f7bb2f56f,8192,511,2.5990147590637207
E,29,a01,100,4,17249b7e503c3cb40aa9978e58217fc24d6e9813c8f2863a8e28af153e7b1605,3584,511,2.8490912914276123
E,29,a01,100,5,1498e3fa4882ad211de574fba67f15f597e97623a0a4026d0cf91fd972c8cb1f,2048,511,2.761772632598877
E,29,a01,100,6,5671f56c83661b02a4e9b0e3f5666121601d3796daaf7b9b3ba9e1c2c8d1e159,7168,511,2.5596282482147217
E,29,a01,100,7,eb3b7559065564c1b02d00ba0dfdbc44c2295bbff1106cfb3958a90a24084588,512,511,2.7337024211883545
E,29,a01,100,8,d6a1096ebd0ff82276e90c0a136cfcc37e73f2dee858508a3deba7cc22cd4c27,9216,511,2.157299280166626
E,29,a01,100,9,8c16089493008fe5b445fcef0c54b5f9ae247f6a640391a3d574d969be08df56,1536,511,2.785853147506714
E,29,a01,100,10,f861b8f4f1dc215e899fce14a74ecd8c8b799195704111d0c3563850d0430340,2048,511,2.5959651470184326
E,29,a01,100,11,1202f2c85983ad618a286718bd4a3932be53e588423ec000327fbbfa7d66e535,3584,511,2.5572509765625
E,29,a01,100,12,a67e755faea05d6ca837fe044b98214900aec9322050808d94f1963df5ca2e85,512,511,2.5815725326538086
E,29,a01,100,13,d9e42c96070c5efbbaf425e17f23a5b1a0b1e0404e271ea160d824fb7d2f256a,1536,511,3.2102601528167725
E,29,a01,100,14,c9573c7b74221b0da1642a0c92448dc77cc4a23923c69288d3f26f2f2be086d4,1024,511,2.8892531394958496
E,29,a01,100,15,64a74ab03ef783d2ba19cb9b89fe10f140e1c6fa0d57889e5dfa96324bbed610,0,511,2.1710996627807617
E,29,a01,100,16,1b03f1cd9a1f9f37a3f55981c9272522ae0075f6fb08b6190e7e2591773583f1,512,511,2.2923407554626465
E,29,a01,100,17,e0d87dc6c183a32c3e59afc1e1cd42f927e90df51a0ff754e44ceeb76f89fe72,1024,511,1.8395417928695679
E,29,a01,100,18,1063d77dff6bb7cd10daadeaeec2e8850c4f63386f515ece9b10be818faf7d33,2048,511,3.1189351081848145
E,29,a01,100,19,49d8ed4909c242814839e82dffaee9ae5ec6fda9bdbaacbaf6d98f4a407fa88f,5120,511,2.3757195472717285
E,29,a01,100,20,458761ef690ad92a02d167ea2644e9eb6055daae0ff5e8934b7097c9c0a94fb6,1536,511,2.063275098800659
E,29,a01,100,21,efa67b013c4515340d8305facfe6fabb04b013596d505ec162f1459967c6c02b,1536,511,2.7251274585723877
E,29,a01,100,22,430b207f11cc9fca2e6abfdfad0058d641efa06b03c188327525beae3bff09b4,1536,511,2.8283886909484863
E,29,a01,100,23,10224e7ae1df610ffebc972b484a683b41029bdce6b35466d1b699827e35bb53,2048,511,2.4141435623168945
E,29,a01,100,24,f8da226fe39d295e2366279e9de00641e698745ba6b6d161f584a8a1f2b8d6a0,2048,511,3.176577091217041
E,29,a01,100,25,d6f01c7164f64f27c4ded075d175f71a1e7f3005d7302c0edf2fa8ca51e1ffea,1024,511,2.584275245666504
E,29,a01,100,26,70826fed1eeac5c7e500a9f722b33f1885417135f36afce17930fc4bbd18c2b4,4096,511,2.632341146469116
E,29,a01,100,27,676d464a4eaec6f643f16db5c78aed26a34ee406cc7a9c6ebe76515e8c563ccc,0,511,2.4625651836395264
E,29,a01,100,28,9dc7a64f95a7b3099d2db5301a45fdefe4d867ea15cbadc926fd1cfd118c4744,3072,511,2.6247129440307617
E,29,a01,100,29,7105c481f704788c4b2f679abca882f01b30dd018e40b562b7656ca759cf8a4e,5120,511,2.4259612560272217
E,29,a01,100,30,0285c42e46acc57bf27c926840015d9800201644cc96d69d7e7253bf28eb2e90,1536,511,3.061911106109619
E,29,a01,100,31,32081ed1efc15f763e694901af2b1f9765bd8ef20aafb787d1d6bf1592e0410a,5120,511,2.6367759704589844
E,29,a01,100,32,2c4f27b502f2d3480e963e4a68311f6df355d3559167705870bd294dcfc00d1a,1024,511,3.2829079627990723
E,29,a01,100,33,9ddab433dc39ac5eefa8432eb0082882c365e23a5c29249687198b3e58fdad1f,2560,511,2.7634799480438232
E,29,a01,100,34,01fcc1a24c865e3d204b244a2d227ec365ccc5f611f550d43105b6277c9e6f63,1536,511,3.0722625255584717
E,29,a01,100,35,aaad1a5cbffc9e125db9a05d2807a9d0651040104d25cfa7ce7f2a5b2e2086e1,1024,511,2.414618730545044
E,29,a01,100,36,e25ac06e37522f0957c2cb0806eecc34da2f8db10ae8cc115af7d20b874f6224,512,511,1.7918635606765747
E,29,a01,100,37,d5da7bd0121663b6edf61237e56b4dc90a59bdd3f836f7723a5ab5c34d6c1be0,0,511,2.340367078781128
E,29,a01,100,38,7feabb41bc4116cf9ddd1e08b238a70de3437ffb60232618ab6fafc22543b1c5,1536,511,1.9443339109420776
E,29,a01,100,39,7f4e6f225b82734ac97fb72b7bdd5ed77208044ed363817bd00fab38bed6084c,1536,511,2.465212345123291
E,29,a01,100,40,a3d4b60ea8383ab5f2fb9d3b104cdbb89651a6f572ad663056678887b4d2d667,1024,511,2.8477189540863037
E,29,a01,100,41,35f8ba2251973d2f837378c101accd0e649b67dd402c4509b78f0452dca80482,0,511,1.9084646701812744
E,29,a01,100,42,6f7c52dd830f9adb55b5052564b6027331257cbe7a337dcbe4369b86109ac557,0,511,2.1882710456848145
E,29,a01,100,43,874b7f0c28c1c112d38da2ce3e6603b817d2afb1a423dcfc6718c9fb1ebd2ddb,5632,511,2.520936965942383
E,29,a01,100,44,4499f41f572afda80045cc7b149c7c01bfa99b3e546ec3778b65f776f3e67154,9216,511,2.6759471893310547
E,29,a01,100,45,4579f5dba0662d35270215ad56a6c07ddb54396f3023949a7493da7b33cf5bc2,1536,511,2.8748252391815186
E,29,a01,100,46,67ea63e2020d3fa3821782867a7afa97fa78e1be3c6ff97d8b950377a01f7a3b,0,511,2.1420788764953613
E,29,a01,100,47,8b72b1ba0b72e1faa8368d573546ed7a9a6b2b44e81edb8057bd7a04f5e9c933,1536,511,2.9869298934936523
E,29,a01,100,48,14aa9ebe6121a5c3d38160d97ff19328e466813462beeee68d1391cf6905193c,3072,511,2.7805049419403076
E,29,a01,100,49,85278703ca1d3bc269d096d5572de636a703a6998b4327bdc5b444d334b9c177,1536,511,2.873478889465332
E,29,a01,100,50,f966fdde40abae385bfe799dfdfab537c886e427ab20a5dc4097d3becb2ce351,2048,511,3.246860980987549
E,29,a01,100,51,c3fe0e54525739db453e760ca0e48da11ae8bc3ebe14a350d8e5709ed5c926bf,1536,511,2.399176597595215
E,29,a01,100,52,0d7214d0d360077352f26a7670f062fc711d3b8163f0d76a786fbafde55ef3ca,1024,511,2.4484593868255615
E,29,a01,100,53,44567cca0f7ed6f2624dc6a03f0d5223a54d32a432071040c4cf7173ff6b4231,0,511,2.1163783073425293
E,29,a01,100,54,5842cd9af7d81dbe22877345606428b7fc7244c00fd6f0061f0170601e9afd33,0,511,2.333691120147705
E,29,a01,100,55,0e1af7f1246327ef5559369dd3d8df7eae7e903f55d6595189ec64c10782ad5f,512,511,2.191925525665283
E,29,a01,100,56,25049dea6f5fe73b549fbd902d603a133a5e454b227c3c9fe568c7880ed6618b,0,511,2.0881617069244385
E,29,a01,100,57,37dc34e7b9bd72d359cfc00f2e49990acde101b903d19eaa4a6da82b714493e0,1024,511,2.2193355560302734
E,29,a01,100,58,3938d05f4a501977d2521a921da001aea27c460a9983f6fdbf4d35be7018e9f7,0,511,2.6189966201782227
E,29,a01,100,59,26b08f01fa673793dfa66415e2960b999caa2e5e047ef2891bf76514e38116e2,512,511,2.599681854248047
E,29,a01,100,60,c836ab3d06550b3a257eb0fb619f87c62b989ab156526f2b7472af4524155b1f,2560,511,2.4237213134765625
E,29,a01,100,61,e0a01a0175937971f62066d3ad8e84e0abf622e70cd6650f70734459ec923be2,512,511,2.7321038246154785
E,29,a01,100,62,3d13a708d985d25d78c1c15ea62a30c860c3d822f652f490e34509b522b27d75,0,511,2.0039260387420654
E,29,a01,100,63,3b4ad5d4faaf9898e388ae94680869597d2e442f7b436d89ff3225802a7275fc,0,511,2.2487454414367676
E,29,a02,100,0,df3305d3c1efe89104be4ad8527fb07ba5605a836d990031c89eb0b2533b41ab,512,511,2.4474682807922363
E,29,a02,100,1,57e758e9ccc13d36db25081d7608e96b58ce07adce66d57aede2a47b90ef2128,1536,511,2.495300531387329
E,29,a02,100,2,b9c168c32403a785cfd74718826a7d3435e8da2ea5590b50f7b9383381ceee58,512,511,2.6007843017578125
E,29,a02,100,3,909fd9bbc00c2ce37ed48c52ece9b921295e588f1e75e891a69fbb1f7bb2f56f,8192,511,2.6139800548553467
E,29,a02,100,4,17249b7e503c3cb40aa9978e58217fc24d6e9813c8f2863a8e28af153e7b1605,3584,511,2.7175567150115967
E,29,a02,100,5,1498e3fa4882ad211de574fba67f15f597e97623a0a4026d0cf91fd972c8cb1f,2048,511,2.6855263710021973
E,29,a02,100,6,5671f56c83661b02a4e9b0e3f5666121601d3796daaf7b9b3ba9e1c2c8d1e159,7168,511,2.5006470680236816
E,29,a02,100,7,eb3b7559065564c1b02d00ba0dfdbc44c2295bbff1106cfb3958a90a24084588,512,511,2.6819047927856445
E,29,a02,100,8,d6a1096ebd0ff82276e90c0a136cfcc37e73f2dee858508a3deba7cc22cd4c27,9216,511,2.163402795791626
E,29,a02,100,9,8c16089493008fe5b445fcef0c54b5f9ae247f6a640391a3d574d969be08df56,1536,511,2.7171714305877686
E,29,a02,100,10,f861b8f4f1dc215e899fce14a74ecd8c8b799195704111d0c3563850d0430340,2048,511,2.480748176574707
E,29,a02,100,11,1202f2c85983ad618a286718bd4a3932be53e588423ec000327fbbfa7d66e535,3584,511,2.5058064460754395
E,29,a02,100,12,a67e755faea05d6ca837fe044b98214900aec9322050808d94f1963df5ca2e85,512,511,2.519907236099243
E,29,a02,100,13,d9e42c96070c5efbbaf425e17f23a5b1a0b1e0404e271ea160d824fb7d2f256a,1536,511,3.164231300354004
E,29,a02,100,14,c9573c7b74221b0da1642a0c92448dc77cc4a23923c69288d3f26f2f2be086d4,1024,511,2.8655996322631836
E,29,a02,100,15,64a74ab03ef783d2ba19cb9b89fe10f140e1c6fa0d57889e5dfa96324bbed610,0,511,2.024614095687866
E,29,a02,100,16,1b03f1cd9a1f9f37a3f55981c9272522ae0075f6fb08b6190e7e2591773583f1,512,511,2.2837789058685303
E,29,a02,100,17,e0d87dc6c183a32c3e59afc1e1cd42f927e90df51a0ff754e44ceeb76f89fe72,1024,511,1.793128252029419
E,29,a02,100,18,1063d77dff6bb7cd10daadeaeec2e8850c4f63386f515ece9b10be818faf7d33,2048,511,3.0800230503082275
E,29,a02,100,19,49d8ed4909c242814839e82dffaee9ae5ec6fda9bdbaacbaf6d98f4a407fa88f,5120,511,2.3766727447509766
E,29,a02,100,20,458761ef690ad92a02d167ea2644e9eb6055daae0ff5e8934b7097c9c0a94fb6,1536,511,2.0977871417999268
E,29,a02,100,21,efa67b013c4515340d8305facfe6fabb04b013596d505ec162f1459967c6c02b,1536,511,2.667264223098755
E,29,a02,100,22,430b207f11cc9fca2e6abfdfad0058d641efa06b03c188327525beae3bff09b4,1536,511,2.755469560623169
E,29,a02,100,23,10224e7ae1df610ffebc972b484a683b41029bdce6b35466d1b699827e35bb53,2048,511,2.3256094455718994
E,29,a02,100,24,f8da226fe39d295e2366279e9de00641e698745ba6b6d161f584a8a1f2b8d6a0,2048,511,3.1286325454711914
E,29,a02,100,25,d6f01c7164f64f27c4ded075d175f71a1e7f3005d7302c0edf2fa8ca51e1ffea,1024,511,2.580641269683838
E,29,a02,100,26,70826fed1eeac5c7e500a9f722b33f1885417135f36afce17930fc4bbd18c2b4,4096,511,2.589733839035034
E,29,a02,100,27,676d464a4eaec6f643f16db5c78aed26a34ee406cc7a9c6ebe76515e8c563ccc,0,511,2.3816847801208496
E,29,a02,100,28,9dc7a64f95a7b3099d2db5301a45fdefe4d867ea15cbadc926fd1cfd118c4744,3072,511,2.6257917881011963
E,29,a02,100,29,7105c481f704788c4b2f679abca882f01b30dd018e40b562b7656ca759cf8a4e,5120,511,2.3463408946990967
E,29,a02,100,30,0285c42e46acc57bf27c926840015d9800201644cc96d69d7e7253bf28eb2e90,1536,511,3.0308516025543213
E,29,a02,100,31,32081ed1efc15f763e694901af2b1f9765bd8ef20aafb787d1d6bf1592e0410a,5120,511,2.6643941402435303
E,29,a02,100,32,2c4f27b502f2d3480e963e4a68311f6df355d3559167705870bd294dcfc00d1a,1024,511,3.233743190765381
E,29,a02,100,33,9ddab433dc39ac5eefa8432eb0082882c365e23a5c29249687198b3e58fdad1f,2560,511,2.7656240463256836
E,29,a02,100,34,01fcc1a24c865e3d204b244a2d227ec365ccc5f611f550d43105b6277c9e6f63,1536,511,3.062761068344116
E,29,a02,100,35,aaad1a5cbffc9e125db9a05d2807a9d0651040104d25cfa7ce7f2a5b2e2086e1,1024,511,2.400320053100586
E,29,a02,100,36,e25ac06e37522f0957c2cb0806eecc34da2f8db10ae8cc115af7d20b874f6224,512,511,1.7663408517837524
E,29,a02,100,37,d5da7bd0121663b6edf61237e56b4dc90a59bdd3f836f7723a5ab5c34d6c1be0,0,511,2.2587759494781494
E,29,a02,100,38,7feabb41bc4116cf9ddd1e08b238a70de3437ffb60232618ab6fafc22543b1c5,1536,511,1.8757061958312988
E,29,a02,100,39,7f4e6f225b82734ac97fb72b7bdd5ed77208044ed363817bd00fab38bed6084c,1536,511,2.440112590789795
E,29,a02,100,40,a3d4b60ea8383ab5f2fb9d3b104cdbb89651a6f572ad663056678887b4d2d667,1024,511,2.8159096240997314
E,29,a02,100,41,35f8ba2251973d2f837378c101accd0e649b67dd402c4509b78f0452dca80482,0,511,1.837567687034607
E,29,a02,100,42,6f7c52dd830f9adb55b5052564b6027331257cbe7a337dcbe4369b86109ac557,0,511,2.222111463546753
E,29,a02,100,43,874b7f0c28c1c112d38da2ce3e6603b817d2afb1a423dcfc6718c9fb1ebd2ddb,5632,511,2.5121142864227295
E,29,a02,100,44,4499f41f572afda80045cc7b149c7c01bfa99b3e546ec3778b65f776f3e67154,9216,511,2.655982494354248
E,29,a02,100,45,4579f5dba0662d35270215ad56a6c07ddb54396f3023949a7493da7b33cf5bc2,1536,511,2.7725579738616943
E,29,a02,100,46,67ea63e2020d3fa3821782867a7afa97fa78e1be3c6ff97d8b950377a01f7a3b,0,511,2.0584969520568848
E,29,a02,100,47,8b72b1ba0b72e1faa8368d573546ed7a9a6b2b44e81edb8057bd7a04f5e9c933,1536,511,2.957364797592163
E,29,a02,100,48,14aa9ebe6121a5c3d38160d97ff19328e466813462beeee68d1391cf6905193c,3072,511,2.6788008213043213
E,29,a02,100,49,85278703ca1d3bc269d096d5572de636a703a6998b4327bdc5b444d334b9c177,1536,511,2.8026137351989746
E,29,a02,100,50,f966fdde40abae385bfe799dfdfab537c886e427ab20a5dc4097d3becb2ce351,2048,511,3.2051289081573486
E,29,a02,100,51,c3fe0e54525739db453e760ca0e48da11ae8bc3ebe14a350d8e5709ed5c926bf,1536,511,2.3918228149414062
E,29,a02,100,52,0d7214d0d360077352f26a7670f062fc711d3b8163f0d76a786fbafde55ef3ca,1024,511,2.422122001647949
E,29,a02,100,53,44567cca0f7ed6f2624dc6a03f0d5223a54d32a432071040c4cf7173ff6b4231,0,511,2.0904314517974854
E,29,a02,100,54,5842cd9af7d81dbe22877345606428b7fc7244c00fd6f0061f0170601e9afd33,0,511,2.34775710105896
E,29,a02,100,55,0e1af7f1246327ef5559369dd3d8df7eae7e903f55d6595189ec64c10782ad5f,512,511,2.2239229679107666
E,29,a02,100,56,25049dea6f5fe73b549fbd902d603a133a5e454b227c3c9fe568c7880ed6618b,0,511,2.0709035396575928
E,29,a02,100,57,37dc34e7b9bd72d359cfc00f2e49990acde101b903d19eaa4a6da82b714493e0,1024,511,2.1962573528289795
E,29,a02,100,58,3938d05f4a501977d2521a921da001aea27c460a9983f6fdbf4d35be7018e9f7,0,511,2.464937210083008
E,29,a02,100,59,26b08f01fa673793dfa66415e2960b999caa2e5e047ef2891bf76514e38116e2,512,511,2.5533013343811035
E,29,a02,100,60,c836ab3d06550b3a257eb0fb619f87c62b989ab156526f2b7472af4524155b1f,2560,511,2.352724075317383
E,29,a02,100,61,e0a01a0175937971f62066d3ad8e84e0abf622e70cd6650f70734459ec923be2,512,511,2.699997901916504
E,29,a02,100,62,3d13a708d985d25d78c1c15ea62a30c860c3d822f652f490e34509b522b27d75,0,511,1.970436453819275
E,29,a02,100,63,3b4ad5d4faaf9898e388ae94680869597d2e442f7b436d89ff3225802a7275fc,0,511,2.238968849182129
E,29,a03,100,0,df3305d3c1efe89104be4ad8527fb07ba5605a836d990031c89eb0b2533b41ab,512,511,2.49074387550354
E,29,a03,100,1,57e758e9ccc13d36db25081d7608e96b58ce07adce66d57aede2a47b90ef2128,1536,511,2.4909517765045166
E,29,a03,100,2,b9c168c32403a785cfd74718826a7d3435e8da2ea5590b50f7b9383381ceee58,512,511,2.5988099575042725
E,29,a03,100,3,909fd9bbc00c2ce37ed48c52ece9b921295e588f1e75e891a69fbb1f7bb2f56f,8192,511,2.595162868499756
E,29,a03,100,4,17249b7e503c3cb40aa9978e58217fc24d6e9813c8f2863a8e28af153e7b1605,3584,511,2.7881853580474854
E,29,a03,100,5,1498e3fa4882ad211de574fba67f15f597e97623a0a4026d0cf91fd972c8cb1f,2048,511,2.6972849369049072
E,29,a03,100,6,5671f56c83661b02a4e9b0e3f5666121601d3796daaf7b9b3ba9e1c2c8d1e159,7168,511,2.5139827728271484
E,29,a03,100,7,eb3b7559065564c1b02d00ba0dfdbc44c2295bbff1106cfb3958a90a24084588,512,511,2.6590735912323
E,29,a03,100,8,d6a1096ebd0ff82276e90c0a136cfcc37e73f2dee858508a3deba7cc22cd4c27,9216,511,2.1226577758789062
E,29,a03,100,9,8c16089493008fe5b445fcef0c54b5f9ae247f6a640391a3d574d969be08df56,1536,511,2.722140073776245
E,29,a03,100,10,f861b8f4f1dc215e899fce14a74ecd8c8b799195704111d0c3563850d0430340,2048,511,2.462933301925659
E,29,a03,100,11,1202f2c85983ad618a286718bd4a3932be53e588423ec000327fbbfa7d66e535,3584,511,2.4635114669799805
E,29,a03,100,12,a67e755faea05d6ca837fe044b98214900aec9322050808d94f1963df5ca2e85,512,511,2.531263828277588
E,29,a03,100,13,d9e42c96070c5efbbaf425e17f23a5b1a0b1e0404e271ea160d824fb7d2f256a,1536,511,3.1585745811462402
E,29,a03,100,14,c9573c7b74221b0da1642a0c92448dc77cc4a23923c69288d3f26f2f2be086d4,1024,511,2.833141326904297
E,29,a03,100,15,64a74ab03ef783d2ba19cb9b89fe10f140e1c6fa0d57889e5dfa96324bbed610,0,511,2.0184671878814697
E,29,a03,100,16,1b03f1cd9a1f9f37a3f55981c9272522ae0075f6fb08b6190e7e2591773583f1,512,511,2.2746152877807617
E,29,a03,100,17,e0d87dc6c183a32c3e59afc1e1cd42f927e90df51a0ff754e44ceeb76f89fe72,1024,511,1.8228272199630737
E,29,a03,100,18,1063d77dff6bb7cd10daadeaeec2e8850c4f63386f515ece9b10be818faf7d33,2048,511,3.1161041259765625
E,29,a03,100,19,49d8ed4909c242814839e82dffaee9ae5ec6fda9bdbaacbaf6d98f4a407fa88f,5120,511,2.3602278232574463
E,29,a03,100,20,458761ef690ad92a02d167ea2644e9eb6055daae0ff5e8934b7097c9c0a94fb6,1536,511,2.165834903717041
E,29,a03,100,21,efa67b013c4515340d8305facfe6fabb04b013596d505ec162f1459967c6c02b,1536,511,2.6919116973876953
E,29,a03,100,22,430b207f11cc9fca2e6abfdfad0058d641efa06b03c188327525beae3bff09b4,1536,511,2.773294687271118
E,29,a03,100,23,10224e7ae1df610ffebc972b484a683b41029bdce6b35466d1b699827e35bb53,2048,511,2.335240125656128
E,29,a03,100,24,f8da226fe39d295e2366279e9de00641e698745ba6b6d161f584a8a1f2b8d6a0,2048,511,3.1360244750976562
E,29,a03,100,25,d6f01c7164f64f27c4ded075d175f71a1e7f3005d7302c0edf2fa8ca51e1ffea,1024,511,2.575620412826538
E,29,a03,100,26,70826fed1eeac5c7e500a9f722b33f1885417135f36afce17930fc4bbd18c2b4,4096,511,2.622112512588501
E,29,a03,100,27,676d464a4eaec6f643f16db5c78aed26a34ee406cc7a9c6ebe76515e8c563ccc,0,511,2.3531763553619385
E,29,a03,100,28,9dc7a64f95a7b3099d2db5301a45fdefe4d867ea15cbadc926fd1cfd118c4744,3072,511,2.592414617538452
E,29,a03,100,29,7105c481f704788c4b2f679abca882f01b30dd018e40b562b7656ca759cf8a4e,5120,511,2.4053139686584473
E,29,a03,100,30,0285c42e46acc57bf27c926840015d9800201644cc96d69d7e7253bf28eb2e90,1536,511,3.054086685180664
E,29,a03,100,31,32081ed1efc15f763e694901af2b1f9765bd8ef20aafb787d1d6bf1592e0410a,5120,511,2.66613507270813
E,29,a03,100,32,2c4f27b502f2d3480e963e4a68311f6df355d3559167705870bd294dcfc00d1a,1024,511,3.2781729698181152
E,29,a03,100,33,9ddab433dc39ac5eefa8432eb0082882c365e23a5c29249687198b3e58fdad1f,2560,511,2.7859184741973877
E,29,a03,100,34,01fcc1a24c865e3d204b244a2d227ec365ccc5f611f550d43105b6277c9e6f63,1536,511,3.0869879722595215
E,29,a03,100,35,aaad1a5cbffc9e125db9a05d2807a9d0651040104d25cfa7ce7f2a5b2e2086e1,1024,511,2.3622653484344482
E,29,a03,100,36,e25ac06e37522f0957c2cb0806eecc34da2f8db10ae8cc115af7d20b874f6224,512,511,1.7434885501861572
E,29,a03,100,37,d5da7bd0121663b6edf61237e56b4dc90a59bdd3f836f7723a5ab5c34d6c1be0,0,511,2.25222110748291
E,29,a03,100,38,7feabb41bc4116cf9ddd1e08b238a70de3437ffb60232618ab6fafc22543b1c5,1536,511,1.8554624319076538
E,29,a03,100,39,7f4e6f225b82734ac97fb72b7bdd5ed77208044ed363817bd00fab38bed6084c,1536,511,2.398151397705078
E,29,a03,100,40,a3d4b60ea8383ab5f2fb9d3b104cdbb89651a6f572ad663056678887b4d2d667,1024,511,2.8882594108581543
E,29,a03,100,41,35f8ba2251973d2f837378c101accd0e649b67dd402c4509b78f0452dca80482,0,511,1.8314610719680786
E,29,a03,100,42,6f7c52dd830f9adb55b5052564b6027331257cbe7a337dcbe4369b86109ac557,0,511,2.188131093978882
E,29,a03,100,43,874b7f0c28c1c112d38da2ce3e6603b817d2afb1a423dcfc6718c9fb1ebd2ddb,5632,511,2.507911205291748
E,29,a03,100,44,4499f41f572afda80045cc7b149c7c01bfa99b3e546ec3778b65f776f3e67154,9216,511,2.655442476272583
E,29,a03,100,45,4579f5dba0662d35270215ad56a6c07ddb54396f3023949a7493da7b33cf5bc2,1536,511,2.8102328777313232
E,29,a03,100,46,67ea63e2020d3fa3821782867a7afa97fa78e1be3c6ff97d8b950377a01f7a3b,0,511,2.0560381412506104
E,29,a03,100,47,8b72b1ba0b72e1faa8368d573546ed7a9a6b2b44e81edb8057bd7a04f5e9c933,1536,511,2.9521687030792236
E,29,a03,100,48,14aa9ebe6121a5c3d38160d97ff19328e466813462beeee68d1391cf6905193c,3072,511,2.6918277740478516
E,29,a03,100,49,85278703ca1d3bc269d096d5572de636a703a6998b4327bdc5b444d334b9c177,1536,511,2.74086594581604
E,29,a03,100,50,f966fdde40abae385bfe799dfdfab537c886e427ab20a5dc4097d3becb2ce351,2048,511,3.222852945327759
E,29,a03,100,51,c3fe0e54525739db453e760ca0e48da11ae8bc3ebe14a350d8e5709ed5c926bf,1536,511,2.3283441066741943
E,29,a03,100,52,0d7214d0d360077352f26a7670f062fc711d3b8163f0d76a786fbafde55ef3ca,1024,511,2.351367473602295
E,29,a03,100,53,44567cca0f7ed6f2624dc6a03f0d5223a54d32a432071040c4cf7173ff6b4231,0,511,2.0564801692962646
E,29,a03,100,54,5842cd9af7d81dbe22877345606428b7fc7244c00fd6f0061f0170601e9afd33,0,511,2.2708661556243896
E,29,a03,100,55,0e1af7f1246327ef5559369dd3d8df7eae7e903f55d6595189ec64c10782ad5f,512,511,2.2179486751556396
E,29,a03,100,56,25049dea6f5fe73b549fbd902d603a133a5e454b227c3c9fe568c7880ed6618b,0,511,2.081204414367676
E,29,a03,100,57,37dc34e7b9bd72d359cfc00f2e49990acde101b903d19eaa4a6da82b714493e0,1024,511,2.192528009414673
E,29,a03,100,58,3938d05f4a501977d2521a921da001aea27c460a9983f6fdbf4d35be7018e9f7,0,511,2.5043845176696777
E,29,a03,100,59,26b08f01fa673793dfa66415e2960b999caa2e5e047ef2891bf76514e38116e2,512,511,2.602862596511841
E,29,a03,100,60,c836ab3d06550b3a257eb0fb619f87c62b989ab156526f2b7472af4524155b1f,2560,511,2.3352622985839844
E,29,a03,100,61,e0a01a0175937971f62066d3ad8e84e0abf622e70cd6650f70734459ec923be2,512,511,2.679370641708374
E,29,a03,100,62,3d13a708d985d25d78c1c15ea62a30c860c3d822f652f490e34509b522b27d75,0,511,1.9327685832977295
E,29,a03,100,63,3b4ad5d4faaf9898e388ae94680869597d2e442f7b436d89ff3225802a7275fc,0,511,2.2717301845550537
E,29,a04,100,0,df3305d3c1efe89104be4ad8527fb07ba5605a836d990031c89eb0b2533b41ab,512,511,2.4740185737609863
E,29,a04,100,1,57e758e9ccc13d36db25081d7608e96b58ce07adce66d57aede2a47b90ef2128,1536,511,2.534661054611206
E,29,a04,100,2,b9c168c32403a785cfd74718826a7d3435e8da2ea5590b50f7b9383381ceee58,512,511,2.6002418994903564
E,29,a04,100,3,909fd9bbc00c2ce37ed48c52ece9b921295e588f1e75e891a69fbb1f7bb2f56f,8192,511,2.547179698944092
E,29,a04,100,4,17249b7e503c3cb40aa9978e58217fc24d6e9813c8f2863a8e28af153e7b1605,3584,511,2.7488796710968018
E,29,a04,100,5,1498e3fa4882ad211de574fba67f15f597e97623a0a4026d0cf91fd972c8cb1f,2048,511,2.7084803581237793
E,29,a04,100,6,5671f56c83661b02a4e9b0e3f5666121601d3796daaf7b9b3ba9e1c2c8d1e159,7168,511,2.511974334716797
E,29,a04,100,7,eb3b7559065564c1b02d00ba0dfdbc44c2295bbff1106cfb3958a90a24084588,512,511,2.659573554992676
E,29,a04,100,8,d6a1096ebd0ff82276e90c0a136cfcc37e73f2dee858508a3deba7cc22cd4c27,9216,511,2.1343393325805664
E,29,a04,100,9,8c16089493008fe5b445fcef0c54b5f9ae247f6a640391a3d574d969be08df56,1536,511,2.7430458068847656
E,29,a04,100,10,f861b8f4f1dc215e899fce14a74ecd8c8b799195704111d0c3563850d0430340,2048,511,2.5410072803497314
E,29,a04,100,11,1202f2c85983ad618a286718bd4a3932be53e588423ec000327fbbfa7d66e535,3584,511,2.4995853900909424
E,29,a04,100,12,a67e755faea05d6ca837fe044b98214900aec9322050808d94f1963df5ca2e85,512,511,2.541125774383545
E,29,a04,100,13,d9e42c96070c5efbbaf425e17f23a5b1a0b1e0404e271ea160d824fb7d2f256a,1536,511,3.187051296234131
E,29,a04,100,14,c9573c7b74221b0da1642a0c92448dc77cc4a23923c69288d3f26f2f2be086d4,1024,511,2.8470304012298584
E,29,a04,100,15,64a74ab03ef783d2ba19cb9b89fe10f140e1c6fa0d57889e5dfa96324bbed610,0,511,2.0741429328918457
E,29,a04,100,16,1b03f1cd9a1f9f37a3f55981c9272522ae0075f6fb08b6190e7e2591773583f1,512,511,2.299468755722046
E,29,a04,100,17,e0d87dc6c183a32c3e59afc1e1cd42f927e90df51a0ff754e44ceeb76f89fe72,1024,511,1.804720163345337
E,29,a04,100,18,1063d77dff6bb7cd10daadeaeec2e8850c4f63386f515ece9b10be818faf7d33,2048,511,3.0607855319976807
E,29,a04,100,19,49d8ed4909c242814839e82dffaee9ae5ec6fda9bdbaacbaf6d98f4a407fa88f,5120,511,2.3500092029571533
E,29,a04,100,20,458761ef690ad92a02d167ea2644e9eb6055daae0ff5e8934b7097c9c0a94fb6,1536,511,2.0984890460968018
E,29,a04,100,21,efa67b013c4515340d8305facfe6fabb04b013596d505ec162f1459967c6c02b,1536,511,2.733468532562256
E,29,a04,100,22,430b207f11cc9fca2e6abfdfad0058d641efa06b03c188327525beae3bff09b4,1536,511,2.768122911453247
E,29,a04,100,23,10224e7ae1df610ffebc972b484a683b41029bdce6b35466d1b699827e35bb53,2048,511,2.338743209838867
E,29,a04,100,24,f8da226fe39d295e2366279e9de00641e698745ba6b6d161f584a8a1f2b8d6a0,2048,511,3.1518778800964355
E,29,a04,100,25,d6f01c7164f64f27c4ded075d175f71a1e7f3005d7302c0edf2fa8ca51e1ffea,1024,511,2.6125283241271973
E,29,a04,100,26,70826fed1eeac5c7e500a9f722b33f1885417135f36afce17930fc4bbd18c2b4,4096,511,2.6386988162994385
E,29,a04,100,27,676d464a4eaec6f643f16db5c78aed26a34ee406cc7a9c6ebe76515e8c563ccc,0,511,2.453538656234741
E,29,a04,100,28,9dc7a64f95a7b3099d2db5301a45fdefe4d867ea15cbadc926fd1cfd118c4744,3072,511,2.6494505405426025
E,29,a04,100,29,7105c481f704788c4b2f679abca882f01b30dd018e40b562b7656ca759cf8a4e,5120,511,2.4180972576141357
E,29,a04,100,30,0285c42e46acc57bf27c926840015d9800201644cc96d69d7e7253bf28eb2e90,1536,511,3.0401275157928467
E,29,a04,100,31,32081ed1efc15f763e694901af2b1f9765bd8ef20aafb787d1d6bf1592e0410a,5120,511,2.6349453926086426
E,29,a04,100,32,2c4f27b502f2d3480e963e4a68311f6df355d3559167705870bd294dcfc00d1a,1024,511,3.2391974925994873
E,29,a04,100,33,9ddab433dc39ac5eefa8432eb0082882c365e23a5c29249687198b3e58fdad1f,2560,511,2.855635404586792
E,29,a04,100,34,01fcc1a24c865e3d204b244a2d227ec365ccc5f611f550d43105b6277c9e6f63,1536,511,3.038409471511841
E,29,a04,100,35,aaad1a5cbffc9e125db9a05d2807a9d0651040104d25cfa7ce7f2a5b2e2086e1,1024,511,2.3753812313079834
E,29,a04,100,36,e25ac06e37522f0957c2cb0806eecc34da2f8db10ae8cc115af7d20b874f6224,512,511,1.773077130317688
E,29,a04,100,37,d5da7bd0121663b6edf61237e56b4dc90a59bdd3f836f7723a5ab5c34d6c1be0,0,511,2.30743145942688
E,29,a04,100,38,7feabb41bc4116cf9ddd1e08b238a70de3437ffb60232618ab6fafc22543b1c5,1536,511,1.8913116455078125
E,29,a04,100,39,7f4e6f225b82734ac97fb72b7bdd5ed77208044ed363817bd00fab38bed6084c,1536,511,2.4535419940948486
E,29,a04,100,40,a3d4b60ea8383ab5f2fb9d3b104cdbb89651a6f572ad663056678887b4d2d667,1024,511,2.7693333625793457
E,29,a04,100,41,35f8ba2251973d2f837378c101accd0e649b67dd402c4509b78f0452dca80482,0,511,1.8128308057785034
E,29,a04,100,42,6f7c52dd830f9adb55b5052564b6027331257cbe7a337dcbe4369b86109ac557,0,511,2.181149482727051
E,29,a04,100,43,874b7f0c28c1c112d38da2ce3e6603b817d2afb1a423dcfc6718c9fb1ebd2ddb,5632,511,2.4242687225341797
E,29,a04,100,44,4499f41f572afda80045cc7b149c7c01bfa99b3e546ec3778b65f776f3e67154,9216,511,2.679749011993408
E,29,a04,100,45,4579f5dba0662d35270215ad56a6c07ddb54396f3023949a7493da7b33cf5bc2,1536,511,2.7795569896698
E,29,a04,100,46,67ea63e2020d3fa3821782867a7afa97fa78e1be3c6ff97d8b950377a01f7a3b,0,511,2.04689359664917
E,29,a04,100,47,8b72b1ba0b72e1faa8368d573546ed7a9a6b2b44e81edb8057bd7a04f5e9c933,1536,511,2.9881856441497803
E,29,a04,100,48,14aa9ebe6121a5c3d38160d97ff19328e466813462beeee68d1391cf6905193c,3072,511,2.7631568908691406
E,29,a04,100,49,85278703ca1d3bc269d096d5572de636a703a6998b4327bdc5b444d334b9c177,1536,511,2.801229238510132
E,29,a04,100,50,f966fdde40abae385bfe799dfdfab537c886e427ab20a5dc4097d3becb2ce351,2048,511,3.175807476043701
E,29,a04,100,51,c3fe0e54525739db453e760ca0e48da11ae8bc3ebe14a350d8e5709ed5c926bf,1536,511,2.385296583175659
E,29,a04,100,52,0d7214d0d360077352f26a7670f062fc711d3b8163f0d76a786fbafde55ef3ca,1024,511,2.456524133682251
E,29,a04,100,53,44567cca0f7ed6f2624dc6a03f0d5223a54d32a432071040c4cf7173ff6b4231,0,511,2.1607766151428223
E,29,a04,100,54,5842cd9af7d81dbe22877345606428b7fc7244c00fd6f0061f0170601e9afd33,0,511,2.3454339504241943
E,29,a04,100,55,0e1af7f1246327ef5559369dd3d8df7eae7e903f55d6595189ec64c10782ad5f,512,511,2.1352322101593018
E,29,a04,100,56,25049dea6f5fe73b549fbd902d603a133a5e454b227c3c9fe568c7880ed6618b,0,511,2.084930419921875
E,29,a04,100,57,37dc34e7b9bd72d359cfc00f2e49990acde101b903d19eaa4a6da82b714493e0,1024,511,2.2180697917938232
E,29,a04,100,58,3938d05f4a501977d2521a921da001aea27c460a9983f6fdbf4d35be7018e9f7,0,511,2.574214220046997
E,29,a04,100,59,26b08f01fa673793dfa66415e2960b999caa2e5e047ef2891bf76514e38116e2,512,511,2.5857508182525635
E,29,a04,100,60,c836ab3d06550b3a257eb0fb619f87c62b989ab156526f2b7472af4524155b1f,2560,511,2.414093017578125
E,29,a04,100,61,e0a01a0175937971f62066d3ad8e84e0abf622e70cd6650f70734459ec923be2,512,511,2.723235845565796
E,29,a04,100,62,3d13a708d985d25d78c1c15ea62a30c860c3d822f652f490e34509b522b27d75,0,511,1.9958542585372925
E,29,a04,100,63,3b4ad5d4faaf9898e388ae94680869597d2e442f7b436d89ff3225802a7275fc,0,511,2.2773497104644775
E,29,a05,100,0,df3305d3c1efe89104be4ad8527fb07ba5605a836d990031c89eb0b2533b41ab,512,511,2.4808249473571777
E,29,a05,100,1,57e758e9ccc13d36db25081d7608e96b58ce07adce66d57aede2a47b90ef2128,1536,511,2.4990129470825195
E,29,a05,100,2,b9c168c32403a785cfd74718826a7d3435e8da2ea5590b50f7b9383381ceee58,512,511,2.6011464595794678
E,29,a05,100,3,909fd9bbc00c2ce37ed48c52ece9b921295e588f1e75e891a69fbb1f7bb2f56f,8192,511,2.5441744327545166
E,29,a05,100,4,17249b7e503c3cb40aa9978e58217fc24d6e9813c8f2863a8e28af153e7b1605,3584,511,2.7285709381103516
E,29,a05,100,5,1498e3fa4882ad211de574fba67f15f597e97623a0a4026d0cf91fd972c8cb1f,2048,511,2.6532959938049316
E,29,a05,100,6,5671f56c83661b02a4e9b0e3f5666121601d3796daaf7b9b3ba9e1c2c8d1e159,7168,511,2.5070230960845947
E,29,a05,100,7,eb3b7559065564c1b02d00ba0dfdbc44c2295bbff1106cfb3958a90a24084588,512,511,2.648479461669922
E,29,a05,100,8,d6a1096ebd0ff82276e90c0a136cfcc37e73f2dee858508a3deba7cc22cd4c27,9216,511,2.144108772277832
E,29,a05,100,9,8c16089493008fe5b445fcef0c54b5f9ae247f6a640391a3d574d969be08df56,1536,511,2.762769937515259
E,29,a05,100,10,f861b8f4f1dc215e899fce14a74ecd8c8b799195704111d0c3563850d0430340,2048,511,2.5313737392425537
E,29,a05,100,11,1202f2c85983ad618a286718bd4a3932be53e588423ec000327fbbfa7d66e535,3584,511,2.4920971393585205
E,29,a05,100,12,a67e755faea05d6ca837fe044b98214900aec9322050808d94f1963df5ca2e85,512,511,2.517630100250244
E,29,a05,100,13,d9e42c96070c5efbbaf425e17f23a5b1a0b1e0404e271ea160d824fb7d2f256a,1536,511,3.167402505874634
E,29,a05,100,14,c9573c7b74221b0da1642a0c92448dc77cc4a23923c69288d3f26f2f2be086d4,1024,511,2.8296473026275635
E,29,a05,100,15,64a74ab03ef783d2ba19cb9b89fe10f140e1c6fa0d57889e5dfa96324bbed610,0,511,2.05024790763855
E,29,a05,100,16,1b03f1cd9a1f9f37a3f55981c9272522ae0075f6fb08b6190e7e2591773583f1,512,511,2.255690574645996
E,29,a05,100,17,e0d87dc6c183a32c3e59afc1e1cd42f927e90df51a0ff754e44ceeb76f89fe72,1024,511,1.798978328704834
E,29,a05,100,18,1063d77dff6bb7cd10daadeaeec2e8850c4f63386f515ece9b10be818faf7d33,2048,511,3.082960844039917
E,29,a05,100,19,49d8ed4909c242814839e82dffaee9ae5ec6fda9bdbaacbaf6d98f4a407fa88f,5120,511,2.341071128845215
E,29,a05,100,20,458761ef690ad92a02d167ea2644e9eb6055daae0ff5e8934b7097c9c0a94fb6,1536,511,2.09110951423645
E,29,a05,100,21,efa67b013c4515340d8305facfe6fabb04b013596d505ec162f1459967c6c02b,1536,511,2.7076985836029053
E,29,a05,100,22,430b207f11cc9fca2e6abfdfad0058d641efa06b03c188327525beae3bff09b4,1536,511,2.7391366958618164
E,29,a05,100,23,10224e7ae1df610ffebc972b484a683b41029bdce6b35466d1b699827e35bb53,2048,511,2.3540761470794678
E,29,a05,100,24,f8da226fe39d295e2366279e9de00641e698745ba6b6d161f584a8a1f2b8d6a0,2048,511,3.1408350467681885
E,29,a05,100,25,d6f01c7164f64f27c4ded075d175f71a1e7f3005d7302c0edf2fa8ca51e1ffea,1024,511,2.5860095024108887
E,29,a05,100,26,70826fed1eeac5c7e500a9f722b33f1885417135f36afce17930fc4bbd18c2b4,4096,511,2.623375654220581
E,29,a05,100,27,676d464a4eaec6f643f16db5c78aed26a34ee406cc7a9c6ebe76515e8c563ccc,0,511,2.396836042404175
E,29,a05,100,28,9dc7a64f95a7b3099d2db5301a45fdefe4d867ea15cbadc926fd1cfd118c4744,3072,511,2.580192804336548
E,29,a05,100,29,7105c481f704788c4b2f679abca882f01b30dd018e40b562b7656ca759cf8a4e,5120,511,2.426481008529663
E,29,a05,100,30,0285c42e46acc57bf27c926840015d9800201644cc96d69d7e7253bf28eb2e90,1536,511,3.0549986362457275
E,29,a05,100,31,32081ed1efc15f763e694901af2b1f9765bd8ef20aafb787d1d6bf1592e0410a,5120,511,2.625368356704712
E,29,a05,100,32,2c4f27b502f2d3480e963e4a68311f6df355d3559167705870bd294dcfc00d1a,1024,511,3.249054193496704
E,29,a05,100,33,9ddab433dc39ac5eefa8432eb0082882c365e23a5c29249687198b3e58fdad1f,2560,511,2.844714641571045
E,29,a05,100,34,01fcc1a24c865e3d204b244a2d227ec365ccc5f611f550d43105b6277c9e6f63,1536,511,3.062692403793335
E,29,a05,100,35,aaad1a5cbffc9e125db9a05d2807a9d0651040104d25cfa7ce7f2a5b2e2086e1,1024,511,2.378159284591675
E,29,a05,100,36,e25ac06e37522f0957c2cb0806eecc34da2f8db10ae8cc115af7d20b874f6224,512,511,1.7194545269012451
E,29,a05,100,37,d5da7bd0121663b6edf61237e56b4dc90a59bdd3f836f7723a5ab5c34d6c1be0,0,511,2.3028059005737305
E,29,a05,100,38,7feabb41bc4116cf9ddd1e08b238a70de3437ffb60232618ab6fafc22543b1c5,1536,511,1.872597575187683
E,29,a05,100,39,7f4e6f225b82734ac97fb72b7bdd5ed77208044ed363817bd00fab38bed6084c,1536,511,2.4265990257263184
E,29,a05,100,40,a3d4b60ea8383ab5f2fb9d3b104cdbb89651a6f572ad663056678887b4d2d667,1024,511,2.793095111846924
E,29,a05,100,41,35f8ba2251973d2f837378c101accd0e649b67dd402c4509b78f0452dca80482,0,511,1.8048713207244873
E,29,a05,100,42,6f7c52dd830f9adb55b5052564b6027331257cbe7a337dcbe4369b86109ac557,0,511,2.2070701122283936
E,29,a05,100,43,874b7f0c28c1c112d38da2ce3e6603b817d2afb1a423dcfc6718c9fb1ebd2ddb,5632,511,2.445485830307007
E,29,a05,100,44,4499f41f572afda80045cc7b149c7c01bfa99b3e546ec3778b65f776f3e67154,9216,511,2.662583112716675
E,29,a05,100,45,4579f5dba0662d35270215ad56a6c07ddb54396f3023949a7493da7b33cf5bc2,1536,511,2.7933669090270996
E,29,a05,100,46,67ea63e2020d3fa3821782867a7afa97fa78e1be3c6ff97d8b950377a01f7a3b,0,511,2.029740333557129
E,29,a05,100,47,8b72b1ba0b72e1faa8368d573546ed7a9a6b2b44e81edb8057bd7a04f5e9c933,1536,511,2.981611967086792
E,29,a05,100,48,14aa9ebe6121a5c3d38160d97ff19328e466813462beeee68d1391cf6905193c,3072,511,2.7280311584472656
E,29,a05,100,49,85278703ca1d3bc269d096d5572de636a703a6998b4327bdc5b444d334b9c177,1536,511,2.77004075050354
E,29,a05,100,50,f966fdde40abae385bfe799dfdfab537c886e427ab20a5dc4097d3becb2ce351,2048,511,3.184241771697998
E,29,a05,100,51,c3fe0e54525739db453e760ca0e48da11ae8bc3ebe14a350d8e5709ed5c926bf,1536,511,2.2997210025787354
E,29,a05,100,52,0d7214d0d360077352f26a7670f062fc711d3b8163f0d76a786fbafde55ef3ca,1024,511,2.4261069297790527
E,29,a05,100,53,44567cca0f7ed6f2624dc6a03f0d5223a54d32a432071040c4cf7173ff6b4231,0,511,2.1312344074249268
E,29,a05,100,54,5842cd9af7d81dbe22877345606428b7fc7244c00fd6f0061f0170601e9afd33,0,511,2.3195090293884277
E,29,a05,100,55,0e1af7f1246327ef5559369dd3d8df7eae7e903f55d6595189ec64c10782ad5f,512,511,2.170323610305786
E,29,a05,100,56,25049dea6f5fe73b549fbd902d603a133a5e454b227c3c9fe568c7880ed6618b,0,511,2.086491346359253
E,29,a05,100,57,37dc34e7b9bd72d359cfc00f2e49990acde101b903d19eaa4a6da82b714493e0,1024,511,2.229314088821411
E,29,a05,100,58,3938d05f4a501977d2521a921da001aea27c460a9983f6fdbf4d35be7018e9f7,0,511,2.5550949573516846
E,29,a05,100,59,26b08f01fa673793dfa66415e2960b999caa2e5e047ef2891bf76514e38116e2,512,511,2.563108205795288
E,29,a05,100,60,c836ab3d06550b3a257eb0fb619f87c62b989ab156526f2b7472af4524155b1f,2560,511,2.3630902767181396
E,29,a05,100,61,e0a01a0175937971f62066d3ad8e84e0abf622e70cd6650f70734459ec923be2,512,511,2.7060439586639404
E,29,a05,100,62,3d13a708d985d25d78c1c15ea62a30c860c3d822f652f490e34509b522b27d75,0,511,1.9569977521896362
E,29,a05,100,63,3b4ad5d4faaf9898e388ae94680869597d2e442f7b436d89ff3225802a7275fc,0,511,2.2590057849884033
E,29,a06,100,0,df3305d3c1efe89104be4ad8527fb07ba5605a836d990031c89eb0b2533b41ab,512,511,2.5122270584106445
E,29,a06,100,1,57e758e9ccc13d36db25081d7608e96b58ce07adce66d57aede2a47b90ef2128,1536,511,2.5177290439605713
E,29,a06,100,2,b9c168c32403a785cfd74718826a7d3435e8da2ea5590b50f7b9383381ceee58,512,511,2.61681866645813
E,29,a06,100,3,909fd9bbc00c2ce37ed48c52ece9b921295e588f1e75e891a69fbb1f7bb2f56f,8192,511,2.6332812309265137
E,29,a06,100,4,17249b7e503c3cb40aa9978e58217fc24d6e9813c8f2863a8e28af153e7b1605,3584,511,2.7890825271606445
E,29,a06,100,5,1498e3fa4882ad211de574fba67f15f597e97623a0a4026d0cf91fd972c8cb1f,2048,511,2.6980252265930176
E,29,a06,100,6,5671f56c83661b02a4e9b0e3f5666121601d3796daaf7b9b3ba9e1c2c8d1e159,7168,511,2.5390076637268066
E,29,a06,100,7,eb3b7559065564c1b02d00ba0dfdbc44c2295bbff1106cfb3958a90a24084588,512,511,2.6956558227539062
E,29,a06,100,8,d6a1096ebd0ff82276e90c0a136cfcc37e73f2dee858508a3deba7cc22cd4c27,9216,511,2.1613330841064453
E,29,a06,100,9,8c16089493008fe5b445fcef0c54b5f9ae247f6a640391a3d574d969be08df56,1536,511,2.740788459777832
E,29,a06,100,10,f861b8f4f1dc215e899fce14a74ecd8c8b799195704111d0c3563850d0430340,2048,511,2.5206193923950195
E,29,a06,100,11,1202f2c85983ad618a286718bd4a3932be53e588423ec000327fbbfa7d66e535,3584,511,2.5533287525177
E,29,a06,100,12,a67e755faea05d6ca837fe044b98214900aec9322050808d94f1963df5ca2e85,512,511,2.538379669189453
E,29,a06,100,13,d9e42c96070c5efbbaf425e17f23a5b1a0b1e0404e271ea160d824fb7d2f256a,1536,511,3.1927390098571777
E,29,a06,100,14,c9573c7b74221b0da1642a0c92448dc77cc4a23923c69288d3f26f2f2be086d4,1024,511,2.8580424785614014
E,29,a06,100,15,64a74ab03ef783d2ba19cb9b89fe10f140e1c6fa0d57889e5dfa96324bbed610,0,511,2.0380842685699463
E,29,a06,100,16,1b03f1cd9a1f9f37a3f55981c9272522ae0075f6fb08b6190e7e2591773583f1,512,511,2.3048572540283203
E,29,a06,100,17,e0d87dc6c183a32c3e59afc1e1cd42f927e90df51a0ff754e44ceeb76f89fe72,1024,511,1.833986759185791
E,29,a06,100,18,1063d77dff6bb7cd10daadeaeec2e8850c4f63386f515ece9b10be818faf7d33,2048,511,3.140683650970459
E,29,a06,100,19,49d8ed4909c242814839e82dffaee9ae5ec6fda9bdbaacbaf6d98f4a407fa88f,5120,511,2.434319019317627
E,29,a06,100,20,458761ef690ad92a02d167ea2644e9eb6055daae0ff5e8934b7097c9c0a94fb6,1536,511,2.1590769290924072
E,29,a06,100,21,efa67b013c4515340d8305facfe6fabb04b013596d505ec162f1459967c6c02b,1536,511,2.684079885482788
E,29,a06,100,22,430b207f11cc9fca2e6abfdfad0058d641efa06b03c188327525beae3bff09b4,1536,511,2.848134994506836
E,29,a06,100,23,10224e7ae1df610ffebc972b484a683b41029bdce6b35466d1b699827e35bb53,2048,511,2.3269166946411133
E,29,a06,100,24,f8da226fe39d295e2366279e9de00641e698745ba6b6d161f584a8a1f2b8d6a0,2048,511,3.1416945457458496
E,29,a06,100,25,d6f01c7164f64f27c4ded075d175f71a1e7f3005d7302c0edf2fa8ca51e1ffea,1024,511,2.594142436981201
E,29,a06,100,26,70826fed1eeac5c7e500a9f722b33f1885417135f36afce17930fc4bbd18c2b4,4096,511,2.6044938564300537
E,29,a06,100,27,676d464a4eaec6f643f16db5c78aed26a34ee406cc7a9c6ebe76515e8c563ccc,0,511,2.3640477657318115
E,29,a06,100,28,9dc7a64f95a7b3099d2db5301a45fdefe4d867ea15cbadc926fd1cfd118c4744,3072,511,2.6554911136627197
E,29,a06,100,29,7105c481f704788c4b2f679abca882f01b30dd018e40b562b7656ca759cf8a4e,5120,511,2.3971829414367676
E,29,a06,100,30,0285c42e46acc57bf27c926840015d9800201644cc96d69d7e7253bf28eb2e90,1536,511,3.059706687927246
E,29,a06,100,31,32081ed1efc15f763e694901af2b1f9765bd8ef20aafb787d1d6bf1592e0410a,5120,511,2.691737651824951
E,29,a06,100,32,2c4f27b502f2d3480e963e4a68311f6df355d3559167705870bd294dcfc00d1a,1024,511,3.2412054538726807
E,29,a06,100,33,9ddab433dc39ac5eefa8432eb0082882c365e23a5c29249687198b3e58fdad1f,2560,511,2.822031021118164
E,29,a06,100,34,01fcc1a24c865e3d204b244a2d227ec365ccc5f611f550d43105b6277c9e6f63,1536,511,3.1077256202697754
E,29,a06,100,35,aaad1a5cbffc9e125db9a05d2807a9d0651040104d25cfa7ce7f2a5b2e2086e1,1024,511,2.410752296447754
E,29,a06,100,36,e25ac06e37522f0957c2cb0806eecc34da2f8db10ae8cc115af7d20b874f6224,512,511,1.7851358652114868
E,29,a06,100,37,d5da7bd0121663b6edf61237e56b4dc90a59bdd3f836f7723a5ab5c34d6c1be0,0,511,2.245225191116333
E,29,a06,100,38,7feabb41bc4116cf9ddd1e08b238a70de3437ffb60232618ab6fafc22543b1c5,1536,511,1.9108060598373413
E,29,a06,100,39,7f4e6f225b82734ac97fb72b7bdd5ed77208044ed363817bd00fab38bed6084c,1536,511,2.4510014057159424
E,29,a06,100,40,a3d4b60ea8383ab5f2fb9d3b104cdbb89651a6f572ad663056678887b4d2d667,1024,511,2.8214285373687744
E,29,a06,100,41,35f8ba2251973d2f837378c101accd0e649b67dd402c4509b78f0452dca80482,0,511,1.862273097038269
E,29,a06,100,42,6f7c52dd830f9adb55b5052564b6027331257cbe7a337dcbe4369b86109ac557,0,511,2.200098752975464
E,29,a06,100,43,874b7f0c28c1c112d38da2ce3e6603b817d2afb1a423dcfc6718c9fb1ebd2ddb,5632,511,2.540677547454834
E,29,a06,100,44,4499f41f572afda80045cc7b149c7c01bfa99b3e546ec3778b65f776f3e67154,9216,511,2.6810667514801025
E,29,a06,100,45,4579f5dba0662d35270215ad56a6c07ddb54396f3023949a7493da7b33cf5bc2,1536,511,2.81021785736084
E,29,a06,100,46,67ea63e2020d3fa3821782867a7afa97fa78e1be3c6ff97d8b950377a01f7a3b,0,511,2.060795783996582
E,29,a06,100,47,8b72b1ba0b72e1faa8368d573546ed7a9a6b2b44e81edb8057bd7a04f5e9c933,1536,511,3.000227451324463
E,29,a06,100,48,14aa9ebe6121a5c3d38160d97ff19328e466813462beeee68d1391cf6905193c,3072,511,2.726658344268799
E,29,a06,100,49,85278703ca1d3bc269d096d5572de636a703a6998b4327bdc5b444d334b9c177,1536,511,2.808312177658081
E,29,a06,100,50,f966fdde40abae385bfe799dfdfab537c886e427ab20a5dc4097d3becb2ce351,2048,511,3.2452237606048584
E,29,a06,100,51,c3fe0e54525739db453e760ca0e48da11ae8bc3ebe14a350d8e5709ed5c926bf,1536,511,2.4256088733673096
E,29,a06,100,52,0d7214d0d360077352f26a7670f062fc711d3b8163f0d76a786fbafde55ef3ca,1024,511,2.4132487773895264
E,29,a06,100,53,44567cca0f7ed6f2624dc6a03f0d5223a54d32a432071040c4cf7173ff6b4231,0,511,2.1119251251220703
E,29,a06,100,54,5842cd9af7d81dbe22877345606428b7fc7244c00fd6f0061f0170601e9afd33,0,511,2.294722080230713
E,29,a06,100,55,0e1af7f1246327ef5559369dd3d8df7eae7e903f55d6595189ec64c10782ad5f,512,511,2.219964027404785
E,29,a06,100,56,25049dea6f5fe73b549fbd902d603a133a5e454b227c3c9fe568c7880ed6618b,0,511,2.0805466175079346
E,29,a06,100,57,37dc34e7b9bd72d359cfc00f2e49990acde101b903d19eaa4a6da82b714493e0,1024,511,2.183650493621826
E,29,a06,100,58,3938d05f4a501977d2521a921da001aea27c460a9983f6fdbf4d35be7018e9f7,0,511,2.4850101470947266
E,29,a06,100,59,26b08f01fa673793dfa66415e2960b999caa2e5e047ef2891bf76514e38116e2,512,511,2.6179616451263428
E,29,a06,100,60,c836ab3d06550b3a257eb0fb619f87c62b989ab156526f2b7472af4524155b1f,2560,511,2.36753249168396
E,29,a06,100,61,e0a01a0175937971f62066d3ad8e84e0abf622e70cd6650f70734459ec923be2,512,511,2.7309815883636475
E,29,a06,100,62,3d13a708d985d25d78c1c15ea62a30c860c3d822f652f490e34509b522b27d75,0,511,1.9702939987182617
E,29,a06,100,63,3b4ad5d4faaf9898e388ae94680869597d2e442f7b436d89ff3225802a7275fc,0,511,2.2715702056884766
E,29,a07,100,0,df3305d3c1efe89104be4ad8527fb07ba5605a836d990031c89eb0b2533b41ab,512,511,2.4936342239379883
E,29,a07,100,1,57e758e9ccc13d36db25081d7608e96b58ce07adce66d57aede2a47b90ef2128,1536,511,2.5433695316314697
E,29,a07,100,2,b9c168c32403a785cfd74718826a7d3435e8da2ea5590b50f7b9383381ceee58,512,511,2.6184046268463135
E,29,a07,100,3,909fd9bbc00c2ce37ed48c52ece9b921295e588f1e75e891a69fbb1f7bb2f56f,8192,511,2.5909783840179443
E,29,a07,100,4,17249b7e503c3cb40aa9978e58217fc24d6e9813c8f2863a8e28af153e7b1605,3584,511,2.801018714904785
E,29,a07,100,5,1498e3fa4882ad211de574fba67f15f597e97623a0a4026d0cf91fd972c8cb1f,2048,511,2.7136106491088867
E,29,a07,100,6,5671f56c83661b02a4e9b0e3f5666121601d3796daaf7b9b3ba9e1c2c8d1e159,7168,511,2.5077247619628906
E,29,a07,100,7,eb3b7559065564c1b02d00ba0dfdbc44c2295bbff1106cfb3958a90a24084588,512,511,2.6694211959838867
E,29,a07,100,8,d6a1096ebd0ff82276e90c0a136cfcc37e73f2dee858508a3deba7cc22cd4c27,9216,511,2.1758289337158203
E,29,a07,100,9,8c16089493008fe5b445fcef0c54b5f9ae247f6a640391a3d574d969be08df56,1536,511,2.731307029724121
E,29,a07,100,10,f861b8f4f1dc215e899fce14a74ecd8c8b799195704111d0c3563850d0430340,2048,511,2.4917972087860107
E,29,a07,100,11,1202f2c85983ad618a286718bd4a3932be53e588423ec000327fbbfa7d66e535,3584,511,2.4607012271881104
E,29,a07,100,12,a67e755faea05d6ca837fe044b98214900aec9322050808d94f1963df5ca2e85,512,511,2.5209944248199463
E,29,a07,100,13,d9e42c96070c5efbbaf425e17f23a5b1a0b1e0404e271ea160d824fb7d2f256a,1536,511,3.1347084045410156
E,29,a07,100,14,c9573c7b74221b0da1642a0c92448dc77cc4a23923c69288d3f26f2f2be086d4,1024,511,2.8762876987457275
E,29,a07,100,15,64a74ab03ef783d2ba19cb9b89fe10f140e1c6fa0d57889e5dfa96324bbed610,0,511,2.0631072521209717
E,29,a07,100,16,1b03f1cd9a1f9f37a3f55981c9272522ae0075f6fb08b6190e7e2591773583f1,512,511,2.3017022609710693
E,29,a07,100,17,e0d87dc6c183a32c3e59afc1e1cd42f927e90df51a0ff754e44ceeb76f89fe72,1024,511,1.843306303024292
E,29,a07,100,18,1063d77dff6bb7cd10daadeaeec2e8850c4f63386f515ece9b10be818faf7d33,2048,511,3.1207499504089355
E,29,a07,100,19,49d8ed4909c242814839e82dffaee9ae5ec6fda9bdbaacbaf6d98f4a407fa88f,5120,511,2.3961093425750732
E,29,a07,100,20,458761ef690ad92a02d167ea2644e9eb6055daae0ff5e8934b7097c9c0a94fb6,1536,511,2.1321396827697754
E,29,a07,100,21,efa67b013c4515340d8305facfe6fabb04b013596d505ec162f1459967c6c02b,1536,511,2.686471462249756
E,29,a07,100,22,430b207f11cc9fca2e6abfdfad0058d641efa06b03c188327525beae3bff09b4,1536,511,2.769625663757324
E,29,a07,100,23,10224e7ae1df610ffebc972b484a683b41029bdce6b35466d1b699827e35bb53,2048,511,2.324769973754883
E,29,a07,100,24,f8da226fe39d295e2366279e9de00641e698745ba6b6d161f584a8a1f2b8d6a0,2048,511,3.1467883586883545
E,29,a07,100,25,d6f01c7164f64f27c4ded075d175f71a1e7f3005d7302c0edf2fa8ca51e1ffea,1024,511,2.6197783946990967
E,29,a07,100,26,70826fed1eeac5c7e500a9f722b33f1885417135f36afce17930fc4bbd18c2b4,4096,511,2.5927999019622803
E,29,a07,100,27,676d464a4eaec6f643f16db5c78aed26a34ee406cc7a9c6ebe76515e8c563ccc,0,511,2.3875043392181396
E,29,a07,100,28,9dc7a64f95a7b3099d2db5301a45fdefe4d867ea15cbadc926fd1cfd118c4744,3072,511,2.6496262550354004
E,29,a07,100,29,7105c481f704788c4b2f679abca882f01b30dd018e40b562b7656ca759cf8a4e,5120,511,2.366978645324707
E,29,a07,100,30,0285c42e46acc57bf27c926840015d9800201644cc96d69d7e7253bf28eb2e90,1536,511,3.088305711746216
E,29,a07,100,31,32081ed1efc15f763e694901af2b1f9765bd8ef20aafb787d1d6bf1592e0410a,5120,511,2.664869785308838
E,29,a07,100,32,2c4f27b502f2d3480e963e4a68311f6df355d3559167705870bd294dcfc00d1a,1024,511,3.222686529159546
E,29,a07,100,33,9ddab433dc39ac5eefa8432eb0082882c365e23a5c29249687198b3e58fdad1f,2560,511,2.8463830947875977
E,29,a07,100,34,01fcc1a24c865e3d204b244a2d227ec365ccc5f611f550d43105b6277c9e6f63,1536,511,3.065873384475708
E,29,a07,100,35,aaad1a5cbffc9e125db9a05d2807a9d0651040104d25cfa7ce7f2a5b2e2086e1,1024,511,2.400235414505005
E,29,a07,100,36,e25ac06e37522f0957c2cb0806eecc34da2f8db10ae8cc115af7d20b874f6224,512,511,1.7700175046920776
E,29,a07,100,37,d5da7bd0121663b6edf61237e56b4dc90a59bdd3f836f7723a5ab5c34d6c1be0,0,511,2.229429244995117
E,29,a07,100,38,7feabb41bc4116cf9ddd1e08b238a70de3437ffb60232618ab6fafc22543b1c5,1536,511,1.8822892904281616
E,29,a07,100,39,7f4e6f225b82734ac97fb72b7bdd5ed77208044ed363817bd00fab38bed6084c,1536,511,2.4490370750427246
E,29,a07,100,40,a3d4b60ea8383ab5f2fb9d3b104cdbb89651a6f572ad663056678887b4d2d667,1024,511,2.8064985275268555
E,29,a07,100,41,35f8ba2251973d2f837378c101accd0e649b67dd402c4509b78f0452dca80482,0,511,1.8470209836959839
E,29,a07,100,42,6f7c52dd830f9adb55b5052564b6027331257cbe7a337dcbe4369b86109ac557,0,511,2.2090909481048584
E,29,a07,100,43,874b7f0c28c1c112d38da2ce3e6603b817d2afb1a423dcfc6718c9fb1ebd2ddb,5632,511,2.5046725273132324
E,29,a07,100,44,4499f41f572afda80045cc7b149c7c01bfa99b3e546ec3778b65f776f3e67154,9216,511,2.6417975425720215
E,29,a07,100,45,4579f5dba0662d35270215ad56a6c07ddb54396f3023949a7493da7b33cf5bc2,1536,511,2.767814874649048
E,29,a07,100,46,67ea63e2020d3fa3821782867a7afa97fa78e1be3c6ff97d8b950377a01f7a3b,0,511,2.0678534507751465
E,29,a07,100,47,8b72b1ba0b72e1faa8368d573546ed7a9a6b2b44e81edb8057bd7a04f5e9c933,1536,511,2.9664316177368164
E,29,a07,100,48,14aa9ebe6121a5c3d38160d97ff19328e466813462beeee68d1391cf6905193c,3072,511,2.7192225456237793
E,29,a07,100,49,85278703ca1d3bc269d096d5572de636a703a6998b4327bdc5b444d334b9c177,1536,511,2.812053918838501
E,29,a07,100,50,f966fdde40abae385bfe799dfdfab537c886e427ab20a5dc4097d3becb2ce351,2048,511,3.230403423309326
E,29,a07,100,51,c3fe0e54525739db453e760ca0e48da11ae8bc3ebe14a350d8e5709ed5c926bf,1536,511,2.3936097621917725
E,29,a07,100,52,0d7214d0d360077352f26a7670f062fc711d3b8163f0d76a786fbafde55ef3ca,1024,511,2.4107131958007812
E,29,a07,100,53,44567cca0f7ed6f2624dc6a03f0d5223a54d32a432071040c4cf7173ff6b4231,0,511,2.102229356765747
E,29,a07,100,54,5842cd9af7d81dbe22877345606428b7fc7244c00fd6f0061f0170601e9afd33,0,511,2.3428955078125
E,29,a07,100,55,0e1af7f1246327ef5559369dd3d8df7eae7e903f55d6595189ec64c10782ad5f,512,511,2.1829113960266113
E,29,a07,100,56,25049dea6f5fe73b549fbd902d603a133a5e454b227c3c9fe568c7880ed6618b,0,511,2.0673227310180664
E,29,a07,100,57,37dc34e7b9bd72d359cfc00f2e49990acde101b903d19eaa4a6da82b714493e0,1024,511,2.2160825729370117
E,29,a07,100,58,3938d05f4a501977d2521a921da001aea27c460a9983f6fdbf4d35be7018e9f7,0,511,2.506882905960083
E,29,a07,100,59,26b08f01fa673793dfa66415e2960b999caa2e5e047ef2891bf76514e38116e2,512,511,2.55118465423584
E,29,a07,100,60,c836ab3d06550b3a257eb0fb619f87c62b989ab156526f2b7472af4524155b1f,2560,511,2.415278911590576
E,29,a07,100,61,e0a01a0175937971f62066d3ad8e84e0abf622e70cd6650f70734459ec923be2,512,511,2.7091145515441895
E,29,a07,100,62,3d13a708d985d25d78c1c15ea62a30c860c3d822f652f490e34509b522b27d75,0,511,2.0057284832000732
E,29,a07,100,63,3b4ad5d4faaf9898e388ae94680869597d2e442f7b436d89ff3225802a7275fc,0,511,2.2321829795837402
E,parent,parent,0,0,df3305d3c1efe89104be4ad8527fb07ba5605a836d990031c89eb0b2533b41ab,512,511,2.481536388397217
E,parent,parent,0,1,57e758e9ccc13d36db25081d7608e96b58ce07adce66d57aede2a47b90ef2128,1536,511,2.6037609577178955
E,parent,parent,0,2,b9c168c32403a785cfd74718826a7d3435e8da2ea5590b50f7b9383381ceee58,512,511,2.612293243408203
E,parent,parent,0,3,909fd9bbc00c2ce37ed48c52ece9b921295e588f1e75e891a69fbb1f7bb2f56f,8192,511,2.572911024093628
E,parent,parent,0,4,17249b7e503c3cb40aa9978e58217fc24d6e9813c8f2863a8e28af153e7b1605,3584,511,2.7153491973876953
E,parent,parent,0,5,1498e3fa4882ad211de574fba67f15f597e97623a0a4026d0cf91fd972c8cb1f,2048,511,2.800743341445923
E,parent,parent,0,6,5671f56c83661b02a4e9b0e3f5666121601d3796daaf7b9b3ba9e1c2c8d1e159,7168,511,2.5389370918273926
E,parent,parent,0,7,eb3b7559065564c1b02d00ba0dfdbc44c2295bbff1106cfb3958a90a24084588,512,511,2.6390013694763184
E,parent,parent,0,8,d6a1096ebd0ff82276e90c0a136cfcc37e73f2dee858508a3deba7cc22cd4c27,9216,511,2.158327341079712
E,parent,parent,0,9,8c16089493008fe5b445fcef0c54b5f9ae247f6a640391a3d574d969be08df56,1536,511,2.8224847316741943
E,parent,parent,0,10,f861b8f4f1dc215e899fce14a74ecd8c8b799195704111d0c3563850d0430340,2048,511,2.528311014175415
E,parent,parent,0,11,1202f2c85983ad618a286718bd4a3932be53e588423ec000327fbbfa7d66e535,3584,511,2.5479676723480225
E,parent,parent,0,12,a67e755faea05d6ca837fe044b98214900aec9322050808d94f1963df5ca2e85,512,511,2.617060661315918
E,parent,parent,0,13,d9e42c96070c5efbbaf425e17f23a5b1a0b1e0404e271ea160d824fb7d2f256a,1536,511,3.2403993606567383
E,parent,parent,0,14,c9573c7b74221b0da1642a0c92448dc77cc4a23923c69288d3f26f2f2be086d4,1024,511,2.943037986755371
E,parent,parent,0,15,64a74ab03ef783d2ba19cb9b89fe10f140e1c6fa0d57889e5dfa96324bbed610,0,511,2.084624767303467
E,parent,parent,0,16,1b03f1cd9a1f9f37a3f55981c9272522ae0075f6fb08b6190e7e2591773583f1,512,511,2.370190143585205
E,parent,parent,0,17,e0d87dc6c183a32c3e59afc1e1cd42f927e90df51a0ff754e44ceeb76f89fe72,1024,511,1.969799280166626
E,parent,parent,0,18,1063d77dff6bb7cd10daadeaeec2e8850c4f63386f515ece9b10be818faf7d33,2048,511,3.276089906692505
E,parent,parent,0,19,49d8ed4909c242814839e82dffaee9ae5ec6fda9bdbaacbaf6d98f4a407fa88f,5120,511,2.449918270111084
E,parent,parent,0,20,458761ef690ad92a02d167ea2644e9eb6055daae0ff5e8934b7097c9c0a94fb6,1536,511,2.131538152694702
E,parent,parent,0,21,efa67b013c4515340d8305facfe6fabb04b013596d505ec162f1459967c6c02b,1536,511,2.7073891162872314
E,parent,parent,0,22,430b207f11cc9fca2e6abfdfad0058d641efa06b03c188327525beae3bff09b4,1536,511,2.737626314163208
E,parent,parent,0,23,10224e7ae1df610ffebc972b484a683b41029bdce6b35466d1b699827e35bb53,2048,511,2.329516649246216
E,parent,parent,0,24,f8da226fe39d295e2366279e9de00641e698745ba6b6d161f584a8a1f2b8d6a0,2048,511,3.2708513736724854
E,parent,parent,0,25,d6f01c7164f64f27c4ded075d175f71a1e7f3005d7302c0edf2fa8ca51e1ffea,1024,511,2.6560261249542236
E,parent,parent,0,26,70826fed1eeac5c7e500a9f722b33f1885417135f36afce17930fc4bbd18c2b4,4096,511,2.634683609008789
E,parent,parent,0,27,676d464a4eaec6f643f16db5c78aed26a34ee406cc7a9c6ebe76515e8c563ccc,0,511,2.4396884441375732
E,parent,parent,0,28,9dc7a64f95a7b3099d2db5301a45fdefe4d867ea15cbadc926fd1cfd118c4744,3072,511,2.7442786693573
E,parent,parent,0,29,7105c481f704788c4b2f679abca882f01b30dd018e40b562b7656ca759cf8a4e,5120,511,2.4264419078826904
E,parent,parent,0,30,0285c42e46acc57bf27c926840015d9800201644cc96d69d7e7253bf28eb2e90,1536,511,3.085786819458008
E,parent,parent,0,31,32081ed1efc15f763e694901af2b1f9765bd8ef20aafb787d1d6bf1592e0410a,5120,511,2.6113359928131104
E,parent,parent,0,32,2c4f27b502f2d3480e963e4a68311f6df355d3559167705870bd294dcfc00d1a,1024,511,3.258030891418457
E,parent,parent,0,33,9ddab433dc39ac5eefa8432eb0082882c365e23a5c29249687198b3e58fdad1f,2560,511,2.8631603717803955
E,parent,parent,0,34,01fcc1a24c865e3d204b244a2d227ec365ccc5f611f550d43105b6277c9e6f63,1536,511,3.0566630363464355
E,parent,parent,0,35,aaad1a5cbffc9e125db9a05d2807a9d0651040104d25cfa7ce7f2a5b2e2086e1,1024,511,2.398117780685425
E,parent,parent,0,36,e25ac06e37522f0957c2cb0806eecc34da2f8db10ae8cc115af7d20b874f6224,512,511,1.8090095520019531
E,parent,parent,0,37,d5da7bd0121663b6edf61237e56b4dc90a59bdd3f836f7723a5ab5c34d6c1be0,0,511,2.3650405406951904
E,parent,parent,0,38,7feabb41bc4116cf9ddd1e08b238a70de3437ffb60232618ab6fafc22543b1c5,1536,511,1.9590470790863037
E,parent,parent,0,39,7f4e6f225b82734ac97fb72b7bdd5ed77208044ed363817bd00fab38bed6084c,1536,511,2.569253921508789
E,parent,parent,0,40,a3d4b60ea8383ab5f2fb9d3b104cdbb89651a6f572ad663056678887b4d2d667,1024,511,2.924779176712036
E,parent,parent,0,41,35f8ba2251973d2f837378c101accd0e649b67dd402c4509b78f0452dca80482,0,511,1.971976637840271
E,parent,parent,0,42,6f7c52dd830f9adb55b5052564b6027331257cbe7a337dcbe4369b86109ac557,0,511,2.2787978649139404
E,parent,parent,0,43,874b7f0c28c1c112d38da2ce3e6603b817d2afb1a423dcfc6718c9fb1ebd2ddb,5632,511,2.5537755489349365
E,parent,parent,0,44,4499f41f572afda80045cc7b149c7c01bfa99b3e546ec3778b65f776f3e67154,9216,511,2.663120985031128
E,parent,parent,0,45,4579f5dba0662d35270215ad56a6c07ddb54396f3023949a7493da7b33cf5bc2,1536,511,2.843496799468994
E,parent,parent,0,46,67ea63e2020d3fa3821782867a7afa97fa78e1be3c6ff97d8b950377a01f7a3b,0,511,2.089005470275879
E,parent,parent,0,47,8b72b1ba0b72e1faa8368d573546ed7a9a6b2b44e81edb8057bd7a04f5e9c933,1536,511,3.0524861812591553
E,parent,parent,0,48,14aa9ebe6121a5c3d38160d97ff19328e466813462beeee68d1391cf6905193c,3072,511,2.782087564468384
E,parent,parent,0,49,85278703ca1d3bc269d096d5572de636a703a6998b4327bdc5b444d334b9c177,1536,511,2.7722995281219482
E,parent,parent,0,50,f966fdde40abae385bfe799dfdfab537c886e427ab20a5dc4097d3becb2ce351,2048,511,3.335085391998291
E,parent,parent,0,51,c3fe0e54525739db453e760ca0e48da11ae8bc3ebe14a350d8e5709ed5c926bf,1536,511,2.4381911754608154
E,parent,parent,0,52,0d7214d0d360077352f26a7670f062fc711d3b8163f0d76a786fbafde55ef3ca,1024,511,2.46720290184021
E,parent,parent,0,53,44567cca0f7ed6f2624dc6a03f0d5223a54d32a432071040c4cf7173ff6b4231,0,511,2.124490737915039
E,parent,parent,0,54,5842cd9af7d81dbe22877345606428b7fc7244c00fd6f0061f0170601e9afd33,0,511,2.356314182281494
E,parent,parent,0,55,0e1af7f1246327ef5559369dd3d8df7eae7e903f55d6595189ec64c10782ad5f,512,511,2.207303047180176
E,parent,parent,0,56,25049dea6f5fe73b549fbd902d603a133a5e454b227c3c9fe568c7880ed6618b,0,511,2.184865951538086
E,parent,parent,0,57,37dc34e7b9bd72d359cfc00f2e49990acde101b903d19eaa4a6da82b714493e0,1024,511,2.2556965351104736
E,parent,parent,0,58,3938d05f4a501977d2521a921da001aea27c460a9983f6fdbf4d35be7018e9f7,0,511,2.6086432933807373
E,parent,parent,0,59,26b08f01fa673793dfa66415e2960b999caa2e5e047ef2891bf76514e38116e2,512,511,2.684020519256592
E,parent,parent,0,60,c836ab3d06550b3a257eb0fb619f87c62b989ab156526f2b7472af4524155b1f,2560,511,2.4472718238830566
E,parent,parent,0,61,e0a01a0175937971f62066d3ad8e84e0abf622e70cd6650f70734459ec923be2,512,511,2.7423057556152344
E,parent,parent,0,62,3d13a708d985d25d78c1c15ea62a30c860c3d822f652f490e34509b522b27d75,0,511,2.0015811920166016
E,parent,parent,0,63,3b4ad5d4faaf9898e388ae94680869597d2e442f7b436d89ff3225802a7275fc,0,511,2.335198163986206
