seed,candidate,update,train_nll,gradient_norm,input_tokens_cumulative,effective_labels_cumulative,update_seconds
17,a00,1,2.764253556728363,0.23324573040008545,2048,2044,4.347788896411657
17,a00,2,2.821996808052063,0.2317488044500351,4096,4088,0.7663330342620611
17,a00,3,2.6378538012504578,0.26490598917007446,6144,6132,0.7696422766894102
17,a00,4,2.585982084274292,0.2608853876590729,8192,8176,0.7571485880762339
17,a00,5,2.682435095310211,0.31359294056892395,10240,10220,0.7222199216485023
17,a00,6,2.626795470714569,0.28503406047821045,12288,12264,0.6458682967349887
17,a00,7,2.415097802877426,0.2784649431705475,14336,14308,0.6846635937690735
17,a00,8,2.787018299102783,0.3026747405529022,16384,16352,0.7278922731056809
17,a00,9,2.6956907510757446,0.3258318305015564,18432,18396,0.651461698114872
17,a00,10,2.8526259064674377,0.3041428029537201,20480,20440,0.6616346379742026
17,a00,11,2.5201690196990967,0.2912932336330414,22528,22484,0.6821421040222049
17,a00,12,2.7275777459144592,0.3187384605407715,24576,24528,0.6518790312111378
17,a00,13,2.6782723665237427,0.2828008234500885,26624,26572,0.6769137792289257
17,a00,14,2.4319085478782654,0.3853783905506134,28672,28616,0.6555703561753035
17,a00,15,2.533058285713196,0.3441600203514099,30720,30660,0.7774310307577252
17,a00,16,2.6022669672966003,0.3346397578716278,32768,32704,0.6649430263787508
17,a00,17,2.588598132133484,0.4512842297554016,34816,34748,0.6573406998068094
17,a00,18,2.5066550374031067,0.31447601318359375,36864,36792,0.6473436923697591
17,a00,19,2.4520106315612793,0.38215795159339905,38912,38836,0.6655395161360502
17,a00,20,2.9826558232307434,0.3799070417881012,40960,40880,0.6421918040141463
17,a00,21,2.575370967388153,0.3131893277168274,43008,42924,0.6150429816916585
17,a00,22,2.667935848236084,0.4813127815723419,45056,44968,0.637544640339911
17,a00,23,2.6381858587265015,0.434274286031723,47104,47012,0.6520051183179021
17,a00,24,2.5764986276626587,0.43836238980293274,49152,49056,0.6589844226837158
17,a00,25,2.4502508342266083,0.3931664824485779,51200,51100,0.7336521744728088
17,a00,26,2.7116012573242188,0.4233829379081726,53248,53144,0.8727128319442272
17,a00,27,2.57334041595459,0.3641885221004486,55296,55188,0.7564021125435829
17,a00,28,2.801239252090454,0.42339667677879333,57344,57232,0.75834303162992
17,a00,29,2.6481364369392395,0.3751458525657654,59392,59276,0.666394236497581
17,a00,30,2.3846355676651,0.42262595891952515,61440,61320,0.6810512216761708
17,a00,31,2.5570400059223175,0.40091314911842346,63488,63364,0.746907408349216
17,a00,32,2.5695862770080566,0.47574490308761597,65536,65408,0.7555347047746181
17,a00,33,2.6043760180473328,0.4462639093399048,67584,67452,0.7656057206913829
17,a00,34,2.3786596059799194,0.4244474768638611,69632,69496,0.7805254021659493
17,a00,35,2.847920298576355,0.40122321248054504,71680,71540,0.743654215708375
17,a00,36,2.144392251968384,0.4565310478210449,73728,73584,0.7622883738949895
17,a00,37,2.485961437225342,0.4269689619541168,75776,75628,0.6524908170104027
17,a00,38,2.372318923473358,0.4456462562084198,77824,77672,0.6561848921701312
17,a00,39,2.627141296863556,0.4289398789405823,79872,79716,0.6650297623127699
17,a00,40,2.5480632185935974,0.48011085391044617,81920,81760,1.612327752634883
17,a00,41,2.6347292065620422,0.43751657009124756,83968,83804,0.6338643068447709
17,a00,42,2.4054559469223022,0.4541737735271454,86016,85848,0.6429326375946403
17,a00,43,2.6559725403785706,0.49867522716522217,88064,87892,0.6708027040585876
17,a00,44,2.765636444091797,0.4370846748352051,90112,89936,0.7781033460050821
17,a00,45,2.341313362121582,0.5252020955085754,92160,91980,0.6442200345918536
17,a00,46,2.6584585309028625,0.4442945718765259,94208,94024,0.6453492734581232
17,a00,47,2.6343308091163635,0.3909521698951721,96256,96068,0.6948902010917664
17,a00,48,2.3244769275188446,0.46062055230140686,98304,98112,0.6554577751085162
17,a00,49,2.384518086910248,0.49969837069511414,100352,100156,0.6370680443942547
17,a00,50,2.4753525853157043,0.4963659942150116,102400,102200,0.6775829140096903
17,a00,51,2.32085257768631,0.4218658208847046,104448,104244,0.6028640288859606
17,a00,52,2.5350030064582825,0.45292431116104126,106496,106288,0.6322647603228688
17,a00,53,2.582544684410095,0.4604547321796417,108544,108332,0.626599951647222
17,a00,54,2.6162151098251343,0.4740924835205078,110592,110376,0.6508418219164014
17,a00,55,2.700678825378418,0.4468044340610504,112640,112420,0.648223296739161
17,a00,56,2.497574746608734,0.4299939274787903,114688,114464,0.75666144490242
17,a00,57,2.4013530015945435,0.4837385416030884,116736,116508,0.6665664836764336
17,a00,58,2.391183912754059,0.5402154326438904,118784,118552,0.6429196717217565
17,a00,59,2.5091862082481384,0.49206873774528503,120832,120596,0.6494609443470836
17,a00,60,2.5176353454589844,0.5237473845481873,122880,122640,0.6592564387246966
17,a00,61,2.4288640916347504,0.47175920009613037,124928,124684,0.6373258382081985
17,a00,62,2.216159164905548,0.4532603621482849,126976,126728,0.6649467647075653
17,a00,63,2.298983931541443,0.5188851952552795,129024,128772,0.6536754695698619
17,a00,64,2.355048328638077,1.1458066701889038,131072,130816,0.6494519049301744
17,a00,65,2.497780919075012,0.5020709037780762,133120,132860,0.6943119606003165
17,a00,66,2.1974456906318665,0.5292402505874634,135168,134904,0.6464375974610448
17,a00,67,2.5555293560028076,0.5488786101341248,137216,136948,0.6478116065263748
17,a00,68,2.1121306717395782,0.5770177841186523,139264,138992,0.7212869515642524
17,a00,69,2.57371723651886,0.54079669713974,141312,141036,0.7430408438667655
17,a00,70,2.5821443796157837,0.5917869210243225,143360,143080,0.7633684854954481
17,a00,71,2.631578743457794,0.5270225405693054,145408,145124,0.7681891117244959
17,a00,72,2.554662823677063,0.5159605145454407,147456,147168,0.7414654893800616
17,a00,73,2.445942372083664,0.5830853581428528,149504,149212,0.7777246199548244
17,a00,74,2.471343994140625,0.5495676398277283,151552,151256,0.7577085485681891
17,a00,75,2.3310345709323883,0.610935389995575,153600,153300,0.8846711227670312
17,a00,76,2.426227629184723,0.5337346792221069,155648,155344,0.7678145710378885
17,a00,77,2.2880658507347107,0.5525458455085754,157696,157388,0.7589502800256014
17,a00,78,2.549384593963623,0.46780169010162354,159744,159432,0.7459825603291392
17,a00,79,2.2722237706184387,0.5325579047203064,161792,161476,0.7610354041680694
17,a00,80,2.298152059316635,0.559095561504364,163840,163520,1.6246996503323317
17,a00,81,2.39450204372406,0.6802107095718384,165888,165564,0.7491687117144465
17,a00,82,2.5674837827682495,0.5190609693527222,167936,167608,0.7384626818820834
17,a00,83,2.309589982032776,0.5138569474220276,169984,169652,0.7469026604667306
17,a00,84,2.524254411458969,0.6636744737625122,172032,171696,0.75514364708215
17,a00,85,2.5962552428245544,0.5522270798683167,174080,173740,0.7420360716059804
17,a00,86,2.4735840559005737,0.5502802133560181,176128,175784,0.6840375019237399
17,a00,87,2.424492746591568,0.5831647515296936,178176,177828,0.7652689982205629
17,a00,88,2.78588330745697,0.5936012268066406,180224,179872,0.8028221698477864
17,a00,89,2.3292351365089417,0.6689245104789734,182272,181916,0.857645739801228
17,a00,90,2.3040629029273987,0.48962751030921936,184320,183960,0.6370353428646922
17,a00,91,2.6265371441841125,0.5384536385536194,186368,186004,0.643658415414393
17,a00,92,2.4142965376377106,0.5527647733688354,188416,188048,0.6525518959388137
17,a00,93,2.511007249355316,0.569275975227356,190464,190092,0.6404089871793985
17,a00,94,2.408658504486084,0.5730758905410767,192512,192136,0.6592813646420836
17,a00,95,2.5740119218826294,0.6119779348373413,194560,194180,0.6555711152032018
17,a00,96,2.664468288421631,0.495199054479599,196608,196224,0.6601006351411343
17,a00,97,2.5323269069194794,0.7009417414665222,198656,198268,0.6417578021064401
17,a00,98,2.1710729897022247,0.5528131127357483,200704,200312,0.6531491028144956
17,a00,99,2.647514760494232,0.5499299168586731,202752,202356,0.6428558267652988
17,a00,100,2.6087653040885925,0.6011759042739868,204800,204400,0.6595097817480564
17,a01,1,2.840790867805481,0.28267940878868103,2048,2044,0.813551084138453
17,a01,2,2.986434757709503,0.3501069247722626,4096,4088,0.7191540021449327
17,a01,3,2.7522745728492737,0.2686384320259094,6144,6132,0.6658628163859248
17,a01,4,2.7312904596328735,0.31010955572128296,8192,8176,0.6554140970110893
17,a01,5,2.7329427003860474,0.34236010909080505,10240,10220,0.6587567748501897
17,a01,6,2.7161348462104797,0.3357897400856018,12288,12264,0.6753565054386854
17,a01,7,2.4894367456436157,0.32654640078544617,14336,14308,0.6572758927941322
17,a01,8,2.8857383728027344,0.33952856063842773,16384,16352,0.6702638706192374
17,a01,9,2.7907413244247437,0.37152737379074097,18432,18396,0.6539559476077557
17,a01,10,2.9617559909820557,0.3811779022216797,20480,20440,0.7272604024037719
17,a01,11,2.6476091742515564,0.4057559072971344,22528,22484,0.7160103740170598
17,a01,12,2.844001889228821,0.4454570710659027,24576,24528,0.7363526746630669
17,a01,13,2.7786495089530945,0.3606351912021637,26624,26572,0.7519772378727794
17,a01,14,2.552731156349182,0.43763139843940735,28672,28616,0.7516636643558741
17,a01,15,2.662739098072052,0.39220666885375977,30720,30660,0.6674610497429967
17,a01,16,2.6759867072105408,0.36852478981018066,32768,32704,0.6615524208173156
17,a01,17,2.635699212551117,0.4852852523326874,34816,34748,0.6770950714126229
17,a01,18,2.5889837741851807,0.36391782760620117,36864,36792,0.6704466221854091
17,a01,19,2.5874345302581787,0.45026808977127075,38912,38836,0.6775122806429863
17,a01,20,3.0750842690467834,0.41597169637680054,40960,40880,0.6716390764340758
17,a01,21,2.7119290828704834,0.42582857608795166,43008,42924,0.636422953568399
17,a01,22,2.747105598449707,0.49310752749443054,45056,44968,0.6636933637782931
17,a01,23,2.73900306224823,0.5334643125534058,47104,47012,0.6656011193990707
17,a01,24,2.6842954754829407,0.48592644929885864,49152,49056,0.6537668285891414
17,a01,25,2.547625809907913,0.4437190890312195,51200,51100,0.6485974863171577
17,a01,26,2.7893266677856445,0.5105441212654114,53248,53144,0.7868678523227572
17,a01,27,2.70323383808136,0.5215027928352356,55296,55188,0.7698665214702487
17,a01,28,2.881515324115753,0.46495142579078674,57344,57232,0.7526254532858729
17,a01,29,2.7036065459251404,0.464292973279953,59392,59276,0.7347414689138532
17,a01,30,2.465983510017395,0.5891780257225037,61440,61320,0.7325898371636868
17,a01,31,2.7074764370918274,0.5072575211524963,63488,63364,0.7504362929612398
17,a01,32,2.687452733516693,0.5892298817634583,65536,65408,0.6663440354168415
17,a01,33,2.69691663980484,0.5261566638946533,67584,67452,0.643175701610744
17,a01,34,2.495869666337967,0.48552051186561584,69632,69496,0.6643399130553007
17,a01,35,2.9861326813697815,0.5273263454437256,71680,71540,0.6482322802767158
17,a01,36,2.236336827278137,0.5535454154014587,73728,73584,0.6662182928994298
17,a01,37,2.585905969142914,0.4964277744293213,75776,75628,1.9535889327526093
17,a01,38,2.428896129131317,0.49506130814552307,77824,77672,0.7829184168949723
17,a01,39,2.7098835706710815,0.5464807152748108,79872,79716,0.6592543497681618
17,a01,40,2.6369499564170837,0.49483996629714966,81920,81760,0.6562875239178538
17,a01,41,2.730686068534851,0.5783470869064331,83968,83804,0.6548231337219477
17,a01,42,2.5242941975593567,0.5395749807357788,86016,85848,0.653318464756012
17,a01,43,2.7625489234924316,0.5680903196334839,88064,87892,0.6666620429605246
17,a01,44,2.865701138973236,0.5722469091415405,90112,89936,0.6433833185583353
17,a01,45,2.422248065471649,0.6195982098579407,92160,91980,0.6453280933201313
17,a01,46,2.7473365664482117,0.5625931024551392,94208,94024,0.6537806084379554
17,a01,47,2.72271066904068,0.509138822555542,96256,96068,0.7514367057010531
17,a01,48,2.392835855484009,0.55096834897995,98304,98112,0.6792538156732917
17,a01,49,2.4808765649795532,0.5585213899612427,100352,100156,0.6715105269104242
17,a01,50,2.598161816596985,0.6413130760192871,102400,102200,0.6479611797258258
17,a01,51,2.40510293841362,0.5388773083686829,104448,104244,0.634417655877769
17,a01,52,2.5984215140342712,0.5760000944137573,106496,106288,0.6896080542355776
17,a01,53,2.6821959614753723,0.595718502998352,108544,108332,0.7662092950195074
17,a01,54,2.701278805732727,0.5335747599601746,110592,110376,0.7633077120408416
17,a01,55,2.790192425251007,0.5851554274559021,112640,112420,0.7476462721824646
17,a01,56,2.5818214416503906,0.5426616668701172,114688,114464,0.7577426312491298
17,a01,57,2.4802662134170532,0.6004763245582581,116736,116508,0.7200005687773228
17,a01,58,2.4760465025901794,0.61728435754776,118784,118552,0.6571232592687011
17,a01,59,2.596176505088806,0.5732296705245972,120832,120596,0.6426902115345001
17,a01,60,2.641736686229706,0.6605088114738464,122880,122640,0.8578379182145
17,a01,61,2.519439309835434,0.6008232831954956,124928,124684,0.7548996666446328
17,a01,62,2.3554673194885254,0.5860472321510315,126976,126728,0.7480391599237919
17,a01,63,2.3786574006080627,0.6702409386634827,129024,128772,0.6902792789041996
17,a01,64,2.475194662809372,0.7199954390525818,131072,130816,0.6717167505994439
17,a01,65,2.524618625640869,0.6347610950469971,133120,132860,0.6807211954146624
17,a01,66,2.2706373929977417,0.6872279047966003,135168,134904,0.6759115159511566
17,a01,67,2.6115275025367737,0.6080573797225952,137216,136948,0.6810338441282511
17,a01,68,2.1826367378234863,0.5772479772567749,139264,138992,0.6629506135359406
17,a01,69,2.644091308116913,0.6743326187133789,141312,141036,0.7174517540261149
17,a01,70,2.65779310464859,0.7134165167808533,143360,143080,0.848686819896102
17,a01,71,2.7028090953826904,0.6151240468025208,145408,145124,0.754220780916512
17,a01,72,2.627343773841858,0.6943026781082153,147456,147168,0.7812401996925473
17,a01,73,2.4991608560085297,0.63436359167099,149504,149212,0.6717043155804276
17,a01,74,2.5059502720832825,0.6538389921188354,151552,151256,0.6423503551632166
17,a01,75,2.452126055955887,0.7279190421104431,153600,153300,0.6596084786579013
17,a01,76,2.5032180547714233,0.6974875330924988,155648,155344,0.7080994863063097
17,a01,77,2.33470356464386,0.6606569886207581,157696,157388,0.8053557919338346
17,a01,78,2.5888010263442993,0.5696853995323181,159744,159432,0.7650027154013515
17,a01,79,2.323548674583435,0.7320845127105713,161792,161476,0.7595083601772785
17,a01,80,2.429555058479309,0.6812455058097839,163840,163520,0.7588061131536961
17,a01,81,2.4907854199409485,0.7428849935531616,165888,165564,0.7502462090924382
17,a01,82,2.6543041467666626,0.5976271033287048,167936,167608,0.7904446739703417
17,a01,83,2.373042345046997,0.6824641227722168,169984,169652,0.6876843804493546
17,a01,84,2.6286413073539734,0.7786394357681274,172032,171696,0.6700187446549535
17,a01,85,2.6885600090026855,0.5946572422981262,174080,173740,0.6550775673240423
17,a01,86,2.5780934393405914,0.6870117783546448,176128,175784,0.6391499666497111
17,a01,87,2.518996387720108,0.7150827646255493,178176,177828,0.6650236574932933
17,a01,88,2.8795822858810425,0.7272475361824036,180224,179872,0.7860686918720603
17,a01,89,2.4333043694496155,0.6875542402267456,182272,181916,0.6822395864874125
17,a01,90,2.3609003126621246,0.6851259469985962,184320,183960,0.7333101211115718
17,a01,91,2.7046334743499756,0.724412739276886,186368,186004,0.7591418074443936
17,a01,92,2.496873676776886,0.7110836505889893,188416,188048,0.7695826990529895
17,a01,93,2.600183427333832,0.7359579205513,190464,190092,0.7859726697206497
17,a01,94,2.4949156641960144,0.7872262001037598,192512,192136,0.7384190699085593
17,a01,95,2.675682872533798,0.8355242609977722,194560,194180,0.7764013661071658
17,a01,96,2.760508954524994,0.6413301825523376,196608,196224,0.7646776642650366
17,a01,97,2.6233259439468384,0.8206799626350403,198656,198268,0.7480250960215926
17,a01,98,2.251920700073242,0.693618655204773,200704,200312,0.7684846268966794
17,a01,99,2.7156412601470947,0.7755404114723206,202752,202356,0.7591117350384593
17,a01,100,2.673484206199646,0.8294855952262878,204800,204400,0.7663740972056985
17,a02,1,2.8580559492111206,0.2820485532283783,2048,2044,1.0465086633339524
17,a02,2,2.9322882294654846,0.2521180510520935,4096,4088,0.7989194421097636
17,a02,3,2.7163684964179993,0.29269054532051086,6144,6132,0.6834927489981055
17,a02,4,2.638054072856903,0.3256674110889435,8192,8176,0.6680582398548722
17,a02,5,2.7701897025108337,0.3299993574619293,10240,10220,0.6586020151153207
17,a02,6,2.6758272647857666,0.3260912001132965,12288,12264,0.7702475292608142
17,a02,7,2.4916038513183594,0.3378148376941681,14336,14308,0.7378445873036981
17,a02,8,2.8409746289253235,0.36418265104293823,16384,16352,0.6582762040197849
17,a02,9,2.7090168595314026,0.3511701822280884,18432,18396,0.6376402620226145
17,a02,10,2.8931256532669067,0.31682610511779785,20480,20440,0.7724866885691881
17,a02,11,2.593871057033539,0.3479924499988556,22528,22484,0.652576208114624
17,a02,12,2.807512581348419,0.40384528040885925,24576,24528,0.6466052634641528
17,a02,13,2.7589467763900757,0.3968474864959717,26624,26572,0.7068312000483274
17,a02,14,2.4732322692871094,0.3542213439941406,28672,28616,0.7715036273002625
17,a02,15,2.5757813453674316,0.3822097182273865,30720,30660,0.7554082674905658
17,a02,16,2.635074496269226,0.35524988174438477,32768,32704,0.6762415897101164
17,a02,17,2.6287617087364197,0.44918444752693176,34816,34748,0.6573117803782225
17,a02,18,2.565449357032776,0.37664613127708435,36864,36792,0.6555085815489292
17,a02,19,2.5078930854797363,0.3845592439174652,38912,38836,0.6584227699786425
17,a02,20,3.022430717945099,0.36892762780189514,40960,40880,0.676869229413569
17,a02,21,2.6667540669441223,0.3707324266433716,43008,42924,0.6287530772387981
17,a02,22,2.713793456554413,0.4887259900569916,45056,44968,0.6446403907611966
17,a02,23,2.7147579193115234,0.447165846824646,47104,47012,0.6456152368336916
17,a02,24,2.6485594511032104,0.4317714273929596,49152,49056,0.6528532523661852
17,a02,25,2.493584394454956,0.39290210604667664,51200,51100,0.6679656058549881
17,a02,26,2.7649987936019897,0.45462337136268616,53248,53144,0.778878184966743
17,a02,27,2.62576025724411,0.4260824918746948,55296,55188,0.6414254670962691
17,a02,28,2.853832960128784,0.5029760599136353,57344,57232,0.6368895266205072
17,a02,29,2.674004852771759,0.4328985810279846,59392,59276,0.6603177199140191
17,a02,30,2.437111020088196,0.4355619251728058,61440,61320,0.6795193813741207
17,a02,31,2.6238757371902466,0.473444402217865,63488,63364,0.6688195541501045
17,a02,32,2.609946370124817,0.5077685117721558,65536,65408,0.6827852791175246
17,a02,33,2.6609073877334595,0.44599154591560364,67584,67452,0.6649238662794232
17,a02,34,2.432443082332611,0.49383559823036194,69632,69496,0.7097649332135916
17,a02,35,2.908211410045624,0.6117485165596008,71680,71540,0.7548852553591132
17,a02,36,2.2149510383605957,0.548485279083252,73728,73584,0.7458022013306618
17,a02,37,2.528286874294281,0.46023669838905334,75776,75628,0.7509943246841431
17,a02,38,2.4097947478294373,0.46248650550842285,77824,77672,0.9179203370586038
17,a02,39,2.689349353313446,0.43762630224227905,79872,79716,0.6717488747090101
17,a02,40,2.6079301834106445,0.4783337414264679,81920,81760,0.6767229903489351
17,a02,41,2.6822120547294617,0.5938704013824463,83968,83804,0.6543582733720541
17,a02,42,2.460761994123459,0.5003204345703125,86016,85848,0.6630900166928768
17,a02,43,2.6878756880760193,0.5250887274742126,88064,87892,0.6726985760033131
17,a02,44,2.815752625465393,0.5201035141944885,90112,89936,0.66418023314327
17,a02,45,2.3905022740364075,0.5247466564178467,92160,91980,0.6622307505458593
17,a02,46,2.715878665447235,0.5045568943023682,94208,94024,0.7349144760519266
17,a02,47,2.6894108653068542,0.4449077844619751,96256,96068,0.7922035325318575
17,a02,48,2.3655499815940857,0.47627490758895874,98304,98112,0.6974467979744077
17,a02,49,2.4067960381507874,0.5087047219276428,100352,100156,0.7877246085554361
17,a02,50,2.537048816680908,0.5111591815948486,102400,102200,0.7930669989436865
17,a02,51,2.3463928401470184,0.4521128237247467,104448,104244,0.7621080633252859
17,a02,52,2.5698158740997314,0.4960017204284668,106496,106288,0.7797203604131937
17,a02,53,2.6138285398483276,0.5058714151382446,108544,108332,0.7608939716592431
17,a02,54,2.649173676967621,0.5143912434577942,110592,110376,0.754558339715004
17,a02,55,2.741847038269043,0.4989621937274933,112640,112420,0.7616277802735567
17,a02,56,2.5218884348869324,0.48341813683509827,114688,114464,0.6471795830875635
17,a02,57,2.4215447902679443,0.5149965882301331,116736,116508,0.688384591601789
17,a02,58,2.4363890886306763,0.538295567035675,118784,118552,0.6564885573461652
17,a02,59,2.5433520078659058,0.4826659858226776,120832,120596,0.6700260667130351
17,a02,60,2.545448064804077,0.5154670476913452,122880,122640,0.799146899022162
17,a02,61,2.4967880249023438,0.5768799781799316,124928,124684,0.6998077724128962
17,a02,62,2.3017570674419403,0.604511559009552,126976,126728,0.6853183917701244
17,a02,63,2.3581546545028687,0.5916919112205505,129024,128772,0.6681358302012086
17,a02,64,2.411531150341034,0.6670981645584106,131072,130816,0.6797077190130949
17,a02,65,2.529386878013611,0.5097653865814209,133120,132860,0.6848620316013694
17,a02,66,2.2351481914520264,0.5574713349342346,135168,134904,0.6771919345483184
17,a02,67,2.552765130996704,0.5845751762390137,137216,136948,0.6569123426452279
17,a02,68,2.134305864572525,0.5453976392745972,139264,138992,0.643238672055304
17,a02,69,2.606868028640747,0.5688660740852356,141312,141036,0.6637879740446806
17,a02,70,2.6173897981643677,0.6275033354759216,143360,143080,0.8621701309457421
17,a02,71,2.662172794342041,0.5800080299377441,145408,145124,0.8105622734874487
17,a02,72,2.58797687292099,0.6038962006568909,147456,147168,0.704733713530004
17,a02,73,2.4678460359573364,0.5798361897468567,149504,149212,0.686035837046802
17,a02,74,2.5032054781913757,0.6352621912956238,151552,151256,0.6577581791207194
17,a02,75,2.3690441250801086,0.5956525206565857,153600,153300,0.6517909374088049
17,a02,76,2.4489938616752625,0.5515775680541992,155648,155344,1.0486683659255505
17,a02,77,2.3253204822540283,0.5679304599761963,157696,157388,0.6343513783067465
17,a02,78,2.580485463142395,0.5453678369522095,159744,159432,0.6498471666127443
17,a02,79,2.277648448944092,0.6147674322128296,161792,161476,0.7122865216806531
17,a02,80,2.3396372497081757,0.6016683578491211,163840,163520,0.7965911151841283
17,a02,81,2.4234765768051147,0.6226918697357178,165888,165564,0.7445255545899272
17,a02,82,2.5963449478149414,0.6365667581558228,167936,167608,0.6791924014687538
17,a02,83,2.3601356744766235,0.6226069331169128,169984,169652,0.6564345322549343
17,a02,84,2.553275763988495,0.6538435816764832,172032,171696,0.6458521969616413
17,a02,85,2.6378066539764404,0.5996184945106506,174080,173740,0.6431254940107465
17,a02,86,2.5045918822288513,0.5830398201942444,176128,175784,0.6599991824477911
17,a02,87,2.471801310777664,0.6056782603263855,178176,177828,0.632454851642251
17,a02,88,2.8046982288360596,0.644051194190979,180224,179872,0.7400065157562494
17,a02,89,2.3865326046943665,0.6358797550201416,182272,181916,0.6548003572970629
17,a02,90,2.3205209374427795,0.5319520831108093,184320,183960,0.6511854128912091
17,a02,91,2.646607458591461,0.6110575795173645,186368,186004,0.6740184025838971
17,a02,92,2.453439623117447,0.598594605922699,188416,188048,0.7097163125872612
17,a02,93,2.5389967560768127,0.6117339730262756,190464,190092,0.7561950404196978
17,a02,94,2.4379011392593384,0.5965155363082886,192512,192136,0.7613864680752158
17,a02,95,2.6288002729415894,0.7087429761886597,194560,194180,0.7384913694113493
17,a02,96,2.692024528980255,0.5407074093818665,196608,196224,0.6629582401365042
17,a02,97,2.5619615018367767,0.5672398805618286,198656,198268,0.6371163967996836
17,a02,98,2.196024090051651,0.5671702027320862,200704,200312,0.6482972158119082
17,a02,99,2.676544189453125,0.5418723225593567,202752,202356,0.6636815266683698
17,a02,100,2.6298329830169678,0.608495831489563,204800,204400,0.6839161338284612
17,a03,1,2.7905441522598267,0.21144868433475494,2048,2044,0.9614433739334345
17,a03,2,2.8416755199432373,0.21238018572330475,4096,4088,0.7627878887578845
17,a03,3,2.6819347739219666,0.2450173944234848,6144,6132,0.7483144402503967
17,a03,4,2.6071335077285767,0.23349905014038086,8192,8176,0.7820883085951209
17,a03,5,2.7207194566726685,0.27343520522117615,10240,10220,0.7770699812099338
17,a03,6,2.6297321915626526,0.2506748139858246,12288,12264,0.6636839108541608
17,a03,7,2.45028418302536,0.26212170720100403,14336,14308,0.6742961117997766
17,a03,8,2.8484684824943542,0.2782139778137207,16384,16352,0.6683054063469172
17,a03,9,2.7235854864120483,0.2908496558666229,18432,18396,0.6705687055364251
17,a03,10,2.8861289620399475,0.2811076045036316,20480,20440,0.7335721012204885
17,a03,11,2.5709956288337708,0.2913479804992676,22528,22484,0.7066034208983183
17,a03,12,2.764106512069702,0.3244268298149109,24576,24528,0.7306925617158413
17,a03,13,2.7106618881225586,0.2782796025276184,26624,26572,0.7947499603033066
17,a03,14,2.44682514667511,0.33046549558639526,28672,28616,0.6664681574329734
17,a03,15,2.5585012435913086,0.329801082611084,30720,30660,0.7018900448456407
17,a03,16,2.641704022884369,0.3333931863307953,32768,32704,0.6596868969500065
17,a03,17,2.6274718046188354,0.42221078276634216,34816,34748,0.653540164232254
17,a03,18,2.5587727427482605,0.34390339255332947,36864,36792,0.6737400982528925
17,a03,19,2.509748935699463,0.3416675925254822,38912,38836,0.6769638434052467
17,a03,20,3.017651855945587,0.3981492519378662,40960,40880,0.6618971414864063
17,a03,21,2.61725252866745,0.31968632340431213,43008,42924,0.6576731093227863
17,a03,22,2.695542097091675,0.4590708613395691,45056,44968,0.6679796781390905
17,a03,23,2.662387728691101,0.4696841835975647,47104,47012,0.6762118712067604
17,a03,24,2.6116021275520325,0.46330779790878296,49152,49056,0.6759194284677505
17,a03,25,2.482868492603302,0.3785044252872467,51200,51100,0.7066324381157756
17,a03,26,2.738448977470398,0.4345026910305023,53248,53144,0.8330097133293748
17,a03,27,2.6166388392448425,0.3933151364326477,55296,55188,0.7835119497030973
17,a03,28,2.805731236934662,0.45612433552742004,57344,57232,0.7498943209648132
17,a03,29,2.681090235710144,0.3983958065509796,59392,59276,0.7683626096695662
17,a03,30,2.4409621357917786,0.4148813784122467,61440,61320,0.6888559553772211
17,a03,31,2.59496346116066,0.46537408232688904,63488,63364,0.6708389772102237
17,a03,32,2.59384548664093,0.5359961986541748,65536,65408,0.6967815887182951
17,a03,33,2.6376784443855286,0.432332307100296,67584,67452,0.7564279763028026
17,a03,34,2.4148635864257812,0.44621381163597107,69632,69496,0.7506613424047828
17,a03,35,2.903374195098877,0.44694527983665466,71680,71540,1.1373940156772733
17,a03,36,2.179966688156128,0.4946954548358917,73728,73584,0.7436561202630401
17,a03,37,2.5287376046180725,0.45546630024909973,75776,75628,0.792346989735961
17,a03,38,2.425408959388733,0.4544093906879425,77824,77672,0.8677477892488241
17,a03,39,2.6369367241859436,0.4223266541957855,79872,79716,0.7263758489862084
17,a03,40,2.561846077442169,0.4738130271434784,81920,81760,0.6812425237149
17,a03,41,2.6566551327705383,0.4653366208076477,83968,83804,0.6776439948007464
17,a03,42,2.4570547938346863,0.525865375995636,86016,85848,0.7295832457020879
17,a03,43,2.669528901576996,0.49961620569229126,88064,87892,0.7578373504802585
17,a03,44,2.7976572513580322,0.4753718972206116,90112,89936,0.7342798030003905
17,a03,45,2.354741185903549,0.5762543678283691,92160,91980,0.726964452303946
17,a03,46,2.704064428806305,0.44373995065689087,94208,94024,0.7454066555947065
17,a03,47,2.639908492565155,0.3957456648349762,96256,96068,0.8713265946134925
17,a03,48,2.3583359718322754,0.48703014850616455,98304,98112,0.7465544585138559
17,a03,49,2.3820495009422302,0.4707995653152466,100352,100156,0.7471743784844875
17,a03,50,2.5117873549461365,0.5232515335083008,102400,102200,0.7354870103299618
17,a03,51,2.347764104604721,0.44968006014823914,104448,104244,0.8198245111852884
17,a03,52,2.5333630442619324,0.49633869528770447,106496,106288,0.760425815358758
17,a03,53,2.623531401157379,0.46533459424972534,108544,108332,0.7805277165025473
17,a03,54,2.6181440353393555,0.4785195291042328,110592,110376,0.7477846387773752
17,a03,55,2.7177616357803345,0.44349178671836853,112640,112420,0.6934247491881251
17,a03,56,2.5140894055366516,0.4182393252849579,114688,114464,0.6449231551960111
17,a03,57,2.4351075291633606,0.5326660871505737,116736,116508,0.6494734976440668
17,a03,58,2.4147533774375916,0.5338010787963867,118784,118552,0.6751304399222136
17,a03,59,2.5446704626083374,0.4859880805015564,120832,120596,0.75049664452672
17,a03,60,2.5419833064079285,0.5254340767860413,122880,122640,0.8728439304977655
17,a03,61,2.468598783016205,0.5983625650405884,124928,124684,0.7441568458452821
17,a03,62,2.252896308898926,0.5610338449478149,126976,126728,0.7565540596842766
17,a03,63,2.3302685022354126,0.574537456035614,129024,128772,0.7323380094021559
17,a03,64,2.359003484249115,0.5416315793991089,131072,130816,0.7429954120889306
17,a03,65,2.5175899267196655,0.5258948802947998,133120,132860,0.6345888329669833
17,a03,66,2.1981306076049805,0.5351455807685852,135168,134904,0.6569370934739709
17,a03,67,2.567664921283722,0.5581746697425842,137216,136948,0.6523400973528624
17,a03,68,2.1150800585746765,0.5570977926254272,139264,138992,0.6464613173156977
17,a03,69,2.601482093334198,0.5489938259124756,141312,141036,0.6444364618510008
17,a03,70,2.607671618461609,0.5722168684005737,143360,143080,0.7838009363040328
17,a03,71,2.648259162902832,0.5150026679039001,145408,145124,0.7603154303506017
17,a03,72,2.5738200545310974,0.546474814414978,147456,147168,0.7771851262077689
17,a03,73,2.4623211920261383,0.581778883934021,149504,149212,2.357318510301411
17,a03,74,2.483246624469757,0.5419166088104248,151552,151256,0.7477364027872682
17,a03,75,2.378743439912796,0.5920981168746948,153600,153300,0.795449947938323
17,a03,76,2.4507338404655457,0.5549121499061584,155648,155344,0.7353215413168073
17,a03,77,2.3060673475265503,0.560283362865448,157696,157388,0.6483319513499737
17,a03,78,2.5606648325920105,0.47275957465171814,159744,159432,0.6553106354549527
17,a03,79,2.302401542663574,0.5458341240882874,161792,161476,0.6539991209283471
17,a03,80,2.326527625322342,0.6405696868896484,163840,163520,0.6659776987507939
17,a03,81,2.413389265537262,0.5381674766540527,165888,165564,0.6803629985079169
17,a03,82,2.5794724822044373,0.5143800377845764,167936,167608,0.6524944296106696
17,a03,83,2.3459039330482483,0.6149850487709045,169984,169652,0.6782791772857308
17,a03,84,2.5621736347675323,0.5620822906494141,172032,171696,0.7652336601167917
17,a03,85,2.601588249206543,0.5264902114868164,174080,173740,0.7583986483514309
17,a03,86,2.504108190536499,0.5717824101448059,176128,175784,0.7544076954945922
17,a03,87,2.4347588419914246,0.5413297414779663,178176,177828,0.7504940601065755
17,a03,88,2.7977133989334106,0.5604446530342102,180224,179872,0.8069360051304102
17,a03,89,2.374669909477234,0.686087965965271,182272,181916,0.6723485458642244
17,a03,90,2.3169535100460052,0.5606248378753662,184320,183960,0.666061544790864
17,a03,91,2.6643056869506836,0.5873863101005554,186368,186004,0.6520598605275154
17,a03,92,2.4249009788036346,0.5808020830154419,188416,188048,0.673243991099298
17,a03,93,2.5305885672569275,0.6588954329490662,190464,190092,0.7128740539774299
17,a03,94,2.4196786284446716,0.561313271522522,192512,192136,0.7592973755672574
17,a03,95,2.592805325984955,0.6571043133735657,194560,194180,0.7620113044977188
17,a03,96,2.688097834587097,0.6095216274261475,196608,196224,0.7575678722932935
17,a03,97,2.538301020860672,0.6560043692588806,198656,198268,0.6517666121944785
17,a03,98,2.17148357629776,0.5077536702156067,200704,200312,0.6752904513850808
17,a03,99,2.6590948700904846,0.5761002898216248,202752,202356,0.6529690213501453
17,a03,100,2.633073329925537,0.6828985810279846,204800,204400,0.6633744463324547
17,a04,1,2.8263427019119263,0.24605900049209595,2048,2044,1.2355159306898713
17,a04,2,2.9246345162391663,0.26686933636665344,4096,4088,0.7201946368440986
17,a04,3,2.6777952909469604,0.24185925722122192,6144,6132,0.7789912568405271
17,a04,4,2.6598376035690308,0.27137085795402527,8192,8176,0.7036984181031585
17,a04,5,2.772944152355194,0.28332406282424927,10240,10220,0.6871936963871121
17,a04,6,2.6804474592208862,0.30362945795059204,12288,12264,0.7689346121624112
17,a04,7,2.5086851716041565,0.30447477102279663,14336,14308,0.7094627805054188
17,a04,8,2.8659396171569824,0.3100235164165497,16384,16352,0.6487339297309518
17,a04,9,2.7335493564605713,0.3235406279563904,18432,18396,0.6595126949250698
17,a04,10,2.8807353377342224,0.3202768564224243,20480,20440,0.8019167203456163
17,a04,11,2.6068131923675537,0.31564557552337646,22528,22484,0.6511543896049261
17,a04,12,2.796054184436798,0.34062349796295166,24576,24528,0.6655038557946682
17,a04,13,2.750907599925995,0.30267685651779175,26624,26572,0.6601984081789851
17,a04,14,2.4902233481407166,0.39862683415412903,28672,28616,0.707073382101953
17,a04,15,2.61278760433197,0.43167781829833984,30720,30660,0.7218870893120766
17,a04,16,2.6595836877822876,0.381936639547348,32768,32704,0.7806153371930122
17,a04,17,2.68303245306015,0.42132338881492615,34816,34748,0.7204078687354922
17,a04,18,2.5597711205482483,0.3346010148525238,36864,36792,0.6685076151043177
17,a04,19,2.526300072669983,0.3933979272842407,38912,38836,0.6681164251640439
17,a04,20,3.0270490050315857,0.367544561624527,40960,40880,0.6879552844911814
17,a04,21,2.675225853919983,0.34152746200561523,43008,42924,0.693336371332407
17,a04,22,2.7585745453834534,0.529197633266449,45056,44968,0.7671406166628003
17,a04,23,2.7349191904067993,0.45642590522766113,47104,47012,0.7940286854282022
17,a04,24,2.6855096220970154,0.4545472264289856,49152,49056,0.7711812173947692
17,a04,25,2.5291134119033813,0.4036261737346649,51200,51100,0.7985273832455277
17,a04,26,2.7858758568763733,0.48528721928596497,53248,53144,0.8828743752092123
17,a04,27,2.608222484588623,0.4106100797653198,55296,55188,0.7527194134891033
17,a04,28,2.8536508083343506,0.46169513463974,57344,57232,0.7591353394091129
17,a04,29,2.68408203125,0.44680920243263245,59392,59276,0.6770368702709675
17,a04,30,2.4442935585975647,0.4388667345046997,61440,61320,0.7678947886452079
17,a04,31,2.667451798915863,0.484887033700943,63488,63364,0.771313845179975
17,a04,32,2.6288050413131714,0.46522605419158936,65536,65408,0.7167293401435018
17,a04,33,2.6571967005729675,0.48811525106430054,67584,67452,0.6945319408550858
17,a04,34,2.41688272356987,0.4535338282585144,69632,69496,0.7110138162970543
17,a04,35,2.909028470516205,0.542819619178772,71680,71540,2.9794981069862843
17,a04,36,2.1976461708545685,0.5380635261535645,73728,73584,0.6839192742481828
17,a04,37,2.540581166744232,0.5105047225952148,75776,75628,0.6851573400199413
17,a04,38,2.43331515789032,0.5062784552574158,77824,77672,0.7775066951289773
17,a04,39,2.7075082659721375,0.5053694844245911,79872,79716,0.681444619782269
17,a04,40,2.598791241645813,0.47951826453208923,81920,81760,0.7592524560168386
17,a04,41,2.7055397033691406,0.5372108221054077,83968,83804,0.7290451573207974
17,a04,42,2.4623717963695526,0.5531839728355408,86016,85848,0.6763964165002108
17,a04,43,2.706979990005493,0.5114088654518127,88064,87892,0.7146072285249829
17,a04,44,2.8402848839759827,0.5445379018783569,90112,89936,0.7331905458122492
17,a04,45,2.3986420035362244,0.6008252501487732,92160,91980,0.6629881579428911
17,a04,46,2.7399781346321106,0.5904636383056641,94208,94024,0.6587496511638165
17,a04,47,2.7093963027000427,0.4668409824371338,96256,96068,0.7746365396305919
17,a04,48,2.38894784450531,0.5149332284927368,98304,98112,0.6992008220404387
17,a04,49,2.416575789451599,0.5410587787628174,100352,100156,0.8155290400609374
17,a04,50,2.5460392832756042,0.6328296661376953,102400,102200,0.8082692064344883
17,a04,51,2.374133914709091,0.5216144919395447,104448,104244,0.7197060156613588
17,a04,52,2.5653361678123474,0.515453577041626,106496,106288,0.6767785707488656
17,a04,53,2.691715180873871,0.6878417134284973,108544,108332,0.6867845663800836
17,a04,54,2.6933996081352234,0.6236864328384399,110592,110376,0.7020897204056382
17,a04,55,2.7527447938919067,0.559379518032074,112640,112420,0.7235039360821247
17,a04,56,2.529779016971588,0.5315079689025879,114688,114464,0.727493486367166
17,a04,57,2.4336573481559753,0.5719970464706421,116736,116508,0.7954495064914227
17,a04,58,2.495842397212982,0.6152215600013733,118784,118552,0.7972365934401751
17,a04,59,2.5787569880485535,0.5326091051101685,120832,120596,0.7517008036375046
17,a04,60,2.5748331546783447,0.6304349303245544,122880,122640,0.8183739138767123
17,a04,61,2.537840187549591,0.6006908416748047,124928,124684,0.6669351300224662
17,a04,62,2.265769124031067,0.5821199417114258,126976,126728,0.687583745457232
17,a04,63,2.382323443889618,0.6268346309661865,129024,128772,0.699460918083787
17,a04,64,2.4307424128055573,0.6625878810882568,131072,130816,0.6981245093047619
17,a04,65,2.525286018848419,0.5612725615501404,133120,132860,0.7321021715179086
17,a04,66,2.2574062943458557,0.716881513595581,135168,134904,0.6968760658055544
17,a04,67,2.549825072288513,0.6256589293479919,137216,136948,0.7175221778452396
17,a04,68,2.1365158557891846,0.580841064453125,139264,138992,0.6660985117778182
17,a04,69,2.654280722141266,0.6793049573898315,141312,141036,0.6829576743766665
17,a04,70,2.6471660137176514,0.7527168393135071,143360,143080,0.7572225499898195
17,a04,71,2.694058835506439,0.5860146880149841,145408,145124,0.7101006973534822
17,a04,72,2.596897006034851,0.6246159672737122,147456,147168,0.6647197883576155
17,a04,73,2.492977797985077,0.6356289982795715,149504,149212,3.324996509589255
17,a04,74,2.520785629749298,0.5929399132728577,151552,151256,0.6659769425168633
17,a04,75,2.4267113506793976,0.6998645067214966,153600,153300,0.683148649521172
17,a04,76,2.4810814261436462,0.5998740196228027,155648,155344,0.677164888009429
17,a04,77,2.3546980023384094,0.5884066224098206,157696,157388,0.6838290449231863
17,a04,78,2.57993882894516,0.5951592922210693,159744,159432,0.6782579990103841
17,a04,79,2.2953277230262756,0.6807693839073181,161792,161476,0.6803196799010038
17,a04,80,2.360759526491165,0.6761547923088074,163840,163520,0.7217848105356097
17,a04,81,2.471132457256317,0.6298642754554749,165888,165564,0.7917617065832019
17,a04,82,2.605991005897522,0.6564953923225403,167936,167608,0.8476596539840102
17,a04,83,2.3598967790603638,0.6563165783882141,169984,169652,0.7926158960908651
17,a04,84,2.575596332550049,0.7359962463378906,172032,171696,0.7978324014693499
17,a04,85,2.65000057220459,0.589947521686554,174080,173740,0.7858963320031762
17,a04,86,2.5481676757335663,0.6417997479438782,176128,175784,0.723169962875545
17,a04,87,2.495525747537613,0.6881624460220337,178176,177828,0.6530972477048635
17,a04,88,2.8440558910369873,0.7437742352485657,180224,179872,0.801984223537147
17,a04,89,2.392690122127533,0.7216234803199768,182272,181916,0.6576282475143671
17,a04,90,2.3539440631866455,0.601142168045044,184320,183960,0.7054729433730245
17,a04,91,2.6668795347213745,0.6354621648788452,186368,186004,0.6659337040036917
17,a04,92,2.4639692306518555,0.6833746433258057,188416,188048,0.6691600419580936
17,a04,93,2.57998263835907,0.6814863085746765,190464,190092,0.6652755681425333
17,a04,94,2.4461256861686707,0.6318268775939941,192512,192136,0.6971921343356371
17,a04,95,2.6074020862579346,0.6985936164855957,194560,194180,0.6578395925462246
17,a04,96,2.7224689722061157,0.6120320558547974,196608,196224,0.6585702793672681
17,a04,97,2.5638588070869446,0.6600570678710938,198656,198268,0.6861329320818186
17,a04,98,2.2148886024951935,0.6534114480018616,200704,200312,0.6890164408832788
17,a04,99,2.6902512907981873,0.6941522359848022,202752,202356,0.6484896494075656
17,a04,100,2.656686246395111,0.6987715363502502,204800,204400,0.6510896356776357
17,a05,1,2.8241594433784485,0.27605366706848145,2048,2044,1.037684852257371
17,a05,2,2.92800509929657,0.27507856488227844,4096,4088,0.8070286251604557
17,a05,3,2.6844667196273804,0.2647745609283447,6144,6132,0.7872615791857243
17,a05,4,2.634376883506775,0.28617167472839355,8192,8176,0.7414289489388466
17,a05,5,2.7642756700515747,0.2850833833217621,10240,10220,0.7870926270261407
17,a05,6,2.6773813366889954,0.31009382009506226,12288,12264,0.7816361589357257
17,a05,7,2.4701191782951355,0.32324981689453125,14336,14308,0.7805523322895169
17,a05,8,2.8410921692848206,0.3027656078338623,16384,16352,0.7746541565284133
17,a05,9,2.7324107885360718,0.35381120443344116,18432,18396,0.7954261256381869
17,a05,10,2.8802698254585266,0.31773728132247925,20480,20440,0.9345090622082353
17,a05,11,2.6042121052742004,0.33402061462402344,22528,22484,0.7941142544150352
17,a05,12,2.8046032786369324,0.33562958240509033,24576,24528,0.6770560322329402
17,a05,13,2.753612995147705,0.3157281279563904,26624,26572,0.6763792717829347
17,a05,14,2.5014350414276123,0.37806007266044617,28672,28616,0.6643128665164113
17,a05,15,2.604075014591217,0.3747396469116211,30720,30660,0.6834155060350895
17,a05,16,2.6731584072113037,0.39056774973869324,32768,32704,0.6659705759957433
17,a05,17,2.6815815567970276,0.4430689811706543,34816,34748,0.6472465144470334
17,a05,18,2.5588510036468506,0.4026871621608734,36864,36792,0.6570568466559052
17,a05,19,2.518656015396118,0.4360956847667694,38912,38836,0.6618171213194728
17,a05,20,3.004676640033722,0.3734356462955475,40960,40880,0.6729522300884128
17,a05,21,2.6479093432426453,0.34857693314552307,43008,42924,0.6687565790489316
17,a05,22,2.7593128085136414,0.48554372787475586,45056,44968,0.698257815092802
17,a05,23,2.685433089733124,0.4334146976470947,47104,47012,0.6882564118131995
17,a05,24,2.6721566915512085,0.4308144450187683,49152,49056,0.6642754394561052
17,a05,25,2.4899556934833527,0.3984917104244232,51200,51100,0.6788873430341482
17,a05,26,2.758151352405548,0.4776279628276825,53248,53144,0.7895237961784005
17,a05,27,2.619956135749817,0.39666736125946045,55296,55188,0.6687896391376853
17,a05,28,2.8279685378074646,0.4762095808982849,57344,57232,0.6713805915787816
17,a05,29,2.689808487892151,0.42648354172706604,59392,59276,0.7491503674536943
17,a05,30,2.446868598461151,0.4247545003890991,61440,61320,0.7149298982694745
17,a05,31,2.646331787109375,0.5065000057220459,63488,63364,0.6733562834560871
17,a05,32,2.60002863407135,0.4577459394931793,65536,65408,0.6818231912329793
17,a05,33,2.651915490627289,0.47700777649879456,67584,67452,0.6616021962836385
17,a05,34,2.4103947579860687,0.4524432122707367,69632,69496,0.6516703413799405
17,a05,35,2.9057522416114807,0.5051426887512207,71680,71540,2.407886106520891
17,a05,36,2.1897016167640686,0.5429542064666748,73728,73584,0.6383292321115732
17,a05,37,2.5493423342704773,0.45939508080482483,75776,75628,0.6468734405934811
17,a05,38,2.410484492778778,0.4979523718357086,77824,77672,0.7538781566545367
17,a05,39,2.6813036799430847,0.5294225215911865,79872,79716,0.6512847580015659
17,a05,40,2.5943462252616882,0.5017222166061401,81920,81760,0.6448747729882598
17,a05,41,2.7018150687217712,0.5482682585716248,83968,83804,0.6663869693875313
17,a05,42,2.45805624127388,0.523414134979248,86016,85848,0.6316733611747622
17,a05,43,2.687538743019104,0.527985692024231,88064,87892,0.6287167426198721
17,a05,44,2.838221788406372,0.5357271432876587,90112,89936,0.636103892698884
17,a05,45,2.3627907633781433,0.5784551501274109,92160,91980,0.6559772454202175
17,a05,46,2.71840763092041,0.5320422649383545,94208,94024,0.7596513014286757
17,a05,47,2.670397400856018,0.4685286581516266,96256,96068,0.8150483807548881
17,a05,48,2.382475972175598,0.5209481120109558,98304,98112,0.6524380389600992
17,a05,49,2.4014320373535156,0.5735971331596375,100352,100156,0.6431183367967606
17,a05,50,2.534653127193451,0.6135053038597107,102400,102200,0.662829827517271
17,a05,51,2.373685598373413,0.5233524441719055,104448,104244,0.6790086030960083
17,a05,52,2.551602840423584,0.5360279083251953,106496,106288,0.7769006341695786
17,a05,53,2.6713114380836487,0.6175127029418945,108544,108332,0.7459349744021893
17,a05,54,2.681976079940796,0.6135492920875549,110592,110376,0.7432973198592663
17,a05,55,2.7504828572273254,0.5375449061393738,112640,112420,0.768082870170474
17,a05,56,2.5148353576660156,0.49838632345199585,114688,114464,0.7486397232860327
17,a05,57,2.4274256229400635,0.5262104272842407,116736,116508,0.7592256926000118
17,a05,58,2.4739763140678406,0.6038413643836975,118784,118552,0.6769948601722717
17,a05,59,2.572890043258667,0.5606805086135864,120832,120596,0.6450243182480335
17,a05,60,2.5819485187530518,0.5991884469985962,122880,122640,0.7427218416705728
17,a05,61,2.5043831765651703,0.5938265323638916,124928,124684,0.6316111674532294
17,a05,62,2.2535183429718018,0.6099683046340942,126976,126728,0.6453283242881298
17,a05,63,2.3497143387794495,0.6393271684646606,129024,128772,0.6283847792074084
17,a05,64,2.3896593749523163,0.603247344493866,131072,130816,0.675942912697792
17,a05,65,2.508305251598358,0.5759714841842651,133120,132860,0.6545103490352631
17,a05,66,2.226664900779724,0.6660135388374329,135168,134904,0.6647223029285669
17,a05,67,2.5671841502189636,0.6502693891525269,137216,136948,0.6688665607944131
17,a05,68,2.1184314489364624,0.526496410369873,139264,138992,0.6753734070807695
17,a05,69,2.635358452796936,0.6536355018615723,141312,141036,0.6692086309194565
17,a05,70,2.6331294178962708,0.7870415449142456,143360,143080,0.7632579328492284
17,a05,71,2.68362957239151,0.5846558809280396,145408,145124,0.6848150994628668
17,a05,72,2.5708332657814026,0.5895007848739624,147456,147168,0.6776220826432109
17,a05,73,2.470381587743759,0.6233047246932983,149504,149212,0.7481556059792638
17,a05,74,2.5122795701026917,0.6312069296836853,151552,151256,0.7609126018360257
17,a05,75,2.3959917426109314,0.7002350687980652,153600,153300,0.8047687131911516
17,a05,76,2.464207887649536,0.5947754979133606,155648,155344,0.7782059982419014
17,a05,77,2.3358970284461975,0.5687458515167236,157696,157388,0.7834925781935453
17,a05,78,2.5725346207618713,0.5385088920593262,159744,159432,0.743257506750524
17,a05,79,2.285063683986664,0.6505691409111023,161792,161476,0.7503608893603086
17,a05,80,2.3461444973945618,0.6545325517654419,163840,163520,0.7690001307055354
17,a05,81,2.4480741024017334,0.5750774145126343,165888,165564,0.7457502679899335
17,a05,82,2.583340048789978,0.5612820982933044,167936,167608,0.7294889250770211
17,a05,83,2.352972447872162,0.6751126050949097,169984,169652,0.7481748890131712
17,a05,84,2.5702626705169678,0.686504065990448,172032,171696,0.6823366917669773
17,a05,85,2.607423424720764,0.5703969597816467,174080,173740,0.6839314708486199
17,a05,86,2.5284786224365234,0.708808958530426,176128,175784,0.6458290107548237
17,a05,87,2.4689794778823853,0.6056641340255737,178176,177828,0.6579613415524364
17,a05,88,2.8062259554862976,0.6925020813941956,180224,179872,0.8045836007222533
17,a05,89,2.372961103916168,0.7548511624336243,182272,181916,0.6414895374327898
17,a05,90,2.348406106233597,0.5361219048500061,184320,183960,0.7326042829081416
17,a05,91,2.664197266101837,0.6246069073677063,186368,186004,0.7486388320103288
17,a05,92,2.455864727497101,0.6469848155975342,188416,188048,0.7461872948333621
17,a05,93,2.551334857940674,0.6587339639663696,190464,190092,0.7605210701003671
17,a05,94,2.4341774582862854,0.6410763263702393,192512,192136,0.7931837700307369
17,a05,95,2.5866849422454834,0.7356180548667908,194560,194180,0.7391252871602774
17,a05,96,2.691668391227722,0.5691105723381042,196608,196224,0.7489647464826703
17,a05,97,2.546593189239502,0.6715807318687439,198656,198268,0.7387794908136129
17,a05,98,2.2031101882457733,0.6242403984069824,200704,200312,0.6753853373229504
17,a05,99,2.6704076528549194,0.6105518937110901,202752,202356,0.6546190585941076
17,a05,100,2.6463377475738525,0.648456871509552,204800,204400,0.6752488883212209
17,a06,1,2.8890193104743958,0.2594165503978729,2048,2044,1.078281531110406
17,a06,2,2.9414831399917603,0.24435092508792877,4096,4088,0.7386503638699651
17,a06,3,2.7503241300582886,0.276170015335083,6144,6132,0.7761643128469586
17,a06,4,2.6601839661598206,0.31257838010787964,8192,8176,0.756526205688715
17,a06,5,2.830685555934906,0.309872031211853,10240,10220,0.7763740951195359
17,a06,6,2.680142819881439,0.2884198725223541,12288,12264,0.7671641623601317
17,a06,7,2.5163068175315857,0.3171336054801941,14336,14308,0.7502519860863686
17,a06,8,2.886559844017029,0.3681538701057434,16384,16352,0.6912732683122158
17,a06,9,2.7420345544815063,0.30569303035736084,18432,18396,0.6478650942444801
17,a06,10,2.915241777896881,0.3402894139289856,20480,20440,0.752981336787343
17,a06,11,2.6164188385009766,0.3407282829284668,22528,22484,0.6812353422865272
17,a06,12,2.8223029375076294,0.35082685947418213,24576,24528,0.676761562936008
17,a06,13,2.753272771835327,0.28844815492630005,26624,26572,0.679341783747077
17,a06,14,2.4994953274726868,0.3579232394695282,28672,28616,0.6811843635514379
17,a06,15,2.5921927094459534,0.3537266254425049,30720,30660,0.6651662867516279
17,a06,16,2.6820393800735474,0.31678953766822815,32768,32704,0.6336998604238033
17,a06,17,2.6651687026023865,0.4423595666885376,34816,34748,0.6401846995577216
17,a06,18,2.594475030899048,0.34652653336524963,36864,36792,0.6477900734171271
17,a06,19,2.5527387857437134,0.38318538665771484,38912,38836,0.6539456099271774
17,a06,20,3.049009144306183,0.35955676436424255,40960,40880,0.6483989348635077
17,a06,21,2.6833359003067017,0.36747658252716064,43008,42924,0.7529582418501377
17,a06,22,2.716562569141388,0.4182535707950592,45056,44968,0.6526799583807588
17,a06,23,2.7288230061531067,0.478860467672348,47104,47012,0.6558812074363232
17,a06,24,2.66477507352829,0.42517992854118347,49152,49056,0.6744063682854176
17,a06,25,2.5139690041542053,0.35670050978660583,51200,51100,0.6638339860364795
17,a06,26,2.787329614162445,0.45778244733810425,53248,53144,0.7956726811826229
17,a06,27,2.6433876752853394,0.4160284399986267,55296,55188,0.7673700302839279
17,a06,28,2.857658803462982,0.4733355641365051,57344,57232,0.7608781745657325
17,a06,29,2.6942610144615173,0.439749151468277,59392,59276,0.7221990721300244
17,a06,30,2.4798731803894043,0.4058757424354553,61440,61320,0.6832731002941728
17,a06,31,2.6340554654598236,0.42982789874076843,63488,63364,0.6850725561380386
17,a06,32,2.6223341822624207,0.4448230564594269,65536,65408,0.7044367333874106
17,a06,33,2.670406222343445,0.4740583598613739,67584,67452,0.669034106656909
17,a06,34,2.446384161710739,0.511135995388031,69632,69496,0.6724825212731957
17,a06,35,2.9363540410995483,0.5116181373596191,71680,71540,0.6589193129912019
17,a06,36,2.2267478108406067,0.5088915228843689,73728,73584,0.6773147499188781
17,a06,37,2.5359150171279907,0.44040390849113464,75776,75628,0.8012542622163892
17,a06,38,2.4365235567092896,0.4736825227737427,77824,77672,0.8648594971746206
17,a06,39,2.6908764839172363,0.45752856135368347,79872,79716,0.6662611328065395
17,a06,40,2.6197609305381775,0.4396018087863922,81920,81760,0.6756677255034447
17,a06,41,2.6868886947631836,0.48675408959388733,83968,83804,0.6582607496529818
17,a06,42,2.475741386413574,0.48800915479660034,86016,85848,0.67310072761029
17,a06,43,2.686969757080078,0.5254889726638794,88064,87892,0.6675804937258363
17,a06,44,2.842662036418915,0.5090372562408447,90112,89936,0.6865788986906409
17,a06,45,2.3925064504146576,0.5003398656845093,92160,91980,0.6609568670392036
17,a06,46,2.7477721571922302,0.48076632618904114,94208,94024,0.6661133682355285
17,a06,47,2.7074031829833984,0.4223116338253021,96256,96068,0.7644137172028422
17,a06,48,2.391471266746521,0.5210352540016174,98304,98112,0.665112741291523
17,a06,49,2.421060562133789,0.519047200679779,100352,100156,0.6813751487061381
17,a06,50,2.5644262433052063,0.5530709624290466,102400,102200,0.7072577364742756
17,a06,51,2.3761647045612335,0.4682336151599884,104448,104244,0.7446736237034202
17,a06,52,2.5733357071876526,0.5207124352455139,106496,106288,0.8140807263553143
17,a06,53,2.6341582536697388,0.49264273047447205,108544,108332,0.7649708949029446
17,a06,54,2.6569846272468567,0.4897254407405853,110592,110376,0.754406918771565
17,a06,55,2.7370595932006836,0.47063711285591125,112640,112420,0.6646141521632671
17,a06,56,2.555137515068054,0.4889828860759735,114688,114464,0.7003766847774386
17,a06,57,2.4450058341026306,0.5749386548995972,116736,116508,0.7695321496576071
17,a06,58,2.440239906311035,0.5212339758872986,118784,118552,0.7168761175125837
17,a06,59,2.5669424533843994,0.47630369663238525,120832,120596,0.6840934595093131
17,a06,60,2.559740424156189,0.5336478352546692,122880,122640,0.808004105463624
17,a06,61,2.5243256986141205,0.5738515853881836,124928,124684,0.6717230323702097
17,a06,62,2.3010019063949585,0.5205035209655762,126976,126728,0.6912686973810196
17,a06,63,2.3804351687431335,0.5807694792747498,129024,128772,0.6586601287126541
17,a06,64,2.4059228599071503,0.6927419900894165,131072,130816,0.6506976131349802
17,a06,65,2.526525318622589,0.5198846459388733,133120,132860,0.6743909874930978
17,a06,66,2.249720275402069,0.6315729022026062,135168,134904,0.6750421356409788
17,a06,67,2.582122504711151,0.5690643787384033,137216,136948,0.7648488339036703
17,a06,68,2.128901243209839,0.527563750743866,139264,138992,0.7299161497503519
17,a06,69,2.651682734489441,0.5670051574707031,141312,141036,0.6561661558225751
17,a06,70,2.644230902194977,0.6032706499099731,143360,143080,0.7408056501299143
17,a06,71,2.673084855079651,0.7265430688858032,145408,145124,0.6047813203185797
17,a06,72,2.606896162033081,0.5901235938072205,147456,147168,0.6240906538441777
17,a06,73,2.4927583038806915,0.5998878479003906,149504,149212,0.6735429549589753
17,a06,74,2.5193065404891968,0.6158185601234436,151552,151256,0.6862149033695459
17,a06,75,2.411385238170624,0.5837416052818298,153600,153300,0.6583183174952865
17,a06,76,2.467326521873474,0.5674747228622437,155648,155344,1.8562847897410393
17,a06,77,2.33831387758255,0.6020197868347168,157696,157388,0.6367275845259428
17,a06,78,2.58896803855896,0.5388097763061523,159744,159432,0.6471373299136758
17,a06,79,2.322537124156952,0.6035695672035217,161792,161476,0.6557464068755507
17,a06,80,2.356575459241867,0.6271337866783142,163840,163520,0.647046273574233
17,a06,81,2.446555733680725,0.5655748844146729,165888,165564,0.6555735906586051
17,a06,82,2.59287029504776,0.5717775225639343,167936,167608,0.6414203643798828
17,a06,83,2.3808165192604065,0.6137850284576416,169984,169652,0.6357893198728561
17,a06,84,2.5736273527145386,0.6337052583694458,172032,171696,0.6421986538916826
17,a06,85,2.6451141238212585,0.629533588886261,174080,173740,0.6795249823480844
17,a06,86,2.538661628961563,0.611486554145813,176128,175784,0.6623969245702028
17,a06,87,2.490613281726837,0.6392598748207092,178176,177828,0.6745037166401744
17,a06,88,2.8350073099136353,0.6632606983184814,180224,179872,0.8129812935367227
17,a06,89,2.388960540294647,0.6545227766036987,182272,181916,0.6600907882675529
17,a06,90,2.331348955631256,0.5487872362136841,184320,183960,0.6572505673393607
17,a06,91,2.685155510902405,0.656082272529602,186368,186004,0.6533427992835641
17,a06,92,2.4749096035957336,0.5993636846542358,188416,188048,0.6652763290330768
17,a06,93,2.546185255050659,0.691326916217804,190464,190092,0.7804079446941614
17,a06,94,2.455255150794983,0.6554355025291443,192512,192136,0.7709334939718246
17,a06,95,2.6167353689670563,0.6914753317832947,194560,194180,0.7689273860305548
17,a06,96,2.7242190837860107,0.5560338497161865,196608,196224,0.740896187722683
17,a06,97,2.5704145431518555,0.5659142136573792,198656,198268,0.7941877972334623
17,a06,98,2.219659239053726,0.5663074254989624,200704,200312,0.6365559985861182
17,a06,99,2.7069212198257446,0.579033374786377,202752,202356,0.6733575398102403
17,a06,100,2.6541993618011475,0.6463684439659119,204800,204400,0.6316163903102279
17,a07,1,2.887278437614441,0.3051348626613617,2048,2044,0.9396158289164305
17,a07,2,2.975332200527191,0.31358802318573,4096,4088,0.7795535204932094
17,a07,3,2.752135694026947,0.31427517533302307,6144,6132,0.7622259156778455
17,a07,4,2.6532467007637024,0.3578132092952728,8192,8176,0.7481194753199816
17,a07,5,2.7609497904777527,0.32022321224212646,10240,10220,0.7686855271458626
17,a07,6,2.6885946393013,0.3384495973587036,12288,12264,0.679038904607296
17,a07,7,2.5111507773399353,0.31767329573631287,14336,14308,0.6527687478810549
17,a07,8,2.876112937927246,0.3493451774120331,16384,16352,0.6542009888216853
17,a07,9,2.7358762621879578,0.362874835729599,18432,18396,0.6696620406582952
17,a07,10,2.896309494972229,0.35460132360458374,20480,20440,0.7668522065505385
17,a07,11,2.6053656935691833,0.3485722243785858,22528,22484,0.6499800784513354
17,a07,12,2.8179485201835632,0.3926600217819214,24576,24528,0.6667962670326233
17,a07,13,2.750524401664734,0.3481505811214447,26624,26572,0.66964799631387
17,a07,14,2.507734537124634,0.4023312032222748,28672,28616,0.6504464242607355
17,a07,15,2.588396430015564,0.38285744190216064,30720,30660,0.6674910048022866
17,a07,16,2.641687273979187,0.40975236892700195,32768,32704,0.6631383262574673
17,a07,17,2.647999346256256,0.4240543246269226,34816,34748,0.6589120430871844
17,a07,18,2.575126051902771,0.3709886074066162,36864,36792,0.676017252728343
17,a07,19,2.511322796344757,0.3864977955818176,38912,38836,0.6492014629766345
17,a07,20,3.0532256960868835,0.3910805284976959,40960,40880,0.6693663988262415
17,a07,21,2.6965502500534058,0.38478654623031616,43008,42924,0.6639781482517719
17,a07,22,2.7233505845069885,0.4808495044708252,45056,44968,0.6767063736915588
17,a07,23,2.722121775150299,0.4365943670272827,47104,47012,0.6584400227293372
17,a07,24,2.6453757882118225,0.4679357707500458,49152,49056,0.6551280971616507
17,a07,25,2.512707829475403,0.42124587297439575,51200,51100,0.6714720074087381
17,a07,26,2.759737730026245,0.479308545589447,53248,53144,0.794442692771554
17,a07,27,2.627451181411743,0.3940627872943878,55296,55188,0.6563834194093943
17,a07,28,2.850525200366974,0.46612855792045593,57344,57232,0.6605507405474782
17,a07,29,2.6687511801719666,0.470365434885025,59392,59276,0.6650869501754642
17,a07,30,2.4553918838500977,0.5368842482566833,61440,61320,0.6558177061378956
17,a07,31,2.633755624294281,0.4387396574020386,63488,63364,0.6375353801995516
17,a07,32,2.6317338347434998,0.4943673610687256,65536,65408,0.6408943776041269
17,a07,33,2.6777061820030212,0.5588955283164978,67584,67452,0.640915715135634
17,a07,34,2.4227087795734406,0.4959632456302643,69632,69496,0.6672565573826432
17,a07,35,2.903840661048889,0.48116764426231384,71680,71540,0.6396385617554188
17,a07,36,2.2206581830978394,0.523714005947113,73728,73584,0.6334615517407656
17,a07,37,2.510824292898178,0.4715188145637512,75776,75628,0.6452318429946899
17,a07,38,2.4136037826538086,0.47894370555877686,77824,77672,2.0336197707802057
17,a07,39,2.7012230157852173,0.46942389011383057,79872,79716,0.6301586553454399
17,a07,40,2.601102113723755,0.46469855308532715,81920,81760,0.6225642254576087
17,a07,41,2.686704456806183,0.5192116498947144,83968,83804,0.6479255901649594
17,a07,42,2.4864659905433655,0.5175841450691223,86016,85848,0.6450278759002686
17,a07,43,2.706102132797241,0.554391086101532,88064,87892,0.6656610872596502
17,a07,44,2.836099863052368,0.5579602718353271,90112,89936,0.6569688515737653
17,a07,45,2.3911827206611633,0.5305768847465515,92160,91980,0.6658295867964625
17,a07,46,2.7523797750473022,0.5125281810760498,94208,94024,0.6410054061561823
17,a07,47,2.7135050296783447,0.47537872195243835,96256,96068,0.7687195567414165
17,a07,48,2.409552037715912,0.4841398000717163,98304,98112,0.6673035006970167
17,a07,49,2.3967379331588745,0.5374723076820374,100352,100156,0.6693476149812341
17,a07,50,2.5546200275421143,0.5451812148094177,102400,102200,0.644487714394927
17,a07,51,2.388751059770584,0.5308678150177002,104448,104244,0.7266678167507052
17,a07,52,2.5699517130851746,0.5152419209480286,106496,106288,0.7461872808635235
17,a07,53,2.67669939994812,0.5162317752838135,108544,108332,0.714139623567462
17,a07,54,2.6735015511512756,0.5546649694442749,110592,110376,0.7404584493488073
17,a07,55,2.754561722278595,0.5347764492034912,112640,112420,0.7390539217740297
17,a07,56,2.530043065547943,0.49398237466812134,114688,114464,0.7360748266801238
17,a07,57,2.432332456111908,0.572145938873291,116736,116508,0.7854143660515547
17,a07,58,2.453311502933502,0.553363025188446,118784,118552,0.756913349032402
17,a07,59,2.5554195642471313,0.518945038318634,120832,120596,0.7576575614511967
17,a07,60,2.5644977688789368,0.5636897087097168,122880,122640,0.8794560097157955
17,a07,61,2.5418279469013214,0.6206764578819275,124928,124684,0.7599599082022905
17,a07,62,2.314186841249466,0.5515019297599792,126976,126728,0.7284750388935208
17,a07,63,2.3815383315086365,0.6117561459541321,129024,128772,0.7597045879811049
17,a07,64,2.4094978868961334,0.734991192817688,131072,130816,0.7566913226619363
17,a07,65,2.536841332912445,0.5641849637031555,133120,132860,0.7521063862368464
17,a07,66,2.2656697630882263,0.6008820533752441,135168,134904,0.6652980661019683
17,a07,67,2.539382040500641,0.5920712351799011,137216,136948,0.6876918496564031
17,a07,68,2.1404981315135956,0.5468887686729431,139264,138992,0.7014327105134726
17,a07,69,2.619430661201477,0.6089857816696167,141312,141036,0.7291631549596786
17,a07,70,2.625955879688263,0.6536223888397217,143360,143080,0.8711796784773469
17,a07,71,2.6589287519454956,0.6031068563461304,145408,145124,0.7303181877359748
17,a07,72,2.5930932760238647,0.6152796149253845,147456,147168,0.7402956979349256
17,a07,73,2.495552271604538,0.6293085217475891,149504,149212,0.7363315410912037
17,a07,74,2.545469641685486,0.6287386417388916,151552,151256,0.7453344604000449
17,a07,75,2.4031336903572083,0.6630701422691345,153600,153300,0.7564166262745857
17,a07,76,2.488344728946686,0.5974246859550476,155648,155344,2.617470079101622
17,a07,77,2.3261693120002747,0.5937811732292175,157696,157388,0.6874738093465567
17,a07,78,2.598384201526642,0.5639445781707764,159744,159432,0.6116844601929188
17,a07,79,2.3110678791999817,0.7399409413337708,161792,161476,0.685266649350524
17,a07,80,2.3547909557819366,0.6545327305793762,163840,163520,0.6271226508542895
17,a07,81,2.4438732266426086,0.634695827960968,165888,165564,0.6372054340317845
17,a07,82,2.6014243364334106,0.5743759274482727,167936,167608,0.6651570647954941
17,a07,83,2.3652409315109253,0.5957188606262207,169984,169652,0.6497375248000026
17,a07,84,2.5680637061595917,0.8095098733901978,172032,171696,0.6358615402132273
17,a07,85,2.6460395455360413,0.6009860634803772,174080,173740,0.6236031502485275
17,a07,86,2.5281000435352325,0.6292135715484619,176128,175784,0.6257922872900963
17,a07,87,2.501797676086426,0.6349934339523315,178176,177828,0.6450391383841634
17,a07,88,2.8259063363075256,0.6445807218551636,180224,179872,0.7474387278780341
17,a07,89,2.3994662165641785,0.7144007682800293,182272,181916,0.6445639990270138
17,a07,90,2.3194198608398438,0.5562583208084106,184320,183960,0.6625302340835333
17,a07,91,2.651137590408325,0.5948519706726074,186368,186004,0.6737496582791209
17,a07,92,2.4584889113903046,0.7655959725379944,188416,188048,0.7333607897162437
17,a07,93,2.5462979078292847,0.6061391234397888,190464,190092,0.7614788059145212
17,a07,94,2.468712270259857,0.6035196185112,192512,192136,0.754278945736587
17,a07,95,2.606923073530197,0.6717156171798706,194560,194180,0.6989170834422112
17,a07,96,2.697299301624298,0.5806508660316467,196608,196224,0.6362609416246414
17,a07,97,2.5581464767456055,0.6313521265983582,198656,198268,0.6731824800372124
17,a07,98,2.2037568986415863,0.5758079290390015,200704,200312,0.6394336372613907
17,a07,99,2.689659059047699,0.6410603523254395,202752,202356,0.6287770187482238
17,a07,100,2.6578909158706665,0.6832197904586792,204800,204400,0.6363514438271523
29,a00,1,2.6957414746284485,0.24627193808555603,2048,2044,1.3602194739505649
29,a00,2,2.5747889280319214,0.27955618500709534,4096,4088,0.8060005009174347
29,a00,3,2.4971811771392822,0.26607099175453186,6144,6132,0.7651273142546415
29,a00,4,2.6695291996002197,0.2557109594345093,8192,8176,0.7685049157589674
29,a00,5,2.752783417701721,0.25339242815971375,10240,10220,0.6794897448271513
29,a00,6,2.279298782348633,0.23305228352546692,12288,12264,0.6690163929015398
29,a00,7,2.828617215156555,0.2932265102863312,14336,14308,0.7460442436859012
29,a00,8,2.7701112031936646,0.23819680511951447,16384,16352,0.7516326000913978
29,a00,9,2.500992566347122,0.2712515592575073,18432,18396,0.7826111735776067
29,a00,10,2.7625885605812073,0.3026384115219116,20480,20440,0.83954609464854
29,a00,11,2.6942027807235718,0.32290685176849365,22528,22484,0.6777005353942513
29,a00,12,2.752682685852051,0.3782255947589874,24576,24528,0.6781172612681985
29,a00,13,2.687485456466675,0.33285290002822876,26624,26572,0.655106239952147
29,a00,14,2.6741151213645935,0.3254595696926117,28672,28616,0.7812035763636231
29,a00,15,2.65118944644928,0.3701903223991394,30720,30660,0.7788731856271625
29,a00,16,2.6385392546653748,0.2762462794780731,32768,32704,0.8066301690414548
29,a00,17,2.7598556876182556,0.3992723822593689,34816,34748,0.7696071127429605
29,a00,18,2.6091705560684204,0.34080758690834045,36864,36792,0.7630838751792908
29,a00,19,2.598080098628998,0.32562148571014404,38912,38836,0.775185433216393
29,a00,20,2.6339009404182434,0.4007132351398468,40960,40880,0.7174555649980903
29,a00,21,2.871049225330353,0.3850155174732208,43008,42924,0.7837607720866799
29,a00,22,2.7005611062049866,0.40225860476493835,45056,44968,0.7937783356755972
29,a00,23,2.933825194835663,0.3820148706436157,47104,47012,0.8149834014475346
29,a00,24,2.234095811843872,0.34959354996681213,49152,49056,0.8140109833329916
29,a00,25,2.614444375038147,0.3613480031490326,51200,51100,0.8153055934235454
29,a00,26,2.7673617601394653,0.37423744797706604,53248,53144,0.9392122915014625
29,a00,27,2.444858729839325,0.38872861862182617,55296,55188,0.8149141753092408
29,a00,28,2.6397889256477356,0.39578598737716675,57344,57232,0.8104180200025439
29,a00,29,2.3017202615737915,0.43431100249290466,59392,59276,0.8062411760911345
29,a00,30,2.248990386724472,0.4337054193019867,61440,61320,0.7997056050226092
29,a00,31,2.4564250707626343,0.46778160333633423,63488,63364,0.7943068379536271
29,a00,32,2.331069231033325,0.43694761395454407,65536,65408,1.8673814991489053
29,a00,33,2.501294493675232,0.4133390188217163,67584,67452,0.7502287393435836
29,a00,34,2.50242418050766,0.36328035593032837,69632,69496,0.7019915599375963
29,a00,35,2.610933780670166,0.47803911566734314,71680,71540,0.7360559003427625
29,a00,36,2.3630464673042297,0.5834873914718628,73728,73584,0.6934247249737382
29,a00,37,2.8199815154075623,0.4398413300514221,75776,75628,0.7587650241330266
29,a00,38,2.367702543735504,0.4801613390445709,77824,77672,0.9453279571607709
29,a00,39,2.8981338143348694,0.49230170249938965,79872,79716,0.8023268431425095
29,a00,40,2.794086217880249,0.49463433027267456,81920,81760,0.7272378029301763
29,a00,41,2.426681697368622,0.4251841902732849,83968,83804,0.6975227063521743
29,a00,42,2.3487235009670258,0.4972878396511078,86016,85848,0.6957756830379367
29,a00,43,2.664469838142395,0.4545776844024658,88064,87892,0.6919879438355565
29,a00,44,2.4607937037944794,0.48830533027648926,90112,89936,0.7068621292710304
29,a00,45,2.600019931793213,0.406296044588089,92160,91980,0.6995028322562575
29,a00,46,2.7883936762809753,0.5049629807472229,94208,94024,0.695688939653337
29,a00,47,2.4407874047756195,0.43760424852371216,96256,96068,0.8176946761086583
29,a00,48,2.7237203121185303,0.5103645324707031,98304,98112,0.680365183390677
29,a00,49,2.3489452600479126,0.4909932613372803,100352,100156,0.6801930079236627
29,a00,50,2.4939017295837402,0.4724140465259552,102400,102200,0.6799696376547217
29,a00,51,2.295692563056946,0.5407941937446594,104448,104244,0.6643789755180478
29,a00,52,2.6096585988998413,0.5359406471252441,106496,106288,0.6772738443687558
29,a00,53,2.4866101145744324,0.4605233669281006,108544,108332,0.6880351966246963
29,a00,54,2.517740786075592,0.512660026550293,110592,110376,0.6757768336683512
29,a00,55,2.4622051417827606,0.5333493947982788,112640,112420,0.6784487338736653
29,a00,56,2.6877328157424927,0.5113116502761841,114688,114464,0.6723242122679949
29,a00,57,2.3320299983024597,0.4513096213340759,116736,116508,0.6832097368314862
29,a00,58,2.392226606607437,0.5194466710090637,118784,118552,0.6446658205240965
29,a00,59,2.4125203490257263,0.5510071516036987,120832,120596,0.6534755351021886
29,a00,60,2.3481308221817017,0.5893368124961853,122880,122640,0.7658978682011366
29,a00,61,2.4007883071899414,0.5127853751182556,124928,124684,0.6383016435429454
29,a00,62,2.391120970249176,0.5117667317390442,126976,126728,0.6707726120948792
29,a00,63,2.2537554800510406,0.5265833735466003,129024,128772,0.672303537838161
29,a00,64,2.6021658778190613,0.5476088523864746,131072,130816,0.6697770832106471
29,a00,65,2.3533920645713806,0.48157286643981934,133120,132860,0.6689915200695395
29,a00,66,2.2458903789520264,0.4854855239391327,135168,134904,0.7461958704516292
29,a00,67,2.7413015961647034,0.5244641900062561,137216,136948,0.7307595834136009
29,a00,68,2.13335457444191,0.5726944804191589,139264,138992,0.7031440455466509
29,a00,69,2.4580617547035217,0.5329281091690063,141312,141036,0.7046078173443675
29,a00,70,2.3687939643859863,0.5182400941848755,143360,143080,0.8354097753763199
29,a00,71,2.603489398956299,0.6491916179656982,145408,145124,3.294862274080515
29,a00,72,2.6736573576927185,0.5072613954544067,147456,147168,0.8027522582560778
29,a00,73,2.4408369064331055,0.5584689974784851,149504,149212,0.7954179989174008
29,a00,74,2.579749643802643,0.4875476062297821,151552,151256,0.7835017153993249
29,a00,75,2.4671854376792908,0.5079933404922485,153600,153300,0.7815877236425877
29,a00,76,2.394773930311203,0.6830251216888428,155648,155344,0.8124148724600673
29,a00,77,2.919208824634552,0.5638877749443054,157696,157388,0.7739465571939945
29,a00,78,2.4753499627113342,0.5370351672172546,159744,159432,0.6992580387741327
29,a00,79,2.3748167753219604,0.6697261333465576,161792,161476,0.6854052115231752
29,a00,80,2.4069613218307495,0.5257339477539062,163840,163520,0.6981656132265925
29,a00,81,2.255182445049286,0.5875376462936401,165888,165564,0.690743993036449
29,a00,82,2.576450765132904,0.550736129283905,167936,167608,0.6835354380309582
29,a00,83,2.616233468055725,0.5910741090774536,169984,169652,0.6875550905242562
29,a00,84,2.387304872274399,0.4900670349597931,172032,171696,0.6740407533943653
29,a00,85,2.3843955397605896,0.5377139449119568,174080,173740,0.7431737883016467
29,a00,86,2.4834908843040466,0.6956889629364014,176128,175784,0.7757959207519889
29,a00,87,2.408829391002655,0.6086632609367371,178176,177828,0.7425471106544137
29,a00,88,2.4505205154418945,0.6025645732879639,180224,179872,0.8091078316792846
29,a00,89,2.5162181854248047,0.5264708995819092,182272,181916,0.6595163475722075
29,a00,90,2.21946582198143,0.5378374457359314,184320,183960,0.6768748732283711
29,a00,91,2.3579987585544586,0.6861259937286377,186368,186004,0.6644576471298933
29,a00,92,2.3896042704582214,0.48976558446884155,188416,188048,0.6801929622888565
29,a00,93,2.3616767525672913,0.6194199323654175,190464,190092,0.6912242462858558
29,a00,94,2.402356207370758,0.5235069394111633,192512,192136,0.6558795357123017
29,a00,95,2.483765333890915,0.560545802116394,194560,194180,0.6928430935367942
29,a00,96,2.856482207775116,0.5388281345367432,196608,196224,0.6657189605757594
29,a00,97,2.520094156265259,0.5354471802711487,198656,198268,0.6928378511220217
29,a00,98,2.3901423513889313,0.5358936786651611,200704,200312,0.7606580480933189
29,a00,99,2.3627319931983948,0.7076534032821655,202752,202356,0.7920563369989395
29,a00,100,2.405511975288391,0.5562627911567688,204800,204400,0.7456647073850036
29,a01,1,2.7796995639801025,0.2988639771938324,2048,2044,1.7842743704095483
29,a01,2,2.6740843653678894,0.27747172117233276,4096,4088,0.8032780298963189
29,a01,3,2.5548346638679504,0.2923482656478882,6144,6132,0.7972870916128159
29,a01,4,2.793300211429596,0.31907278299331665,8192,8176,0.7091892631724477
29,a01,5,2.8900781869888306,0.31190940737724304,10240,10220,0.6351042371243238
29,a01,6,2.328660011291504,0.24440978467464447,12288,12264,0.656290877610445
29,a01,7,2.9092466235160828,0.34190240502357483,14336,14308,0.6555875726044178
29,a01,8,2.872572898864746,0.3030253052711487,16384,16352,0.655789278447628
29,a01,9,2.6396738588809967,0.37385013699531555,18432,18396,0.6416630558669567
29,a01,10,2.8844149112701416,0.34735769033432007,20480,20440,0.7624582899734378
29,a01,11,2.7629212141036987,0.34663060307502747,22528,22484,0.7397932792082429
29,a01,12,2.855574905872345,0.415678471326828,24576,24528,0.7957997526973486
29,a01,13,2.799612522125244,0.36667975783348083,26624,26572,0.6850844072178006
29,a01,14,2.769263803958893,0.39664921164512634,28672,28616,0.6707821423187852
29,a01,15,2.7317944765090942,0.4162225127220154,30720,30660,0.7333807786926627
29,a01,16,2.771968722343445,0.41621729731559753,32768,32704,1.9232674790546298
29,a01,17,2.8860965371131897,0.45857003331184387,34816,34748,0.69380784034729
29,a01,18,2.7237175703048706,0.41973060369491577,36864,36792,0.6444287914782763
29,a01,19,2.7562649250030518,0.40917670726776123,38912,38836,0.678034364245832
29,a01,20,2.730020225048065,0.45125845074653625,40960,40880,0.6599288694560528
29,a01,21,2.9766977429389954,0.42249971628189087,43008,42924,0.6139400145038962
29,a01,22,2.8091703057289124,0.41915780305862427,45056,44968,0.6546187773346901
29,a01,23,3.026283621788025,0.43869099020957947,47104,47012,0.6560556329786777
29,a01,24,2.2758285999298096,0.40966081619262695,49152,49056,0.6532980445772409
29,a01,25,2.7212688326835632,0.4662190079689026,51200,51100,0.6813925784081221
29,a01,26,2.895181894302368,0.50101637840271,53248,53144,0.7938879206776619
29,a01,27,2.5813649892807007,0.45295044779777527,55296,55188,0.686871126294136
29,a01,28,2.7521215081214905,0.48622727394104004,57344,57232,0.6723228832706809
29,a01,29,2.3716354370117188,0.4440142512321472,59392,59276,0.6635179482400417
29,a01,30,2.3232111632823944,0.478322297334671,61440,61320,0.6538849947974086
29,a01,31,2.529710531234741,0.4914783835411072,63488,63364,0.6606946345418692
29,a01,32,2.423971474170685,0.5032714605331421,65536,65408,0.6657916195690632
29,a01,33,2.5640088319778442,0.4942280650138855,67584,67452,0.6774152480065823
29,a01,34,2.625404417514801,0.47585275769233704,69632,69496,0.6590278316289186
29,a01,35,2.723235547542572,0.552432119846344,71680,71540,0.7174544548615813
29,a01,36,2.4447296261787415,0.5753169655799866,73728,73584,0.7318087229505181
29,a01,37,2.8998367190361023,0.5615069270133972,75776,75628,0.6899234997108579
29,a01,38,2.4951351284980774,0.5989022254943848,77824,77672,0.7541070794686675
29,a01,39,3.0018352270126343,0.5131601095199585,79872,79716,0.6782341348007321
29,a01,40,2.884775221347809,0.5908994674682617,81920,81760,0.6638389583677053
29,a01,41,2.5293686389923096,0.5105435848236084,83968,83804,0.6662894524633884
29,a01,42,2.473991811275482,0.5921180248260498,86016,85848,0.6388829266652465
29,a01,43,2.7281525135040283,0.48709195852279663,88064,87892,0.700532085262239
29,a01,44,2.6189841628074646,0.5980032682418823,90112,89936,0.6699351081624627
29,a01,45,2.6693606972694397,0.4894101917743683,92160,91980,0.655344907194376
29,a01,46,2.901249587535858,0.6126533150672913,94208,94024,0.6618646811693907
29,a01,47,2.525793671607971,0.4831612706184387,96256,96068,0.7920862939208746
29,a01,48,2.7828224301338196,0.600498616695404,98304,98112,0.6731721833348274
29,a01,49,2.40890109539032,0.5581781268119812,100352,100156,0.6766428258270025
29,a01,50,2.575657606124878,0.6339951753616333,102400,102200,0.6803812840953469
29,a01,51,2.3621002435684204,0.6484686136245728,104448,104244,0.70216921903193
29,a01,52,2.6737459301948547,0.6038109660148621,106496,106288,0.6826938642188907
29,a01,53,2.563314974308014,0.5888801217079163,108544,108332,2.5159255135804415
29,a01,54,2.57095068693161,0.598701536655426,110592,110376,0.7120221639052033
29,a01,55,2.5613850951194763,0.6601920127868652,112640,112420,0.6864262344315648
29,a01,56,2.7236058712005615,0.56093430519104,114688,114464,0.7072789091616869
29,a01,57,2.3768014013767242,0.5368599891662598,116736,116508,0.707569383084774
29,a01,58,2.4812803268432617,0.6109334826469421,118784,118552,0.682953204959631
29,a01,59,2.4603031277656555,0.5904462933540344,120832,120596,0.7012131446972489
29,a01,60,2.4284725189208984,0.5817216634750366,122880,122640,0.9067948153242469
29,a01,61,2.4814568758010864,0.6269596815109253,124928,124684,0.6950389295816422
29,a01,62,2.472651422023773,0.7079858183860779,126976,126728,0.6634197533130646
29,a01,63,2.343168079853058,0.5631871819496155,129024,128772,0.6653421577066183
29,a01,64,2.7055025696754456,0.6942335367202759,131072,130816,0.6461535273119807
29,a01,65,2.4363608360290527,0.5860109329223633,133120,132860,0.6664739325642586
29,a01,66,2.3336300253868103,0.6365506649017334,135168,134904,0.6800376502797008
29,a01,67,2.8109132647514343,0.7044207453727722,137216,136948,0.6749267773702741
29,a01,68,2.203126400709152,0.6171776056289673,139264,138992,0.7110988181084394
29,a01,69,2.515526533126831,0.6306696534156799,141312,141036,0.6666589844971895
29,a01,70,2.4913028478622437,0.6565530896186829,143360,143080,0.7778947073966265
29,a01,71,2.6662368178367615,0.8113776445388794,145408,145124,0.7083421535789967
29,a01,72,2.7534801363945007,0.6245377659797668,147456,147168,0.6790951248258352
29,a01,73,2.47276371717453,0.7613195180892944,149504,149212,0.7044167472049594
29,a01,74,2.6409811973571777,0.713578999042511,151552,151256,0.6572298863902688
29,a01,75,2.5550373792648315,0.6809228658676147,153600,153300,0.6937746191397309
29,a01,76,2.4751187562942505,0.7545211911201477,155648,155344,0.6858806861564517
29,a01,77,2.995355486869812,0.7044452428817749,157696,157388,0.6752403331920505
29,a01,78,2.531126379966736,0.6374778747558594,159744,159432,0.6916211107745767
29,a01,79,2.440285325050354,0.7361804842948914,161792,161476,0.646008494310081
29,a01,80,2.49971741437912,0.6271841526031494,163840,163520,0.6826115483418107
29,a01,81,2.36117485165596,0.6714710593223572,165888,165564,0.6893390603363514
29,a01,82,2.659793436527252,0.7127271294593811,167936,167608,0.6747234975919127
29,a01,83,2.678086578845978,0.7376133799552917,169984,169652,0.662658809684217
29,a01,84,2.500206410884857,0.629799485206604,172032,171696,0.6823426485061646
29,a01,85,2.457818567752838,0.7525575160980225,174080,173740,0.6729327365756035
29,a01,86,2.5858870148658752,0.9278783202171326,176128,175784,0.6932130344212055
29,a01,87,2.5459037125110626,0.8343244791030884,178176,177828,0.6917016850784421
29,a01,88,2.5100170969963074,0.6419490575790405,180224,179872,0.7991365706548095
29,a01,89,2.6144225001335144,0.7014003992080688,182272,181916,0.6699712984263897
29,a01,90,2.283040314912796,0.6996014714241028,184320,183960,0.6742782834917307
29,a01,91,2.4511481523513794,0.7526673674583435,186368,186004,0.6418548095971346
29,a01,92,2.474159061908722,0.6166834235191345,188416,188048,0.6729233469814062
29,a01,93,2.470253646373749,0.9133641719818115,190464,190092,0.6901318477466702
29,a01,94,2.48185133934021,0.6580080986022949,192512,192136,0.6845136927440763
29,a01,95,2.579879105091095,0.8235995769500732,194560,194180,0.7619389919564128
29,a01,96,2.9678292274475098,0.7861878275871277,196608,196224,2.5015986086800694
29,a01,97,2.6390711665153503,0.7276315689086914,198656,198268,0.6780762560665607
29,a01,98,2.493013024330139,0.7024316787719727,200704,200312,0.6625810349360108
29,a01,99,2.465238332748413,0.9188845753669739,202752,202356,0.6422314345836639
29,a01,100,2.489417612552643,0.7330042719841003,204800,204400,0.6535962270572782
29,a02,1,2.7765839099884033,0.3113691806793213,2048,2044,1.3447830267250538
29,a02,2,2.6804879903793335,0.29953551292419434,4096,4088,0.793982807546854
29,a02,3,2.5002907514572144,0.27826371788978577,6144,6132,0.8458049735054374
29,a02,4,2.7274628281593323,0.2728075683116913,8192,8176,2.552177270874381
29,a02,5,2.7950016856193542,0.28534793853759766,10240,10220,0.7438958156853914
29,a02,6,2.3203882575035095,0.2892976701259613,12288,12264,0.6244014482945204
29,a02,7,2.8976879715919495,0.3590701222419739,14336,14308,0.6948794694617391
29,a02,8,2.8217892050743103,0.276248961687088,16384,16352,0.6519934842363
29,a02,9,2.5447306036949158,0.3053279519081116,18432,18396,0.6634623054414988
29,a02,10,2.8036661744117737,0.39859268069267273,20480,20440,0.8136402480304241
29,a02,11,2.7452046871185303,0.3731429874897003,22528,22484,0.6650605378672481
29,a02,12,2.802463471889496,0.37884727120399475,24576,24528,0.6585619309917092
29,a02,13,2.7727944254875183,0.40927091240882874,26624,26572,0.6673637637868524
29,a02,14,2.7401044964790344,0.3494727909564972,28672,28616,0.6794190546497703
29,a02,15,2.713937282562256,0.38004496693611145,30720,30660,0.6402175081893802
29,a02,16,2.70362251996994,0.3428615927696228,32768,32704,0.6423426326364279
29,a02,17,2.8180317878723145,0.43730878829956055,34816,34748,0.6587827885523438
29,a02,18,2.680401563644409,0.37846213579177856,36864,36792,0.6743615949526429
29,a02,19,2.6512145400047302,0.3775799572467804,38912,38836,0.6728069055825472
29,a02,20,2.6500869393348694,0.44004279375076294,40960,40880,0.6627224758267403
29,a02,21,2.9290789365768433,0.400102436542511,43008,42924,0.6369834635406733
29,a02,22,2.7718642950057983,0.4378437399864197,45056,44968,0.649748869240284
29,a02,23,2.9919902086257935,0.4631868302822113,47104,47012,0.6722775483503938
29,a02,24,2.2424636483192444,0.3751257359981537,49152,49056,0.7556195361539721
29,a02,25,2.648723304271698,0.4266715347766876,51200,51100,0.654807647690177
29,a02,26,2.811354100704193,0.4541997015476227,53248,53144,0.7766882618889213
29,a02,27,2.4869561791419983,0.41184675693511963,55296,55188,0.662568879313767
29,a02,28,2.705812931060791,0.4333220422267914,57344,57232,0.682876200415194
29,a02,29,2.3442012667655945,0.4379122853279114,59392,59276,0.6892906883731484
29,a02,30,2.2738549411296844,0.411067396402359,61440,61320,0.8326563136652112
29,a02,31,2.506689429283142,0.434340238571167,63488,63364,0.7738270042464137
29,a02,32,2.3992136120796204,0.5386479496955872,65536,65408,0.7706467201933265
29,a02,33,2.5226387977600098,0.4672987163066864,67584,67452,0.8190395850688219
29,a02,34,2.573034942150116,0.4761675298213959,69632,69496,0.7504884656518698
29,a02,35,2.659133017063141,0.5603873133659363,71680,71540,0.7571986187249422
29,a02,36,2.4423143565654755,0.594594419002533,73728,73584,0.7618135241791606
29,a02,37,2.8576730489730835,0.5802316069602966,75776,75628,0.7818109476938844
29,a02,38,2.437048554420471,0.5980364084243774,77824,77672,0.839702689088881
29,a02,39,2.940885603427887,0.581172525882721,79872,79716,0.7604463091120124
29,a02,40,2.845244586467743,0.5998449921607971,81920,81760,0.7471811827272177
29,a02,41,2.4809409976005554,0.5623570680618286,83968,83804,0.750704268924892
29,a02,42,2.436972826719284,0.6012016534805298,86016,85848,0.7588770603761077
29,a02,43,2.6944098472595215,0.4944498538970947,88064,87892,2.4573190258815885
29,a02,44,2.5052320659160614,0.5514312386512756,90112,89936,0.7678133547306061
29,a02,45,2.6427242755889893,0.49344348907470703,92160,91980,0.7284174486994743
29,a02,46,2.830057442188263,0.5475398302078247,94208,94024,0.750191755592823
29,a02,47,2.4829251766204834,0.4754062294960022,96256,96068,0.8163413992151618
29,a02,48,2.7597716450691223,0.5825272798538208,98304,98112,0.6622197171673179
29,a02,49,2.3878589272499084,0.5362345576286316,100352,100156,0.6612597061321139
29,a02,50,2.5218146443367004,0.5594097971916199,102400,102200,0.6498893769457936
29,a02,51,2.3383213579654694,0.5556060671806335,104448,104244,0.6805627355352044
29,a02,52,2.6097835302352905,0.5530624389648438,106496,106288,0.7727583833038807
29,a02,53,2.5039256811141968,0.5528520941734314,108544,108332,0.684779598377645
29,a02,54,2.5566552877426147,0.5766561031341553,110592,110376,0.6966032776981592
29,a02,55,2.5063512921333313,0.5383086204528809,112640,112420,0.6555982828140259
29,a02,56,2.696090519428253,0.5709819197654724,114688,114464,0.6705785151571035
29,a02,57,2.3847834169864655,0.5144456028938293,116736,116508,0.6625848291441798
29,a02,58,2.42935049533844,0.5379443168640137,118784,118552,0.6586624197661877
29,a02,59,2.4371482133865356,0.5137318968772888,120832,120596,0.6595850307494402
29,a02,60,2.3649486303329468,0.616397500038147,122880,122640,0.7657975014299154
29,a02,61,2.4452930092811584,0.6056447625160217,124928,124684,0.6647788668051362
29,a02,62,2.427183449268341,0.746069610118866,126976,126728,0.6463684951886535
29,a02,63,2.290099620819092,0.5294336676597595,129024,128772,0.7324039051309228
29,a02,64,2.6639581322669983,0.6158220171928406,131072,130816,0.756473639048636
29,a02,65,2.3782286047935486,0.4913833737373352,133120,132860,0.7165133254602551
29,a02,66,2.298479378223419,0.5631964206695557,135168,134904,0.6226008841767907
29,a02,67,2.7758665680885315,0.5562341809272766,137216,136948,0.7219707611948252
29,a02,68,2.1438683569431305,0.5301865339279175,139264,138992,0.7433379301801324
29,a02,69,2.487847149372101,0.5588405132293701,141312,141036,0.7623932706192136
29,a02,70,2.428420662879944,0.574588418006897,143360,143080,0.8428504224866629
29,a02,71,2.620741307735443,0.6023557186126709,145408,145124,0.7165473364293575
29,a02,72,2.706422448158264,0.5737258195877075,147456,147168,0.6372829331085086
29,a02,73,2.4898792505264282,0.6321503520011902,149504,149212,0.6601218115538359
29,a02,74,2.614665687084198,0.6417491436004639,151552,151256,0.6588139552623034
29,a02,75,2.498806893825531,0.5415770411491394,153600,153300,0.6422922108322382
29,a02,76,2.4219160974025726,0.6511459946632385,155648,155344,0.6521401461213827
29,a02,77,2.942609429359436,0.6729511618614197,157696,157388,0.6296637346968055
29,a02,78,2.52825129032135,0.5318825840950012,159744,159432,0.6322238864377141
29,a02,79,2.4114012122154236,0.6902791857719421,161792,161476,0.6500727059319615
29,a02,80,2.4505391120910645,0.5230807065963745,163840,163520,0.6553860157728195
29,a02,81,2.285622328519821,0.6268466114997864,165888,165564,0.6543937847018242
29,a02,82,2.6177476048469543,0.6258472800254822,167936,167608,2.1747284112498164
29,a02,83,2.668762505054474,0.6663597822189331,169984,169652,0.662115516141057
29,a02,84,2.4426766633987427,0.5698525905609131,172032,171696,0.6882735444232821
29,a02,85,2.404181957244873,0.5990113019943237,174080,173740,0.6600431147962809
29,a02,86,2.5370258688926697,0.7748886346817017,176128,175784,0.6827916335314512
29,a02,87,2.4602494835853577,0.5924347639083862,178176,177828,0.6699477965012193
29,a02,88,2.50460422039032,0.6067947745323181,180224,179872,0.7733992477878928
29,a02,89,2.560949444770813,0.5913179516792297,182272,181916,0.6494448203593493
29,a02,90,2.245153695344925,0.5813297629356384,184320,183960,0.6600082535296679
29,a02,91,2.4057812988758087,0.8065600395202637,186368,186004,0.6605659276247025
29,a02,92,2.4399585723876953,0.5466632843017578,188416,188048,0.6387993646785617
29,a02,93,2.384054720401764,0.7159706950187683,190464,190092,0.6420245440676808
29,a02,94,2.434191882610321,0.5430702567100525,192512,192136,0.6381399994716048
29,a02,95,2.517469495534897,0.6072626709938049,194560,194180,0.6439729789271951
29,a02,96,2.9062092304229736,0.6012271046638489,196608,196224,0.6677892776206136
29,a02,97,2.547506332397461,0.5730475783348083,198656,198268,0.6731184720993042
29,a02,98,2.4345120787620544,0.6188945770263672,200704,200312,0.6462688818573952
29,a02,99,2.4411349296569824,0.714111328125,202752,202356,0.6578828701749444
29,a02,100,2.4381601214408875,0.6113824248313904,204800,204400,0.6708564199507236
29,a03,1,2.700964093208313,0.2164291888475418,2048,2044,1.6878114780411124
29,a03,2,2.5978434085845947,0.2215343415737152,4096,4088,0.7599399480968714
29,a03,3,2.52350252866745,0.22902879118919373,6144,6132,0.7684533009305596
29,a03,4,2.7003981471061707,0.23083654046058655,8192,8176,0.7591796359047294
29,a03,5,2.780042886734009,0.22202904522418976,10240,10220,0.7168762618675828
29,a03,6,2.328470468521118,0.24053481221199036,12288,12264,0.6619117390364408
29,a03,7,2.8277586102485657,0.24622882902622223,14336,14308,0.6650242786854506
29,a03,8,2.7885199189186096,0.22324971854686737,16384,16352,0.6564044244587421
29,a03,9,2.550338715314865,0.2682930529117584,18432,18396,0.6884988304227591
29,a03,10,2.799464464187622,0.28503739833831787,20480,20440,0.798305700533092
29,a03,11,2.7307733297348022,0.2906073331832886,22528,22484,0.6719893738627434
29,a03,12,2.810067117214203,0.35120686888694763,24576,24528,0.6773933256044984
29,a03,13,2.694534718990326,0.2855614423751831,26624,26572,0.6613211017102003
29,a03,14,2.6778675317764282,0.26727116107940674,28672,28616,0.6559407720342278
29,a03,15,2.6897571682929993,0.3575558066368103,30720,30660,0.6553232772275805
29,a03,16,2.6800617575645447,0.28049802780151367,32768,32704,0.7024652436375618
29,a03,17,2.7911219596862793,0.3709464967250824,34816,34748,0.6719979364424944
29,a03,18,2.647168278694153,0.3340376615524292,36864,36792,0.6566847255453467
29,a03,19,2.6269519925117493,0.3126128911972046,38912,38836,0.6748626185581088
29,a03,20,2.6625941395759583,0.38268133997917175,40960,40880,0.6892719315364957
29,a03,21,2.9019710421562195,0.36752650141716003,43008,42924,0.671565662138164
29,a03,22,2.752985417842865,0.3545699417591095,45056,44968,0.6655916264280677
29,a03,23,2.9877110719680786,0.4000866115093231,47104,47012,0.659937035292387
29,a03,24,2.284529983997345,0.3228161931037903,49152,49056,0.6486895326524973
29,a03,25,2.642620086669922,0.4151991307735443,51200,51100,0.6745732566341758
29,a03,26,2.8067678809165955,0.41475310921669006,53248,53144,0.7795400219038129
29,a03,27,2.463310718536377,0.3757067024707794,55296,55188,0.6813149815425277
29,a03,28,2.651510000228882,0.4202910363674164,57344,57232,0.7979201292619109
29,a03,29,2.3265033066272736,0.4230874478816986,59392,59276,0.7291310736909509
29,a03,30,2.248511552810669,0.4163968563079834,61440,61320,0.7031423198059201
29,a03,31,2.4892683625221252,0.4504251778125763,63488,63364,0.6973712500184774
29,a03,32,2.3539804220199585,0.4607999324798584,65536,65408,0.7943546287715435
29,a03,33,2.528225362300873,0.4159965217113495,67584,67452,0.7652217829599977
29,a03,34,2.5313244462013245,0.4202136695384979,69632,69496,0.7908556666225195
29,a03,35,2.6159183979034424,0.4547251760959625,71680,71540,1.9485919745638967
29,a03,36,2.3568339943885803,0.45431333780288696,73728,73584,0.7758909128606319
29,a03,37,2.819667637348175,0.4555445909500122,75776,75628,0.743802054785192
29,a03,38,2.394158810377121,0.4514155983924866,77824,77672,0.8169757705181837
29,a03,39,2.9299306869506836,0.47069787979125977,79872,79716,0.6610806118696928
29,a03,40,2.8344659209251404,0.4822985529899597,81920,81760,0.6736224256455898
29,a03,41,2.472814381122589,0.43318480253219604,83968,83804,0.6717924699187279
29,a03,42,2.3765182495117188,0.5638391375541687,86016,85848,0.6703544137999415
29,a03,43,2.712189733982086,0.4274851977825165,88064,87892,0.6632571769878268
29,a03,44,2.5053685009479523,0.5297227501869202,90112,89936,0.6895418157801032
29,a03,45,2.6425615549087524,0.5054786801338196,92160,91980,0.6561026480048895
29,a03,46,2.8370123505592346,0.5080954432487488,94208,94024,0.6686252234503627
29,a03,47,2.4571101665496826,0.43191203474998474,96256,96068,0.8254975713789463
29,a03,48,2.734177350997925,0.49431535601615906,98304,98112,0.6704375119879842
29,a03,49,2.351671814918518,0.5321624875068665,100352,100156,0.6663243863731623
29,a03,50,2.5157070755958557,0.4735838770866394,102400,102200,0.6763845076784492
29,a03,51,2.3456380367279053,0.5452578663825989,104448,104244,0.7402280271053314
29,a03,52,2.6009642481803894,0.519834041595459,106496,106288,0.7642901875078678
29,a03,53,2.490708351135254,0.4529307186603546,108544,108332,0.6841493165120482
29,a03,54,2.5497673749923706,0.5048462748527527,110592,110376,0.7028064709156752
29,a03,55,2.4968893826007843,0.5562015771865845,112640,112420,0.6935033444315195
29,a03,56,2.694386303424835,0.5252968668937683,114688,114464,0.6834095548838377
29,a03,57,2.3556818664073944,0.45374131202697754,116736,116508,0.6723367292433977
29,a03,58,2.432185649871826,0.4806901514530182,118784,118552,0.6795088797807693
29,a03,59,2.43233323097229,0.5532410740852356,120832,120596,0.6731512574478984
29,a03,60,2.388680934906006,0.6206496953964233,122880,122640,0.786147728562355
29,a03,61,2.411364257335663,0.5211479067802429,124928,124684,0.6835471428930759
29,a03,62,2.413268506526947,0.5845597386360168,126976,126728,0.7662285976111889
29,a03,63,2.273075670003891,0.5067875981330872,129024,128772,0.7685331208631396
29,a03,64,2.6265043020248413,0.5480334758758545,131072,130816,0.7383679589256644
29,a03,65,2.3597508668899536,0.5048900246620178,133120,132860,0.7545150620862842
29,a03,66,2.279558777809143,0.51970374584198,135168,134904,0.7979761268943548
29,a03,67,2.751866340637207,0.5331505537033081,137216,136948,0.7889001918956637
29,a03,68,2.14217609167099,0.49154987931251526,139264,138992,0.7542421501129866
29,a03,69,2.4579458236694336,0.5485584139823914,141312,141036,0.7140167774632573
29,a03,70,2.400866746902466,0.5158244967460632,143360,143080,0.7585464911535382
29,a03,71,2.6376447081565857,0.6189790964126587,145408,145124,0.6579780438914895
29,a03,72,2.6786025762557983,0.5600186586380005,147456,147168,0.6911595966666937
29,a03,73,2.4628389477729797,0.5999301671981812,149504,149212,2.4690184080973268
29,a03,74,2.6197455525398254,0.6212325692176819,151552,151256,0.6850704178214073
29,a03,75,2.4808430671691895,0.521623969078064,153600,153300,0.6498728999868035
29,a03,76,2.406164437532425,0.597716212272644,155648,155344,0.6581308469176292
29,a03,77,2.954915702342987,0.601531982421875,157696,157388,0.6932580675929785
29,a03,78,2.5056979060173035,0.5432713627815247,159744,159432,0.806490221992135
29,a03,79,2.404502213001251,0.6484913229942322,161792,161476,0.810054112225771
29,a03,80,2.430822968482971,0.5135011672973633,163840,163520,0.7063721045851707
29,a03,81,2.2756477296352386,0.5774261951446533,165888,165564,0.7221156507730484
29,a03,82,2.596703350543976,0.5788236260414124,167936,167608,0.6960045583546162
29,a03,83,2.642187476158142,0.6365386843681335,169984,169652,0.6903379810974002
29,a03,84,2.420901983976364,0.5504750609397888,172032,171696,0.7718373602256179
29,a03,85,2.4159306287765503,0.5793417692184448,174080,173740,0.7864313535392284
29,a03,86,2.5001678466796875,0.7313979268074036,176128,175784,0.7933316044509411
29,a03,87,2.437409460544586,0.6145015954971313,178176,177828,0.7735341833904386
29,a03,88,2.492997467517853,0.6285880208015442,180224,179872,0.8249510861933231
29,a03,89,2.548799991607666,0.5187803506851196,182272,181916,0.6715355031192303
29,a03,90,2.2511109709739685,0.5650316476821899,184320,183960,0.6734226895496249
29,a03,91,2.365806460380554,0.6185194849967957,186368,186004,0.6729171136394143
29,a03,92,2.4135756492614746,0.5230635404586792,188416,188048,0.6746958941221237
29,a03,93,2.3982556462287903,0.6985625624656677,190464,190092,0.6802390851080418
29,a03,94,2.4293885827064514,0.5540334582328796,192512,192136,0.6714514093473554
29,a03,95,2.5168540477752686,0.6446602940559387,194560,194180,0.6999225057661533
29,a03,96,2.898613393306732,0.5696915984153748,196608,196224,0.805414505302906
29,a03,97,2.5319794416427612,0.5569701194763184,198656,198268,0.7647535679861903
29,a03,98,2.399167776107788,0.6072706580162048,200704,200312,0.6703204289078712
29,a03,99,2.409018814563751,0.7358809113502502,202752,202356,0.7023208225145936
29,a03,100,2.410982131958008,0.6284683346748352,204800,204400,0.7644629953429103
29,a04,1,2.7390576004981995,0.24466608464717865,2048,2044,0.992531169205904
29,a04,2,2.6622472405433655,0.2602182924747467,4096,4088,0.8083696495741606
29,a04,3,2.500446915626526,0.2556423246860504,6144,6132,0.7669322397559881
29,a04,4,2.7056477069854736,0.281161904335022,8192,8176,0.750022935681045
29,a04,5,2.8429455161094666,0.26130056381225586,10240,10220,0.7937966603785753
29,a04,6,2.323477268218994,0.2286089062690735,12288,12264,0.7490111365914345
29,a04,7,2.8719871044158936,0.2925870716571808,14336,14308,0.7683867746964097
29,a04,8,2.8084970712661743,0.253044068813324,16384,16352,0.7655575899407268
29,a04,9,2.5473670959472656,0.276909738779068,18432,18396,0.7693039616569877
29,a04,10,2.8214144706726074,0.33851394057273865,20480,20440,0.8756624516099691
29,a04,11,2.7518734335899353,0.35686609148979187,22528,22484,0.7504888689145446
29,a04,12,2.8563894629478455,0.39387860894203186,24576,24528,0.7400176273658872
29,a04,13,2.773074746131897,0.3500101566314697,26624,26572,0.6627925960347056
29,a04,14,2.7203537821769714,0.3326309323310852,28672,28616,0.6576021006330848
29,a04,15,2.7443000078201294,0.3547051250934601,30720,30660,0.6615354036912322
29,a04,16,2.7116349935531616,0.3524149954319,32768,32704,0.6472785491496325
29,a04,17,2.822602152824402,0.40514859557151794,34816,34748,0.6680334322154522
29,a04,18,2.69682514667511,0.32646605372428894,36864,36792,0.6605544965714216
29,a04,19,2.706986904144287,0.38276153802871704,38912,38836,0.6828296249732375
29,a04,20,2.6838414072990417,0.4050379693508148,40960,40880,0.6863056914880872
29,a04,21,2.930631399154663,0.3863096535205841,43008,42924,0.658455197699368
29,a04,22,2.7993037700653076,0.40591490268707275,45056,44968,0.7696075020357966
29,a04,23,2.98870450258255,0.38650333881378174,47104,47012,0.7742274245247245
29,a04,24,2.2588618993759155,0.4027731716632843,49152,49056,0.7501102751120925
29,a04,25,2.6864978671073914,0.42441099882125854,51200,51100,0.7216632086783648
29,a04,26,2.8114343881607056,0.45968523621559143,53248,53144,0.7472636867314577
29,a04,27,2.537748873233795,0.4404890835285187,55296,55188,0.7301048310473561
29,a04,28,2.6733381748199463,0.489843487739563,57344,57232,0.7724075531587005
29,a04,29,2.3818549811840057,0.44032377004623413,59392,59276,0.7703982917591929
29,a04,30,2.286104142665863,0.4664444625377655,61440,61320,0.6555334404110909
29,a04,31,2.535947024822235,0.45286333560943604,63488,63364,0.705281394533813
29,a04,32,2.4066408276557922,0.4610021710395813,65536,65408,0.6808394705876708
29,a04,33,2.5459837317466736,0.5109867453575134,67584,67452,0.6523595741018653
29,a04,34,2.54204785823822,0.4364106059074402,69632,69496,2.252362876199186
29,a04,35,2.672562539577484,0.5372628569602966,71680,71540,0.6440322017297149
29,a04,36,2.4587971568107605,0.5285812616348267,73728,73584,0.671798630617559
29,a04,37,2.8916626572608948,0.5323949456214905,75776,75628,0.7817304376512766
29,a04,38,2.4160727858543396,0.4789884090423584,77824,77672,0.8693115059286356
29,a04,39,2.9362118244171143,0.49835366010665894,79872,79716,0.7555918591096997
29,a04,40,2.8670384883880615,0.5400651097297668,81920,81760,0.7922659339383245
29,a04,41,2.4939644932746887,0.49292534589767456,83968,83804,0.8018853198736906
29,a04,42,2.4698984026908875,0.5904465913772583,86016,85848,0.7909139031544328
29,a04,43,2.7090917229652405,0.4836183786392212,88064,87892,0.7102425154298544
29,a04,44,2.5650057792663574,0.5601844787597656,90112,89936,0.6717822644859552
29,a04,45,2.663852572441101,0.5062075853347778,92160,91980,0.6553354728966951
29,a04,46,2.898944914340973,0.6106081008911133,94208,94024,0.6510204086080194
29,a04,47,2.4825069308280945,0.4571877121925354,96256,96068,0.7681755917146802
29,a04,48,2.724551558494568,0.6164026856422424,98304,98112,0.6493771728128195
29,a04,49,2.41645485162735,0.5374634861946106,100352,100156,0.668181917630136
29,a04,50,2.5400708317756653,0.5424866676330566,102400,102200,0.682203165255487
29,a04,51,2.3455656468868256,0.636181652545929,104448,104244,0.6590893641114235
29,a04,52,2.634200930595398,0.6253990530967712,106496,106288,0.6643363712355494
29,a04,53,2.5474912524223328,0.5520027875900269,108544,108332,0.6859228014945984
29,a04,54,2.575073719024658,0.5786243677139282,110592,110376,0.6679846830666065
29,a04,55,2.5352766513824463,0.5772039890289307,112640,112420,0.6712524341419339
29,a04,56,2.7026326656341553,0.5361443161964417,114688,114464,0.6785562001168728
29,a04,57,2.397896856069565,0.5780297517776489,116736,116508,0.678729385137558
29,a04,58,2.4549031257629395,0.6582537889480591,118784,118552,0.6556925578042865
29,a04,59,2.44418865442276,0.6005713939666748,120832,120596,0.6644833134487271
29,a04,60,2.415945887565613,0.6927581429481506,122880,122640,0.8339913571253419
29,a04,61,2.4615630507469177,0.5453506708145142,124928,124684,0.7094921935349703
29,a04,62,2.493205487728119,0.6637231707572937,126976,126728,0.692501156590879
29,a04,63,2.3061968088150024,0.5461037755012512,129024,128772,0.6873824372887611
29,a04,64,2.686324715614319,0.6291853189468384,131072,130816,0.6682837000116706
29,a04,65,2.412698984146118,0.5254826545715332,133120,132860,0.6877654679119587
29,a04,66,2.3198236227035522,0.6815671920776367,135168,134904,0.6773311393335462
29,a04,67,2.7583078145980835,0.578588604927063,137216,136948,0.7035200595855713
29,a04,68,2.1516256034374237,0.5890489816665649,139264,138992,0.6610776847228408
29,a04,69,2.4981085062026978,0.6685981750488281,141312,141036,0.6630383301526308
29,a04,70,2.455079734325409,0.6014848947525024,143360,143080,0.7537942351773381
29,a04,71,2.6122878193855286,0.5971893072128296,145408,145124,0.6333887418732047
29,a04,72,2.714511752128601,0.6296991109848022,147456,147168,0.6712506841868162
29,a04,73,2.4742814898490906,0.6117438673973083,149504,149212,0.6690216846764088
29,a04,74,2.64743435382843,0.6299920678138733,151552,151256,1.1906925067305565
29,a04,75,2.5018056631088257,0.5568401217460632,153600,153300,0.7351726340129972
29,a04,76,2.4357778429985046,0.6812930107116699,155648,155344,0.6757594831287861
29,a04,77,2.9730523824691772,0.7032603025436401,157696,157388,0.6587060261517763
29,a04,78,2.5141926407814026,0.6042516231536865,159744,159432,0.7322295531630516
29,a04,79,2.3988656997680664,0.7914578914642334,161792,161476,0.6581791024655104
29,a04,80,2.479337453842163,0.5944389700889587,163840,163520,0.6411000909283757
29,a04,81,2.3197269439697266,0.6807840466499329,165888,165564,0.6571111343801022
29,a04,82,2.601232886314392,0.6134512424468994,167936,167608,0.6480154497548938
29,a04,83,2.682338535785675,0.7315574884414673,169984,169652,0.6270389147102833
29,a04,84,2.457465887069702,0.6658648252487183,172032,171696,0.6601838953793049
29,a04,85,2.473680555820465,0.7407324910163879,174080,173740,0.6706522759050131
29,a04,86,2.5591787695884705,0.7740196585655212,176128,175784,0.6628532465547323
29,a04,87,2.457751750946045,0.6764163374900818,178176,177828,0.7207126701250672
29,a04,88,2.49611097574234,0.6305097341537476,180224,179872,1.1008727913722396
29,a04,89,2.5660621523857117,0.6739950180053711,182272,181916,0.8063512975350022
29,a04,90,2.2438020408153534,0.6251464486122131,184320,183960,0.7580303698778152
29,a04,91,2.407026529312134,0.6620922088623047,186368,186004,0.752849081531167
29,a04,92,2.4150667786598206,0.564611554145813,188416,188048,0.7287573590874672
29,a04,93,2.4182936549186707,0.7085477113723755,190464,190092,0.7277648206800222
29,a04,94,2.4186971783638,0.5982723236083984,192512,192136,0.7409417256712914
29,a04,95,2.5607892274856567,0.7246569991111755,194560,194180,0.7387241022661328
29,a04,96,2.88959139585495,0.7671918869018555,196608,196224,0.7847208483144641
29,a04,97,2.5672722458839417,0.635059118270874,198656,198268,0.6285653980448842
29,a04,98,2.4510728418827057,0.6334805488586426,200704,200312,0.6667759455740452
29,a04,99,2.437544882297516,0.7371384501457214,202752,202356,0.6529262894764543
29,a04,100,2.454462468624115,0.674827516078949,204800,204400,0.6292738290503621
29,a05,1,2.7322017550468445,0.23556923866271973,2048,2044,1.546583996154368
29,a05,2,2.642485737800598,0.2696276009082794,4096,4088,0.63777039013803
29,a05,3,2.5281841158866882,0.2607557773590088,6144,6132,0.6383786415681243
29,a05,4,2.7072759866714478,0.28122004866600037,8192,8176,0.6427297135815024
29,a05,5,2.8130860328674316,0.25007423758506775,10240,10220,0.658079506829381
29,a05,6,2.32994282245636,0.27943849563598633,12288,12264,0.6621475275605917
29,a05,7,2.860543727874756,0.2885451316833496,14336,14308,0.659100703895092
29,a05,8,2.8212965726852417,0.2841380536556244,16384,16352,0.6758867390453815
29,a05,9,2.564658522605896,0.2956867516040802,18432,18396,0.6496258461847901
29,a05,10,2.8261706233024597,0.3454996645450592,20480,20440,0.7901812335476279
29,a05,11,2.765555441379547,0.3654610216617584,22528,22484,0.6842787098139524
29,a05,12,2.8502306938171387,0.36830562353134155,24576,24528,0.6606146665289998
29,a05,13,2.747893989086151,0.3745343089103699,26624,26572,0.6618836410343647
29,a05,14,2.7179988622665405,0.30857500433921814,28672,28616,0.6691053155809641
29,a05,15,2.7340108156204224,0.35942548513412476,30720,30660,0.6603317949920893
29,a05,16,2.6830368638038635,0.3261924982070923,32768,32704,0.6779911695048213
29,a05,17,2.806914269924164,0.4154905080795288,34816,34748,0.6325739966705441
29,a05,18,2.6489121317863464,0.35676565766334534,36864,36792,0.6572682578116655
29,a05,19,2.702926278114319,0.37506183981895447,38912,38836,0.6397104123607278
29,a05,20,2.6919745206832886,0.46094822883605957,40960,40880,0.6325820861384273
29,a05,21,2.9329505562782288,0.42967331409454346,43008,42924,0.6805634051561356
29,a05,22,2.7666210532188416,0.4303456246852875,45056,44968,0.6598296286538243
29,a05,23,2.996643602848053,0.40498343110084534,47104,47012,0.6696250103414059
29,a05,24,2.2936514616012573,0.46908342838287354,49152,49056,0.6635494073852897
29,a05,25,2.6810299158096313,0.43941718339920044,51200,51100,0.6743296589702368
29,a05,26,2.8092194199562073,0.5454646944999695,53248,53144,0.7754296790808439
29,a05,27,2.508727788925171,0.4572865068912506,55296,55188,0.6769185578450561
29,a05,28,2.6849476099014282,0.4917409420013428,57344,57232,0.6793022640049458
29,a05,29,2.3569316267967224,0.5028131008148193,59392,59276,0.6667955629527569
29,a05,30,2.2731920778751373,0.5290334820747375,61440,61320,0.6768088079988956
29,a05,31,2.5396589636802673,0.5627052187919617,63488,63364,0.6749470354989171
29,a05,32,2.4067872762680054,0.49676406383514404,65536,65408,0.6834392892196774
29,a05,33,2.54577499628067,0.5046185255050659,67584,67452,0.6619635475799441
29,a05,34,2.565475583076477,0.4904695153236389,69632,69496,0.6669053724035621
29,a05,35,2.6582950949668884,0.5939747095108032,71680,71540,0.6674184342846274
29,a05,36,2.405136078596115,0.5043898820877075,73728,73584,0.6587688289582729
29,a05,37,2.8408731818199158,0.5507677793502808,75776,75628,1.8777658296748996
29,a05,38,2.406456381082535,0.5990424752235413,77824,77672,0.7860707137733698
29,a05,39,2.9383209347724915,0.5372437238693237,79872,79716,0.679662698879838
29,a05,40,2.86315256357193,0.6382949948310852,81920,81760,0.6357157221063972
29,a05,41,2.490465223789215,0.47935619950294495,83968,83804,0.672833951190114
29,a05,42,2.4281846284866333,0.6154081225395203,86016,85848,0.6669301381334662
29,a05,43,2.7179495692253113,0.48561209440231323,88064,87892,0.672571481205523
29,a05,44,2.5241385996341705,0.5996323227882385,90112,89936,0.6569560002535582
29,a05,45,2.667578160762787,0.49524226784706116,92160,91980,0.669703952036798
29,a05,46,2.884576380252838,0.6197553873062134,94208,94024,0.6799621423706412
29,a05,47,2.4726733565330505,0.5032317042350769,96256,96068,0.7608970943838358
29,a05,48,2.7560147047042847,0.6390506625175476,98304,98112,0.6419569915160537
29,a05,49,2.3947370648384094,0.5585236549377441,100352,100156,0.6674575554206967
29,a05,50,2.5358192920684814,0.5955274701118469,102400,102200,0.67409389000386
29,a05,51,2.3450924158096313,0.5904880166053772,104448,104244,0.7345438143238425
29,a05,52,2.608263313770294,0.5637426376342773,106496,106288,0.7741496348753572
29,a05,53,2.5456804633140564,0.5524216890335083,108544,108332,0.7783723827451468
29,a05,54,2.548729956150055,0.5509423017501831,110592,110376,0.6916987709701061
29,a05,55,2.5227014422416687,0.6279073357582092,112640,112420,0.6824787724763155
29,a05,56,2.7029178738594055,0.5601175427436829,114688,114464,0.6728855324909091
29,a05,57,2.3932787477970123,0.5672341585159302,116736,116508,0.6829829197376966
29,a05,58,2.43002513051033,0.6253306269645691,118784,118552,0.6812064601108432
29,a05,59,2.45215904712677,0.5844710469245911,120832,120596,0.6624828409403563
29,a05,60,2.4213284850120544,0.6794340014457703,122880,122640,0.7809242755174637
29,a05,61,2.435883581638336,0.6105241179466248,124928,124684,0.654090654104948
29,a05,62,2.467877209186554,0.6755715608596802,126976,126728,0.6564894244074821
29,a05,63,2.287123292684555,0.501632571220398,129024,128772,0.6716967914253473
29,a05,64,2.638928532600403,0.6378313899040222,131072,130816,0.6396914524957538
29,a05,65,2.396547317504883,0.546122670173645,133120,132860,0.6322662336751819
29,a05,66,2.306976079940796,0.5781242847442627,135168,134904,0.644880710169673
29,a05,67,2.748292922973633,0.6102454662322998,137216,136948,0.6818240908905864
29,a05,68,2.1245152056217194,0.5679427981376648,139264,138992,0.6730178445577621
29,a05,69,2.4759803414344788,0.6309528946876526,141312,141036,0.6858475878834724
29,a05,70,2.427032768726349,0.6182848811149597,143360,143080,0.8408457823097706
29,a05,71,2.6163796186447144,0.5981627702713013,145408,145124,0.7601523939520121
29,a05,72,2.717247247695923,0.5565742254257202,147456,147168,0.7114489562809467
29,a05,73,2.464728832244873,0.6030974388122559,149504,149212,0.6742344470694661
29,a05,74,2.6225143671035767,0.6331676840782166,151552,151256,0.687185226008296
29,a05,75,2.4661543369293213,0.5451119542121887,153600,153300,0.6935099586844444
29,a05,76,2.411019057035446,0.7342461943626404,155648,155344,0.7156862402334809
29,a05,77,2.970107138156891,0.6835905313491821,157696,157388,1.1070040464401245
29,a05,78,2.5072749257087708,0.6638386249542236,159744,159432,0.7009162837639451
29,a05,79,2.4132484793663025,0.7058139443397522,161792,161476,1.1530342120677233
29,a05,80,2.465540826320648,0.615656852722168,163840,163520,1.3531749872490764
29,a05,81,2.305363953113556,0.7182026505470276,165888,165564,1.2581049092113972
29,a05,82,2.6099506616592407,0.6093453764915466,167936,167608,1.4337349738925695
29,a05,83,2.6489608883857727,0.7383025884628296,169984,169652,1.3394644940271974
29,a05,84,2.4355358481407166,0.6293716430664062,172032,171696,0.8170866146683693
29,a05,85,2.4553930163383484,0.7983431816101074,174080,173740,0.687398387119174
29,a05,86,2.5523401498794556,0.780337929725647,176128,175784,0.6570348395034671
29,a05,87,2.4577274918556213,0.6850436925888062,178176,177828,0.6404819553717971
29,a05,88,2.478261172771454,0.5877501368522644,180224,179872,0.7912253541871905
29,a05,89,2.551676630973816,0.5643508434295654,182272,181916,0.6633252445608377
29,a05,90,2.246913433074951,0.595639705657959,184320,183960,0.6872749850153923
29,a05,91,2.3850520253181458,0.6787387132644653,186368,186004,0.6581047913059592
29,a05,92,2.3909229040145874,0.5535311102867126,188416,188048,1.2617470938712358
29,a05,93,2.4137585163116455,0.7251182198524475,190464,190092,0.9451800622045994
29,a05,94,2.421187460422516,0.6342499256134033,192512,192136,0.6681381147354841
29,a05,95,2.529698759317398,0.6851667165756226,194560,194180,0.6487108049914241
29,a05,96,2.8994242548942566,0.6112275123596191,196608,196224,0.6392990555614233
29,a05,97,2.557475745677948,0.6135728359222412,198656,198268,0.6914838906377554
29,a05,98,2.425030469894409,0.6380609273910522,200704,200312,0.6487090792506933
29,a05,99,2.4047921895980835,0.7308136224746704,202752,202356,0.664320582523942
29,a05,100,2.4521540999412537,0.6638181209564209,204800,204400,0.6326056672260165
29,a06,1,2.788965404033661,0.2880212068557739,2048,2044,1.6358121829107404
29,a06,2,2.695132076740265,0.2860405147075653,4096,4088,0.7324439408257604
29,a06,3,2.5273975133895874,0.24525125324726105,6144,6132,0.751020616851747
29,a06,4,2.736109673976898,0.27589890360832214,8192,8176,0.7585397949442267
29,a06,5,2.8480923175811768,0.2856488823890686,10240,10220,0.7516673086211085
29,a06,6,2.369787037372589,0.2669842541217804,12288,12264,0.6897160541266203
29,a06,7,2.8923723697662354,0.34811756014823914,14336,14308,0.6326054893434048
29,a06,8,2.8325356245040894,0.26492083072662354,16384,16352,0.6429788777604699
29,a06,9,2.5579519271850586,0.27679312229156494,18432,18396,0.6468457514420152
29,a06,10,2.846631944179535,0.35956576466560364,20480,20440,0.763191593810916
29,a06,11,2.779495120048523,0.35110771656036377,22528,22484,0.6162323355674744
29,a06,12,2.848965108394623,0.3714851438999176,24576,24528,0.661098899319768
29,a06,13,2.7690731287002563,0.3706822097301483,26624,26572,0.6732809748500586
29,a06,14,2.7599857449531555,0.3403976559638977,28672,28616,1.0579149778932333
29,a06,15,2.733854830265045,0.3480502963066101,30720,30660,0.7648774143308401
29,a06,16,2.731338858604431,0.3162075877189636,32768,32704,0.6736894212663174
29,a06,17,2.830604374408722,0.38417941331863403,34816,34748,0.8760115737095475
29,a06,18,2.674668550491333,0.354766309261322,36864,36792,0.6414739573374391
29,a06,19,2.68095201253891,0.40850716829299927,38912,38836,0.6354761375114322
29,a06,20,2.692469894886017,0.45328158140182495,40960,40880,0.6714189285412431
29,a06,21,2.945062220096588,0.3791663348674774,43008,42924,0.7000433634966612
29,a06,22,2.797645628452301,0.40612658858299255,45056,44968,0.7465206850320101
29,a06,23,3.0162971019744873,0.4379788935184479,47104,47012,0.8176021631807089
29,a06,24,2.2773556113243103,0.34991252422332764,49152,49056,1.2978222202509642
29,a06,25,2.6562501788139343,0.3855414092540741,51200,51100,1.3019455010071397
29,a06,26,2.843082070350647,0.43945756554603577,53248,53144,1.3933604462072253
29,a06,27,2.5198580026626587,0.4281580150127411,55296,55188,0.6958717750385404
29,a06,28,2.7233210802078247,0.5191247463226318,57344,57232,0.6544058555737138
29,a06,29,2.3595583140850067,0.41810405254364014,59392,59276,0.6550745898857713
29,a06,30,2.2896103858947754,0.4003482758998871,61440,61320,0.6271831961348653
29,a06,31,2.5350006818771362,0.45466968417167664,63488,63364,1.2131668673828244
29,a06,32,2.432173252105713,0.47880464792251587,65536,65408,1.0747166480869055
29,a06,33,2.5484846234321594,0.4606971740722656,67584,67452,0.6733980495482683
29,a06,34,2.583952009677887,0.44581010937690735,69632,69496,0.6407437520101666
29,a06,35,2.648049831390381,0.4822441041469574,71680,71540,0.6313669830560684
29,a06,36,2.427049160003662,0.465802937746048,73728,73584,0.6389652555808425
29,a06,37,2.8638184666633606,0.54654860496521,75776,75628,0.7331730350852013
29,a06,38,2.4344675838947296,0.5198314189910889,77824,77672,0.8518247688189149
29,a06,39,2.971863329410553,0.6534557342529297,79872,79716,0.7550720302388072
29,a06,40,2.8700422048568726,0.5341401696205139,81920,81760,0.7382496614009142
29,a06,41,2.506183922290802,0.444789856672287,83968,83804,0.748532535508275
29,a06,42,2.419915497303009,0.4925331771373749,86016,85848,0.7446754891425371
29,a06,43,2.726033627986908,0.48596054315567017,88064,87892,0.7196177486330271
29,a06,44,2.516102224588394,0.5073848366737366,90112,89936,0.7478929702192545
29,a06,45,2.671937346458435,0.46549099683761597,92160,91980,0.711938782595098
29,a06,46,2.8679153323173523,0.512020468711853,94208,94024,0.7275887643918395
29,a06,47,2.499500274658203,0.4605030417442322,96256,96068,0.7467542644590139
29,a06,48,2.7727006673812866,0.5176762342453003,98304,98112,0.6132777677848935
29,a06,49,2.400076746940613,0.46976858377456665,100352,100156,0.6091039916500449
29,a06,50,2.5586900115013123,0.607754647731781,102400,102200,0.6509729893878102
29,a06,51,2.3713512122631073,0.5783258080482483,104448,104244,0.6216889265924692
29,a06,52,2.6123810410499573,0.5615320801734924,106496,106288,0.6260150950402021
29,a06,53,2.498478651046753,0.5077115893363953,108544,108332,0.6312030786648393
29,a06,54,2.582762837409973,0.5119295716285706,110592,110376,0.6251193601638079
29,a06,55,2.529877245426178,0.5995165109634399,112640,112420,0.6198363285511732
29,a06,56,2.711387515068054,0.514022171497345,114688,114464,0.6185514433309436
29,a06,57,2.3949795365333557,0.47497275471687317,116736,116508,0.6651746015995741
29,a06,58,2.449553370475769,0.51764315366745,118784,118552,0.6450822614133358
29,a06,59,2.4697670340538025,0.5804062485694885,120832,120596,0.9586994173005223
29,a06,60,2.382227301597595,0.6165854930877686,122880,122640,0.7696473533287644
29,a06,61,2.4592893719673157,0.5504865050315857,124928,124684,0.6448661414906383
29,a06,62,2.439359128475189,0.5368474721908569,126976,126728,0.5990412263199687
29,a06,63,2.309288799762726,0.5486636161804199,129024,128772,0.5967219732701778
29,a06,64,2.6678683757781982,0.5976544618606567,131072,130816,0.6074164295569062
29,a06,65,2.3979015350341797,0.5001908540725708,133120,132860,0.6155218593776226
29,a06,66,2.3139424324035645,0.5681871771812439,135168,134904,0.7982800593599677
29,a06,67,2.7944299578666687,0.5817128419876099,137216,136948,0.6042918888852
29,a06,68,2.1703207790851593,0.5303134918212891,139264,138992,0.6001528482884169
29,a06,69,2.4973567724227905,0.5752212405204773,141312,141036,1.0361912520602345
29,a06,70,2.444380462169647,0.5280548334121704,143360,143080,0.8218368543311954
29,a06,71,2.6358466744422913,0.5672959685325623,145408,145124,0.7612844221293926
29,a06,72,2.7237189412117004,0.5603339672088623,147456,147168,0.6452235942706466
29,a06,73,2.505186676979065,0.5914242267608643,149504,149212,0.6469945246353745
29,a06,74,2.6488078832626343,0.5840262770652771,151552,151256,0.6539113372564316
29,a06,75,2.5104587078094482,0.5762468576431274,153600,153300,0.6287894826382399
29,a06,76,2.430446147918701,0.6715885400772095,155648,155344,0.6383024891838431
29,a06,77,2.9689148664474487,0.6754906177520752,157696,157388,0.640442255884409
29,a06,78,2.5376134514808655,0.5069097280502319,159744,159432,0.7012999849393964
29,a06,79,2.4425636529922485,0.7401057481765747,161792,161476,0.6472777342423797
29,a06,80,2.4546729922294617,0.5311132669448853,163840,163520,0.65957688447088
29,a06,81,2.299368977546692,0.6445032954216003,165888,165564,0.7751112151890993
29,a06,82,2.624137222766876,0.6242294907569885,167936,167608,0.8010223060846329
29,a06,83,2.6750418543815613,0.561392605304718,169984,169652,0.7965651266276836
29,a06,84,2.4518641233444214,0.5943349003791809,172032,171696,0.7685099877417088
29,a06,85,2.4600924253463745,0.6493251919746399,174080,173740,0.7915328936651349
29,a06,86,2.551921546459198,0.6820252537727356,176128,175784,0.7355699548497796
29,a06,87,2.4891315698623657,0.5937436819076538,178176,177828,0.7921421397477388
29,a06,88,2.534981608390808,0.6806724071502686,180224,179872,1.3543126787990332
29,a06,89,2.5750603675842285,0.5780492424964905,182272,181916,1.365607962012291
29,a06,90,2.266140937805176,0.5592945218086243,184320,183960,1.4253652961924672
29,a06,91,2.4160129725933075,0.6399184465408325,186368,186004,1.10320342797786
29,a06,92,2.4495739340782166,0.5623353123664856,188416,188048,0.6692593330517411
29,a06,93,2.409074366092682,0.6748644113540649,190464,190092,0.6363704986870289
29,a06,94,2.4637165665626526,0.5456834435462952,192512,192136,0.6478556795045733
29,a06,95,2.5382657051086426,0.6324165463447571,194560,194180,0.644559545442462
29,a06,96,2.92939031124115,0.5988776683807373,196608,196224,0.6409704526886344
29,a06,97,2.574330687522888,0.5591312050819397,198656,198268,0.632075653411448
29,a06,98,2.4329922199249268,0.6332200765609741,200704,200312,0.642683008685708
29,a06,99,2.4521088004112244,0.68107670545578,202752,202356,0.6230269493535161
29,a06,100,2.4427613615989685,0.6295737624168396,204800,204400,0.6616496946662664
29,a07,1,2.7792173624038696,0.3175021708011627,2048,2044,1.7329720370471478
29,a07,2,2.6845605969429016,0.32088232040405273,4096,4088,0.6762883979827166
29,a07,3,2.534747838973999,0.303558886051178,6144,6132,0.7471687560901046
29,a07,4,2.7464486956596375,0.323933482170105,8192,8176,0.7424998646602035
29,a07,5,2.838475525379181,0.280669242143631,10240,10220,0.7281542234122753
29,a07,6,2.3506410717964172,0.2843678891658783,12288,12264,0.656310667283833
29,a07,7,2.9286673069000244,0.5097010731697083,14336,14308,0.6427149949595332
29,a07,8,2.8317458629608154,0.27599766850471497,16384,16352,0.6752225076779723
29,a07,9,2.5753178894519806,0.31348535418510437,18432,18396,0.7088712211698294
29,a07,10,2.7889220118522644,0.3471131920814514,20480,20440,0.7937970841303468
29,a07,11,2.755017936229706,0.37774160504341125,22528,22484,0.6934559280052781
29,a07,12,2.8240208625793457,0.41133448481559753,24576,24528,0.6966557921841741
29,a07,13,2.800070285797119,0.4262157678604126,26624,26572,0.6775756971910596
29,a07,14,2.7458226084709167,0.41797685623168945,28672,28616,0.9401187477633357
29,a07,15,2.726009786128998,0.3789035975933075,30720,30660,1.3234206130728126
29,a07,16,2.709444582462311,0.3489155173301697,32768,32704,0.9814677741378546
29,a07,17,2.815641403198242,0.4170144498348236,34816,34748,0.6275318311527371
29,a07,18,2.6947367191314697,0.4020431935787201,36864,36792,0.6289437487721443
29,a07,19,2.6609981656074524,0.380452424287796,38912,38836,0.6320338975638151
29,a07,20,2.6833863258361816,0.3976669907569885,40960,40880,0.673536516726017
29,a07,21,2.937036454677582,0.4318552315235138,43008,42924,0.7496989388018847
29,a07,22,2.8101897835731506,0.40680572390556335,45056,44968,0.7810101862996817
29,a07,23,2.981707215309143,0.43454667925834656,47104,47012,0.724244000390172
29,a07,24,2.2578858733177185,0.3742569088935852,49152,49056,0.7647819947451353
29,a07,25,2.657886266708374,0.4356405436992645,51200,51100,0.7801950136199594
29,a07,26,2.8221343755722046,0.45363330841064453,53248,53144,1.012583278119564
29,a07,27,2.505176365375519,0.43189722299575806,55296,55188,1.2050127489492297
29,a07,28,2.71595561504364,0.4465082883834839,57344,57232,0.6748511670157313
29,a07,29,2.3720951080322266,0.4297727942466736,59392,59276,0.7659746930003166
29,a07,30,2.2990854680538177,0.5082412362098694,61440,61320,0.7363895177841187
29,a07,31,2.547012746334076,0.46654176712036133,63488,63364,0.7654326455667615
29,a07,32,2.414170742034912,0.5127525329589844,65536,65408,0.9310722751542926
29,a07,33,2.527349889278412,0.5854382514953613,67584,67452,0.9186310488730669
29,a07,34,2.557406723499298,0.47004711627960205,69632,69496,0.7722087763249874
29,a07,35,2.6624531745910645,0.553773045539856,71680,71540,0.6704695280641317
29,a07,36,2.4367721378803253,0.5266377329826355,73728,73584,0.6948564406484365
29,a07,37,2.87100750207901,0.5101209282875061,75776,75628,0.6718965638428926
29,a07,38,2.4347853660583496,0.584804892539978,77824,77672,0.8111514281481504
29,a07,39,2.973456084728241,0.5517207980155945,79872,79716,0.6658298848196864
29,a07,40,2.836928069591522,0.5877217650413513,81920,81760,0.6856895722448826
29,a07,41,2.499974548816681,0.5284294486045837,83968,83804,0.7742964113131166
29,a07,42,2.462152898311615,0.5963605046272278,86016,85848,0.7463685004040599
29,a07,43,2.705737590789795,0.5543933510780334,88064,87892,0.7497894503176212
29,a07,44,2.534142643213272,0.6697845458984375,90112,89936,0.7782412385568023
29,a07,45,2.677519202232361,0.6638189554214478,92160,91980,0.7426053816452622
29,a07,46,2.856046140193939,0.6342183947563171,94208,94024,0.759960250928998
29,a07,47,2.486479163169861,0.4961540400981903,96256,96068,3.392019339837134
29,a07,48,2.7673175930976868,0.5678842663764954,98304,98112,0.7449824195355177
29,a07,49,2.3992148637771606,0.5169721841812134,100352,100156,0.7653266042470932
29,a07,50,2.5547223687171936,0.5823591947555542,102400,102200,0.7334617665037513
29,a07,51,2.383778542280197,0.6475977301597595,104448,104244,0.7543996861204505
29,a07,52,2.618351697921753,0.5776052474975586,106496,106288,0.7630926622077823
29,a07,53,2.509735941886902,0.568783164024353,108544,108332,0.7688598865643144
29,a07,54,2.6025131344795227,0.5443485379219055,110592,110376,0.6533261416479945
29,a07,55,2.5365025401115417,0.5542798638343811,112640,112420,0.6233333423733711
29,a07,56,2.71396940946579,0.5753669738769531,114688,114464,0.6526031186804175
29,a07,57,2.392269790172577,0.5225425362586975,116736,116508,0.6714437752962112
29,a07,58,2.4736989736557007,0.5765339732170105,118784,118552,0.741512268781662
29,a07,59,2.4375526905059814,0.5659663081169128,120832,120596,0.7812152644619346
29,a07,60,2.393846094608307,0.7094569206237793,122880,122640,0.7491925694048405
29,a07,61,2.463339328765869,0.5785277485847473,124928,124684,0.6057554921135306
29,a07,62,2.4621037244796753,0.5514024496078491,126976,126728,0.6098958663642406
29,a07,63,2.306696057319641,0.5684584975242615,129024,128772,0.6229410106316209
29,a07,64,2.6974945664405823,0.6133944392204285,131072,130816,0.7267045676708221
29,a07,65,2.4112420082092285,0.5334240198135376,133120,132860,0.7766939317807555
29,a07,66,2.305676281452179,0.5711307525634766,135168,134904,0.9203288946300745
29,a07,67,2.780595541000366,0.5519720315933228,137216,136948,0.7582051064819098
29,a07,68,2.1721444129943848,0.5201212167739868,139264,138992,0.6981094181537628
29,a07,69,2.5060203671455383,0.5970931053161621,141312,141036,0.6224977327510715
29,a07,70,2.4561847448349,0.6257666945457458,143360,143080,0.7488503055647016
29,a07,71,2.628071904182434,0.6240348219871521,145408,145124,0.6379288025200367
29,a07,72,2.7203823924064636,0.5747739672660828,147456,147168,0.6433971421793103
29,a07,73,2.5197792649269104,0.6283354759216309,149504,149212,0.8834901480004191
29,a07,74,2.654286801815033,0.5577508807182312,151552,151256,0.6876258607953787
29,a07,75,2.5281761288642883,0.646703839302063,153600,153300,0.6534519977867603
29,a07,76,2.438286304473877,0.6946399807929993,155648,155344,0.6764225261285901
29,a07,77,2.9742186665534973,0.6852266192436218,157696,157388,0.7470078626647592
29,a07,78,2.5505632162094116,0.5803641080856323,159744,159432,0.753177116625011
29,a07,79,2.4239072799682617,0.7541136145591736,161792,161476,0.730731007643044
29,a07,80,2.456224799156189,0.5983946919441223,163840,163520,0.9219978833571076
29,a07,81,2.2944618463516235,0.646013081073761,165888,165564,0.9146097498014569
29,a07,82,2.6074727177619934,0.6011082530021667,167936,167608,0.9267898220568895
29,a07,83,2.703174650669098,0.6798170804977417,169984,169652,3.3796359738335013
29,a07,84,2.467797726392746,0.5967790484428406,172032,171696,0.7639635317027569
29,a07,85,2.435892105102539,0.6182881593704224,174080,173740,0.7530022095888853
29,a07,86,2.5204411149024963,0.6901984810829163,176128,175784,0.7870609005913138
29,a07,87,2.4999166131019592,0.6583423614501953,178176,177828,0.7892267014831305
29,a07,88,2.5195507407188416,0.6977085471153259,180224,179872,0.9200383396819234
29,a07,89,2.566349506378174,0.571124255657196,182272,181916,0.7076261909678578
29,a07,90,2.2489346265792847,0.578723132610321,184320,183960,0.6403463026508689
29,a07,91,2.406853437423706,0.7304858565330505,186368,186004,0.6502816798165441
29,a07,92,2.4461377263069153,0.5550040006637573,188416,188048,0.662090509198606
29,a07,93,2.393241286277771,0.663127064704895,190464,190092,0.6627188697457314
29,a07,94,2.435140073299408,0.6114704012870789,192512,192136,0.6983332689851522
29,a07,95,2.5298688411712646,0.6454603672027588,194560,194180,0.7549931351095438
29,a07,96,2.911840081214905,0.6717976927757263,196608,196224,0.6595487715676427
29,a07,97,2.5516340732574463,0.5917046666145325,198656,198268,0.7707761004567146
29,a07,98,2.443921208381653,0.6172509789466858,200704,200312,0.6241101492196321
29,a07,99,2.4432406425476074,0.6977092027664185,202752,202356,0.6371945207938552
29,a07,100,2.44437313079834,0.6153765320777893,204800,204400,0.6545118289068341
